run_id,run_kind,perturbation,r0,epsilon,delta0,max_q,N_at_max_q,first_crossing_N,last_crossing_N,dwell_time_within_0p1_percent,dwell_time_within_1_percent,q_at_N_10,q_at_N_20,max_abs_delta_over_H,max_abs_casimir_fraction,minimum_H_p,minimum_H_t,constraint_residual,continuity_residual,classification,valid,invalid_reason
1,grid,baseline,1.01,1e-06,0.0,1.0000000017675705,0.29,,,0.0,0.0,1.0000000000000022,1.0,1.767570506935485e-09,2.791972126957361e-07,0.9999998604014229,0.9999998604014229,1.4802977476861438e-16,2.9768255385713325e-16,NO_CROSSING,True,
2,grid,baseline,1.01,1.3990503141372929e-06,0.0,1.0000000024729188,0.29,,,0.0,0.0,0.9999999999998634,1.000000000000002,2.4729187899920946e-09,3.906109916476558e-07,0.9999998046945614,0.9999998046945614,1.480297921714942e-16,2.886252954975138e-16,NO_CROSSING,True,
3,grid,baseline,1.01,1.9573417814876616e-06,0.0,1.0000000034597358,0.29,,,0.0,0.0,0.9999999999999184,1.0000000000000075,3.459735748395114e-09,5.464845157525543e-07,0.9999997267578541,0.9999997267578541,1.4802981751264647e-16,3.26295074364053e-16,NO_CROSSING,True,
4,grid,baseline,1.01,2.7384196342643613e-06,0.0,1.0000000048403426,0.29,,,0.0,0.0,0.9999999999999917,1.0,4.840342493452605e-09,7.645595001659509e-07,0.9999996177204691,0.9999996177204691,1.4802984979422897e-16,3.293626934903073e-16,NO_CROSSING,True,
5,grid,baseline,1.01,3.831186849557285e-06,0.0,1.000000006771883,0.29,,,0.0,0.0,1.0000000000000455,1.000000000000001,6.771883100300701e-09,1.0696575352338884e-06,0.9999994651716615,0.9999994651716615,1.4802986117219819e-16,3.6151615735830994e-16,NO_CROSSING,True,
6,grid,baseline,1.01,5.3600231653917955e-06,0.0,1.0000000094742074,0.29,,,0.0,0.0,0.9999999999999557,1.0,9.47420727742585e-09,1.4965053494673782e-06,0.9999992517481652,0.9999992517481652,1.4802995814398023e-16,3.187158770658947e-16,NO_CROSSING,True,
7,grid,baseline,1.01,7.498942093324558e-06,0.0,1.000000013254897,0.29,,,0.0,0.0,0.9999999999998368,1.000000000000002,1.3254896808969939e-08,2.0936875295907406e-06,0.999998953157879,0.999998953157879,1.4803000071983756e-16,2.898830259569213e-16,NO_CROSSING,True,
8,grid,baseline,1.01,1.0491397291363112e-05,0.0,1.0000000185442757,0.29,,,0.0,0.0,0.99999999999999,0.9999999999999997,1.8544275538639582e-08,2.9291766432672926e-06,0.9999985354148959,0.9999985354148959,1.4803017022193453e-16,2.9020698199825985e-16,NO_CROSSING,True,
9,grid,baseline,1.01,1.4677992676220705e-05,0.0,1.0000000259443904,0.29,,,0.0,0.0,1.00000000000001,1.0000000000000002,2.5944389913159306e-08,4.098070293115439e-06,0.9999979509711512,0.9999979509711512,1.4803025355770062e-16,3.1044466629608897e-16,NO_CROSSING,True,
10,grid,baseline,1.01,2.0535250264571462e-05,0.0,1.0000000362975376,0.29,,,0.0,0.0,0.9999999999999987,1.0000000000000002,3.6297536836588054e-08,5.733415907002662e-06,0.9999971333043735,0.9999971333043735,1.4803052007999825e-16,3.3446778562911627e-16,NO_CROSSING,True,
11,grid,baseline,1.01,2.8729848333536687e-05,0.0,1.000000050782141,0.29,,,0.0,0.0,0.9999999999999997,1.0000000000000016,5.0782139211504027e-08,8.021355678003305e-06,0.9999959893462892,0.9999959893462892,1.480307897443212e-16,2.8814214460423947e-16,NO_CROSSING,True,
12,grid,baseline,1.01,4.019450333615128e-05,0.0,1.000000071046887,0.29,,,0.0,0.0,0.9999999999997319,1.0,7.10468837803481e-08,1.1222316102904076e-05,0.9999943888891758,0.9999943888891758,1.4803139785318447e-16,2.846103388606789e-16,NO_CROSSING,True,
13,grid,baseline,1.01,5.623413251903491e-05,0.0,1.0000000993983995,0.29,,,0.0,0.0,0.9999999999999903,0.9999999999999997,9.939839287267943e-08,1.570065518086965e-05,0.9999921497648498,0.9999921497648498,1.4803196964739582e-16,2.8837686765331806e-16,NO_CROSSING,True,
14,grid,baseline,1.01,7.86743807659941e-05,0.0,1.0000001390638116,0.29,,,0.0,0.0,0.9999999999999997,0.9999999999999997,1.3906379881548784e-07,2.1966144188568897e-05,0.9999890171088442,0.9999890171088442,1.480328607578078e-16,2.8144916512373256e-16,NO_CROSSING,True,
15,grid,baseline,1.01,0.00011006941712522103,0.0,1.0000001945581483,0.29,,,0.0,0.0,0.9999999999999544,1.0,1.945581229701082e-07,3.073201031181175e-05,0.9999846343490062,0.9999846343490062,1.4803377142669735e-16,2.902416560374201e-16,NO_CROSSING,True,
16,grid,baseline,1.01,0.0001539926526059492,0.0,1.000000272198355,0.29,,,0.0,0.0,0.999999999999996,0.9999999999999997,2.72198305547367e-07,4.2996155969258884e-05,0.9999785026152416,0.9999785026152416,1.4803561196477749e-16,3.0154492857571584e-16,NO_CROSSING,True,
17,grid,baseline,1.01,0.00021544346900318845,0.0,1.0000003808225506,0.29,,,0.0,0.0,0.9999999999999997,1.0,3.8082245394104915e-07,6.015481762956405e-05,0.999969923948093,0.999969923948093,1.4803795665447098e-16,3.1490461094412136e-16,NO_CROSSING,True,
18,grid,baseline,1.01,0.0003014162529877392,0.0,1.000000532796482,0.29,,,0.0,0.0,0.9999999999999983,1.0,5.327962929198202e-07,8.4161636784677e-05,0.9999579218376142,0.9999579218376142,1.4804035285400236e-16,3.187158753078765e-16,NO_CROSSING,True,
19,grid,baseline,1.01,0.00042169650342858224,0.0,1.0000007454219564,0.29,,,0.0,0.0,0.999999999999996,1.0,7.454215859302866e-07,0.00011775031899429898,0.9999411300394193,0.9999411300394193,1.480464836264822e-16,3.2729117263489006e-16,NO_CROSSING,True,
20,grid,baseline,1.01,0.0005899746255923565,0.0,1.0000010429080157,0.29,,,0.0,0.0,0.999999999999991,0.9999999999999993,1.0429072906039508e-06,0.00016474636193051286,0.9999176369956491,0.9999176369956491,1.4805412397725264e-16,2.825178033160293e-16,NO_CROSSING,True,
21,grid,baseline,1.01,0.000825404185268019,0.0,1.0000014591301016,0.29,,,0.0,0.0,0.9999999999999887,0.9999999999999997,1.4591286822493752e-06,0.00023050360319990676,0.9998847681190404,0.9998847681190404,1.480638580043584e-16,3.322791397644053e-16,NO_CROSSING,True,
22,grid,baseline,1.01,0.0011547819846894581,0.0,1.0000020414929613,0.29,,,0.0,0.0,1.0000000000000007,1.0,2.0414901828787073e-06,0.0003225158042879494,0.9998387810935421,0.9998387810935421,1.4807747854625098e-16,3.143774638444818e-16,NO_CROSSING,True,
23,grid,baseline,1.01,0.0016155980984398745,0.0,1.0000028563403458,0.29,,,0.0,0.0,1.0,0.999999999999998,2.856334906637951e-06,0.00045127391627122076,0.999774439381212,0.999774439381212,1.4809391809770607e-16,2.897211752300071e-16,NO_CROSSING,True,
24,grid,baseline,1.01,0.0022603030271419215,0.0,1.0000039965338186,0.29,,,0.0,0.0,1.0000000000000009,1.0,3.996523170552364e-06,0.000631468629822314,0.9996844151386812,0.9996844151386812,1.4812321275164184e-16,3.018819054058453e-16,NO_CROSSING,True,
25,grid,baseline,1.01,0.0031622776601683794,0.0,1.000005592076212,0.29,,,0.0,0.0,1.0000000000000009,1.0,5.59205536464184e-06,0.0008836790612236197,0.9995584530871688,0.9995584530871688,1.4815541387671627e-16,3.1747305135818877e-16,NO_CROSSING,True,
26,grid,baseline,1.01,0.004424185553847919,0.0,1.0000078250142033,0.29,,,0.0,0.0,0.9999999999999997,0.999999999999988,7.824973382958523e-06,0.001236747585479346,0.9993821991959767,0.9993821991959767,1.4819208724268453e-16,3.3153768973663034e-16,NO_CROSSING,True,
27,grid,baseline,1.01,0.00618965818891261,0.0,1.0000109503658778,0.29,,,0.0,0.0,1.0000000000000007,0.9999999999999997,1.0950285938174783e-05,0.0017311264513113682,0.9991355589551434,0.9991355589551434,1.482312420197729e-16,3.1764985905522736e-16,NO_CROSSING,True,
28,grid,baseline,1.01,0.008659643233600663,0.0,1.0000153255526654,0.29,,,0.0,0.0,1.0000000000000007,0.9999999999999997,1.5325396085158287e-05,0.0024236072492911835,0.998790394638068,0.998790394638068,1.4836085762330037e-16,3.183600453647671e-16,NO_CROSSING,True,
29,grid,baseline,1.01,0.012115276586285901,0.0,1.0000214518770831,0.29,,,0.0,0.0,0.9999999999999997,0.9999999999999907,2.1451570298735884e-05,0.0033940309907875125,0.9983072921152433,0.9983072921152433,1.4845765383933766e-16,2.8531746912241836e-16,NO_CROSSING,True,
30,grid,baseline,1.01,0.01694988151390348,0.0,1.0000300331442804,0.29,,,0.0,0.0,1.0000000000000002,0.9999999999999987,3.003254296598033e-05,0.004754860054640228,0.9976310147780373,0.9976310147780373,1.4870587246688316e-16,3.262952021285776e-16,NO_CROSSING,True,
31,grid,baseline,1.01,0.023713737056616554,0.0,1.0000420588433652,0.29,,,0.0,0.0,1.0,1.0,4.2057664100648457e-05,0.0066649346894771255,0.9966840986790669,0.9966840986790669,1.489774120081405e-16,3.2702463277322847e-16,NO_CROSSING,True,
32,grid,baseline,1.01,0.03317671127842862,0.0,1.0000589228282504,0.29,,,0.0,0.0,0.9999999999999997,1.0000000000000002,5.89205137414575e-05,0.009349445169397895,0.9953578036418921,0.9953578036418921,1.4930640816440724e-16,2.959842140125926e-16,NO_CROSSING,True,
33,grid,baseline,1.01,0.04641588833612782,0.0,1.000082593932845,0.29,,,0.0,0.0,1.0000000000000002,1.0000000000000002,8.25893852569899e-05,0.013129328399871541,0.9934992787968818,0.9934992787968818,1.4975093860475315e-16,3.279389162268034e-16,NO_CROSSING,True,
34,grid,baseline,1.01,0.06493816315762113,0.0,1.0001158637945942,0.29,,,0.0,0.0,1.0000000000000004,1.0,0.00011585484567284544,0.0184653357657391,0.9908932590904078,0.9908932590904078,1.507631554066286e-16,3.320932255511972e-16,NO_CROSSING,True,
35,grid,baseline,1.01,0.0908517575651688,0.0,1.00016271190746,0.29,,,0.0,0.0,1.0000000000000004,1.0,0.00016269425926451804,0.026025706775591306,0.9872357619136813,0.9872357619136813,1.5188231513594146e-16,3.0188139798756286e-16,NO_CROSSING,True,
36,grid,baseline,1.01,0.12710617996147458,0.0,1.000228853582556,0.29,,,0.0,0.0,1.0,1.0000000000000004,0.0002288186719076018,0.03679339347340661,0.9820958806279636,0.9820958806279636,1.532551533469457e-16,3.0519722488738307e-16,NO_CROSSING,True,
37,grid,baseline,1.01,0.1778279410038923,0.0,1.0003226132579124,0.28,,,0.0,0.0,1.0000000000000002,1.0,0.00032254388662302804,0.05224286006103845,0.9748594505846309,0.9748594505846309,1.5544480911707144e-16,3.1750996911235163e-16,NO_CROSSING,True,
38,grid,baseline,1.01,0.24879023672388398,0.0,1.0004562370925927,0.28,,,0.0,0.0,1.0000000000000004,1.0,0.00045609836659760324,0.07464658671476886,0.964644223926232,0.964644223926232,1.5817188654858683e-16,3.3283467997534644e-16,NO_CROSSING,True,
39,grid,baseline,1.01,0.3480700588428413,0.0,1.0006481443026054,0.28,,,0.0,0.0,1.0000000000000007,1.0000000000000002,0.0006478643628750751,0.10764070432379788,0.9501683202889204,0.9501683202889204,1.6199200096066153e-16,2.899156409188271e-16,NO_CROSSING,True,
40,grid,baseline,1.01,0.4869675251658631,0.0,1.000926884441928,0.28,,,0.0,0.0,1.0000000000000007,1.0,0.0009263120524412819,0.15735374281650416,0.9295375529046612,0.9295375529046612,1.7027220240688562e-16,3.273869500725419e-16,NO_CROSSING,True,
41,grid,baseline,1.01,0.6812920690579622,0.0,1.0013388286312848,0.27,,,0.0,0.0,1.0000000000000009,1.0,0.001337634722175211,0.23489536744207923,0.8998806623073673,0.8998806623073673,1.811329330139386e-16,3.36859642688689e-16,NO_CROSSING,True,
42,grid,baseline,1.01,0.9531618832347882,0.0,1.001964206713258,0.27,,,0.0,0.0,1.000000000000002,1.0000000000000002,0.0019616380048989982,0.36262071585386196,0.8566679247252166,0.8566679247252166,1.9888058975762476e-16,3.30875315244098e-16,NO_CROSSING,True,
43,grid,baseline,1.01,1.333521432163324,0.0,1.002955789791227,0.26,,,0.0,0.0,1.0000000000000027,1.0000000000000002,0.0029499767837190554,0.5931567239698365,0.7922655091693601,0.7922655091693601,2.1293912849177121e-16,3.3124111407127133e-16,NO_CROSSING,True,
44,grid,baseline,1.01,1.865663578576915,0.0,1.0046572008627639,0.24,,,0.0,0.0,1.000000000000004,1.0,0.004642785938312328,1.0871943190308684,0.6921792213464876,0.6921792213464876,2.380826783950145e-16,3.262983813523894e-16,NO_CROSSING,True,
45,grid,baseline,1.01,2.6101572156825386,0.0,1.00813128662162,0.21,,,0.0,0.0,1.0000000000000062,1.0000000000000009,0.008087445728781773,2.686614414215849,0.5208181872288048,0.5208181872288048,2.220446049250313e-16,3.2289996217291005e-16,NO_CROSSING,True,
46,grid,baseline,1.01,3.651741272548377,0.0,,,,,0.0,0.0,,,,,,,,,INVALID,False,rho_total_nonpositive
47,grid,baseline,1.01,5.108969774506935,0.0,,,,,0.0,0.0,,,,,,,,,INVALID,False,rho_total_nonpositive
48,grid,baseline,1.01,7.1477057679418605,0.0,,,,,0.0,0.0,,,,,,,,,INVALID,False,rho_total_nonpositive
49,grid,baseline,1.01,10.0,0.0,,,,,0.0,0.0,,,,,,,,,INVALID,False,rho_total_nonpositive
50,grid,baseline,1.05,1e-06,0.0,1.0000000088496244,0.29,,,0.0,0.0,0.9999999999999913,1.0,8.84962428252033e-09,2.7962937398725483e-07,0.9999998601853423,0.9999998601853423,1.4802977801015014e-16,3.308405202919458e-16,NO_CROSSING,True,
51,grid,baseline,1.05,1.3990503141372929e-06,0.0,1.0000000123810706,0.29,,,0.0,0.0,0.9999999999997808,1.0000000000000022,1.2381070432537701e-08,3.912156071731423e-07,0.9999998043922538,0.9999998043922538,1.4802979007577815e-16,3.0892800397696385e-16,NO_CROSSING,True,
52,grid,baseline,1.05,1.9573417814876616e-06,0.0,1.0000000173217423,0.29,,,0.0,0.0,1.0000000000000007,1.0000000000000013,1.7321741971512745e-08,5.473304035573253e-07,0.9999997263349105,0.9999997263349105,1.4802981140865587e-16,3.308405201442737e-16,NO_CROSSING,True,
53,grid,baseline,1.05,2.7384196342643613e-06,0.0,1.0000000242339917,0.29,,,0.0,0.0,0.999999999999961,1.0000000000000073,2.4233991232551586e-08,7.657429402814973e-07,0.9999996171287497,0.9999996171287497,1.4802984552478606e-16,3.265193676972341e-16,NO_CROSSING,True,
54,grid,baseline,1.05,3.831186849557285e-06,0.0,1.000000033904579,0.29,,,0.0,0.0,0.9999999999999744,1.0,3.390457810426538e-08,1.0713132285103843e-06,0.9999994643438161,0.9999994643438161,1.4802988898464173e-16,3.259727831614001e-16,NO_CROSSING,True,
55,grid,baseline,1.05,5.3600231653917955e-06,0.0,1.000000047434222,0.29,,,0.0,0.0,0.9999999999999027,1.0000000000000016,4.743422067332444e-08,1.4988217496450026e-06,0.9999992505899676,0.9999992505899676,1.4802995848687635e-16,3.302867017750507e-16,NO_CROSSING,True,
56,grid,baseline,1.05,7.498942093324558e-06,0.0,1.0000000663628845,0.29,,,0.0,0.0,0.9999999999999993,1.0,6.636288155457459e-08,2.096928293860553e-06,0.999998951537502,0.999998951537502,1.4803004702443057e-16,2.9664905087490554e-16,NO_CROSSING,True,
57,grid,baseline,1.05,1.0491397291363112e-05,0.0,1.0000000928450565,0.29,,,0.0,0.0,0.9999999999999947,0.9999999999999993,9.284505070591139e-08,2.933710643119073e-06,0.9999985331479059,0.9999985331479059,1.4803009217195381e-16,2.9244767369057193e-16,NO_CROSSING,True,
58,grid,baseline,1.05,1.4677992676220705e-05,0.0,1.000000129894988,0.29,,,0.0,0.0,1.0000000000000002,1.0000000000000018,1.2989497684537875e-07,4.104413601873083e-06,0.9999979477995163,0.9999979477995163,1.4803032036849113e-16,3.0608727520171697e-16,NO_CROSSING,True,
59,grid,baseline,1.05,2.0535250264571462e-05,0.0,1.0000001817297846,0.29,,,0.0,0.0,0.999999999999997,0.9999999999999997,1.8172976264244996e-07,5.742290544161187e-06,0.9999971288670931,0.9999971288670931,1.4803058664644434e-16,3.1336615815331676e-16,NO_CROSSING,True,
60,grid,baseline,1.05,2.8729848333536687e-05,0.0,1.0000002542494237,0.29,,,0.0,0.0,0.9999999999999997,0.999999999999999,2.54249380765441e-07,8.033771798765916e-06,0.9999959831383035,0.9999959831383035,1.4803083442023783e-16,3.256089015790235e-16,NO_CROSSING,True,
61,grid,baseline,1.05,4.019450333615128e-05,0.0,1.0000003557083423,0.29,,,0.0,0.0,0.999999999999994,1.0,3.5570825805166984e-07,1.1239686991849071e-05,0.9999943802038775,0.9999943802038775,1.480314004245926e-16,2.8425648874184387e-16,NO_CROSSING,True,
62,grid,baseline,1.05,5.623413251903491e-05,0.0,1.0000004976550556,0.29,,,0.0,0.0,0.9999999999999983,1.0,4.976548903858341e-07,1.572495814634339e-05,0.9999921376136535,0.9999921376136535,1.4803197310389075e-16,2.9648344948875045e-16,NO_CROSSING,True,
63,grid,baseline,1.05,7.86743807659941e-05,0.0,1.0000006962467913,0.29,,,0.0,0.0,0.9999999999999963,1.0,6.962464682839965e-07,2.2000145686440477e-05,0.9999890001086559,0.9999890001086559,1.4803299329245901e-16,3.182232969045785e-16,NO_CROSSING,True,
64,grid,baseline,1.05,0.00011006941712522103,0.0,1.0000009740888527,0.29,,,0.0,0.0,0.9999999999999997,0.9999999999999983,9.740882200877776e-07,3.077958095270202e-05,0.999984610564783,0.999984610564783,1.4803346697328783e-16,3.1441791777935115e-16,NO_CROSSING,True,
65,grid,baseline,1.05,0.0001539926526059492,0.0,1.000001362808241,0.29,,,0.0,0.0,0.999999999999962,0.999999999999999,1.3628070026990907e-06,4.306271132301245e-05,0.9999784693397125,0.9999784693397125,1.4803539031830582e-16,2.9277446216058235e-16,NO_CROSSING,True,
66,grid,baseline,1.05,0.00021544346900318845,0.0,1.0000019066547676,0.29,,,0.0,0.0,1.0000000000000004,1.0,1.9066523441915902e-06,6.024793511593682e-05,0.9999698773935538,0.9999698773935538,1.4803830538357528e-16,3.7753625810481956e-16,NO_CROSSING,True,
67,grid,baseline,1.05,0.0003014162529877392,0.0,1.0000026675401497,0.29,,,0.0,0.0,1.0000000000000007,1.0,2.6675354057931357e-06,8.429191909280559e-05,0.9999578567046893,0.9999578567046893,1.4804221432726976e-16,3.1715877093027673e-16,NO_CROSSING,True,
68,grid,baseline,1.05,0.00042169650342858224,0.0,1.0000037320898263,0.29,,,0.0,0.0,1.0,1.0,3.7320805407054335e-06,0.00011793260275158437,0.9999410389136487,0.9999410389136487,1.4804650955162435e-16,2.856546123440591e-16,NO_CROSSING,True,
69,grid,baseline,1.05,0.0005899746255923565,0.0,1.0000052215124777,0.29,,,0.0,0.0,1.0,1.0,5.221494301704045e-06,0.00016500141006495087,0.9999175095031134,0.9999175095031134,1.4805228355383045e-16,2.842564158634486e-16,NO_CROSSING,True,
70,grid,baseline,1.05,0.000825404185268019,0.0,1.0000073054151595,0.29,,,0.0,0.0,1.0,1.0,7.305379580230641e-06,0.00023086047533032655,0.9998845897447003,0.9998845897447003,1.4806391083204588e-16,3.010787825782441e-16,NO_CROSSING,True,
71,grid,baseline,1.05,0.0011547819846894581,0.0,1.0000102211454487,0.29,,,0.0,0.0,1.0,1.0,1.0221075801217348e-05,0.00032301517828837745,0.9998385315273786,0.9998385315273786,1.4807755246845277e-16,3.3195076484562654e-16,NO_CROSSING,True,
72,grid,baseline,1.05,0.0016155980984398745,0.0,1.000014300879623,0.29,,,0.0,0.0,1.0000000000000002,1.0,1.4300743280635898e-05,0.00045197274562978104,0.9997740902031048,0.9997740902031048,1.4809401748547655e-16,3.099646472561709e-16,NO_CROSSING,True,
73,grid,baseline,1.05,0.0022603030271419215,0.0,1.0000200095742988,0.29,,,0.0,0.0,1.0,0.9999999999999987,2.0009307380299952e-05,0.0006324466797533321,0.9996839265769145,0.9996839265769145,1.481233575321155e-16,3.2761494246214484e-16,NO_CROSSING,True,
74,grid,baseline,1.05,0.0031622776601683794,0.0,1.0000279981684332,0.29,,,0.0,0.0,1.0000000000000007,0.9999999999999997,2.7997645844682374e-05,0.000885048092692441,0.9995577694784729,0.9995577694784729,1.481556085742726e-16,3.2225417946325776e-16,NO_CROSSING,True,
75,grid,baseline,1.05,0.004424185553847919,0.0,1.0000391782227427,0.29,,,0.0,0.0,1.0000000000000002,1.0,3.9177199480607665e-05,0.0012386642819728656,0.9993812426242111,0.9993812426242111,1.4821309576410448e-16,3.1804498704464274e-16,NO_CROSSING,True,
76,grid,baseline,1.05,0.00618965818891261,0.0,1.0000548267502483,0.29,,,0.0,0.0,1.0,0.9999999999999977,5.48247463397235e-05,0.0017338106569835655,0.999134220332496,0.999134220332496,1.4827631178102977e-16,3.2688332213682243e-16,NO_CROSSING,True,
77,grid,baseline,1.05,0.008659643233600663,0.0,1.0000767336766925,0.29,,,0.0,0.0,0.9999999999999997,1.0000000000000007,7.672975152189267e-05,0.0024273677859174515,0.9987885211899238,0.9987885211899238,1.4838905923070874e-16,3.272482494773827e-16,NO_CROSSING,True,
78,grid,baseline,1.05,0.012115276586285901,0.0,1.0001074097111817,0.29,,,0.0,0.0,1.0000000000000004,0.9999999999999997,0.00010740202050171271,0.0033993023700444585,0.998304669797662,0.998304669797662,1.485329344512057e-16,2.934275572864388e-16,NO_CROSSING,True,
79,grid,baseline,1.05,0.01694988151390348,0.0,1.0001503802486515,0.29,,,0.0,0.0,1.0000000000000002,1.0000000000000004,0.00015036517401661252,0.004762255012716787,0.9976273435348811,0.9976273435348811,1.487346919719215e-16,3.763153565017814e-16,NO_CROSSING,True,
80,grid,baseline,1.05,0.023713737056616554,0.0,1.0002106026276132,0.29,,,0.0,0.0,1.0000000000000002,1.0,0.00021057306278631394,0.006675320011907507,0.9966789575415937,0.9966789575415937,1.4901788247988229e-16,3.304675475850863e-16,NO_CROSSING,True,
81,grid,baseline,1.05,0.03317671127842862,0.0,1.0002950619008866,0.29,,,0.0,0.0,1.0000000000000002,1.0000000000000013,0.0002950038712844845,0.00936405241521005,0.9953506013402661,0.9953506013402661,1.4936105396905943e-16,3.3009817825825233e-16,NO_CROSSING,True,
82,grid,baseline,1.05,0.04641588833612782,0.0,1.0004136281774785,0.29,,,0.0,0.0,1.0000000000000002,1.0000000000000007,0.0004135141500756236,0.013149918141174749,0.9934891835500191,0.9934891835500191,1.4989902525016935e-16,3.187499336822224e-16,NO_CROSSING,True,
83,grid,baseline,1.05,0.06493816315762113,0.0,1.0005803036412153,0.29,,,0.0,0.0,1.0000000000000007,1.0000000000000007,0.0005800792264904729,0.01849444632434869,0.9908790981578094,0.9908790981578094,1.5076746463495232e-16,3.048839684598617e-16,NO_CROSSING,True,
84,grid,baseline,1.05,0.0908517575651688,0.0,1.0008150628318617,0.29,,,0.0,0.0,1.0000000000000009,1.0000000000000009,0.0008146201874372132,0.02606704129905421,0.9872158765996127,0.9872158765996127,1.5188843387456286e-16,3.3945088524243777e-16,NO_CROSSING,True,
85,grid,baseline,1.05,0.12710617996147458,0.0,1.0011466217256992,0.29,,,0.0,0.0,1.0000000000000013,1.0000000000000007,0.001145745900937883,0.03685244368599318,0.9820679143553258,0.9820679143553258,1.5348499414920643e-16,3.3211616504758267e-16,NO_CROSSING,True,
86,grid,baseline,1.05,0.1778279410038923,0.0,1.0016168549973345,0.28,,,0.0,0.0,1.0000000000000016,1.0000000000000018,0.0016151140605078712,0.052327956760869584,0.9748200336905586,0.9748200336905586,1.5577583027368849e-16,3.3081205356168955e-16,NO_CROSSING,True,
87,grid,baseline,1.05,0.24879023672388398,0.0,1.0022875052228772,0.28,,,0.0,0.0,1.000000000000002,1.0000000000000002,0.002284022081250579,0.07477076923382892,0.9645884932468903,0.9645884932468903,1.5909803389299834e-16,3.170008729739915e-16,NO_CROSSING,True,
88,grid,baseline,1.05,0.3480700588428413,0.0,1.003251666067133,0.28,,,0.0,0.0,1.0000000000000029,1.0000000000000004,0.003244632426358842,0.10782528340016749,0.9500891613730577,0.9500891613730577,1.6030300961892322e-16,3.2309926996438667e-16,NO_CROSSING,True,
89,grid,baseline,1.05,0.4869675251658631,0.0,1.0046541709574666,0.28,,,0.0,0.0,1.000000000000004,1.0,0.004639774754193102,0.1576357003183401,0.929424345421932,0.929424345421932,1.7031181321286128e-16,2.934302723544586e-16,NO_CROSSING,True,
90,grid,baseline,1.05,0.6812920690579622,0.0,1.006731312169539,0.27,,,0.0,0.0,1.000000000000006,1.000000000000001,0.006701240076951585,0.2353445234477914,0.8997170546893144,0.8997170546893144,1.7292867008677675e-16,3.3257048854086633e-16,NO_CROSSING,True,
91,grid,baseline,1.05,0.9531618832347882,0.0,1.0098951683346702,0.27,,,0.0,0.0,1.0000000000000087,1.0000000000000002,0.00983031988795361,0.36338597071438317,0.8564274714257569,0.8564274714257569,1.9633633619549237e-16,3.103131946891916e-16,NO_CROSSING,True,
92,grid,baseline,1.05,1.333521432163324,0.0,1.0149370940514126,0.26,,,0.0,0.0,1.0000000000000127,1.0000000000000002,0.014789816135004975,0.5946207929719033,0.7919017243301364,0.7919017243301364,2.2117932883880402e-16,2.973900863488741e-16,NO_CROSSING,True,
93,grid,baseline,1.05,1.865663578576915,0.0,1.0236613063196394,0.24,,,0.0,0.0,1.0000000000000193,0.9999999999999987,0.023293864149631055,1.090712645904264,0.6915965639972022,0.6915965639972022,2.5839905323450325e-16,3.204094403507317e-16,NO_CROSSING,True,
94,grid,baseline,1.05,2.6101572156825386,0.0,1.0417712200508058,0.21,,,0.0,0.0,1.0000000000000318,1.0,0.040639512050396176,2.7020093370109866,0.5197341395995295,0.5197341395995295,2.4064882711588685e-16,3.2995659368924495e-16,NO_CROSSING,True,
95,grid,baseline,1.05,3.651741272548377,0.0,,,,,0.0,0.0,,,,,,,,,INVALID,False,rho_total_nonpositive
96,grid,baseline,1.05,5.108969774506935,0.0,,,,,0.0,0.0,,,,,,,,,INVALID,False,rho_total_nonpositive
97,grid,baseline,1.05,7.1477057679418605,0.0,,,,,0.0,0.0,,,,,,,,,INVALID,False,rho_total_nonpositive
98,grid,baseline,1.05,10.0,0.0,,,,,0.0,0.0,,,,,,,,,INVALID,False,rho_total_nonpositive
99,grid,baseline,1.1,1e-06,0.0,1.0000000178114208,0.29,,,0.0,0.0,0.9999999999999657,1.0,1.781142060989481e-08,2.80931234756641e-07,0.9999998595344123,0.9999998595344123,1.480297782028642e-16,3.248247958489548e-16,NO_CROSSING,True,
100,grid,baseline,1.1,1.3990503141372929e-06,0.0,1.0000000249190755,0.29,,,0.0,0.0,1.0000000000000069,1.0000000000000029,2.491907499709089e-08,3.9303697629894055e-07,0.9999998034815698,0.9999998034815698,1.4802979251653085e-16,4.3309972747373e-16,NO_CROSSING,True,
101,grid,baseline,1.1,1.9573417814876616e-06,0.0,1.0000000348630431,0.29,,,0.0,0.0,0.999999999999993,1.0000000000000002,3.4863042255055966e-08,5.498785914024045e-07,0.9999997250608177,0.9999997250608177,1.4802980881057248e-16,3.2857257806614685e-16,NO_CROSSING,True,
102,grid,baseline,1.1,2.7384196342643613e-06,0.0,1.000000048775157,0.29,,,0.0,0.0,0.9999999999999647,1.0000000000000036,4.8775155378289287e-08,7.693079848475608e-07,0.9999996153462295,0.9999996153462295,1.4802984603182596e-16,2.789319977521138e-16,NO_CROSSING,True,
103,grid,baseline,1.1,3.831186849557285e-06,0.0,1.0000000682389103,0.29,,,0.0,0.0,0.9999999999999637,1.0,6.823890718503854e-08,1.0763009082857143e-06,0.9999994618499802,0.9999994618499802,1.480298779248609e-16,3.236402478737121e-16,NO_CROSSING,True,
104,grid,baseline,1.1,5.3600231653917955e-06,0.0,1.0000000954696924,0.29,,,0.0,0.0,0.999999999999991,0.9999999999999997,9.546968637362881e-08,1.5057997705816995e-06,0.999999247100965,0.999999247100965,1.4802995077966106e-16,3.2985954838767336e-16,NO_CROSSING,True,
105,grid,baseline,1.1,7.498942093324558e-06,0.0,1.0000001335669497,0.29,,,0.0,0.0,1.0000000000000007,1.0000000000000007,1.3356693774987724e-07,2.106690907949419e-06,0.9999989466562104,0.9999989466562104,1.4803004846958776e-16,3.2004556613029406e-16,NO_CROSSING,True,
106,grid,baseline,1.1,1.0491397291363112e-05,0.0,1.0000001868669726,0.29,,,0.0,0.0,0.9999999999999897,1.0,1.8686694919032825e-07,2.9473690543382695e-06,0.9999985263187304,0.9999985263187304,1.4803017291495235e-16,2.783096035053903e-16,NO_CROSSING,True,
107,grid,baseline,1.1,1.4677992676220705e-05,0.0,1.0000002614364687,0.29,,,0.0,0.0,0.9999999999999957,0.9999999999999993,2.6143642310753537e-07,4.123522451225432e-06,0.9999979382451506,0.9999979382451506,1.4803032308625419e-16,4.3406827061295147e-16,NO_CROSSING,True,
108,grid,baseline,1.1,2.0535250264571462e-05,0.0,1.000000365763107,0.29,,,0.0,0.0,0.9999999999999917,1.0000000000000002,3.657630177718554e-07,5.769024873628759e-06,0.9999971155000438,0.9999971155000438,1.4803055711841618e-16,2.991820009988384e-16,NO_CROSSING,True,
109,grid,baseline,1.1,2.8729848333536687e-05,0.0,1.000000511721644,0.29,,,0.0,0.0,0.9999999999999993,1.0,5.117214693249151e-07,8.071174642619057e-06,0.9999959644371075,0.9999959644371075,1.4803088454242781e-16,2.9158050997829267e-16,NO_CROSSING,True,
110,grid,baseline,1.1,4.019450333615128e-05,0.0,1.0000007159256123,0.29,,,0.0,0.0,0.9999999999999957,1.0,7.159252706780778e-07,1.1292015788591534e-05,0.9999943540399213,0.9999943540399213,1.4803140817081059e-16,2.9626538087375444e-16,NO_CROSSING,True,
111,grid,baseline,1.1,5.623413251903491e-05,0.0,1.0000010016184697,0.29,,,0.0,0.0,0.999999999999999,0.9999999999999947,1.0016178008918154e-06,1.5798169424126204e-05,0.99999210100888,0.99999210100888,1.480320752155464e-16,3.253694215165818e-16,NO_CROSSING,True,
112,grid,baseline,1.1,7.86743807659941e-05,0.0,1.0000014013195602,0.29,,,0.0,0.0,0.9999999999999737,0.9999999999999987,1.4013182511134574e-06,2.2102573236085162e-05,0.999988948896575,0.999988948896575,1.4803263846950668e-16,3.250893535941036e-16,NO_CROSSING,True,
113,grid,baseline,1.1,0.00011006941712522103,0.0,1.0000019605262118,0.29,,,0.0,0.0,1.0000000000000007,1.0,1.960523649290631e-06,3.092288477023073e-05,0.99998453891619,0.99998453891619,1.4803431412317548e-16,3.1986683063084145e-16,NO_CROSSING,True,
114,grid,baseline,1.1,0.0001539926526059492,0.0,1.0000027428936848,0.29,,,0.0,0.0,1.0000000000000009,0.9999999999999997,2.7428886692311704e-06,4.3263205510558436e-05,0.9999783690991088,0.9999783690991088,1.4803588973328833e-16,3.300437204116371e-16,NO_CROSSING,True,
115,grid,baseline,1.1,0.00021544346900318845,0.0,1.0000038374832148,0.29,,,0.0,0.0,1.0,1.0,3.837473397239261e-06,6.052844623507732e-05,0.999969737150698,0.999969737150698,1.4803869662664151e-16,2.9158040881923203e-16,NO_CROSSING,True,
116,grid,baseline,1.1,0.0003014162529877392,0.0,1.0000053689044082,0.29,,,0.0,0.0,1.0000000000000002,1.0,5.368885191428322e-06,8.468438717726427e-05,0.9999576604955136,0.9999576604955136,1.4804227242421694e-16,3.0068935060547636e-16,NO_CROSSING,True,
117,grid,baseline,1.1,0.00042169650342858224,0.0,1.0000075115089329,0.29,,,0.0,0.0,0.9999999999999997,0.9999999999999923,7.511471317780764e-06,0.00011848172237497359,0.9999407644025122,0.9999407644025122,1.4804529194453998e-16,2.709355941474823e-16,NO_CROSSING,True,
118,grid,baseline,1.1,0.0005899746255923565,0.0,1.0000105092559726,0.29,,,0.0,0.0,1.0000000000000002,1.0,1.0509182343425246e-05,0.00016576972852893704,0.9999171254391633,0.9999171254391633,1.480533131306535e-16,2.991817631009939e-16,NO_CROSSING,True,
119,grid,baseline,1.1,0.000825404185268019,0.0,1.0000147035201812,0.29,,,0.0,0.0,1.0000000000000007,1.0,1.4703376053419844e-05,0.00023193553341560957,0.9998840524021784,0.9998840524021784,1.4806018677310057e-16,3.2857210325362914e-16,NO_CROSSING,True,
120,grid,baseline,1.1,0.0011547819846894581,0.0,1.0000205720261206,0.29,,,0.0,0.0,0.9999999999999997,0.9999999999999967,2.057174398558807e-05,0.00032451951644698706,0.9998377797234432,0.9998377797234432,1.4807589094990078e-16,3.2040253908156393e-16,NO_CROSSING,True,
121,grid,baseline,1.1,0.0016155980984398745,0.0,1.0000287833777883,0.29,,,0.0,0.0,1.0000000000000007,1.0,2.878282547694212e-05,0.00045407793434650977,0.9997730383236194,0.9997730383236194,1.4809695365371232e-16,3.0801107200291306e-16,NO_CROSSING,True,
122,grid,baseline,1.1,0.0022603030271419215,0.0,1.0000402734622305,0.29,,,0.0,0.0,1.0,1.0,4.0272380958333906e-05,0.0006353930098670516,0.9996824548115513,0.9996824548115513,1.481131517519906e-16,2.925579338013836e-16,NO_CROSSING,True,
123,grid,baseline,1.1,0.0031622776601683794,0.0,1.0000563525655592,0.29,,,0.0,0.0,0.9999999999999997,0.9999999999999967,5.635044856441791e-05,0.0008891722430385993,0.999555710144192,0.999555710144192,1.4815619509243522e-16,2.840118390913531e-16,NO_CROSSING,True,
124,grid,baseline,1.1,0.004424185553847919,0.0,1.0000788556717484,0.29,,,0.0,0.0,1.0,1.0000000000000002,7.885152648828783e-05,0.0012444382630836341,0.9993783610018441,0.9993783610018441,1.482139504850075e-16,3.218352121590183e-16,NO_CROSSING,True,
125,grid,baseline,1.1,0.00618965818891261,0.0,1.0001103535973983,0.29,,,0.0,0.0,1.0000000000000004,0.9999999999999997,0.00011034547938449388,0.0017418967574638824,0.9991301877987521,0.9991301877987521,1.4824940746287675e-16,3.1138912988793957e-16,NO_CROSSING,True,
126,grid,baseline,1.1,0.008659643233600663,0.0,1.000154450066177,0.29,,,0.0,0.0,1.0000000000000002,1.0,0.0001544341645989389,0.002438696354408486,0.9987828775150642,0.9987828775150642,1.4837654803675364e-16,3.3291614402957087e-16,NO_CROSSING,True,
127,grid,baseline,1.1,0.012115276586285901,0.0,1.000216200643995,0.29,,,0.0,0.0,1.0000000000000002,1.0,0.0002161694866736395,0.0034151824283487585,0.9982967701767659,0.9982967701767659,1.4853528517205392e-16,3.3920812680859915e-16,NO_CROSSING,True,
128,grid,baseline,1.1,0.01694988151390348,0.0,1.0003027053695426,0.29,,,0.0,0.0,1.0000000000000007,1.0000000000000007,0.00030264429484038797,0.004784532551901234,0.9976162840466491,0.9976162840466491,1.4873798971017945e-16,3.298490021447423e-16,NO_CROSSING,True,
129,grid,baseline,1.1,0.023713737056616554,0.0,1.000423950729358,0.29,,,0.0,0.0,1.0000000000000002,1.000000000000001,0.0004238309404004816,0.006706606487059409,0.9966634700035584,0.9966634700035584,1.490225138085587e-16,2.800119890378608e-16,NO_CROSSING,True,
130,grid,baseline,1.1,0.03317671127842862,0.0,1.0005940130465572,0.29,,,0.0,0.0,1.0000000000000007,1.0000000000000007,0.0005937779053421813,0.009408058449328769,0.9953289045103483,0.9953289045103483,1.4916801916600425e-16,2.8028641267783486e-16,NO_CROSSING,True,
131,grid,baseline,1.1,0.04641588833612782,0.0,1.0008327925691618,0.29,,,0.0,0.0,1.0000000000000009,1.000000000000001,0.0008323304634117231,0.013211948598012755,0.993458771585744,0.993458771585744,1.499854978878446e-16,3.2461486436027963e-16,NO_CROSSING,True,
132,grid,baseline,1.1,0.06493816315762113,0.0,1.001168540385803,0.29,,,0.0,0.0,1.0000000000000013,1.0000000000000007,0.0011676307699961172,0.01858215024801192,0.9908364379484501,0.9908364379484501,1.5067066628648898e-16,3.30002961107447e-16,NO_CROSSING,True,
133,grid,baseline,1.1,0.0908517575651688,0.0,1.0016415967431176,0.29,,,0.0,0.0,1.0000000000000016,1.0000000000000002,0.0016398021472080872,0.026191579278200615,0.9871559708261096,0.9871559708261096,1.5190686919881468e-16,4.181415383568028e-16,NO_CROSSING,True,
134,grid,baseline,1.1,0.12710617996147458,0.0,1.0023100345656726,0.29,,,0.0,0.0,1.0000000000000022,1.0000000000000016,0.0023064825294272554,0.03703036967716534,0.9819836627713008,0.9819836627713008,1.5328876003864163e-16,2.970208661410534e-16,NO_CROSSING,True,
135,grid,baseline,1.1,0.1778279410038923,0.0,1.003258675694701,0.28,,,0.0,0.0,1.0000000000000029,1.0000000000000002,0.0032516117292937315,0.052584388825748986,0.9747012829550098,0.9747012829550098,1.5489276369426556e-16,2.7945867786707503e-16,NO_CROSSING,True,
136,grid,baseline,1.1,0.24879023672388398,0.0,1.0046129666169177,0.28,,,0.0,0.0,1.0000000000000042,1.0,0.00459882380313035,0.07514503536693512,0.9644205883518191,0.9644205883518191,1.5915343641010662e-16,3.1298114393698784e-16,NO_CROSSING,True,
137,grid,baseline,1.1,0.3480700588428413,0.0,1.0065626877049245,0.28,,,0.0,0.0,1.000000000000006,1.0000000000000002,0.006534100198899213,0.10838168911037394,0.9498506598713117,0.9498506598713117,1.6337913612961197e-16,2.792023991731324e-16,NO_CROSSING,True,
138,grid,baseline,1.1,0.4869675251658631,0.0,1.0094045942521603,0.28,,,0.0,0.0,1.0000000000000082,1.0000000000000002,0.009345997376687308,0.15848591179861912,0.9290832310947084,0.9290832310947084,1.6588087384587595e-16,3.2842416225701823e-16,NO_CROSSING,True,
139,grid,baseline,1.1,0.6812920690579622,0.0,1.0136258329701446,0.27,,,0.0,0.0,1.0000000000000115,1.0,0.013503171662385424,0.23669955662650824,0.8992240163489863,0.8992240163489863,1.8306830964139625e-16,2.999047540909286e-16,NO_CROSSING,True,
140,grid,baseline,1.1,0.9531618832347882,0.0,1.0200850755029722,0.27,,,0.0,0.0,1.0000000000000173,1.0000000000000004,0.019819688871354477,0.3656964600470068,0.8557027114866754,0.8557027114866754,1.993058093985381e-16,3.115626763195552e-16,NO_CROSSING,True,
141,grid,baseline,1.1,1.333521432163324,0.0,1.0304513471925039,0.26,,,0.0,0.0,1.0000000000000253,1.000000000000001,0.02984545759820909,0.599047523549554,0.7908048322642827,0.7908048322642827,2.3127418885347794e-16,2.9980898941325233e-16,NO_CROSSING,True,
142,grid,baseline,1.1,1.865663578576915,0.0,1.0486041837915046,0.24,,,0.0,0.0,1.000000000000039,1.0000000000000016,0.04707870251826237,1.10138345337814,0.6898383683678536,0.6898383683678536,2.1908574228418176e-16,3.895123502650078e-16,NO_CROSSING,True,
143,grid,baseline,1.1,2.6101572156825386,0.0,1.0872160025601407,0.21,0.1404039827545437,0.2957463464317407,0.010000000000000009,0.30000000000000004,1.0000000000000653,0.9999999999999983,0.08242356656510205,2.7491726069674227,0.5164547574464333,0.5164547574464333,2.1662473223887868e-16,3.1323448106961817e-16,TRANSIENT_CROSSING,True,
144,grid,baseline,1.1,3.651741272548377,0.0,,,,,0.0,0.0,,,,,,,,,INVALID,False,rho_total_nonpositive
145,grid,baseline,1.1,5.108969774506935,0.0,,,,,0.0,0.0,,,,,,,,,INVALID,False,rho_total_nonpositive
146,grid,baseline,1.1,7.1477057679418605,0.0,,,,,0.0,0.0,,,,,,,,,INVALID,False,rho_total_nonpositive
147,grid,baseline,1.1,10.0,0.0,,,,,0.0,0.0,,,,,,,,,INVALID,False,rho_total_nonpositive
148,grid,baseline,1.25,1e-06,0.0,1.000000046274743,0.29,,,0.0,0.0,0.9999999999998055,1.0000000000000007,4.6274741629345846e-08,2.894145780613797e-07,0.9999998552927424,0.9999998552927424,1.480297777787934e-16,2.6770410723615964e-16,NO_CROSSING,True,
149,grid,baseline,1.25,1.3990503141372929e-06,0.0,1.0000000647406984,0.29,,,0.0,0.0,0.9999999999999927,0.9999999999999997,6.474069561344314e-08,4.049056031156295e-07,0.99999979754726,0.99999979754726,1.4802978977698414e-16,3.343308595817054e-16,NO_CROSSING,True,
150,grid,baseline,1.25,1.9573417814876616e-06,0.0,1.0000000905755042,0.29,,,0.0,0.0,1.0,0.9999999999999983,9.057549881529693e-08,5.664834027659625e-07,0.9999997167584189,0.9999997167584189,1.480298171850186e-16,3.076358210673285e-16,NO_CROSSING,True,
151,grid,baseline,1.25,2.7384196342643613e-06,0.0,1.0000001267197074,0.29,,,0.0,0.0,0.999999999999995,1.0000000000000013,1.2671969671887524e-07,7.925389617509784e-07,0.9999996037307547,0.9999996037307547,1.4802983658961745e-16,3.0997125169156805e-16,NO_CROSSING,True,
152,grid,baseline,1.25,3.831186849557285e-06,0.0,1.000000177287284,0.29,,,0.0,0.0,0.9999999999999973,0.9999999999999997,1.7728726312319646e-07,1.1088022340767843e-06,0.999999445599344,0.999999445599344,1.4802990075239022e-16,3.2890517278859045e-16,NO_CROSSING,True,
153,grid,baseline,1.25,5.3600231653917955e-06,0.0,1.0000002480339012,0.29,,,0.0,0.0,0.999999999999999,0.9999999999999897,2.480338600717659e-07,1.5512708002887625e-06,0.9999992243655023,0.9999992243655023,1.4802993229800672e-16,3.314020700362698e-16,NO_CROSSING,True,
154,grid,baseline,1.25,7.498942093324558e-06,0.0,1.0000003470120415,0.29,,,0.0,0.0,0.99999999999999,1.0000000000000002,3.4701196135409635e-07,2.170307243952365e-06,0.9999989148481444,0.9999989148481444,1.4803004528949371e-16,3.11881171557931e-16,NO_CROSSING,True,
155,grid,baseline,1.25,1.0491397291363112e-05,0.0,1.0000004854875693,0.29,,,0.0,0.0,0.9999999999999973,1.0,4.854874121403802e-07,3.0363716611114728e-06,0.9999984818176267,0.9999984818176267,1.4803018608998482e-16,3.286220483047084e-16,NO_CROSSING,True,
156,grid,baseline,1.25,1.4677992676220705e-05,0.0,1.000000679222058,0.29,,,0.0,0.0,0.999999999999957,0.9999999999999987,6.792217504396245e-07,4.248041873519512e-06,0.9999978759858305,0.9999978759858305,1.480303171057685e-16,2.7692288753414865e-16,NO_CROSSING,True,
157,grid,baseline,1.25,2.0535250264571462e-05,0.0,1.000000950266855,0.29,,,0.0,0.0,1.0000000000000007,0.9999999999999997,9.502662530514492e-07,5.9432343924824525e-06,0.9999970283960494,0.9999970283960494,1.480306163921093e-16,3.076357506645344e-16,NO_CROSSING,True,
158,grid,baseline,1.25,2.8729848333536687e-05,0.0,1.0000013294731407,0.29,,,0.0,0.0,0.9999999999999937,0.999999999999999,1.3294719624148169e-06,8.314903663831697e-06,0.9999958425740945,0.9999958425740945,1.480309674696869e-16,2.9931755800429604e-16,NO_CROSSING,True,
159,grid,baseline,1.25,4.019450333615128e-05,0.0,1.0000018600037268,0.29,,,0.0,0.0,1.0,1.0,1.8600014203542584e-06,1.1633007181978098e-05,0.9999941835471561,0.9999941835471561,1.4803145864767672e-16,2.9798347187942953e-16,NO_CROSSING,True,
160,grid,baseline,1.25,5.623413251903491e-05,0.0,1.000002602246456,0.29,,,0.0,0.0,1.0,1.0,2.602241941669652e-06,1.6275237904487623e-05,0.9999918624803777,0.9999918624803777,1.480321458358679e-16,3.032786192421704e-16,NO_CROSSING,True,
161,grid,baseline,1.25,7.86743807659941e-05,0.0,1.000003640688714,0.29,,,0.0,0.0,1.0,0.9999999999999997,3.640679877618118e-06,2.2770024586017752e-05,0.9999886151821311,0.9999886151821311,1.4803310725742975e-16,2.907366319075688e-16,NO_CROSSING,True,
162,grid,baseline,1.25,0.00011006941712522103,0.0,1.0000050935360336,0.29,,,0.0,0.0,0.9999999999999997,0.999999999999999,5.093518737580781e-06,3.185669951223339e-05,0.9999840720308022,0.9999840720308022,1.4803445235552582e-16,3.2442764355254645e-16,NO_CROSSING,True,
163,grid,baseline,1.25,0.0001539926526059492,0.0,1.0000071261706187,0.29,,,0.0,0.0,1.0000000000000002,1.0,7.1261367638547375e-06,4.456969204887715e-05,0.9999777158988694,0.9999777158988694,1.4803535871739708e-16,3.1424971894793465e-16,NO_CROSSING,True,
164,grid,baseline,1.25,0.00021544346900318845,0.0,1.0000099699836498,0.29,,,0.0,0.0,1.0,1.0,9.969917383334585e-06,6.235635070395318e-05,0.9999688232826902,0.9999688232826902,1.4803825748820375e-16,3.324128039140743e-16,NO_CROSSING,True,
165,grid,baseline,1.25,0.0003014162529877392,0.0,1.0000139487287945,0.29,,,0.0,0.0,1.0000000000000002,1.0,1.3948599084346465e-05,8.724184290763208e-05,0.9999563819325159,0.9999563819325159,1.4804214458091172e-16,2.821580329256657e-16,NO_CROSSING,True,
166,grid,baseline,1.25,0.00042169650342858224,0.0,1.000019515404108,0.29,,,0.0,0.0,1.0000000000000002,0.999999999999999,1.951515021061937e-05,0.00012205997710782295,0.9999389755978672,0.9999389755978672,1.4804780512295022e-16,3.2054684562011974e-16,NO_CROSSING,True,
167,grid,baseline,1.25,0.0005899746255923565,0.0,1.0000273038753338,0.29,,,0.0,0.0,1.0000000000000007,1.0,2.730337834175474e-05,0.00017077636750393053,0.9999146227514046,0.9999146227514046,1.4805402519252663e-16,3.079773854592267e-16,NO_CROSSING,True,
168,grid,baseline,1.25,0.000825404185268019,0.0,1.0000382011457047,0.29,,,0.0,0.0,0.9999999999999997,0.9999999999999937,3.820017284453948e-05,0.00023894101404258437,0.9998805508985196,0.9998805508985196,1.4805987619765043e-16,3.191163754288301e-16,NO_CROSSING,True,
169,grid,baseline,1.25,0.0011547819846894581,0.0,1.0000534485555523,0.29,,,0.0,0.0,1.0000000000000002,0.999999999999998,5.344665112144815e-05,0.00033432237822372156,0.9998328807135088,0.9998328807135088,1.4807362834260084e-16,2.902481619683726e-16,NO_CROSSING,True,
170,grid,baseline,1.25,0.0016155980984398745,0.0,1.000074783542928,0.29,,,0.0,0.0,1.0,0.999999999999998,7.477981472829595e-05,0.0004677962376514195,0.9997661839116919,0.9997661839116919,1.480936580512649e-16,3.246028509477757e-16,NO_CROSSING,True,
171,grid,baseline,1.25,0.0022603030271419215,0.0,1.0001046383211394,0.29,,,0.0,0.0,1.0000000000000004,1.0,0.00010463102219641638,0.0006545926688245366,0.9996728642623213,0.9996728642623213,1.4812663579704486e-16,3.0225667270388777e-16,NO_CROSSING,True,
172,grid,baseline,1.25,0.0031622776601683794,0.0,1.000146418519173,0.29,,,0.0,0.0,1.0,1.0000000000000002,0.00014640422831281775,0.0009160473646389861,0.9995422907561962,0.9995422907561962,1.4816533886680345e-16,3.0611813054081037e-16,NO_CROSSING,True,
173,grid,baseline,1.25,0.004424185553847919,0.0,1.0002048943478394,0.29,,,0.0,0.0,1.0000000000000002,1.0,0.00020486636386598172,0.001282065010830873,0.999359583220795,0.999359583220795,1.482195203625663e-16,3.1055342362494875e-16,NO_CROSSING,True,
174,grid,baseline,1.25,0.00618965818891261,0.0,1.0002867504780533,0.29,,,0.0,0.0,1.0000000000000002,1.0,0.00028669567130622356,0.001794591584357818,0.9991039101141393,0.9991039101141393,1.4827493133909678e-16,3.0761233848714795e-16,NO_CROSSING,True,
175,grid,baseline,1.25,0.008659643233600663,0.0,1.0004013604870812,0.29,,,0.0,0.0,1.0000000000000002,1.0000000000000007,0.00040125312231538727,0.0025125232189647105,0.9987461007346781,0.9987461007346781,1.483341070224679e-16,3.0725957118630073e-16,NO_CROSSING,True,
176,grid,baseline,1.25,0.012115276586285901,0.0,1.0005618804500533,0.29,,,0.0,0.0,1.0000000000000007,1.0000000000000007,0.0005616700557708552,0.0035186743031883853,0.9982452921769619,0.9982452921769619,1.4855060504702842e-16,3.330220076500332e-16,NO_CROSSING,True,
177,grid,baseline,1.25,0.01694988151390348,0.0,1.0007867988239059,0.29,,,0.0,0.0,1.0000000000000009,1.0000000000000002,0.0007863863386750403,0.0049297243536438875,0.997544213863826,0.997544213863826,1.4875948241435028e-16,3.1164173591790554e-16,NO_CROSSING,True,
178,grid,baseline,1.25,0.023713737056616554,0.0,1.001102144086215,0.29,,,0.0,0.0,1.0000000000000013,1.0000000000000013,0.0011013348664083349,0.006910526849637441,0.9965625423332857,0.9965625423332857,1.4901232286879048e-16,3.2880857751763673e-16,NO_CROSSING,True,
179,grid,baseline,1.25,0.03317671127842862,0.0,1.001544651125028,0.29,,,0.0,0.0,1.0000000000000016,1.0000000000000016,0.0015430621299247155,0.00969490990788656,0.9951875094085518,0.9951875094085518,1.4946487157687448e-16,2.7514741570922753e-16,NO_CROSSING,True,
180,grid,baseline,1.25,0.04641588833612782,0.0,1.0021663459991614,0.29,,,0.0,0.0,1.000000000000002,1.0000000000000002,0.0021632218078889943,0.013616345080385192,0.9932605746478042,0.9932605746478042,1.5004536059261888e-16,3.3287933900500867e-16,NO_CROSSING,True,
181,grid,baseline,1.25,0.06493816315762113,0.0,1.0030412704209821,0.29,,,0.0,0.0,1.0000000000000027,1.0,0.0030351166805921855,0.019154027314829975,0.9905584053194071,0.9905584053194071,1.5053904555459392e-16,3.193226221147397e-16,NO_CROSSING,True,
182,grid,baseline,1.25,0.0908517575651688,0.0,1.004275516820084,0.29,,,0.0,0.0,1.000000000000004,1.0,0.004263364761585105,0.027003849713444716,0.9867655164870505,0.9867655164870505,1.5171213166606816e-16,2.947411347787679e-16,NO_CROSSING,True,
183,grid,baseline,1.25,0.12710617996147458,0.0,1.0060225525045616,0.29,,,0.0,0.0,1.0000000000000053,1.0000000000000007,0.00599846844379509,0.03819128974164689,0.9814344752473126,0.9814344752473126,1.5323324682580068e-16,2.5961012159369464e-16,NO_CROSSING,True,
184,grid,baseline,1.25,0.1778279410038923,0.0,1.0085078617090197,0.28,,,0.0,0.0,1.0000000000000073,1.0,0.00845987806060991,0.054258448014837875,0.9739271104050038,0.9739271104050038,1.557302836298556e-16,3.208895137891975e-16,NO_CROSSING,True,
185,grid,baseline,1.25,0.24879023672388398,0.0,1.0120684811080654,0.28,,,0.0,0.0,1.0000000000000107,1.0,0.0119721572721574,0.07759027172076528,0.9633257493971752,0.9633257493971752,1.5951540410352963e-16,3.2255370928813696e-16,NO_CROSSING,True,
186,grid,baseline,1.25,0.3480700588428413,0.0,1.0172205190144274,0.28,,,0.0,0.0,1.0000000000000153,1.0,0.017025065373107707,0.11202113986441088,0.9482950384446904,0.9482950384446904,1.6076950377678615e-16,3.328169061102565e-16,NO_CROSSING,True,
187,grid,baseline,1.25,0.4869675251658631,0.0,1.0247857567969785,0.28,,,0.0,0.0,1.000000000000022,0.9999999999999997,0.024382858398131042,0.1640568938425931,0.9268573460696657,0.9268573460696657,1.7231503540235844e-16,3.3045074016940797e-16,NO_CROSSING,True,
188,grid,baseline,1.25,0.6812920690579622,0.0,1.0361442519242277,0.27,,,0.0,0.0,1.0000000000000315,1.0,0.03529380643675112,0.24560271046684182,0.8960045760835021,0.8960045760835021,1.809690457905994e-16,2.8336146696253217e-16,NO_CROSSING,True,
189,grid,baseline,1.25,0.9531618832347882,0.0,1.0538228943827868,0.27,,,0.0,0.0,1.000000000000046,1.0,0.051958522342567044,0.38094626982239727,0.8509648262866043,0.8509648262866043,2.0141259379548932e-16,2.9971609652881744e-16,NO_CROSSING,True,
190,grid,baseline,1.25,1.333521432163324,0.0,1.082967152333229,0.26,,,0.05999999999999997,0.28,1.0000000000000693,1.0,0.07861864241238865,0.6285065006187907,0.7836195308129015,0.7836195308129015,2.1256343079704085e-16,3.2024923051033356e-16,NO_CROSSING,True,
191,grid,baseline,1.25,1.865663578576915,0.0,1.1364810221871822,0.24,0.06745650101079646,0.6220920814551063,0.0,0.13,1.0000000000001097,1.0,0.12509862962367865,1.1736771575872824,0.6782697979942077,0.6782697979942077,2.5733315024292854e-16,3.233480704343568e-16,TRANSIENT_CROSSING,True,
192,grid,baseline,1.25,2.6101572156825386,0.0,1.2629406099994367,0.21,0.021690505553461928,0.881721499158561,0.0,0.10999999999999999,1.000000000000194,0.9999999999999993,0.22372331362840472,3.088597129724893,0.49455299956441534,0.49455299956441534,2.6053494452095545e-16,3.527878879882143e-16,TRANSIENT_CROSSING,True,
193,grid,baseline,1.25,3.651741272548377,0.0,,,,,0.0,0.0,,,,,,,,,INVALID,False,rho_total_nonpositive
194,grid,baseline,1.25,5.108969774506935,0.0,,,,,0.0,0.0,,,,,,,,,INVALID,False,rho_total_nonpositive
195,grid,baseline,1.25,7.1477057679418605,0.0,,,,,0.0,0.0,,,,,,,,,INVALID,False,rho_total_nonpositive
196,grid,baseline,1.25,10.0,0.0,,,,,0.0,0.0,,,,,,,,,INVALID,False,rho_total_nonpositive
197,grid,baseline,1.5,1e-06,0.0,1.0000001026173166,0.29,,,0.0,0.0,0.9999999999999947,1.0,1.0261730961104907e-07,3.1726216493983667e-07,0.9999998413254116,0.9999998413689553,1.4802977506774858e-16,3.1175756825318295e-16,NO_CROSSING,True,
198,grid,baseline,1.5,1.3990503141372929e-06,0.0,1.0000001435668049,0.29,,,0.0,0.0,0.9999999999999993,0.999999999999998,1.43566791137795e-07,4.438657877179479e-07,0.9999997780062602,0.9999997780671801,1.4802980232202317e-16,3.110619245583384e-16,NO_CROSSING,True,
199,grid,baseline,1.5,1.9573417814876616e-06,0.0,1.0000002008572126,0.29,,,0.0,0.0,0.9999999999999574,1.0,2.008571858106735e-07,6.20990679734432e-07,0.999999689419575,0.9999996895048047,1.4802982854177431e-16,3.1641301306000757e-16,NO_CROSSING,True,
200,grid,baseline,1.5,2.7384196342643613e-06,0.0,1.0000002810094002,0.29,,,0.0,0.0,0.9999999999999787,0.9999999999999993,2.810093475390717e-07,8.687974208524585e-07,0.9999995654823317,0.9999995656015727,1.4802985533669137e-16,3.2785802669527247e-16,NO_CROSSING,True,
201,grid,baseline,1.5,3.831186849557285e-06,0.0,1.0000003931463914,0.29,,,0.0,0.0,0.9999999999999997,0.9999999999999993,3.931462884717677e-07,1.2154917259688488e-06,0.999999392087867,0.999999392254691,1.480299027119993e-16,3.2060038484592886e-16,NO_CROSSING,True,
202,grid,baseline,1.5,5.3600231653917955e-06,0.0,1.0000005500317857,0.29,,,0.0,0.0,1.0,1.0,5.500315839760931e-07,1.7005349058794573e-06,0.9999991495002363,0.9999991497336316,1.4802998834642173e-16,3.1694350821870414e-16,NO_CROSSING,True,
203,grid,baseline,1.5,7.498942093324558e-06,0.0,1.000000769522544,0.29,,,0.0,0.0,0.9999999999999957,1.0,7.695221490952494e-07,2.379135508751036e-06,0.9999988101078364,0.9999988104343682,1.4803008879949027e-16,3.280410845820031e-16,NO_CROSSING,True,
204,grid,baseline,1.5,1.0491397291363112e-05,0.0,1.0000010766015424,0.29,,,0.0,0.0,0.999999999999983,0.9999999999999997,1.0766007696502966e-06,3.3285334409855793e-06,0.9999983352805994,0.9999983357374342,1.480302293386161e-16,3.2895829352523123e-16,NO_CROSSING,True,
205,grid,baseline,1.5,1.4677992676220705e-05,0.0,1.0000015062212628,0.29,,,0.0,0.0,0.9999999999999953,0.9999999999999997,1.5062197504425691e-06,4.656791941622038e-06,0.9999976709730262,0.9999976716121612,1.4803027887309724e-16,3.2375636818702554e-16,NO_CROSSING,True,
206,grid,baseline,1.5,2.0535250264571462e-05,0.0,1.0000021072823395,0.29,,,0.0,0.0,1.0000000000000009,0.9999999999999997,2.107279378905654e-06,6.515098335768344e-06,0.9999967415725665,0.9999967424667494,1.4803070104497821e-16,3.2321471833296155e-16,NO_CROSSING,True,
207,grid,baseline,1.5,2.8729848333536687e-05,0.0,1.0000029481999095,0.29,,,0.0,0.0,0.9999999999999993,0.9999999999999913,2.9481941149034327e-06,9.114974070875982e-06,0.9999954412931117,0.9999954425441203,1.4803098216489515e-16,3.2339484782404363e-16,NO_CROSSING,True,
208,grid,baseline,1.5,4.019450333615128e-05,0.0,1.0000041246915419,0.29,,,0.0,0.0,1.0000000000000009,0.9999999999999997,4.124680199896012e-06,1.2752353721772737e-05,0.9999936221338945,0.9999936238841219,1.4803155032448684e-16,2.627782045715801e-16,NO_CROSSING,True,
209,grid,baseline,1.5,5.623413251903491e-05,0.0,1.0000057706735677,0.29,,,0.0,0.0,1.0000000000000007,0.9999999999999993,5.77065136719241e-06,1.78412752716664e-05,0.9999910770330664,0.999991079481729,1.4803181412386305e-16,3.7786005242796204e-16,NO_CROSSING,True,
210,grid,baseline,1.5,7.86743807659941e-05,0.0,1.0000080735068362,0.29,,,0.0,0.0,0.9999999999999993,0.9999999999999993,8.073463381969181e-06,2.4961019485073017e-05,0.9999875162980826,0.9999875197238973,1.480324196995547e-16,3.1175623011440593e-16,NO_CROSSING,True,
211,grid,baseline,1.5,0.00011006941712522103,0.0,1.0000112953287301,0.29,,,0.0,0.0,1.0000000000000007,0.9999999999999993,1.1295243674309693e-05,3.4922070000134265e-05,0.9999825346294068,0.9999825394223183,1.4803490612151173e-16,3.1942936850751082e-16,NO_CROSSING,True,
212,grid,baseline,1.5,0.0001539926526059492,0.0,1.0000158029024413,0.29,,,0.0,0.0,1.0000000000000007,0.9999999999999993,1.580273595511438e-05,4.8858413878403085e-05,0.9999755649826312,0.9999755716882036,1.4803696911482545e-16,3.1123307134020814e-16,NO_CROSSING,True,
213,grid,baseline,1.5,0.00021544346900318845,0.0,1.0000221093868804,0.29,,,0.0,0.0,0.9999999999999997,0.9999999999999873,2.2109061001954333e-05,6.835671203327958e-05,0.9999658140145969,0.9999658233961236,1.4803945865186256e-16,3.2393363680386196e-16,NO_CROSSING,True,
214,grid,baseline,1.5,0.0003014162529877392,0.0,1.000030932793065,0.29,,,0.0,0.0,1.0,0.999999999999997,3.0932155186296486e-05,9.563708820980034e-05,0.9999521717601302,0.9999521848855415,1.4804280520147221e-16,2.906911921216041e-16,NO_CROSSING,True,
215,grid,baseline,1.5,0.00042169650342858224,0.0,1.0000432778030757,0.29,,,0.0,0.0,1.0000000000000002,1.0000000000000002,4.327655446620191e-05,0.00013380620488445092,0.999933085247377,0.9999331036108469,1.4804730384766552e-16,3.459805685805412e-16,NO_CROSSING,True,
216,grid,baseline,1.5,0.0005899746255923565,0.0,1.0000605503084805,0.29,,,0.0,0.0,1.0,1.0000000000000002,6.054786435245668e-05,0.00018721160921738404,0.9999063816442902,0.9999064073364111,1.480563626686703e-16,2.964380975998448e-16,NO_CROSSING,True,
217,grid,baseline,1.5,0.000825404185268019,0.0,1.0000847177916095,0.29,,,0.0,0.0,1.0000000000000002,1.0000000000000002,8.471300714355829e-05,0.0002619380292511747,0.9998690207631382,0.9998690567090837,1.4806851123416747e-16,3.167522002072573e-16,NO_CROSSING,True,
218,grid,baseline,1.5,0.0011547819846894581,0.0,1.0001185339739005,0.29,,,0.0,0.0,1.0000000000000007,0.9999999999999997,0.000118524607771878,0.00036650279134510093,0.9998167486676798,0.999816798960559,1.4808398992835963e-16,3.233802598728861e-16,NO_CROSSING,True,
219,grid,baseline,1.5,0.0016155980984398745,0.0,1.000165853632986,0.29,,,0.0,0.0,1.0000000000000002,1.0,0.00016583529672849694,0.0005128308484413381,0.9997436127894153,0.9997436831569553,1.4810565083211124e-16,3.2554065211852895e-16,NO_CROSSING,True,
220,grid,baseline,1.5,0.0022603030271419215,0.0,1.000232074071882,0.29,,,0.0,0.0,1.0000000000000007,1.0,0.00023203817185300506,0.0007176230177969287,0.9996412830361834,0.9996413814942338,1.481359661630021e-16,3.2552904102133596e-16,NO_CROSSING,True,
221,grid,baseline,1.5,0.0031622776601683794,0.0,1.000324754764338,0.29,,,0.0,0.0,1.0000000000000002,1.0,0.00032468446911910413,0.0010042783013389036,0.999498100980694,0.9994982387486704,1.4817839966912456e-16,3.840796652418065e-16,NO_CROSSING,True,
222,grid,baseline,1.5,0.004424185553847919,0.0,1.0004544882080737,0.29,,,0.0,0.0,1.0000000000000004,1.0,0.0004543505434309088,0.0014055991774825152,0.9992977476514786,0.999297940435388,1.482378070927189e-16,3.2394105027208607e-16,NO_CROSSING,True,
223,grid,baseline,1.5,0.00618965818891261,0.0,1.0006361260229335,0.29,,,0.0,0.0,1.0000000000000004,1.0,0.0006358563664124874,0.0019676076113486246,0.9990173758309085,0.9990176456228236,1.4830955882306469e-16,2.918229661977831e-16,NO_CROSSING,True,
224,grid,baseline,1.5,0.008659643233600663,0.0,1.0008905095172025,0.29,,,0.0,0.0,1.0000000000000007,1.0,0.0008899811594073645,0.0027549451592662304,0.9986249894436277,0.9986253670479935,1.484375504230071e-16,3.284336922295133e-16,NO_CROSSING,True,
225,grid,baseline,1.5,0.012115276586285901,0.0,1.0012469207451347,0.29,,,0.0,0.0,1.0000000000000009,1.0,0.0012458850651788068,0.0038585488314258126,0.9980757622567042,0.9980762908419657,1.4860091658392612e-16,3.2020623277171374e-16,NO_CROSSING,True,
226,grid,baseline,1.5,0.01694988151390348,0.0,1.0017465706675863,0.29,,,0.0,0.0,1.0000000000000013,1.0000000000000002,0.001744539360069937,0.005406628839175241,0.9973068581859026,0.9973075982872686,1.4879853362742498e-16,4.391785391958858e-16,NO_CROSSING,True,
227,grid,baseline,1.5,0.023713737056616554,0.0,1.0024475960543093,0.29,,,0.0,0.0,1.0000000000000024,1.0000000000000004,0.0024436087428978603,0.007580500834811614,0.996230126764544,0.9962311633499105,1.4902413284669428e-16,3.27793671712482e-16,NO_CROSSING,True,
228,grid,baseline,1.5,0.03317671127842862,0.0,1.0034322825797384,0.29,,,0.0,0.0,1.0000000000000033,1.0000000000000016,0.0034244468003397266,0.010637681072690981,0.9947217693652424,0.9947232218530098,1.496044297440903e-16,4.1109249971005914e-16,NO_CROSSING,True,
229,grid,baseline,1.5,0.04641588833612782,0.0,1.0048176347271283,0.29,,,0.0,0.0,1.0000000000000042,1.0000000000000002,0.00480221119418421,0.0149460967784901,0.9926076548573519,0.9926096913947985,1.5006975681366566e-16,2.6907920812310557e-16,NO_CROSSING,True,
230,grid,baseline,1.5,0.06493816315762113,0.0,1.0067711006437483,0.29,,,0.0,0.0,1.0000000000000062,1.0000000000000007,0.006740672794482999,0.021035804074236133,0.9896423230491834,0.9896451810147735,1.507849869985516e-16,3.197862653717306e-16,NO_CROSSING,True,
231,grid,baseline,1.5,0.0908517575651688,0.0,1.009534485376989,0.29,,,0.0,0.0,1.0000000000000087,1.0000000000000007,0.009474263889977788,0.029679286444930765,0.985478700411102,0.9854827161604569,1.5175720708887544e-16,3.285469703477131e-16,NO_CROSSING,True,
232,grid,baseline,1.5,0.12710617996147458,0.0,1.01346137949,0.29,,,0.0,0.0,1.000000000000012,1.0000000000000002,0.01334164816402809,0.042020485849219025,0.9796238849586709,0.9796295376120987,1.5425001806945267e-16,3.316269792128732e-16,NO_CROSSING,True,
233,grid,baseline,1.5,0.1778279410038923,0.0,1.0190784127613832,0.28,,,0.0,0.0,1.0000000000000169,1.0,0.01883880312014548,0.059791372892817315,0.9713734825304985,0.9713814597518461,1.565136991109718e-16,3.1270178785597167e-16,NO_CROSSING,True,
234,grid,baseline,1.5,0.24879023672388398,0.0,1.02719122816354,0.28,,,0.0,0.0,1.000000000000024,1.0000000000000007,0.026707095675475027,0.08569582128300511,0.9597117311766441,0.9597230308391737,1.596633132668012e-16,2.9919018338722294e-16,NO_CROSSING,True,
235,grid,baseline,1.5,0.3480700588428413,0.0,1.0390682219242164,0.28,,,0.0,0.0,1.0000000000000342,1.0,0.03807650112680325,0.12413790264119699,0.9431543970181971,0.9431704907469606,1.6340666708473848e-16,2.980498736195271e-16,NO_CROSSING,True,
236,grid,baseline,1.5,0.4869675251658631,0.0,1.0568132335093816,0.28,,,0.0,0.0,1.0000000000000493,1.0000000000000013,0.0547399318234014,0.18272696659243498,0.9194896277337852,0.9195127392952865,1.7507876135413194e-16,2.726340001052359e-16,NO_CROSSING,True,
237,grid,baseline,1.5,0.6812920690579622,0.0,1.084161427511929,0.28,0.238166159382624,0.31721248232455135,0.12000000000000002,0.31000000000000005,1.0000000000000733,1.0000000000000002,0.07969020017497108,0.27575124330119266,0.8853204748158223,0.8853540940154698,1.888491205342872e-16,3.868753680770197e-16,TRANSIENT_CROSSING,True,
238,grid,baseline,1.5,0.9531618832347882,0.0,1.1285275378545865,0.27,0.08832542887220303,0.6219946362008367,0.0,0.13,1.0000000000001106,1.0000000000000002,0.11838381746731895,0.43349056751016507,0.8351733082390573,0.8352232595704853,2.121992311510357e-16,3.2886673704065567e-16,TRANSIENT_CROSSING,True,
239,grid,baseline,1.5,1.333521432163324,0.0,1.2069877621092484,0.26,0.04471740835961532,0.8346830060355442,0.009999999999999898,0.09999999999999998,1.0000000000001743,0.9999999999999993,0.18188861692846833,0.7333298459583576,0.7594781746963241,0.7595552894056657,2.4289055862281697e-16,3.4676523848366126e-16,TRANSIENT_CROSSING,True,
240,grid,baseline,1.5,1.865663578576915,0.0,1.3721442987376857,0.25,0.020732242283127342,1.0593122895978997,0.0,0.10000000000000009,1.0000000000003044,0.9999999999999917,0.29816956336267036,1.4504054969970817,0.6386943960118728,0.638823701658069,2.596898851751985e-16,2.9476225387329365e-16,TRANSIENT_CROSSING,True,
241,grid,baseline,1.5,2.6101572156825386,0.0,1.9461043134643465,0.22,0.006097255820081679,1.3831129569475802,0.0,0.08999999999999986,1.0000000000007367,0.9999999999999997,0.5801700534130574,4.817466506045813,0.41431582152239005,0.41460358614614895,2.9259141608360796e-16,3.4799316330185885e-16,TRANSIENT_CROSSING,True,
242,grid,baseline,1.5,3.651741272548377,0.0,,,,,0.0,0.0,,,,,,,,,INVALID,False,rho_total_nonpositive
243,grid,baseline,1.5,5.108969774506935,0.0,,,,,0.0,0.0,,,,,,,,,INVALID,False,rho_total_nonpositive
244,grid,baseline,1.5,7.1477057679418605,0.0,,,,,0.0,0.0,,,,,,,,,INVALID,False,rho_total_nonpositive
245,grid,baseline,1.5,10.0,0.0,,,,,0.0,0.0,,,,,,,,,INVALID,False,rho_total_nonpositive
246,grid,baseline,2.0,1e-06,0.0,1.0000002636140986,0.29,,,0.0,0.0,0.999999999999994,0.9999999999999993,2.6361405210702626e-07,4.223020647426073e-07,0.9999997361180988,0.9999997888490345,1.4802979432370102e-16,3.0618916063301813e-16,NO_CROSSING,True,
247,grid,baseline,2.0,1.3990503141372929e-06,0.0,1.0000003688094483,0.29,,,0.0,0.0,0.9999999999999943,1.0,3.6880935769076826e-07,5.908219359041499e-07,0.9999996308159254,0.999999704589163,1.4802981114450836e-16,3.615440607850503e-16,NO_CROSSING,True,
248,grid,baseline,2.0,1.9573417814876616e-06,0.0,1.0000005159830962,0.29,,,0.0,0.0,0.9999999999999997,1.0,5.159829187620339e-07,8.265898099090671e-07,0.9999994834928696,0.9999995867053513,1.4802984956907824e-16,3.2544917984535214e-16,NO_CROSSING,True,
249,grid,baseline,2.0,2.7384196342643613e-06,0.0,1.0000007218865559,0.29,,,0.0,0.0,0.999999999999996,1.0,7.218862086754807e-07,1.1564411146691348e-06,0.9999992773804673,0.9999994217799442,1.4802990780436115e-16,3.715913868810638e-16,NO_CROSSING,True,
250,grid,baseline,2.0,3.831186849557285e-06,0.0,1.0000010099560892,0.29,,,0.0,0.0,0.999999999999999,0.9999999999999927,1.009955409238701e-06,1.6179200513939514e-06,0.9999989890187762,0.9999991910409559,1.4802994070531405e-16,2.878316074413362e-16,NO_CROSSING,True,
251,grid,baseline,2.0,5.3600231653917955e-06,0.0,1.0000014129803152,0.29,,,0.0,0.0,0.9999999999999774,0.999999999999999,1.412978984170737e-06,2.263553017572878e-06,0.9999985855861241,0.9999988682254126,1.4803005855140957e-16,3.211046383631053e-16,NO_CROSSING,True,
252,grid,baseline,2.0,7.498942093324558e-06,0.0,1.0000019768323765,0.29,,,0.0,0.0,1.0000000000000009,1.0,1.9768297711179578e-06,3.1668274208068415e-06,0.9999980211632802,0.9999984165900504,1.4803016935933616e-16,3.141913426756276e-16,NO_CROSSING,True,
253,grid,baseline,2.0,1.0491397291363112e-05,0.0,1.0000027656915265,0.29,,,0.0,0.0,1.0000000000000009,0.9999999999999997,2.7656864271303673e-06,4.430556496896675e-06,0.9999972315068038,0.9999977847291127,1.4803029549832923e-16,3.313196323269625e-16,NO_CROSSING,True,
254,grid,baseline,2.0,1.4677992676220705e-05,0.0,1.0000038693485882,0.29,,,0.0,0.0,1.0000000000000002,1.0,3.869338606867465e-06,6.198582417972775e-06,0.9999961267366463,0.9999969007231994,1.4803051852140208e-16,3.266268286591352e-16,NO_CROSSING,True,
255,grid,baseline,2.0,2.0535250264571462e-05,0.0,1.0000054134270364,0.29,,,0.0,0.0,1.0000000000000004,1.0,5.413407499563005e-06,8.672150130035242e-06,0.9999945811056211,0.9999956639531371,1.4803092165367567e-16,3.3430510017172027e-16,NO_CROSSING,True,
256,grid,baseline,2.0,2.8729848333536687e-05,0.0,1.0000075736835612,0.29,,,0.0,0.0,0.9999999999999993,0.9999999999999967,7.573645320757807e-06,1.2132816350789878e-05,0.9999924186861564,0.999993933647026,1.4803139454835448e-16,3.2626097098606437e-16,NO_CROSSING,True,
257,grid,baseline,2.0,4.019450333615128e-05,0.0,1.0000105960167514,0.29,,,0.0,0.0,1.0000000000000007,1.0,1.0595941901397175e-05,1.6974502710765875e-05,0.9999893933449032,0.9999915128566933,1.4803224934785298e-16,3.309470903353531e-16,NO_CROSSING,True,
258,grid,baseline,2.0,5.623413251903491e-05,0.0,1.0000148244631133,0.29,,,0.0,0.0,1.0000000000000007,1.0,1.482431660491725e-05,2.374834421352073e-05,0.9999851607253539,0.999988126039383,1.4803311423147863e-16,3.002438833469619e-16,NO_CROSSING,True,
259,grid,baseline,2.0,7.86743807659941e-05,0.0,1.0000207403705021,0.29,,,0.0,0.0,0.9999999999999997,0.999999999999996,2.0740083730805727e-05,3.3225443302523556e-05,0.9999792390484425,0.9999833876923111,1.4803465497030857e-16,3.2399221262759097e-16,NO_CROSSING,True,
260,grid,baseline,2.0,0.00011006941712522103,0.0,1.0000290172147648,0.29,,,0.0,0.0,1.0000000000000007,0.9999999999999997,2.9016653443117925e-05,4.648468321266368e-05,0.9999709542673428,0.999976758468672,1.4803514944022237e-16,3.085206080677616e-16,NO_CROSSING,True,
261,grid,baseline,2.0,0.0001539926526059492,0.0,1.0000405973124973,0.29,,,0.0,0.0,1.0,1.0,4.0596213765916707e-05,6.503561704421962e-05,0.9999593633298668,0.9999674837775038,1.4803827511902523e-16,3.230901779244705e-16,NO_CROSSING,True,
262,grid,baseline,2.0,0.00021544346900318845,0.0,1.0000567991882048,0.29,,,0.0,0.0,0.9999999999999997,0.999999999999997,5.67970375209254e-05,9.099046188428093e-05,0.999943146806164,0.9999545078735464,1.4804320591079491e-16,3.0200352443026763e-16,NO_CROSSING,True,
263,grid,baseline,2.0,0.0003014162529877392,0.0,1.0000794678688836,0.29,,,0.0,0.0,1.0,1.0000000000000002,7.94636590118379e-05,0.00012730485669307245,0.9999204586449342,0.9999363536484562,1.4804579488297969e-16,3.232366974033873e-16,NO_CROSSING,True,
264,grid,baseline,2.0,0.00042169650342858224,0.0,1.000111185315314,0.29,,,0.0,0.0,1.0000000000000004,0.9999999999999997,0.00011117707447534951,0.0001781149481727968,0.9998887159267653,0.9999109544209986,1.4805610292555303e-16,3.3220863091738043e-16,NO_CROSSING,True,
265,grid,baseline,2.0,0.0005899746255923565,0.0,1.0001555651424987,0.29,,,0.0,0.0,1.0000000000000002,1.0,0.00015554901049616966,0.00024920948721306467,0.9998443046244273,0.9998754185410711,1.480651801912701e-16,3.3471757843322037e-16,NO_CROSSING,True,
266,grid,baseline,2.0,0.000825404185268019,0.0,1.0002176655682256,0.29,,,0.0,0.0,1.0000000000000002,1.0,0.00021763398727522257,0.0003486912877172147,0.9997821677625692,0.999825699937502,1.4807932869921938e-16,3.186129796612142e-16,NO_CROSSING,True,
267,grid,baseline,2.0,0.0011547819846894581,0.0,1.0003045683631961,0.29,,,0.0,0.0,1.0000000000000007,1.0000000000000004,0.00030450653449170894,0.000487904545275159,0.9996952288717481,0.9997561369601492,1.48093790364592e-16,3.079980501323545e-16,NO_CROSSING,True,
268,grid,baseline,2.0,0.0016155980984398745,0.0,1.0004261912115866,0.29,,,0.0,0.0,1.0000000000000002,1.000000000000001,0.0004260701533500605,0.0006827359349727579,0.9995735846651899,0.9996588067312561,1.481193665105793e-16,3.2630133682497513e-16,NO_CROSSING,True,
269,grid,baseline,2.0,0.0022603030271419215,0.0,1.0005964289116445,0.29,,,0.0,0.0,1.0000000000000007,1.0000000000000007,0.000596191854271997,0.0009554422307002408,0.9994033741688533,0.9995226209385129,1.4816561968709236e-16,3.3262116969202304e-16,NO_CROSSING,True,
270,grid,baseline,2.0,0.0031622776601683794,0.0,1.0008347591320408,0.29,,,0.0,0.0,1.0000000000000009,1.0000000000000009,0.0008342948418820775,0.001337221594839883,0.9991651938645045,0.9993320590168109,1.4821244738888564e-16,3.1912075087660685e-16,NO_CROSSING,True,
271,grid,baseline,2.0,0.004424185553847919,0.0,1.0011685069388276,0.29,,,0.0,0.0,1.0000000000000013,1.0,0.0011675973750713497,0.0018718391406960847,0.9988318750743889,0.9990653923016302,1.48285484148922e-16,3.7626235508890324e-16,NO_CROSSING,True,
272,grid,baseline,2.0,0.00618965818891261,0.0,1.0016360483800797,0.29,,,0.0,0.0,1.0000000000000016,1.0000000000000024,0.0016342658880404554,0.002620754731510504,0.9983653639672584,0.9986921926552887,1.484024362300552e-16,2.855830948551286e-16,NO_CROSSING,True,
273,grid,baseline,2.0,0.008659643233600663,0.0,1.002291362239975,0.29,,,0.0,0.0,1.0000000000000022,1.0000000000000013,0.0022878673514021585,0.0036704062890048055,0.9977123360096377,0.9981698334085577,1.4853115129337533e-16,3.6949340647392033e-16,NO_CROSSING,True,
274,grid,baseline,2.0,0.012115276586285901,0.0,1.0032105361115633,0.29,,,0.0,0.0,1.0000000000000029,1.0000000000000002,0.0032036790932841487,0.005142615340935584,0.9967980199797306,0.9974385674533092,1.486524240504267e-16,3.1656753880980496e-16,NO_CROSSING,True,
275,grid,baseline,2.0,0.01694988151390348,0.0,1.0045011424830108,0.29,,,0.0,0.0,1.000000000000004,1.0000000000000002,0.0044876760368378595,0.007209572821530797,0.9955174778086029,0.9964145889449634,1.489382036196163e-16,3.261941567787969e-16,NO_CROSSING,True,
276,grid,baseline,2.0,0.023713737056616554,0.0,1.006315902668111,0.29,,,0.0,0.0,1.0000000000000056,1.0000000000000004,0.006289420423289497,0.010115657688874286,0.9937232470896186,0.9949802229729547,1.4941095384995656e-16,3.4441625756877567e-16,NO_CROSSING,True,
277,grid,baseline,2.0,0.03317671127842862,0.0,1.0088729019470053,0.29,,,0.0,0.0,1.000000000000008,1.0000000000000118,0.00882072499501714,0.01420967363704761,0.9912077393408886,0.9929699956405784,1.5013319086258879e-16,2.7852496981898135e-16,NO_CROSSING,True,
278,grid,baseline,2.0,0.04641588833612782,0.0,1.0124861045279416,0.29,,,0.0,0.0,1.0000000000000109,1.0,0.012383027345403513,0.019993418540933745,0.9876779888032147,0.9901507374115075,1.5098935709736915e-16,3.855398653444712e-16,NO_CROSSING,True,
279,grid,baseline,2.0,0.06493816315762113,0.0,1.0176126519821904,0.29,,,0.0,0.0,1.0000000000000155,1.0,0.017408248368764558,0.028196762978760528,0.9827190642745148,0.9861929279805999,1.5220369601387661e-16,3.1260280727059745e-16,NO_CROSSING,True,
280,grid,baseline,2.0,0.0908517575651688,0.0,1.0249287369827904,0.29,,,0.0,0.0,1.0000000000000222,1.0,0.024521215036035816,0.03989761516131948,0.9757403104104234,0.9806289468484715,1.5369532849572226e-16,3.1479834612372216e-16,NO_CROSSING,True,
281,grid,baseline,2.0,0.12710617996147458,0.0,1.0354567761925488,0.29,,,0.0,0.0,1.0000000000000315,1.0000000000000029,0.034638008124660946,0.05672184841423912,0.9658948092683467,0.9727912522369369,1.56426256897859e-16,3.422492433590269e-16,NO_CROSSING,True,
282,grid,baseline,2.0,0.1778279410038923,0.0,1.050790726617179,0.29,,,0.0,0.0,1.0000000000000453,1.0,0.049127253998969354,0.08119454799696725,0.9519553995629882,0.9617187349005839,1.58150463500523e-16,3.399012927539516e-16,NO_CROSSING,True,
283,grid,baseline,2.0,0.24879023672388398,0.0,1.073526181334296,0.28,,,0.0,0.09000000000000002,1.0000000000000653,1.0000000000000002,0.07009052236291519,0.11739907112563552,0.9321164311634401,0.9460102608918645,1.6465036342889358e-16,3.1566796578534493e-16,NO_CROSSING,True,
284,grid,baseline,2.0,0.3480700588428413,0.0,1.1081582240801686,0.28,0.1255481504786455,0.5416738789112058,0.0,0.14999999999999997,1.000000000000096,0.9999999999999997,0.10088393896256644,0.17232008201192353,0.9036461283323522,0.9235850570196765,1.7353823297067855e-16,3.308497948871671e-16,TRANSIENT_CROSSING,True,
285,grid,baseline,2.0,0.4869675251658631,0.0,1.1631462830121346,0.28,0.0683142992578313,0.7512913091306651,0.0,0.10999999999999999,1.0000000000001446,0.9999999999999997,0.14714245344371596,0.25888664526289096,0.8622945864754548,0.8912646607518665,1.78002129503643e-16,3.5164968666889994e-16,TRANSIENT_CROSSING,True,
286,grid,baseline,2.0,0.6812920690579622,0.0,1.2566456727941862,0.28,0.03955203992444723,0.9450905580982301,0.010000000000000009,0.09999999999999998,1.0000000000002274,0.9999999999999997,0.2191497779850697,0.403924384689993,0.801032736764558,0.8439721998057623,2.0782255689540473e-16,2.966953610083021e-16,TRANSIENT_CROSSING,True,
287,grid,baseline,2.0,0.9531618832347882,0.0,1.4365963947985219,0.28,0.022364270246758376,1.1534561147489861,0.0,0.08999999999999986,1.0000000000003892,1.0,0.33816782575695964,0.6737019650291856,0.7069638353109658,0.7729669712619643,2.477576610581027e-16,3.442455350846625e-16,TRANSIENT_CROSSING,True,
288,grid,baseline,2.0,1.333521432163324,0.0,1.890792794069382,0.28,0.011237602610026182,1.4227790077162796,0.0,0.08999999999999986,1.0000000000008245,0.9999999999999997,0.5588895844167816,1.2891080066471041,0.5512886537878786,0.6609473380215196,2.957685255872484e-16,3.615651305182503e-16,TRANSIENT_CROSSING,True,
289,grid,baseline,2.0,1.865663578576915,0.0,5.387284789440136,0.33,0.0037903899870750735,0.0037903899870750735,0.0,0.0,,,1.1178204247846537,3.714162610469193,0.21950084203020126,0.46057219995608367,3.597961723741908e-16,4.249530918092663e-16,INVALID,False,left_stage2_domain
290,grid,baseline,2.0,2.6101572156825386,0.0,,,,,0.0,0.0,,,,,,,,,INVALID,False,rho_total_nonpositive
291,grid,baseline,2.0,3.651741272548377,0.0,,,,,0.0,0.0,,,,,,,,,INVALID,False,rho_total_nonpositive
292,grid,baseline,2.0,5.108969774506935,0.0,,,,,0.0,0.0,,,,,,,,,INVALID,False,rho_total_nonpositive
293,grid,baseline,2.0,7.1477057679418605,0.0,,,,,0.0,0.0,,,,,,,,,INVALID,False,rho_total_nonpositive
294,grid,baseline,2.0,10.0,0.0,,,,,0.0,0.0,,,,,,,,,INVALID,False,rho_total_nonpositive
295,grid,baseline,3.0,1e-06,0.0,1.0000008397950364,0.29,,,0.0,0.0,0.999999999999998,1.0,8.39794566158671e-07,8.504673605477707e-07,0.9999992808265297,0.999999574766591,1.4802984389685567e-16,3.258410371108553e-16,NO_CROSSING,True,
296,grid,baseline,3.0,1.3990503141372929e-06,0.0,1.0000011749160391,0.29,,,0.0,0.0,1.0,0.9999999999999983,1.1749151189008062e-06,1.1898470317472868e-06,0.9999989938400006,0.9999994050770151,1.4802991274943023e-16,3.280008253035516e-16,NO_CROSSING,True,
297,grid,baseline,3.0,1.9573417814876616e-06,0.0,1.0000016437676897,0.29,,,0.0,0.0,0.9999999999999993,1.0,1.6437658885419126e-06,1.6646566539350516e-06,0.9999985923312815,0.9999991676727122,1.4802998303537356e-16,3.2620454948805183e-16,NO_CROSSING,True,
298,grid,baseline,3.0,2.7384196342643613e-06,0.0,1.0000022997157316,0.29,,,0.0,0.0,0.9999999999999997,0.9999999999999977,2.299712205868516e-06,2.3289399616909073e-06,0.9999980306001375,0.9999988355320532,1.4803008136905666e-16,3.042601730554925e-16,NO_CROSSING,True,
299,grid,baseline,3.0,3.831186849557285e-06,0.0,1.0000032174219906,0.29,,,0.0,0.0,0.9999999999999997,0.9999999999999997,3.217415089436922e-06,3.2583072131647107e-06,0.9999972447095263,0.9999983708503746,1.480302000306999e-16,3.474523779638532e-16,NO_CROSSING,True,
300,grid,baseline,3.0,5.3600231653917955e-06,0.0,1.0000045013430263,0.29,,,0.0,0.0,1.0000000000000002,0.9999999999999987,4.501329518285057e-06,4.5585416572797626e-06,0.9999961452080869,0.9999977207369639,1.4803038495701708e-16,3.3945665431093173e-16,NO_CROSSING,True,
301,grid,baseline,3.0,7.498942093324558e-06,0.0,1.0000062976205975,0.29,,,0.0,0.0,0.9999999999999997,0.9999999999999913,6.297594157594816e-06,6.377640739111611e-06,0.9999946069484273,0.9999968111948833,1.4803068069716636e-16,3.398647491316286e-16,NO_CROSSING,True,
302,grid,baseline,3.0,1.0491397291363112e-05,0.0,1.0000088107178617,0.29,,,0.0,0.0,0.9999999999999997,0.999999999999999,8.81066610962268e-06,8.922662987682115e-06,0.9999924548421915,0.9999955386983611,1.4803105743613953e-16,4.0201578227229416e-16,NO_CROSSING,True,
303,grid,baseline,3.0,1.4677992676220705e-05,0.0,1.0000123266959013,0.29,,,0.0,0.0,0.9999999999999997,0.999999999999984,1.2326594603787565e-05,1.2483298903785433e-05,0.9999894439302813,0.9999937584089847,1.4803151205809371e-16,3.2140605022530336e-16,NO_CROSSING,True,
304,grid,baseline,3.0,2.0535250264571462e-05,0.0,1.0000172457819096,0.29,,,0.0,0.0,1.0000000000000007,0.9999999999999997,1.7245583634109955e-05,1.746485025333963e-05,0.9999852314993201,0.9999912676892545,1.4803232193387058e-16,3.270777009359488e-16,NO_CROSSING,True,
305,grid,baseline,3.0,2.8729848333536687e-05,0.0,1.000024127940006,0.29,,,0.0,0.0,1.0,1.0000000000000002,2.4127551907144844e-05,2.443437452510098e-05,0.9999793380696317,0.9999877830366224,1.4803335363071287e-16,3.4958134404064116e-16,NO_CROSSING,True,
306,grid,baseline,3.0,4.019450333615128e-05,0.0,1.0000337566393391,0.29,,,0.0,0.0,1.0,1.0000000000000002,3.375587968229232e-05,3.418525267992957e-05,0.9999710928124613,0.9999829078118844,1.4803440797371722e-16,3.529190252799074e-16,NO_CROSSING,True,
307,grid,baseline,3.0,5.623413251903491e-05,0.0,1.0000472280928387,0.29,,,0.0,0.0,1.0000000000000007,1.0,4.7226605890263774e-05,4.782754094661399e-05,0.9999595571800374,0.9999760870872951,1.480368165149769e-16,3.54499444161371e-16,NO_CROSSING,True,
308,grid,baseline,3.0,7.86743807659941e-05,0.0,1.000066076153623,0.29,,,0.0,0.0,1.0,1.0000000000000002,6.607324304575394e-05,6.691441328718234e-05,0.9999434180486687,0.9999665444723398,1.4803925352142716e-16,3.2191050001459575e-16,NO_CROSSING,True,
309,grid,baseline,3.0,0.00011006941712522103,0.0,1.0000924471432122,0.29,,,0.0,0.0,1.0,0.999999999999999,9.244144591393553e-05,9.361913076815038e-05,0.9999208381980195,0.9999531937210626,1.480430515868528e-16,3.7680765508365474e-16,NO_CROSSING,True,
310,grid,baseline,3.0,0.0001539926526059492,0.0,1.0001293446248578,0.29,,,0.0,0.0,1.0,1.0,0.00012933347246486918,0.0001309827676620666,0.9998892470799589,0.9999345150491489,1.4804912596128585e-16,3.9745320415451796e-16,NO_CROSSING,True,
311,grid,baseline,3.0,0.00021544346900318845,0.0,1.0001809722059503,0.29,,,0.0,0.0,1.0000000000000002,1.0000000000000002,0.00018095037462438217,0.00018326106106428134,0.9998450480072485,0.999908382061776,1.4805686470328896e-16,3.210336980548313e-16,NO_CROSSING,True,
312,grid,baseline,3.0,0.0003014162529877392,0.0,1.0002532138255873,0.29,,,0.0,0.0,1.0,1.0000000000000002,0.0002531710879742315,0.0002564101964272395,0.9997832083266086,0.9998718195513402,1.4806207964779166e-16,3.681949353907719e-16,NO_CROSSING,True,
313,grid,baseline,3.0,0.00042169650342858224,0.0,1.0003543070524266,0.29,,,0.0,0.0,1.0000000000000002,1.0,0.0003542233831980076,0.0003587674751518857,0.9996966857189334,0.9998206645157859,1.4808284487154087e-16,3.8266096506408214e-16,NO_CROSSING,True,
314,grid,baseline,3.0,0.0005899746255923565,0.0,1.0004957877107234,0.29,,,0.0,0.0,1.0000000000000007,1.0,0.0004956238945660914,0.0005020056190873315,0.9995756249155944,0.9997490916545548,1.480983323708663e-16,3.7184724589131226e-16,NO_CROSSING,True,
315,grid,baseline,3.0,0.000825404185268019,0.0,1.0006938166526664,0.29,,,0.0,0.0,1.0000000000000007,1.0000000000000002,0.0006934958800064455,0.0007024718421058205,0.9994062325930434,0.999648949020695,1.4813372333845508e-16,3.5787151553233765e-16,NO_CROSSING,True,
316,grid,baseline,3.0,0.0011547819846894581,0.0,1.0009710461691157,0.29,,,0.0,0.0,1.0000000000000009,1.0000000000000002,0.0009704179553571372,0.0009830690268623796,0.9991692008027968,0.9995088275991963,1.4817526006581e-16,3.2604995817858126e-16,NO_CROSSING,True,
317,grid,baseline,3.0,0.0016155980984398745,0.0,1.0013592512052103,0.29,,,0.0,0.0,1.0000000000000013,1.0000000000000002,0.0013580206111086864,0.0013759027892647554,0.9988374963866218,0.9993127577080493,1.4822541439664983e-16,3.8045983195845335e-16,NO_CROSSING,True,
318,grid,baseline,3.0,0.0022603030271419215,0.0,1.001903049924352,0.29,,,0.0,0.0,1.0000000000000018,1.0,0.0019006385842761082,0.0019260147164753575,0.9983732586747639,0.9990383814875845,1.4827262017174253e-16,3.153373132082523e-16,NO_CROSSING,True,
319,grid,baseline,3.0,0.0031622776601683794,0.0,1.0026651865272194,0.29,,,0.0,0.0,1.0000000000000022,1.0000000000000007,0.0026604594467702046,0.0026966640875126626,0.9977234403910711,0.9986543888414521,1.484289230913057e-16,3.818863346702665e-16,NO_CROSSING,True,
320,grid,baseline,3.0,0.004424185553847919,0.0,1.003734075431083,0.29,,,0.0,0.0,1.0000000000000036,1.0000000000000002,0.003724802967584928,0.0037768330063224285,0.9968136720534608,0.9981169158918372,1.4850589101750467e-16,3.195223993764363e-16,NO_CROSSING,True,
321,grid,baseline,3.0,0.00618965818891261,0.0,1.0052346598856947,0.29,,,0.0,0.0,1.0000000000000049,1.0000000000000009,0.005216455638311042,0.005291955155087838,0.9955396050552319,0.9973644781193713,1.48782230978173e-16,3.5172226995997084e-16,NO_CROSSING,True,
322,grid,baseline,3.0,0.008659643233600663,0.0,1.0073442096239085,0.29,,,0.0,0.0,1.0000000000000067,1.0000000000000013,0.007308426546190921,0.007419379443906255,0.9937546561860784,0.9963108261678698,1.4912802540162822e-16,3.3214330713118475e-16,NO_CROSSING,True,
323,grid,baseline,3.0,0.012115276586285901,0.0,1.0103156392939139,0.29,,,0.0,0.0,1.0000000000000093,1.0000000000000013,0.010245182224362749,0.01041090877864097,0.9912525761052801,0.9948348412989281,1.4950982826086425e-16,3.053241000433916e-16,NO_CROSSING,True,
324,grid,baseline,3.0,0.01694988151390348,0.0,1.0145126002639,0.29,,,0.0,0.0,1.0000000000000129,1.0000000000000016,0.014373535348637495,0.014626149189113025,0.9877424928711961,0.9927661815689647,1.5019484162886832e-16,3.3560905953554815e-16,NO_CROSSING,True,
325,grid,baseline,3.0,0.023713737056616554,0.0,1.0204636534075266,0.29,,,0.0,0.0,1.0000000000000182,1.000000000000002,0.02018823668852476,0.020582851861574807,0.982812203855215,0.9898647674246932,1.5083791496907153e-16,3.479684320493057e-16,NO_CROSSING,True,
326,grid,baseline,3.0,0.03317671127842862,0.0,1.028948711193229,0.29,,,0.0,0.0,1.000000000000026,1.0000000000000027,0.02840060393913097,0.029034926445941946,0.9758764586177328,0.9857912121356628,1.5232776913116522e-16,3.192508732343365e-16,NO_CROSSING,True,
327,grid,baseline,3.0,0.04641588833612782,0.0,1.0411429312896043,0.29,,,0.0,0.0,1.0000000000000364,1.0000000000000013,0.040044564122787125,0.0410974948362673,0.9660972336349041,0.9800636895282022,1.5411338795290584e-16,3.409692433898602e-16,NO_CROSSING,True,
328,grid,baseline,3.0,0.06493816315762113,0.0,1.0588693941469234,0.29,,,0.0,0.0,1.0000000000000522,1.0000000000000009,0.05664624089223888,0.05845614193114297,0.952263477027942,0.971993960243534,1.5668298391038232e-16,3.5417362477800106e-16,NO_CROSSING,True,
329,grid,baseline,3.0,0.0908517575651688,0.0,1.0850737516772457,0.29,0.23397755721527194,0.3499915525489145,0.02999999999999997,0.31999999999999995,1.000000000000076,0.999999999999992,0.08050769081302218,0.0837363978103572,0.9326005955903134,0.9605902410783521,1.5892057588682404e-16,3.671947131190787e-16,TRANSIENT_CROSSING,True,
330,grid,baseline,3.0,0.12710617996147458,0.0,1.1247951820071689,0.29,0.10205928486327273,0.6270466895898521,0.0,0.13,1.0000000000001121,1.0000000000000002,0.11521007391190523,0.1212013821924508,0.9044545831483344,0.9444048043895196,1.659711453002145e-16,3.3870135318856066e-16,TRANSIENT_CROSSING,True,
331,grid,baseline,3.0,0.1778279410038923,0.0,1.187384676101046,0.29,0.05987646299635208,0.8211632873210002,0.0,0.10999999999999999,1.0000000000001692,1.0,0.1665755403213922,0.17818482080718778,0.8637326669185267,0.9212834900315312,1.7096243966454117e-16,3.510345755664843e-16,TRANSIENT_CROSSING,True,
332,grid,baseline,3.0,0.24879023672388398,0.0,1.2923982290435907,0.29,0.036715984452172605,1.0089774178250186,0.0,0.10000000000000009,1.0000000000002671,1.0,0.24469860350142075,0.26837204565934997,0.803725211837802,0.8879257874349059,1.8580166680935783e-16,3.6805688337306064e-16,TRANSIENT_CROSSING,True,
333,grid,baseline,3.0,0.3480700588428413,0.0,1.489158031083027,0.29,0.022281753632642676,1.2134003252956118,0.0,0.09000000000000008,,,0.36886815183057436,0.42049888050134565,0.7126528679324493,0.8390339847272261,1.929923117494092e-16,2.964454514194148e-16,INVALID,False,left_stage2_domain
334,grid,baseline,3.0,0.4869675251658631,0.0,1.9528394828200266,0.3,0.012827037196629214,0.012827037196629214,0.0,0.0,,,0.5826957834953074,0.7069204993589069,0.5659151206338142,0.7654086270878151,2.1560093720385316e-16,2.9572338120456e-16,INVALID,False,left_stage2_domain
335,grid,baseline,3.0,0.6812920690579622,0.0,4.262411960300861,0.36,0.006401520277988434,0.006401520277988434,0.0,0.0,,,1.0275503214010369,1.37764730943529,0.2868371577019455,0.648524344215921,3.1313308723274444e-16,4.358776630756794e-16,INVALID,False,left_stage2_domain
336,grid,baseline,3.0,0.9531618832347882,0.0,29.538291552161322,0.08,0.0018615403695067105,0.0018615403695067105,0.0,0.0,,,1.4250956068492482,4.280733888995792,0.03181729699863056,0.43516389832676744,2.220446049250313e-16,6.459560187240381e-16,INVALID,False,Hp_nonpositive
337,grid,baseline,3.0,1.333521432163324,0.0,,,,,0.0,0.0,,,,,,,,,INVALID,False,rho_total_nonpositive
338,grid,baseline,3.0,1.865663578576915,0.0,,,,,0.0,0.0,,,,,,,,,INVALID,False,rho_total_nonpositive
339,grid,baseline,3.0,2.6101572156825386,0.0,,,,,0.0,0.0,,,,,,,,,INVALID,False,rho_total_nonpositive
340,grid,baseline,3.0,3.651741272548377,0.0,,,,,0.0,0.0,,,,,,,,,INVALID,False,rho_total_nonpositive
341,grid,baseline,3.0,5.108969774506935,0.0,,,,,0.0,0.0,,,,,,,,,INVALID,False,rho_total_nonpositive
342,grid,baseline,3.0,7.1477057679418605,0.0,,,,,0.0,0.0,,,,,,,,,INVALID,False,rho_total_nonpositive
343,grid,baseline,3.0,10.0,0.0,,,,,0.0,0.0,,,,,,,,,INVALID,False,rho_total_nonpositive
344,grid,baseline,4.0,1e-06,0.0,,,,,0.0,0.0,,,,,,,,,INVALID,False,initial_boundary_outward
345,grid,baseline,4.0,1.3990503141372929e-06,0.0,,,,,0.0,0.0,,,,,,,,,INVALID,False,initial_boundary_outward
346,grid,baseline,4.0,1.9573417814876616e-06,0.0,,,,,0.0,0.0,,,,,,,,,INVALID,False,initial_boundary_outward
347,grid,baseline,4.0,2.7384196342643613e-06,0.0,,,,,0.0,0.0,,,,,,,,,INVALID,False,initial_boundary_outward
348,grid,baseline,4.0,3.831186849557285e-06,0.0,,,,,0.0,0.0,,,,,,,,,INVALID,False,initial_boundary_outward
349,grid,baseline,4.0,5.3600231653917955e-06,0.0,,,,,0.0,0.0,,,,,,,,,INVALID,False,initial_boundary_outward
350,grid,baseline,4.0,7.498942093324558e-06,0.0,,,,,0.0,0.0,,,,,,,,,INVALID,False,initial_boundary_outward
351,grid,baseline,4.0,1.0491397291363112e-05,0.0,,,,,0.0,0.0,,,,,,,,,INVALID,False,initial_boundary_outward
352,grid,baseline,4.0,1.4677992676220705e-05,0.0,,,,,0.0,0.0,,,,,,,,,INVALID,False,initial_boundary_outward
353,grid,baseline,4.0,2.0535250264571462e-05,0.0,,,,,0.0,0.0,,,,,,,,,INVALID,False,initial_boundary_outward
354,grid,baseline,4.0,2.8729848333536687e-05,0.0,,,,,0.0,0.0,,,,,,,,,INVALID,False,initial_boundary_outward
355,grid,baseline,4.0,4.019450333615128e-05,0.0,,,,,0.0,0.0,,,,,,,,,INVALID,False,initial_boundary_outward
356,grid,baseline,4.0,5.623413251903491e-05,0.0,,,,,0.0,0.0,,,,,,,,,INVALID,False,initial_boundary_outward
357,grid,baseline,4.0,7.86743807659941e-05,0.0,,,,,0.0,0.0,,,,,,,,,INVALID,False,initial_boundary_outward
358,grid,baseline,4.0,0.00011006941712522103,0.0,,,,,0.0,0.0,,,,,,,,,INVALID,False,initial_boundary_outward
359,grid,baseline,4.0,0.0001539926526059492,0.0,,,,,0.0,0.0,,,,,,,,,INVALID,False,initial_boundary_outward
360,grid,baseline,4.0,0.00021544346900318845,0.0,,,,,0.0,0.0,,,,,,,,,INVALID,False,initial_boundary_outward
361,grid,baseline,4.0,0.0003014162529877392,0.0,,,,,0.0,0.0,,,,,,,,,INVALID,False,initial_boundary_outward
362,grid,baseline,4.0,0.00042169650342858224,0.0,,,,,0.0,0.0,,,,,,,,,INVALID,False,initial_boundary_outward
363,grid,baseline,4.0,0.0005899746255923565,0.0,,,,,0.0,0.0,,,,,,,,,INVALID,False,initial_boundary_outward
364,grid,baseline,4.0,0.000825404185268019,0.0,,,,,0.0,0.0,,,,,,,,,INVALID,False,initial_boundary_outward
365,grid,baseline,4.0,0.0011547819846894581,0.0,,,,,0.0,0.0,,,,,,,,,INVALID,False,initial_boundary_outward
366,grid,baseline,4.0,0.0016155980984398745,0.0,,,,,0.0,0.0,,,,,,,,,INVALID,False,initial_boundary_outward
367,grid,baseline,4.0,0.0022603030271419215,0.0,,,,,0.0,0.0,,,,,,,,,INVALID,False,initial_boundary_outward
368,grid,baseline,4.0,0.0031622776601683794,0.0,,,,,0.0,0.0,,,,,,,,,INVALID,False,initial_boundary_outward
369,grid,baseline,4.0,0.004424185553847919,0.0,,,,,0.0,0.0,,,,,,,,,INVALID,False,initial_boundary_outward
370,grid,baseline,4.0,0.00618965818891261,0.0,,,,,0.0,0.0,,,,,,,,,INVALID,False,initial_boundary_outward
371,grid,baseline,4.0,0.008659643233600663,0.0,,,,,0.0,0.0,,,,,,,,,INVALID,False,initial_boundary_outward
372,grid,baseline,4.0,0.012115276586285901,0.0,,,,,0.0,0.0,,,,,,,,,INVALID,False,initial_boundary_outward
373,grid,baseline,4.0,0.01694988151390348,0.0,,,,,0.0,0.0,,,,,,,,,INVALID,False,initial_boundary_outward
374,grid,baseline,4.0,0.023713737056616554,0.0,,,,,0.0,0.0,,,,,,,,,INVALID,False,initial_boundary_outward
375,grid,baseline,4.0,0.03317671127842862,0.0,,,,,0.0,0.0,,,,,,,,,INVALID,False,initial_boundary_outward
376,grid,baseline,4.0,0.04641588833612782,0.0,,,,,0.0,0.0,,,,,,,,,INVALID,False,initial_boundary_outward
377,grid,baseline,4.0,0.06493816315762113,0.0,,,,,0.0,0.0,,,,,,,,,INVALID,False,initial_boundary_outward
378,grid,baseline,4.0,0.0908517575651688,0.0,,,,,0.0,0.0,,,,,,,,,INVALID,False,initial_boundary_outward
379,grid,baseline,4.0,0.12710617996147458,0.0,,,,,0.0,0.0,,,,,,,,,INVALID,False,initial_boundary_outward
380,grid,baseline,4.0,0.1778279410038923,0.0,,,,,0.0,0.0,,,,,,,,,INVALID,False,initial_boundary_outward
381,grid,baseline,4.0,0.24879023672388398,0.0,,,,,0.0,0.0,,,,,,,,,INVALID,False,initial_boundary_outward
382,grid,baseline,4.0,0.3480700588428413,0.0,,,,,0.0,0.0,,,,,,,,,INVALID,False,initial_boundary_outward
383,grid,baseline,4.0,0.4869675251658631,0.0,,,,,0.0,0.0,,,,,,,,,INVALID,False,initial_boundary_outward
384,grid,baseline,4.0,0.6812920690579622,0.0,,,,,0.0,0.0,,,,,,,,,INVALID,False,rho_total_nonpositive
385,grid,baseline,4.0,0.9531618832347882,0.0,,,,,0.0,0.0,,,,,,,,,INVALID,False,rho_total_nonpositive
386,grid,baseline,4.0,1.333521432163324,0.0,,,,,0.0,0.0,,,,,,,,,INVALID,False,rho_total_nonpositive
387,grid,baseline,4.0,1.865663578576915,0.0,,,,,0.0,0.0,,,,,,,,,INVALID,False,rho_total_nonpositive
388,grid,baseline,4.0,2.6101572156825386,0.0,,,,,0.0,0.0,,,,,,,,,INVALID,False,rho_total_nonpositive
389,grid,baseline,4.0,3.651741272548377,0.0,,,,,0.0,0.0,,,,,,,,,INVALID,False,rho_total_nonpositive
390,grid,baseline,4.0,5.108969774506935,0.0,,,,,0.0,0.0,,,,,,,,,INVALID,False,rho_total_nonpositive
391,grid,baseline,4.0,7.1477057679418605,0.0,,,,,0.0,0.0,,,,,,,,,INVALID,False,rho_total_nonpositive
392,grid,baseline,4.0,10.0,0.0,,,,,0.0,0.0,,,,,,,,,INVALID,False,rho_total_nonpositive
393,root_search,brentq,1.1,1.865663578576915,0.0,1.0486041837915046,0.24,,,0.0,0.0,1.000000000000039,1.0000000000000016,0.04707870251826237,1.10138345337814,0.6898383683678536,0.6898383683678536,2.1908574228418176e-16,3.895123502650078e-16,NO_CROSSING,True,
394,root_search,brentq,1.1,2.6101572156825386,0.0,1.0872160025601407,0.21,0.1404039827545437,0.2957463464317407,0.010000000000000009,0.30000000000000004,1.0000000000000653,0.9999999999999983,0.08242356656510205,2.7491726069674227,0.5164547574464333,0.5164547574464333,2.1662473223887868e-16,3.1323448106961817e-16,TRANSIENT_CROSSING,True,
395,root_search,brentq,1.1,2.5352935437155506,0.0,1.0821842839958067,0.21,,,0.0,0.26,1.000000000000062,1.0,0.07791533972412824,2.475153726945536,0.5364299156318004,0.5364299156318004,2.646949784663699e-16,3.131124231894605e-16,NO_CROSSING,True,
396,root_search,brentq,1.1,2.55238950239818,0.0,1.0833034377425645,0.21,,,0.07,0.27,1.0000000000000628,1.0,0.07892053641467792,2.534140024719515,0.5319344573835519,0.5319344573835519,2.661094616210736e-16,3.209551069684078e-16,NO_CROSSING,True,
397,root_search,brentq,1.1,2.552842691747584,0.0,1.0833333380568368,0.21,0.20999935030745728,0.21000087557497127,0.07,0.27,1.0000000000000628,1.0,0.07894737266042981,2.5357309235412435,0.5318147722132153,0.5318147722132153,2.380714816142522e-16,3.252703859748532e-16,TRANSIENT_CROSSING,True,
398,root_search,brentq,1.1,2.552842620154975,0.0,1.0833333333322266,0.21,0.21,0.21,0.07,0.27,1.0000000000000628,1.0,0.07894736842005937,2.535730672105811,0.5318147911226129,0.5318147911226129,2.7510251537130624e-16,2.971884342198214e-16,TRANSIENT_CROSSING,True,
399,root_search,brentq,1.1,2.5528426203326173,0.0,1.0833333333437516,0.21,0.20999999856701518,0.2100000019312021,0.07,0.27,1.0000000000000628,1.0,0.0789473684304031,2.5357306727296964,0.5318147910756932,0.5318147910756932,2.380714775617067e-16,3.1685910775050303e-16,TRANSIENT_CROSSING,True,
400,threshold,baseline,1.1,2.552842620154975,0.0,1.0833333333322266,0.21,0.21,0.21,0.07,0.27,1.0000000000000628,1.0,0.07894736842005937,2.535730672105811,0.5318147911226129,0.5318147911226129,2.7510251537130624e-16,2.971884342198214e-16,TRANSIENT_CROSSING,True,
401,stability,r0_x_0p99,1.089,2.552842620154975,0.0,1.0734304542465634,0.21,,,0.0,0.07,1.0000000000000553,1.0000000000000009,0.07000352705298846,2.5244031743289876,0.5326687368705953,0.5326687368705953,2.3235593579339354e-16,3.2882824374584934e-16,NO_CROSSING,True,
402,stability,r0_x_1p01,1.1110000000000002,2.552842620154975,0.0,1.093457186915751,0.21,0.11270507154503275,0.3619437913975137,0.010000000000000009,0.36,1.00000000000007,1.0000000000000007,0.08797586877433841,2.5483600683190817,0.5308675244113599,0.5308675244113599,2.5101778598796386e-16,2.995851260112028e-16,TRANSIENT_CROSSING,True,
403,stability,epsilon_x_0p99,1.1,2.5273141939534254,0.0,1.0816677163523847,0.21,,,0.0,0.24,1.0000000000000617,1.0,0.07745089139904054,2.4482912921472795,0.5385152758615307,0.5385152758615307,2.4904015573600463e-16,3.1331033804246454e-16,NO_CROSSING,True,
404,stability,epsilon_x_1p01,1.1,2.5783710463565246,0.0,1.0850375465004076,0.21,0.16235431355712263,0.26556126662454005,0.030000000000000027,0.29000000000000004,1.0000000000000635,1.0000000000000007,0.08047526699430055,2.6277198777438406,0.525028800902728,0.525028800902728,2.7748489030345614e-16,3.1315853212750275e-16,TRANSIENT_CROSSING,True,
405,stability,delta0_minus_1pct_target,1.1,2.552842620154975,-0.0007894736842105263,1.0826766885690164,0.21,,,0.04000000000000001,0.26,1.0000000000000628,1.0,0.07835778068207558,2.535730672105811,0.5323411720212886,0.531551698337078,2.274404907491233e-16,3.7970986947304785e-16,NO_CROSSING,True,
406,stability,delta0_plus_1pct_target,1.1,2.552842620154975,0.0007894736842105263,1.0839905309000193,0.21,0.17882382997540508,0.2429262763917231,0.09,0.27,1.0000000000000628,1.0,0.07953696306406842,2.535730672105811,0.5312885404423412,0.5320780141265518,2.5076953703940375e-16,3.1859381149123625e-16,TRANSIENT_CROSSING,True,
407,root_search,brentq,1.25,1.333521432163324,0.0,1.082967152333229,0.26,,,0.05999999999999997,0.28,1.0000000000000693,1.0,0.07861864241238865,0.6285065006187907,0.7836195308129015,0.7836195308129015,2.1256343079704085e-16,3.2024923051033356e-16,NO_CROSSING,True,
408,root_search,brentq,1.25,1.865663578576915,0.0,1.1364810221871822,0.24,0.06745650101079646,0.6220920814551063,0.0,0.13,1.0000000000001097,1.0,0.12509862962367865,1.1736771575872824,0.6782697979942077,0.6782697979942077,2.5733315024292854e-16,3.233480704343568e-16,TRANSIENT_CROSSING,True,
409,root_search,brentq,1.25,1.337162737565142,0.0,1.0832761956198087,0.26,,,0.07999999999999999,0.28,1.0000000000000695,1.0,0.07889608507681298,0.6313061416547133,0.782946819720197,0.782946819720197,2.2086631923437637e-16,3.293463435431354e-16,NO_CROSSING,True,
410,root_search,brentq,1.25,1.3378352402164833,0.0,1.0833333412273425,0.26,0.25999805306304424,0.2600011488096093,0.07999999999999999,0.28,1.0000000000000697,1.0,0.07894737550598051,0.6318242530367606,0.7828225153220983,0.7828225153220983,2.1286363234768766e-16,3.0748542038640067e-16,TRANSIENT_CROSSING,True,
411,root_search,brentq,1.25,1.3378351473179673,0.0,1.0833333333066955,0.26,0.26,0.26,0.07999999999999999,0.28,1.0000000000000697,1.0,0.078947368397145,0.6318241814428969,0.782822532494686,0.782822532494686,2.4155850378373376e-16,3.290604617076434e-16,TRANSIENT_CROSSING,True,
412,root_search,brentq,1.25,1.337835147630393,0.0,1.0833333332971335,0.26,0.26,0.26,0.07999999999999999,0.28,1.0000000000000695,1.0,0.0789473683885631,0.631824181683673,0.7828225324369332,0.7828225324369332,2.2092098200898006e-16,3.214287388435524e-16,TRANSIENT_CROSSING,True,
413,root_search,brentq,1.25,1.337835193923438,0.0,1.0833333372928686,0.26,0.25999902344129733,0.26000057622853684,0.07999999999999999,0.28,1.0000000000000697,1.0,0.07894737197476294,0.6318242173602162,0.7828225238795158,0.7828225238795158,2.1286362912156533e-16,3.049619891869714e-16,TRANSIENT_CROSSING,True,
414,root_search,brentq,1.25,1.3378351480497888,0.0,1.0833333333603252,0.26,0.259999993342848,0.26000000392812356,0.07999999999999999,0.28,1.0000000000000697,1.0,0.07894736844527799,0.6318241820068876,0.7828225323594066,0.7828225323594066,2.2545116356561045e-16,3.3017693791570404e-16,TRANSIENT_CROSSING,True,
415,root_search,brentq,1.25,1.3378351478706463,0.0,1.083333333346823,0.26,0.2599999966729848,0.2600000019631408,0.07999999999999999,0.28,1.0000000000000697,1.0,0.07894736843315961,0.6318241818688285,0.7828225323925216,0.7828225323925216,2.209209820285142e-16,3.16876394159918e-16,TRANSIENT_CROSSING,True,
416,root_search,brentq,1.25,1.3378351477505195,0.0,1.0833333333686037,0.26,0.259999991301086,0.26000000513288674,0.07999999999999999,0.28,1.0000000000000697,1.0,0.0789473684527081,0.6318241817762505,0.7828225324147275,0.7828225324147275,2.4155850383307997e-16,3.3017693791623633e-16,TRANSIENT_CROSSING,True,
417,threshold,baseline,1.25,1.3378351477505195,0.0,1.0833333333686037,0.26,0.259999991301086,0.26000000513288674,0.07999999999999999,0.28,1.0000000000000697,1.0,0.0789473684527081,0.6318241817762505,0.7828225324147275,0.7828225324147275,2.4155850383307997e-16,3.3017693791623633e-16,TRANSIENT_CROSSING,True,
418,stability,r0_x_0p99,1.2375,1.3378351477505195,0.0,1.0784835709962814,0.26,,,0.0,0.21,1.0000000000000655,1.0,0.07458129983584061,0.6284346081580522,0.7836368283188306,0.7836368283188306,2.410567461431352e-16,3.219586894226285e-16,NO_CROSSING,True,
419,stability,r0_x_1p01,1.2625,1.3378351477505195,0.0,1.088284238404514,0.26,0.1769885891491149,0.36417004195094393,0.010000000000000009,0.34,1.000000000000074,1.0,0.08337698908338828,0.6353820090102101,0.7819705407226734,0.7819705407226734,2.30810102873085e-16,2.697328951318324e-16,TRANSIENT_CROSSING,True,
420,stability,epsilon_x_0p99,1.25,1.3244567962730143,0.0,1.0822005604070917,0.26,,,0.0,0.27,1.0000000000000686,1.0,0.07792996899136025,0.6215786557029969,0.785291669434768,0.785291669434768,2.290937500993824e-16,3.317716613271038e-16,NO_CROSSING,True,
421,stability,epsilon_x_1p01,1.25,1.3512134992280247,0.0,1.0844746649601462,0.26,0.21599684367763367,0.30617704144861624,0.04999999999999999,0.3,1.0000000000000706,1.0,0.07997098359626127,0.6421999984797752,0.7803455826931867,0.7803455826931867,2.177475426023536e-16,3.259311294519868e-16,TRANSIENT_CROSSING,True,
422,stability,delta0_minus_1pct_target,1.25,1.3378351477505195,-0.0007894736842105263,1.0828562717192596,0.26,,,0.05999999999999997,0.28,1.0000000000000695,1.0,0.07851907327245501,0.6318241817762505,0.783348892436497,0.7825594187522864,2.3571875003046644e-16,3.3096437874350946e-16,NO_CROSSING,True,
423,stability,delta0_plus_1pct_target,1.25,1.3378351477505195,0.0007894736842105263,1.0838106884134964,0.26,0.22922829530229666,0.2877858107626394,0.1,0.29,1.0000000000000697,1.0,0.0793756687841111,0.6318241817762505,0.7822962608575496,0.7830857345417601,2.303680302351287e-16,2.6228728640760037e-16,TRANSIENT_CROSSING,True,
424,root_search,brentq,1.5,0.4869675251658631,0.0,1.0568132335093816,0.28,,,0.0,0.0,1.0000000000000493,1.0000000000000013,0.0547399318234014,0.18272696659243498,0.9194896277337852,0.9195127392952865,1.7507876135413194e-16,2.726340001052359e-16,NO_CROSSING,True,
425,root_search,brentq,1.5,0.6812920690579622,0.0,1.084161427511929,0.28,0.238166159382624,0.31721248232455135,0.12000000000000002,0.31000000000000005,1.0000000000000733,1.0000000000000002,0.07969020017497108,0.27575124330119266,0.8853204748158223,0.8853540940154698,1.888491205342872e-16,3.868753680770197e-16,TRANSIENT_CROSSING,True,
426,root_search,brentq,1.5,0.6754079867839988,0.0,1.0832854896436956,0.28,,,0.08000000000000002,0.29000000000000004,1.0000000000000726,1.0,0.0789044270807139,0.2727201743849796,0.8863744442770273,0.8864077322985237,1.8453129798060557e-16,3.1882255164772183e-16,NO_CROSSING,True,
427,root_search,brentq,1.5,0.6757293751111019,0.0,1.0833332513695506,0.28,,,0.08000000000000002,0.29000000000000004,1.0000000000000726,1.0,0.07894729485798621,0.27288535933045543,0.8863169088689046,0.8863502149571114,1.8643009377174134e-16,2.948602158341702e-16,NO_CROSSING,True,
428,root_search,brentq,1.5,0.6757299265902508,0.0,1.0833333333333452,0.28,0.27999999998670383,0.28000000000128333,0.08000000000000002,0.29000000000000004,1.0000000000000726,1.0,0.07894736842106337,0.27288564281273836,0.8863168101390911,0.8863501162583014,1.864301332409853e-16,3.0264988761510685e-16,TRANSIENT_CROSSING,True,
429,root_search,brentq,1.5,0.6757299265064642,0.0,1.0833333333208925,0.28,0.28,0.28,0.08000000000000002,0.29000000000000004,1.0000000000000726,1.0,0.0789473684098868,0.2728856427696687,0.8863168101540913,0.8863501162732967,1.8842492644235706e-16,2.796932781618245e-16,TRANSIENT_CROSSING,True,
430,threshold,baseline,1.5,0.6757299265902508,0.0,1.0833333333333452,0.28,0.27999999998670383,0.28000000000128333,0.08000000000000002,0.29000000000000004,1.0000000000000726,1.0,0.07894736842106337,0.27288564281273836,0.8863168101390911,0.8863501162583014,1.864301332409853e-16,3.0264988761510685e-16,TRANSIENT_CROSSING,True,
431,stability,r0_x_0p99,1.4849999999999999,0.6757299265902508,0.0,1.0799926851698285,0.28,,,0.0,0.24999999999999997,1.0000000000000695,1.0,0.07594277421723988,0.2705546360409972,0.8871628091179053,0.8871628091179053,1.8424735856458977e-16,3.083838794552054e-16,NO_CROSSING,True,
432,stability,r0_x_1p01,1.5150000000000001,0.6757299265902508,0.0,1.0867471611041781,0.28,0.20412804858911543,0.36361735646113014,0.019999999999999962,0.32999999999999996,1.0000000000000753,1.0000000000000007,0.08200471054614619,0.27528944013867773,0.8853100505862362,0.8855143801045462,1.8878075993377132e-16,3.1025738306014475e-16,TRANSIENT_CROSSING,True,
433,stability,epsilon_x_0p99,1.5,0.6689726273243483,0.0,1.082331112102157,0.28,,,0.010000000000000009,0.28,1.0000000000000715,1.0,0.07804729819738408,0.26942157359163926,0.8875257266461226,0.8875586534450517,1.8071374056586501e-16,3.766043839610662e-16,NO_CROSSING,True,
434,stability,epsilon_x_1p01,1.5,0.6824872258561533,0.0,1.0843397341047416,0.28,0.23466766171715886,0.32169697924020463,0.12000000000000002,0.31000000000000005,1.0000000000000733,1.0000000000000002,0.07985004632140902,0.27636866966160484,0.885106242408343,0.885139928981297,1.869150096161486e-16,3.0596299074917474e-16,TRANSIENT_CROSSING,True,
435,stability,delta0_minus_1pct_target,1.5,0.6757299265902508,-0.0007894736842105263,1.0829105288589953,0.28,,,0.06,0.29000000000000004,1.0000000000000722,1.0,0.07856779711872856,0.27288564281273836,0.8868276920701503,0.8860869974294342,1.884249098390815e-16,2.8425765879304117e-16,NO_CROSSING,True,
436,stability,delta0_plus_1pct_target,1.5,0.6757299265902508,0.0007894736842105263,1.0837592184306999,0.27,0.24736784086202585,0.3041217237440257,0.1,0.29000000000000004,1.0000000000000726,1.0,0.0793295004593827,0.27288564281273836,0.8858060018033687,0.8866133132189079,1.884249098390815e-16,3.070853140513167e-16,TRANSIENT_CROSSING,True,
437,root_search,brentq,2.0,0.24879023672388398,0.0,1.073526181334296,0.28,,,0.0,0.09000000000000002,1.0000000000000653,1.0000000000000002,0.07009052236291519,0.11739907112563552,0.9321164311634401,0.9460102608918645,1.6465036342889358e-16,3.1566796578534493e-16,NO_CROSSING,True,
438,root_search,brentq,2.0,0.3480700588428413,0.0,1.1081582240801686,0.28,0.1255481504786455,0.5416738789112058,0.0,0.14999999999999997,1.000000000000096,0.9999999999999997,0.10088393896256644,0.17232008201192353,0.9036461283323522,0.9235850570196765,1.7353823297067855e-16,3.308497948871671e-16,TRANSIENT_CROSSING,True,
439,root_search,brentq,2.0,0.27690444047162666,0.0,1.0829821758147204,0.28,,,0.07,0.28,1.000000000000074,1.0,0.07863213220200511,0.13242237869355958,0.9241408924175687,0.93971417592547,1.6594275706965807e-16,3.7008100180523586e-16,NO_CROSSING,True,
440,root_search,brentq,2.0,0.27793392620547425,0.0,1.083333505429682,0.28,0.27998293905896976,0.2803000311529166,0.08000000000000002,0.30000000000000004,1.000000000000074,1.0,0.07894752287870051,0.13298017303880744,0.9238475538369972,0.9394828251053107,1.660174475562791e-16,3.686393660934866e-16,TRANSIENT_CROSSING,True,
441,root_search,brentq,2.0,0.2779334219191052,0.0,1.083333333244293,0.28,0.28,0.28,0.08000000000000002,0.30000000000000004,1.000000000000074,1.0,0.07894736834113839,0.13297989967263904,0.9238476975489545,0.9394829384448345,1.6771471614054178e-16,3.099223751166138e-16,TRANSIENT_CROSSING,True,
442,root_search,brentq,2.0,0.27793342217988126,0.0,1.0833333333333335,0.28,0.279999999999978,0.28000000000038716,0.08000000000000002,0.30000000000000004,1.000000000000074,1.0,0.07894736842105267,0.13297989981400185,0.9238476974746381,0.9394829383862244,1.6771471616146772e-16,3.044915754835429e-16,TRANSIENT_CROSSING,True,
443,root_search,brentq,2.0,0.2779334221159846,0.0,1.0833333333115163,0.28,0.28,0.28,0.08000000000000002,0.30000000000000004,1.000000000000074,1.0,0.0789473684014716,0.13297989977936442,0.9238476974928476,0.9394829384005854,1.6771471615634035e-16,3.4030573672152433e-16,TRANSIENT_CROSSING,True,
444,threshold,baseline,2.0,0.27793342217988126,0.0,1.0833333333333335,0.28,0.279999999999978,0.28000000000038716,0.08000000000000002,0.30000000000000004,1.000000000000074,1.0,0.07894736842105267,0.13297989981400185,0.9238476974746381,0.9394829383862244,1.6771471616146772e-16,3.044915754835429e-16,TRANSIENT_CROSSING,True,
445,stability,r0_x_0p99,1.98,0.27793342217988126,0.0,1.0806045515220817,0.28,,,0.0,0.25,1.0000000000000715,1.0,0.07649403968038196,0.1310215013054809,0.9256145120992222,0.9402959583946555,1.6656908522764455e-16,3.4198156279703966e-16,NO_CROSSING,True,
446,stability,r0_x_1p01,2.02,0.27793342217988126,0.0,1.0861254618574716,0.28,0.2177838490124578,0.3639572376984969,0.020000000000000018,0.32999999999999996,1.0000000000000766,1.0000000000000002,0.08144891176194753,0.134985049619541,0.9220261867093472,0.9386526909811951,1.6628585661240397e-16,3.2766354896903915e-16,TRANSIENT_CROSSING,True,
447,stability,epsilon_x_0p99,2.0,0.27515408795808244,0.0,1.0823856717767206,0.28,,,0.02999999999999997,0.28,1.0000000000000733,1.0000000000000002,0.07809632624284657,0.13147526513999847,0.924639425459658,0.940107392590669,1.6053734500114957e-16,2.9941423984819974e-16,NO_CROSSING,True,
448,stability,epsilon_x_1p01,2.0,0.2807127564016801,0.0,1.0842836473598636,0.28,0.2438846203063318,0.3295815414467156,0.12000000000000002,0.31000000000000005,1.0000000000000748,1.0000000000000002,0.07979977023084064,0.13448854153994302,0.9230553110087059,0.9388580688442756,1.6542248339226273e-16,3.384094172893448e-16,TRANSIENT_CROSSING,True,
449,stability,delta0_minus_1pct_target,2.0,0.27793342217988126,-0.0007894736842105263,1.082928635794876,0.29,,,0.06,0.29000000000000004,1.0000000000000737,1.0,0.0785840567157656,0.13297989981400185,0.924181582866572,0.9392198173479718,1.6771470300236892e-16,3.5869912399053094e-16,NO_CROSSING,True,
450,stability,delta0_plus_1pct_target,2.0,0.27793342217988126,0.0007894736842105263,1.0837436575592008,0.28,0.2563967257982306,0.31237863459857546,0.10000000000000003,0.30000000000000004,1.000000000000074,0.9999999999999997,0.07931554184241818,0.13297989981400185,0.9235070723139789,0.9397461331374455,1.6771470300236892e-16,3.7302702833565477e-16,TRANSIENT_CROSSING,True,
451,root_search,brentq,3.0,0.06493816315762113,0.0,1.0588693941469234,0.29,,,0.0,0.0,1.0000000000000522,1.0000000000000009,0.05664624089223888,0.05845614193114297,0.952263477027942,0.971993960243534,1.5668298391038232e-16,3.5417362477800106e-16,NO_CROSSING,True,
452,root_search,brentq,3.0,0.0908517575651688,0.0,1.0850737516772457,0.29,0.23397755721527194,0.3499915525489145,0.02999999999999997,0.31999999999999995,1.000000000000076,0.999999999999992,0.08050769081302218,0.0837363978103572,0.9326005955903134,0.9605902410783521,1.5892057588682404e-16,3.671947131190787e-16,TRANSIENT_CROSSING,True,
453,root_search,brentq,3.0,0.08913065087474849,0.0,1.0832796675306575,0.29,,,0.08000000000000002,0.29000000000000004,1.0000000000000742,0.9999999999999993,0.07889920135892069,0.08201997604676207,0.9339180191212653,0.9613518372970029,1.6017113206819674e-16,3.170142631314204e-16,NO_CROSSING,True,
454,root_search,brentq,3.0,0.08918213372866458,0.0,1.0833332189603353,0.29,,,0.08000000000000002,0.29000000000000004,1.0000000000000742,0.999999999999999,0.07894726577048729,0.08207123987418573,0.9338786355504168,0.9613290646936027,1.6017872063906823e-16,3.461397174213372e-16,NO_CROSSING,True,
455,root_search,brentq,3.0,0.089182243676456,0.0,1.0833333333333488,0.29,0.2899999999948611,0.29000000000220216,0.08000000000000002,0.29000000000000004,1.0000000000000742,0.999999999999999,0.0789473684210665,0.08207134935941789,0.9338785514405057,0.9613290160594075,1.601787368461383e-16,3.7431080027682023e-16,TRANSIENT_CROSSING,True,
456,root_search,brentq,3.0,0.08918224362199688,0.0,1.083333333276698,0.29,0.29,0.29,0.08000000000000002,0.29000000000000004,1.0000000000000742,0.999999999999999,0.07894736837022202,0.08207134930518786,0.933878551482167,0.9613290160834969,1.5966493148100955e-16,3.2378770514834544e-16,TRANSIENT_CROSSING,True,
457,threshold,baseline,3.0,0.089182243676456,0.0,1.0833333333333488,0.29,0.2899999999948611,0.29000000000220216,0.08000000000000002,0.29000000000000004,1.0000000000000742,0.999999999999999,0.0789473684210665,0.08207134935941789,0.9338785514405057,0.9613290160594075,1.601787368461383e-16,3.7431080027682023e-16,TRANSIENT_CROSSING,True,
458,stability,r0_x_0p99,2.9699999999999998,0.089182243676456,0.0,1.0808246316812873,0.29,,,0.0,0.26,1.000000000000072,1.0000000000000007,0.07669221815767716,0.08024294471539777,0.9356227428391376,0.9621422383584272,1.5940653268593126e-16,3.5865569052450453e-16,NO_CROSSING,True,
459,stability,r0_x_1p01,3.0300000000000002,0.089182243676456,0.0,1.0858974396605547,0.29,0.2235300776017705,0.36405044863659086,0.02999999999999997,0.31999999999999995,1.0000000000000768,0.9999999999999977,0.08124495082002921,0.08393859402883844,0.932103265679972,0.9605006433954645,1.5992878124546675e-16,3.199060777512097e-16,TRANSIENT_CROSSING,True,
460,stability,epsilon_x_0p99,3.0,0.08829042123969144,0.0,1.0824066710803075,0.29,,,0.019999999999999962,0.28,1.0000000000000733,0.9999999999999997,0.07811519559385639,0.08118400705576899,0.9345605722324348,0.9617234229998617,1.5859162419242177e-16,3.372725473894274e-16,NO_CROSSING,True,
461,stability,epsilon_x_1p01,3.0,0.09007406611322055,0.0,1.084262107568369,0.29,0.24770138900347974,0.33242389945236045,0.12000000000000002,0.31000000000000005,1.0000000000000753,0.999999999999996,0.07978046104160748,0.08296014936702817,0.9331960860170679,0.9609344472381692,1.5929433207332632e-16,3.504362930773568e-16,TRANSIENT_CROSSING,True,
462,stability,delta0_minus_1pct_target,3.0,0.089182243676456,-0.0007894736842105263,1.0829391230109782,0.29,,,0.06,0.29000000000000004,1.000000000000074,1.0000000000000004,0.07859347381586212,0.08207134935941789,0.934169127014543,0.961065894183596,1.5870597944452902e-16,3.171829905913925e-16,NO_CROSSING,True,
463,stability,delta0_plus_1pct_target,3.0,0.089182243676456,0.0007894736842105263,1.0837277428956644,0.29,0.25985131462285826,0.315274388970104,0.10000000000000003,0.30000000000000004,1.0000000000000742,1.0000000000000007,0.07930126557855624,0.08207134935941789,0.9335879956925709,0.9615922099730697,1.5966492236493806e-16,3.310732782113347e-16,TRANSIENT_CROSSING,True,
