{"bin_centers": [34.97024607660204, 44.285626292685066, 56.08243910664311, 71.0216889643458, 89.94045879061615, 113.89881380499834, 144.23919958410528, 182.66166259011857, 231.3191079567187, 292.9379320605543, 370.9707892180272, 469.79005240126486, 594.9328080531741, 753.411112663828, 954.1048955474874, 1208.2595231295263, 1530.1159044944116, 1937.7084445588648, 2453.8755561497082, 3107.539352464287, 3935.3262242305063, 4983.619106491849, 6311.156428574615, 7992.32337279824, 10121.319859251807, 12817.43879907838, 16231.750369784706, 20555.566848967548, 26031.16231191633, 32965.347844122705, 41746.66292125341, 52867.14623190211, 66949.90581588278, 84784.03334074395, 107368.81884931735, 135969.74343938875, 172189.38728309143, 218057.22613680726, 276143.34786095074], "itsm_curve": [262.5679747742959, 300.40944891531524, 344.3076902556156, 395.37181988632665, 454.9432023383378, 524.6493888661514, 606.4714372741473, 702.8280470878972, 816.68084930486, 951.6663282927631, 1112.2612927676676, 1303.9906330897138, 1533.6884045281063, 1809.8261887426747, 2142.9263706549077, 2546.082630427836, 3035.6158503627207, 3631.9011032479984, 4360.410838753583, 5253.031345462233, 6349.724706136127, 7700.627628757513, 9368.70279690969, 11433.089096537446, 13993.335959568607, 17174.756293167928, 21135.194790572474, 26073.587332985222, 32240.787108101315, 39953.25958186969, 49610.40864781364, 61716.49911052504, 76908.39749318767, 95990.67837424872, 119980.05526709641, 150161.61652090613, 188160.00704547693, 236029.53283160663, 296368.2240860224], "env_1sig_low": [204.11278942166453, 248.64942731109133, 275.0075557118675, 311.12828017505547, 360.769635030255, 414.7053878698453, 479.581714832254, 551.3530836114976, 639.6727614167966, 743.5570539500159, 865.9020755780791, 1043.1393454859292, 1204.78436879961, 1448.329310488168, 1719.2408795595557, 2007.1116960716117, 2412.698344016517, 2891.115526144378, 3520.061461015094, 4049.4991778475055, 5077.80761472493, 6037.336451475182, 7400.894181006545, 8968.990453258271, 11181.326752830832, 13378.344368533159, 16471.550701225875, 20595.07218823184, 24803.323323079057, 30430.494905640302, 38805.71088438441, 47496.985461623706, 58822.26981756657, 70329.05822178538, 84963.46910913852, 103906.60475456389, 137121.1470608006, 162704.38542335556, 151350.98257950714], "env_1sig_high": [365.4500448098676, 426.7762418669647, 475.9184805270244, 551.3680538701707, 611.6264715724209, 695.6919837272416, 795.2631920953586, 902.5701807393434, 1062.7149067503422, 1186.246127548474, 1389.7684049716252, 1636.7585810001865, 1908.5824630293512, 2276.332506187711, 2739.881807688794, 3233.112279338845, 3809.43446266363, 4594.896268854692, 5482.988395742642, 6515.2922760433685, 8124.972529862878, 9479.554864011187, 11623.045195789962, 14468.790965471664, 17346.733764762957, 21529.916697466866, 27029.533918081033, 32403.571194312477, 39795.95253550428, 49645.01099680636, 62475.05056720114, 76789.29452432922, 97900.70278546888, 125126.52519433889, 149336.61906624355, 179704.52844615237, 251533.930916965, 303509.31231177796, 286936.28640613635], "env_2sig_low": [99.75421910641698, 122.44075988913056, 179.61572799995318, 192.15594710174167, 247.77691212566057, 273.6798533451965, 344.1991466826554, 395.94306096805775, 466.9664868760964, 553.316997376619, 657.9239291502232, 821.1800828843021, 962.9840729165843, 1161.8168831743083, 1364.9959361223598, 1536.3623039800887, 1899.0719035098625, 2309.719269583083, 2829.2967062879243, 3170.150089433481, 4082.0082712442663, 4873.1711225671215, 5882.241548891958, 7289.6586896925955, 9134.963334073427, 10893.031550148646, 13330.195054019574, 16280.391401303927, 20209.206306759323, 24362.38387235415, 30257.347525836103, 37314.58931537848, 45742.78028320804, 51616.34679167535, 56545.585732288215, 77065.65272077518, 102309.03879990727, 120493.57101123937, 103436.18734480141], "env_2sig_high": [587.3200382765792, 637.7063881471155, 691.6565820838598, 756.9988227607645, 847.1648807272466, 950.2019708741279, 1067.988250639544, 1207.1227812946438, 1410.4802859135073, 1542.9662053659947, 1817.227189988179, 2070.7535703327753, 2448.4954057918976, 2922.6119447444416, 3607.5059085615403, 4177.433679968124, 4894.022456370214, 5906.275128849934, 7066.670622854885, 8508.522458655401, 10367.407886317618, 12296.724901771799, 14906.732712164494, 18440.97604015678, 22214.54673793749, 27472.67748229093, 34987.01024919099, 41441.051772293824, 50943.88930945547, 65675.33719509422, 81272.81209770973, 100849.15187644001, 131919.4188382246, 175239.34021475818, 202366.0134472504, 228273.0634913635, 355427.0146353979, 417188.775132674, 369806.1814796861]}