path,line,form_hint,text
active_research.md,5,undetermined,Acceleration coefficient: C_CHI_NOT_DERIVED | retain `a0_internal=C_chi c H0` as phenomenological
active_research.md,254,divisor_candidate,**Minimal repair candidate:** a non-relativistic auxiliary potential psi with gradient term \|grad psi\|\^3/(12 pi G C\^2 a0) and universal matter coupling yields div(\|grad psi\| grad psi)=4 pi G C\^2 a0 rho_b. For an isolated spherical source this gives g_psi=C sqrt(g_N a0) exactly.
active_research.md,269,divisor_candidate,"**Interpretation gate:** H0 enters the galaxy model only through the assumed relation a0=cH0/(2pi), so the fit is an acceleration-normalization diagnostic conditioned on that hypothesis. The likelihood contains no sky coordinates or torus orientation and therefore cannot turn population scatter into a toroidal-anisotro"
active_research_updated.md,248,divisor_candidate,**Minimal repair candidate:** a non-relativistic auxiliary potential psi with gradient term \|grad psi\|\^3/(12 pi G C\^2 a0) and universal matter coupling yields div(\|grad psi\| grad psi)=4 pi G C\^2 a0 rho_b. For an isolated spherical source this gives g_psi=C sqrt(g_N a0) exactly.
active_research_updated.md,263,divisor_candidate,"**Interpretation gate:** H0 enters the galaxy model only through the assumed relation a0=cH0/(2pi), so the fit is an acceleration-normalization diagnostic conditioned on that hypothesis. The likelihood contains no sky coordinates or torus orientation and therefore cannot turn population scatter into a toroidal-anisotro"
Analysis/Hierarchical_H0/Archive/results_full_rawsample_5hr/hierarchical_summary.txt,36,divisor_candidate,"The resulting population mean is geometrically anchored to a0 = c*H0/2pi,"
Analysis/VOR/VOR-001/README.md,36,undetermined,"- Not a derivation of \(a_0\), \(\Cobs\), \(H_0\), or PTA frequencies"
CHANGELOG.md,264,divisor_candidate,"- **The $a_0$ Derivation (§III.A):** Replaced the dimensionally flawed $\kappa/l$ division. Derived $a_0$ properly using angular velocity ($\omega = c/l = H_0 \implies a_{\text{yield}} = c\omega = cH_0$), distributed across the $2\pi$ topology yielding $a_0 = cH_0/2\pi$. Explicitly caveated the ""dynamic scale matching"""
CHANGELOG.md,512,divisor_candidate,4. Dynamic scale matching: $L_T = c/H_0$ produces $a_0 = cH_0/2\pi$ as a unique topological invariant
GEMINI.md,9,divisor_candidate,"Do NOT reverse-engineer mathematical boundaries to hit empirical targets. For example, do not assert $L = 2\pi c/H_0$ strictly to land on $a_0 = c H_0 / 2\pi$ without independent, rigorous physical justification. A numerical coincidence is not a derivation."
Manuscript/CoreRecovery/releases/v12.0-alpha.1/sections/05_weak_field.tex,20,undetermined,"K(q)=\frac{C_{\rm IR}}{12\pi Ga_0}q^3,"
Manuscript/CoreRecovery/releases/v12.0-alpha.1/sections/05_weak_field.tex,29,undetermined,&-\frac{C_{\rm IR}}{12\pi Ga_0}|\nabla\psi|^3
Manuscript/CoreRecovery/releases/v12.0-alpha.10/sections/05_weak_field-ITSM-Cosmologist.tex,20,undetermined,"K(q)=\frac{C_{\rm IR}}{12\pi Ga_0}q^3,"
Manuscript/CoreRecovery/releases/v12.0-alpha.10/sections/05_weak_field-ITSM-Cosmologist.tex,29,undetermined,&-\frac{C_{\rm IR}}{12\pi Ga_0}|\nabla\psi|^3
Manuscript/CoreRecovery/releases/v12.0-alpha.10/sections/05_weak_field.tex,20,undetermined,"K(q)=\frac{C_{\rm IR}}{12\pi Ga_0}q^3,"
Manuscript/CoreRecovery/releases/v12.0-alpha.10/sections/05_weak_field.tex,29,undetermined,&-\frac{C_{\rm IR}}{12\pi Ga_0}|\nabla\psi|^3
Manuscript/CoreRecovery/releases/v12.0-alpha.11/sections/05_weak_field.tex,20,undetermined,"K(q)=\frac{C_{\rm IR}}{12\pi Ga_0}q^3,"
Manuscript/CoreRecovery/releases/v12.0-alpha.11/sections/05_weak_field.tex,29,undetermined,&-\frac{C_{\rm IR}}{12\pi Ga_0}|\nabla\psi|^3
Manuscript/CoreRecovery/releases/v12.0-alpha.12/sections/05_weak_field-ITSM-Cosmologist.tex,20,undetermined,"K(q)=\frac{C_{\rm IR}}{12\pi Ga_0}q^3,"
Manuscript/CoreRecovery/releases/v12.0-alpha.12/sections/05_weak_field-ITSM-Cosmologist.tex,29,undetermined,&-\frac{C_{\rm IR}}{12\pi Ga_0}|\nabla\psi|^3
Manuscript/CoreRecovery/releases/v12.0-alpha.12/sections/05_weak_field.tex,20,undetermined,"K(q)=\frac{C_{\rm IR}}{12\pi Ga_0}q^3,"
Manuscript/CoreRecovery/releases/v12.0-alpha.12/sections/05_weak_field.tex,29,undetermined,&-\frac{C_{\rm IR}}{12\pi Ga_0}|\nabla\psi|^3
Manuscript/CoreRecovery/releases/v12.0-alpha.13/sections/05_weak_field-ITSM-Cosmologist.tex,20,undetermined,"K(q)=\frac{C_{\rm IR}}{12\pi Ga_0}q^3,"
Manuscript/CoreRecovery/releases/v12.0-alpha.13/sections/05_weak_field-ITSM-Cosmologist.tex,29,undetermined,&-\frac{C_{\rm IR}}{12\pi Ga_0}|\nabla\psi|^3
Manuscript/CoreRecovery/releases/v12.0-alpha.2/sections/05_weak_field-ITSM-Cosmologist.tex,20,undetermined,"K(q)=\frac{C_{\rm IR}}{12\pi Ga_0}q^3,"
Manuscript/CoreRecovery/releases/v12.0-alpha.2/sections/05_weak_field-ITSM-Cosmologist.tex,29,undetermined,&-\frac{C_{\rm IR}}{12\pi Ga_0}|\nabla\psi|^3
Manuscript/CoreRecovery/releases/v12.0-alpha.2/sections/05_weak_field.tex,20,undetermined,"K(q)=\frac{C_{\rm IR}}{12\pi Ga_0}q^3,"
Manuscript/CoreRecovery/releases/v12.0-alpha.2/sections/05_weak_field.tex,29,undetermined,&-\frac{C_{\rm IR}}{12\pi Ga_0}|\nabla\psi|^3
Manuscript/CoreRecovery/releases/v12.0-alpha.3/sections/05_weak_field-ITSM-Cosmologist.tex,20,undetermined,"K(q)=\frac{C_{\rm IR}}{12\pi Ga_0}q^3,"
Manuscript/CoreRecovery/releases/v12.0-alpha.3/sections/05_weak_field-ITSM-Cosmologist.tex,29,undetermined,&-\frac{C_{\rm IR}}{12\pi Ga_0}|\nabla\psi|^3
Manuscript/CoreRecovery/releases/v12.0-alpha.3/sections/05_weak_field.tex,20,undetermined,"K(q)=\frac{C_{\rm IR}}{12\pi Ga_0}q^3,"
Manuscript/CoreRecovery/releases/v12.0-alpha.3/sections/05_weak_field.tex,29,undetermined,&-\frac{C_{\rm IR}}{12\pi Ga_0}|\nabla\psi|^3
Manuscript/CoreRecovery/releases/v12.0-alpha.4/sections/05_weak_field-ITSM-Cosmologist.tex,20,undetermined,"K(q)=\frac{C_{\rm IR}}{12\pi Ga_0}q^3,"
Manuscript/CoreRecovery/releases/v12.0-alpha.4/sections/05_weak_field-ITSM-Cosmologist.tex,29,undetermined,&-\frac{C_{\rm IR}}{12\pi Ga_0}|\nabla\psi|^3
Manuscript/CoreRecovery/releases/v12.0-alpha.4/sections/05_weak_field.tex,20,undetermined,"K(q)=\frac{C_{\rm IR}}{12\pi Ga_0}q^3,"
Manuscript/CoreRecovery/releases/v12.0-alpha.4/sections/05_weak_field.tex,29,undetermined,&-\frac{C_{\rm IR}}{12\pi Ga_0}|\nabla\psi|^3
Manuscript/CoreRecovery/releases/v12.0-alpha.5/sections/05_weak_field-ITSM-Cosmologist.tex,20,undetermined,"K(q)=\frac{C_{\rm IR}}{12\pi Ga_0}q^3,"
Manuscript/CoreRecovery/releases/v12.0-alpha.5/sections/05_weak_field-ITSM-Cosmologist.tex,29,undetermined,&-\frac{C_{\rm IR}}{12\pi Ga_0}|\nabla\psi|^3
Manuscript/CoreRecovery/releases/v12.0-alpha.5/sections/05_weak_field.tex,20,undetermined,"K(q)=\frac{C_{\rm IR}}{12\pi Ga_0}q^3,"
Manuscript/CoreRecovery/releases/v12.0-alpha.5/sections/05_weak_field.tex,29,undetermined,&-\frac{C_{\rm IR}}{12\pi Ga_0}|\nabla\psi|^3
Manuscript/CoreRecovery/releases/v12.0-alpha.6/sections/05_weak_field-ITSM-Cosmologist.tex,20,undetermined,"K(q)=\frac{C_{\rm IR}}{12\pi Ga_0}q^3,"
Manuscript/CoreRecovery/releases/v12.0-alpha.6/sections/05_weak_field-ITSM-Cosmologist.tex,29,undetermined,&-\frac{C_{\rm IR}}{12\pi Ga_0}|\nabla\psi|^3
Manuscript/CoreRecovery/releases/v12.0-alpha.6/sections/05_weak_field.tex,20,undetermined,"K(q)=\frac{C_{\rm IR}}{12\pi Ga_0}q^3,"
Manuscript/CoreRecovery/releases/v12.0-alpha.6/sections/05_weak_field.tex,29,undetermined,&-\frac{C_{\rm IR}}{12\pi Ga_0}|\nabla\psi|^3
Manuscript/CoreRecovery/releases/v12.0-alpha.7/sections/05_weak_field-ITSM-Cosmologist.tex,20,undetermined,"K(q)=\frac{C_{\rm IR}}{12\pi Ga_0}q^3,"
Manuscript/CoreRecovery/releases/v12.0-alpha.7/sections/05_weak_field-ITSM-Cosmologist.tex,29,undetermined,&-\frac{C_{\rm IR}}{12\pi Ga_0}|\nabla\psi|^3
Manuscript/CoreRecovery/releases/v12.0-alpha.7/sections/05_weak_field.tex,20,undetermined,"K(q)=\frac{C_{\rm IR}}{12\pi Ga_0}q^3,"
Manuscript/CoreRecovery/releases/v12.0-alpha.7/sections/05_weak_field.tex,29,undetermined,&-\frac{C_{\rm IR}}{12\pi Ga_0}|\nabla\psi|^3
Manuscript/CoreRecovery/releases/v12.0-alpha.8/sections/05_weak_field-ITSM-Cosmologist.tex,20,undetermined,"K(q)=\frac{C_{\rm IR}}{12\pi Ga_0}q^3,"
Manuscript/CoreRecovery/releases/v12.0-alpha.8/sections/05_weak_field-ITSM-Cosmologist.tex,29,undetermined,&-\frac{C_{\rm IR}}{12\pi Ga_0}|\nabla\psi|^3
Manuscript/CoreRecovery/releases/v12.0-alpha.8/sections/05_weak_field.tex,20,undetermined,"K(q)=\frac{C_{\rm IR}}{12\pi Ga_0}q^3,"
Manuscript/CoreRecovery/releases/v12.0-alpha.8/sections/05_weak_field.tex,29,undetermined,&-\frac{C_{\rm IR}}{12\pi Ga_0}|\nabla\psi|^3
Manuscript/CoreRecovery/releases/v12.0-alpha.9/sections/05_weak_field-ITSM-Cosmologist.tex,20,undetermined,"K(q)=\frac{C_{\rm IR}}{12\pi Ga_0}q^3,"
Manuscript/CoreRecovery/releases/v12.0-alpha.9/sections/05_weak_field-ITSM-Cosmologist.tex,29,undetermined,&-\frac{C_{\rm IR}}{12\pi Ga_0}|\nabla\psi|^3
Manuscript/CoreRecovery/releases/v12.0-alpha.9/sections/05_weak_field.tex,20,undetermined,"K(q)=\frac{C_{\rm IR}}{12\pi Ga_0}q^3,"
Manuscript/CoreRecovery/releases/v12.0-alpha.9/sections/05_weak_field.tex,29,undetermined,&-\frac{C_{\rm IR}}{12\pi Ga_0}|\nabla\psi|^3
Manuscript/CoreRecovery/sections/05_weak_field-ITSM-Cosmologist.tex,20,undetermined,"K(q)=\frac{C_{\rm IR}}{12\pi Ga_0}q^3,"
Manuscript/CoreRecovery/sections/05_weak_field-ITSM-Cosmologist.tex,29,undetermined,&-\frac{C_{\rm IR}}{12\pi Ga_0}|\nabla\psi|^3
Manuscript/CoreRecovery/sections/05_weak_field.tex,20,undetermined,"K(q)=\frac{C_{\rm IR}}{12\pi Ga_0}q^3,"
Manuscript/CoreRecovery/sections/05_weak_field.tex,29,undetermined,&-\frac{C_{\rm IR}}{12\pi Ga_0}|\nabla\psi|^3
Manuscript/ITSM_Core_Cosmology_v11.4.1.md,78,divisor_candidate,|**2. First-Principles**|The Yield Threshold (_a_0)|**Derived:** _a_0 =_cH_0_/_2_π_ follows directly from<br>the _T_ <sup>3 </sup>global circulation invariant _κ_cosmo.|
Manuscript/ITSM_Core_Cosmology_v11.4.1.md,542,divisor_candidate,FIG. 8. **ITSM Baryonic Tully-Fisher Relation: First-Principles Lower Bound and Residual Distribution.** _Left (A):_ Asymptotic flat velocity _Vf_ versus baryonic mass _Mb_ for 175 SPARC galaxies. The ITSM geometric lower bound (crimson dashed) _Vf_<sup>4=</sup> 9<sup><u>4</u></sup><sup>_G Mb a_0isdrawnwith</sup><sup>_
Manuscript/ITSM_Core_Cosmology_v11.4.1.md,1113,divisor_candidate,"|_“This_<br>_is_<br>_just_<br>_MOND_<br>_with_<br>_a_0 = _cH_0_/_2_π.”_|MOND’s _a_0 is an empirical fit pa-<br>rameter [7]; ITSM’s _a_0 is a geo-<br>metric invariant derived from _T_ <sup>3</sup><br>circulation quantization (§III.A).<br>Critically, MOND lacks cosmologi-<br>cal predictions—it cannot address<br>the Hubbl"
Manuscript/ITSM_Core_Cosmology_v11.4.1.md,1116,divisor_candidate,"|_“The T_ <sup>3</sup> _topology_<br>_is arbitrary.”_|Planck 2018 requires a flat uni-<br>verse (Ω_k_ = 0_._0007_±_0_._0019). _T_ <sup>3</sup><br>is the simplest compact flat man-<br>ifold with periodic boundary con-<br>ditions. Alternatives (e.g., _S_<sup>3</sup>, hy-<br>perbolic spaces) are ruled out by<br>curvature "
Manuscript/ITSM_Core_Cosmology_v12.0-alpha.13.tex,48,undetermined,"The standard $\Lambda$CDM cosmological model faces escalating empirical challenges. It cannot currently reconcile galactic rotation curves without undetected particulate dark matter, the $5\sigma$ Hubble Tension, or the JWST discovery of mature galaxies at $z > 14$ within a single, parameter-free framework. Here, we re"
Manuscript/ITSM_Core_Cosmology_v12.0-alpha.13.tex,62,undetermined,"The \textbf{Integrated Toroidal-Syntropic Model (ITSM)} resolves all three by redefining the vacuum as a superfluid condensate on a compact, flat $T^3$ manifold. Unlike $\Lambda$CDM (which adds undetected particles) or Modified Newtonian Dynamics \cite{mond} (which modifies gravity empirically with $a_0$ as a fitted co"
Manuscript/ITSM_Core_Cosmology_v12.0-alpha.13.tex,95,divisor_candidate,\textbf{2. First-Principles} & The Yield Threshold ($a_0$) & \textbf{Derived:} $a_0 = c H_0 / 2\pi$ follows directly from the $T^3$ global circulation invariant $\kappa_{\text{cosmo}}$. \\
Manuscript/ITSM_Core_Cosmology_v12.0-alpha.13.tex,177,undetermined,"\item \textbf{Simplest compact flat manifold:} Among all flat compact 3-manifolds (the 18 Euclidean space forms), $T^3$ is the simplest, with three orthogonal periodic identifications. Alternative topologies such as the chimney space or hexagonal space do not possess the three-axis symmetry required to recover $a_0 = c"
Manuscript/ITSM_Core_Cosmology_v12.0-alpha.13.tex,179,divisor_candidate,\item \textbf{Dynamic scale matching:} The ITSM sets the $T^3$ fundamental domain to the Hubble radius $L_T = c/H_0$. This is the unique condition under which macroscopic circulation quantization recovers $a_0 = cH_0/2\pi$ as a geometric invariant (\S\ref{sec:math}). Because image copies appear beyond the Hubble horizo
Manuscript/ITSM_Core_Cosmology_v12.0-alpha.13.tex,204,divisor_candidate,"In any superfluid, circulation is topologically quantized according to the Bohr-Sommerfeld condition. For the macroscopic vacuum condensate, the fundamental cosmological circulation quantum ($\kappa$) is dynamically scaled by the causal horizon to $\kappa = c^2/H_0$. Rather than relying on a loose dimensional matching "
Manuscript/ITSM_Core_Cosmology_v12.0-alpha.13.tex,206,divisor_candidate,a_0 = \frac{c H_0}{2\pi} \approx 1.08 \times 10^{-10} \text{ m/s}^2
Manuscript/ITSM_Core_Cosmology_v12.0-alpha.13.tex,612,divisor_candidate,"\textbf{Versus Superfluid Dark Matter (Berezhiani-Khoury):} The SFDM model \cite{sf_dm} is the closest structural analogue, as both utilize fractional/Born-Infeld phonon Lagrangians to recover MOND-like kinematics. However, three foundational distinctions separate them. First, SFDM assumes a standard cold dark matter p"
Manuscript/ITSM_Core_Cosmology_v12.0-alpha.13.tex,628,undetermined,"\caption{\footnotesize \textbf{ITSM Baryonic Tully-Fisher Relation: First-Principles Lower Bound and Residual Distribution.} \emph{Left (A):} Asymptotic flat velocity $V_f$ versus baryonic mass $M_b$ for 175 SPARC galaxies. The ITSM geometric lower bound (crimson dashed) $V_f^4 = \frac{4}{9}\,G\,M_b\,a_0$ is drawn with"
Manuscript/ITSM_Core_Cosmology_v12.0-alpha.13.tex,643,undetermined,"While MOND phenomenologically modifies the laws of gravity to fit the Baryonic Tully-Fisher Relation \cite{mond}, it assumes $a_0$ is a universal static constant. Furthermore, the ITSM's Lagrangian formulation shares structural similarities with the Superfluid Dark Matter (SFDM) framework of Berezhiani \& Khoury \cite{"
Manuscript/ITSM_Core_Cosmology_v12.0-alpha.13.tex,660,divisor_candidate,a_0 = \frac{c H_0}{2\pi}
Manuscript/ITSM_Core_Cosmology_v12.0-alpha.13.tex,700,divisor_candidate,"This behaviour is a direct, physically interpretable consequence of the ITSM's geometric tethering $a_0 = cH_0/2\pi$. Because $H_0$ and the baryonic mass normalisations $\Upsilon_{\mathrm{disk}},\,\Upsilon_{\mathrm{bulge}}$ enter the plenum-shear ansatz through a shared acceleration scale, a single rotation curve canno"
Manuscript/ITSM_Core_Cosmology_v12.0-alpha.13.tex,761,undetermined,"\emph{Left:} Observed circular velocity of the edge-on spiral NGC~4217 (black error bars, SPARC data) compared to the ITSM bottom-light IMF fit ($\Upsilon=0.01$, $A_V=3.5$; solid blue) and a standard Chabrier IMF control ($\Upsilon=0.50$, no dust correction; dashed red). The Plenum Shear Ansatz ($g_{\text{tot}} = g_{\t"
Manuscript/ITSM_Core_Cosmology_v12.0-alpha.13.tex,771,undetermined,"the only execution path available to the optimizer to prevent overshooting the velocity profile is to drive the modification term to zero. The walkers subsequently force $a_0 \to 0$ by running flat against the $H_0 = 50.0 \ \text{km s}^{-1} \text{Mpc}^{-1}$ prior floor, ballooning the residual matrices. These outliers "
Manuscript/ITSM_Core_Cosmology_v12.0-alpha.13.tex,938,divisor_candidate,"\paragraph{Parameter counts.} All three models require the same four per-galaxy nuisance parameters (mass-to-light ratios $\Upsilon_{\text{disk}}$, $\Upsilon_{\text{bulge}}$, and distance/inclination calibration) to convert photometric observables into baryonic mass --- these are observational calibration requirements "
Manuscript/ITSM_Core_Cosmology_v12.0-alpha.13.tex,1005,divisor_candidate,"The $\chi^2_\nu = 7.38$ result demonstrates that when the ITSM geometric constraint ($a_0 = cH_0/2\pi$) is subjected to standard Bayesian marginalization over galactic distance and inclination priors, it achieves highly competitive fits to rotation curve data without the need for particulate dark matter halos. While st"
Manuscript/ITSM_Core_Cosmology_v12.0-alpha.13.tex,1107,divisor_candidate,"\caption{\footnotesize \textbf{Full ITSM CLASS Cosmological Spectra Diagnostic.} \emph{Top:} Temperature angular power spectrum $D_\ell = \ell(\ell+1)C_\ell/2\pi$ computed via the modified \texttt{CLASS} engine for the ITSM Syntropic configuration ($H_0 = 73.97, w = -1.27$) compared to the standard Planck 2018 $\Lambda"
Manuscript/ITSM_Core_Cosmology_v12.0-alpha.13.tex,1113,divisor_candidate,"The Integrated Toroidal-Syntropic Model (ITSM) presents a covariant, parameter-free geometric framework for resolving the principal kinematic and thermodynamic anomalies of modern cosmology. The foundational yield threshold $a_0 = cH_0/2\pi \approx 1.08 \times 10^{-10}$~m~s$^{-2}$ is derived via macroscopic circulation"
Manuscript/ITSM_Core_Cosmology_v12.0-alpha.13.tex,1118,undetermined,"To ensure rigorous theoretical boundaries, we explicitly acknowledge two primary limitations of the current framework. The Dynamic Scale Matching Postulate is the minimal closure condition linking the compact $T^3$ circulation scale to the cosmological horizon; it is not claimed to follow from topology alone, but is th"
Manuscript/ITSM_Core_Cosmology_v12.0-alpha.13.tex,1181,divisor_candidate,"\textit{``This is just MOND with $a_0 = c H_0 / 2\pi$.''} & MOND's $a_0$ is an empirical fit parameter \cite{mond}; ITSM's $a_0$ is a geometric invariant derived from $T^3$ circulation quantization (\S III.A). Critically, MOND lacks cosmological predictions---it cannot address the Hubble Tension or NANOGrav GWB, both o"
Manuscript/ITSM_Core_Cosmology_v12.0-alpha.13.tex,1183,divisor_candidate,"\textit{``The $T^3$ topology is arbitrary.''} & Planck 2018 requires a flat universe ($\Omega_k = 0.0007 \pm 0.0019$). $T^3$ is the simplest compact flat manifold with periodic boundary conditions. Alternatives (e.g., $S^3$, hyperbolic spaces) are ruled out by curvature constraints or fail to recover $a_0 = c H_0 / 2\p"
Manuscript/Submission_Materials/CoverLetter_JCAP.tex,54,divisor_candidate,"\item The gravitational yield threshold $a_0 = cH_0/2\pi \approx 1.08\times10^{-10}$\,m\,s$^{-2}$ as a geometric invariant of the $T^3$ manifold."
Manuscript/Supplementary/Supplementary.tex,23,undetermined,"This supplementary document catalogues the comprehensive parameter estimation results for the entire 175-galaxy sample from the SPARC database \cite{sparc}. Performed via parallelized Markov Chain Monte Carlo (MCMC) walkers (32 walkers $\times$ 3,000 steps per galaxy) within the Integrated Toroidal-Syntropic Model (ITS"
Manuscript/Supplementary/Supplementary.tex,28,undetermined,"The parameter extraction was executed using a hierarchical Markov Chain Monte Carlo (MCMC) ensemble sampler. The Integrated Toroidal-Syntropic Model (ITSM) imposes a rigid geometric dependency between the fundamental kinematic scale $a_0$ and the local Hubble parameter $H_0$, defined exactly by:"
Manuscript/Supplementary/Supplementary.tex,30,divisor_candidate,a_0 = \frac{c H_0}{2\pi}
papers/P1-Scale-Matching-Reconstruction/CoverLetter-ITSM-Cosmologist.txt,13,undetermined,"between the MOND acceleration a0 and c H0, together with the weak-field"
papers/P1-Scale-Matching-Reconstruction/CoverLetter-ITSM-Cosmologist.txt,31,divisor_candidate,a0 = c H0/(2 pi) and C_obs = 2/3 conflicts with the empirical RAR normalization.
papers/P1-Scale-Matching-Reconstruction/CoverLetter.txt,13,undetermined,"between the MOND acceleration a0 and c H0, together with the weak-field"
papers/P1-Scale-Matching-Reconstruction/CoverLetter.txt,31,divisor_candidate,a0 = c H0/(2 pi) and C_obs = 2/3 conflicts with the empirical RAR normalization.
papers/P1-Scale-Matching-Reconstruction/main-ITSM-Cosmologist.tex,194,divisor_candidate,\section{\texorpdfstring{\(\azero=c\Hzero/2\pi\)}{a0 = c H0 / 2 pi}
papers/P1-Scale-Matching-Reconstruction/main.tex,194,divisor_candidate,\section{\texorpdfstring{\(\azero=c\Hzero/2\pi\)}{a0 = c H0 / 2 pi}
papers/P1-Scale-Matching-Reconstruction/README-ITSM-Cosmologist.md,17,multiplier_candidate,| \(2\pi a_0\sim cH_0\) coincidence | Empirical fact |
papers/P1-Scale-Matching-Reconstruction/README-ITSM-Cosmologist.md,18,divisor_candidate,| \(a_0\equiv cH_0/2\pi\) at \(t_0\) | **Phenomenological** postulate only |
papers/P1-Scale-Matching-Reconstruction/README-ITSM-Cosmologist.md,25,divisor_candidate,| Dual \(a_0=cH_0/2\pi\) + \(C_{\mathrm{obs}}=2/3\) as RAR | **Excluded** |
papers/P1-Scale-Matching-Reconstruction/README.md,17,multiplier_candidate,| \(2\pi a_0\sim cH_0\) coincidence | Empirical fact |
papers/P1-Scale-Matching-Reconstruction/README.md,18,divisor_candidate,| \(a_0\equiv cH_0/2\pi\) at \(t_0\) | **Phenomenological** postulate only |
papers/P1-Scale-Matching-Reconstruction/README.md,25,divisor_candidate,| Dual \(a_0=cH_0/2\pi\) + \(C_{\mathrm{obs}}=2/3\) as RAR | **Excluded** |
papers/P1-Scale-Matching-Reconstruction/SUBMISSION-ITSM-Cosmologist.md,6,divisor_candidate,"\(a_0\sim cH_0/(2\pi)\) on cubic \(T^3\), plus the derived weak-field invariant"
papers/P1-Scale-Matching-Reconstruction/SUBMISSION-ITSM-Cosmologist.md,42,divisor_candidate,- [x] Dual \(a_0=cH_0/2\pi\) + \(\Cobs=2/3\) RAR no-go stated
papers/P1-Scale-Matching-Reconstruction/SUBMISSION.md,6,divisor_candidate,"\(a_0\sim cH_0/(2\pi)\) on cubic \(T^3\), plus the derived weak-field invariant"
papers/P1-Scale-Matching-Reconstruction/SUBMISSION.md,42,divisor_candidate,- [x] Dual \(a_0=cH_0/2\pi\) + \(\Cobs=2/3\) RAR no-go stated
papers/P3-Observational-Program/README.md,43,divisor_candidate,| Dual \(\Cobs=2/3\) + \(a_0=cH_0/2\pi\) as RAR | B9 (if kinematics appear) |
papers/Selective-Publishing-Plan/ITSM_Selective_Publishing_Plan-ITSM-Cosmologist.md,21,divisor_candidate,"1. \(a_0=cH_0/2\pi\) from “circulation quantization,” and"
papers/Selective-Publishing-Plan/ITSM_Selective_Publishing_Plan-ITSM-Cosmologist.md,84,multiplier_candidate,| Empirical coincidence \(2\pi a_0\sim cH_0\) | Any paper (motivation) | Not a derivation |
papers/Selective-Publishing-Plan/ITSM_Selective_Publishing_Plan-ITSM-Cosmologist.md,85,divisor_candidate,| \(a_0\equiv cH_0/2\pi\) as *present-epoch phenomenological* scale match | P1; optional *named postulate* in later papers | Never “derived from topology” |
papers/Selective-Publishing-Plan/ITSM_Selective_Publishing_Plan-ITSM-Cosmologist.md,122,multiplier_candidate,| \(2\pi a_0\sim cH_0\) coincidence | Fact | All (motivation) |
papers/Selective-Publishing-Plan/ITSM_Selective_Publishing_Plan-ITSM-Cosmologist.md,123,divisor_candidate,| \(a_0\equiv cH_0/2\pi\) present-epoch | Phenomenological | P1; optional named use in P4 |
papers/Selective-Publishing-Plan/ITSM_Selective_Publishing_Plan-ITSM-Cosmologist.md,130,divisor_candidate,| \(\Cobs=2/3\) + \(a_0=cH_0/2\pi\) as RAR | Excluded | **None** |
papers/Selective-Publishing-Plan/ITSM_Selective_Publishing_Plan-ITSM-Cosmologist.md,145,divisor_candidate,| **P1** | Scale-matching reconstruction | Prior geometric story fails; \(\Cobs\) invariant + compact-source hygiene survive; \(a_0\equiv cH_0/2\pi\) only as present-epoch phenomenology | **Draft complete** (reconstructed) | ~5–8 pp | CQG / PRD Notes / arXiv first |
papers/Selective-Publishing-Plan/ITSM_Selective_Publishing_Plan-ITSM-Cosmologist.md,257,divisor_candidate,2. **Never** claim both \(a_0=cH_0/2\pi\) and \(\Cobs=2/3\) as the empirical RAR normalization (**B9**).
papers/Selective-Publishing-Plan/ITSM_Selective_Publishing_Plan-ITSM-Cosmologist.md,258,divisor_candidate,"- If \(a_0=cH_0/2\pi\), then \(\Cobs\simeq 1\) (or report \(a_{0,\rm eff}=\Cobs^2 a_0\))."
papers/Selective-Publishing-Plan/ITSM_Selective_Publishing_Plan-ITSM-Cosmologist.md,358,divisor_candidate,| P4 draft uses both \(\Cobs=2/3\) and \(a_0=cH_0/2\pi\) as RAR | Reject draft until **B9** fixed |
papers/Selective-Publishing-Plan/ITSM_Selective_Publishing_Plan-ITSM-Cosmologist.md,372,divisor_candidate,[ ] No dual a0=cH0/2π + C_obs=2/3 as empirical RAR
papers/Selective-Publishing-Plan/ITSM_Selective_Publishing_Plan.md,21,divisor_candidate,"1. \(a_0=cH_0/2\pi\) from “circulation quantization,” and"
papers/Selective-Publishing-Plan/ITSM_Selective_Publishing_Plan.md,84,multiplier_candidate,| Empirical coincidence \(2\pi a_0\sim cH_0\) | Any paper (motivation) | Not a derivation |
papers/Selective-Publishing-Plan/ITSM_Selective_Publishing_Plan.md,85,divisor_candidate,| \(a_0\equiv cH_0/2\pi\) as *present-epoch phenomenological* scale match | P1; optional *named postulate* in later papers | Never “derived from topology” |
papers/Selective-Publishing-Plan/ITSM_Selective_Publishing_Plan.md,122,multiplier_candidate,| \(2\pi a_0\sim cH_0\) coincidence | Fact | All (motivation) |
papers/Selective-Publishing-Plan/ITSM_Selective_Publishing_Plan.md,123,divisor_candidate,| \(a_0\equiv cH_0/2\pi\) present-epoch | Phenomenological | P1; optional named use in P4 |
papers/Selective-Publishing-Plan/ITSM_Selective_Publishing_Plan.md,130,divisor_candidate,| \(\Cobs=2/3\) + \(a_0=cH_0/2\pi\) as RAR | Excluded | **None** |
papers/Selective-Publishing-Plan/ITSM_Selective_Publishing_Plan.md,145,divisor_candidate,| **P1** | Scale-matching reconstruction | Prior geometric story fails; \(\Cobs\) invariant + compact-source hygiene survive; \(a_0\equiv cH_0/2\pi\) only as present-epoch phenomenology | **Draft complete** (reconstructed) | ~5–8 pp | CQG / PRD Notes / arXiv first |
papers/Selective-Publishing-Plan/ITSM_Selective_Publishing_Plan.md,257,divisor_candidate,2. **Never** claim both \(a_0=cH_0/2\pi\) and \(\Cobs=2/3\) as the empirical RAR normalization (**B9**).
papers/Selective-Publishing-Plan/ITSM_Selective_Publishing_Plan.md,258,divisor_candidate,"- If \(a_0=cH_0/2\pi\), then \(\Cobs\simeq 1\) (or report \(a_{0,\rm eff}=\Cobs^2 a_0\))."
papers/Selective-Publishing-Plan/ITSM_Selective_Publishing_Plan.md,358,divisor_candidate,| P4 draft uses both \(\Cobs=2/3\) and \(a_0=cH_0/2\pi\) as RAR | Reject draft until **B9** fixed |
papers/Selective-Publishing-Plan/ITSM_Selective_Publishing_Plan.md,372,divisor_candidate,[ ] No dual a0=cH0/2π + C_obs=2/3 as empirical RAR
papers/Syntropic-Thermodynamics/ITSM_Syntropic_Thermodynamics_v0.6.0-ITSM-Cosmologist.tex,122,undetermined,"\nabla \cdot \vec{\Xi}_{\rm syn}\big|_{z=0} \sim \frac{a_0 \rho_{\rm vac} c}{H_0},"
papers/Syntropic-Thermodynamics/ITSM_Syntropic_Thermodynamics_v0.6.0-ITSM-Cosmologist.tex,124,divisor_candidate,"where $a_0 = cH_0/2\pi$ is the ITSM characteristic acceleration, $\rho_{\rm vac}$ is the vacuum plenum density, and $H_0$ is the Hubble constant. This expression is dimensionally consistent with an entropy production rate per unit volume, and its numerical evaluation is consistent with the observed low-entropy state of"
papers/Syntropic-Thermodynamics/ITSM_Syntropic_Thermodynamics_v0.6.0.tex,122,undetermined,"\nabla \cdot \vec{\Xi}_{\rm syn}\big|_{z=0} \sim \frac{a_0 \rho_{\rm vac} c}{H_0},"
papers/Syntropic-Thermodynamics/ITSM_Syntropic_Thermodynamics_v0.6.0.tex,124,divisor_candidate,"where $a_0 = cH_0/2\pi$ is the ITSM characteristic acceleration, $\rho_{\rm vac}$ is the vacuum plenum density, and $H_0$ is the Hubble constant. This expression is dimensionally consistent with an entropy production rate per unit volume, and its numerical evaluation is consistent with the observed low-entropy state of"
papers/T3-Illusion/ITSM_T3_Illusion_v0.6.1-ITSM-Cosmologist.tex,98,divisor_candidate,"where $a_0 = cH_0/2\pi$ is the ITSM characteristic acceleration and $\rho_{\rm vac}$ is the vacuum plenum density. This scaling places the effective shear boundary at cosmological distances at cosmic mean density, but at perceivable angular scales for a local observer embedded within a toroidal cell whose fundamental d"
papers/T3-Illusion/ITSM_T3_Illusion_v0.6.1.tex,98,divisor_candidate,"where $a_0 = cH_0/2\pi$ is the ITSM characteristic acceleration and $\rho_{\rm vac}$ is the vacuum plenum density. This scaling places the effective shear boundary at cosmological distances at cosmic mean density, but at perceivable angular scales for a local observer embedded within a toroidal cell whose fundamental d"
README.md,201,undetermined,"* 🌌 **The Dark Matter Crisis:** Analytically recovers the SPARC Radial Acceleration Relation (RAR) with a global fit ($\chi^2_\nu \approx 8.57$, $p=0.62$) across all 175 galaxies. Crucially, this fit is achieved over 3,178 strictly unfiltered kinematic data points using **zero free physical parameters**—relying purely "
README.md,214,divisor_candidate,"* 📐 **First-Principles Derivation of the Acceleration Scale:** Resolves the 40-year mystery of the $a_0$ empirical threshold. Under the Dynamic Scale Matching Postulate, $a_0$ is derived directly from macroscopic circulation quantization, linking the compact global topology to the local domain: $a_0 = c H_0 / 2\pi \app"
README.md,232,divisor_candidate,"Derived from macroscopic circulation quantization under the Dynamic Scale Matching Postulate, establishing the limit where baryonic mass couples to the vacuum's inherent spin ($a_0 = c H_0 / 2\pi$)."
Theory/Core/ITSM_Core_Architecture.md,185,divisor_candidate,"**Dynamic Scale Matching (Postulate):** The fundamental spatial boundary is provisionally identified with the comoving toroidal circumference `L_T = 2\pi c / H_0`. Aligning that boundary with the present-day causal horizon, and identifying the local threshold with `c^2/L_T`, are explicit assumptions requiring an indepe"
Theory/Core/ITSM_Core_Architecture.md,260,divisor_candidate,-C_IR |grad psi|^3/(12 pi G a0)
Theory/Core/ITSM_G0_NORMALIZED_STATUS_PROPOSAL.md,30,divisor_candidate,- `a0 = c H0 / (2 pi)` is a **Conditional present-epoch relation** under the
Theory/Core/ITSM_Master_Research_Plan.md,106,divisor_candidate,"**Phenomenological allowance:** \(a_0 \equiv cH_0/2\pi\) only as a **named present-epoch DSM / scale-matching postulate**, not as circulation quantization."
Theory/Core/ITSM_Master_Research_Plan.md,163,divisor_candidate,| Presenting circulation quantization / \(\kappa=cL\) as a completed derivation of \(a_0\) | Not quantization; chart-dependent \(2\pi\) (P1) |
Theory/Core/ITSM_Master_Research_Plan.md,186,divisor_candidate,| Scale \(a_0\sim cH_0\) | “Topology alone / circulation quantizes \(a_0\)” | Present-epoch **phenomenological DSM** (Conditional); later VOR matching |
Theory/Core/ITSM_Master_Research_Plan.md,351,divisor_candidate,| Dual \(a_0=cH_0/2\pi\) and \(C=2/3\) as RAR | Still **excluded** (P1 \(4/9\) no-go) until numbers are redefined consistently |
Theory/Core/ITSM_Master_Research_Plan.md,392,divisor_candidate,"| **P4** | SPARC under declared \(\Cobs,a_0\) | After DISK-001 + STAT-001; never dual \(C=2/3\) + \(a_0=cH_0/2\pi\) as RAR |"
Theory/Core/ITSM_POST_G0_CROSS_STAGE_EXECUTION_PLAN.md,111,undetermined,1. Use `a0_internal = C_chi c H0` with `C_chi` unknown.
Theory/Core/ITSM_RG1_DECISION_2026-08-25.md,17,undetermined,| Acceleration coefficient | `C_CHI_NOT_DERIVED` | Use `a0_internal=C_chi c H0`; relation is phenomenological |
Theory/Core/ITSM_Tier1_Route_Test_Programme.md,57,divisor_candidate,"| `a_0=cH_0/(2*pi)` | present-epoch phenomenological relation, not derived |"
Theory/Gates/DISK-001/DISK-001_GATE_REPORT.md,33,divisor_candidate,- dual RAR packaging \(a_0=cH_0/2\pi\) with \(C_{\mathrm{obs}}=2/3\) (**B9**);
Theory/Gates/DISK-001/DISK-001_GATE_REPORT.md,50,divisor_candidate,**B9 guard:** dual packaging with \(C_{\mathrm{obs}}=2/3\) and geometric \(a_0=cH_0/2\pi\) is refused in `disk001_ir_law.py`.
Theory/Gates/DISK-001/DISK-001_READINESS.md,64,divisor_candidate,- [x] **Never** default dual \(a_0=cH_0/2\pi\) + \(\Cobs=2/3\) as RAR (**B9**) — guarded in code
Theory/Gates/MAT-001/MAT-001_SCOPED_CALCULATION.md,35,divisor_candidate,"- No dual RAR \((a_0=cH_0/2\pi,\,C=2/3)\)"
Theory/Gates/MAT-001/MAT-001_UNIT_CHART_CONTRACT.md,108,divisor_candidate,| (A= C_{\rm IR}/(12\pi G a_0)) | (M L^{-4}T^4) |
Theory/Gates/RECOVERY_SESSION_WORKLOG.md,105,divisor_candidate,"`L_IR = -(2 C_IR/3) M_P^2 a0^2 Y^(3/2)`, which fixes `A = C_IR/(12 pi G a0)`"
Theory/Gates/RECOVERY_SESSION_WORKLOG.md,198,divisor_candidate,analogy to how `A=C_IR/(12 pi G a0)` was fixed (same `M_P^2*a0^2`
Theory/Gates/RECOVERY_SESSION_WORKLOG.md,991,divisor_candidate,"gate status `OPEN_SCAFFOLD_ONLY`. No lunar SWNT, `a0=cH0/(2*pi)`, `C=2/3`,"
Theory/Gates/STAT-001/STAT-001_GATE_REPORT.md,31,divisor_candidate,- $a_0$: $3478.788 \text{ (km/s)}^2/\text{kpc}$ (Derived $c H_0 / 2\pi$)
Theory/Gates/STAT-001/STAT-001_GATE_SPEC.md,12,divisor_candidate,"Historically, the ITSM pipeline suffered from B9 dual RAR packaging (arbitrarily forcing $C_{obs} = 2/3$ and $a_0 = cH_0/2\pi$)."
Theory/Gates/TOP-001/TOP-001_GATE_SPEC.md,55,divisor_candidate,| \(a_0=cH_0/(2\pi)\) from topology alone | **Rejected** as TOP derivation; DSM is Conditional **elsewhere** if used |
Theory/Gates/UVIR-001/UVIR-001_GATE_REPORT-ITSM-Cosmologist.md,407,undetermined,\frac{C_{\rm IR}}{12\pi G a_0}.
Theory/Gates/UVIR-001/UVIR-001_GATE_REPORT.md,407,undetermined,\frac{C_{\rm IR}}{12\pi G a_0}.
Theory/Gates/UVIR-003/UVIR-003_CONDITIONAL_KQ_ESTIMATE-ITSM-Cosmologist.md,32,divisor_candidate,"`L_IR=-(2C_IR/3)M_P^2a_0^2Y^{3/2}`, which is exactly how `A=C_IR/(12\pi Ga_0)`"
Theory/Gates/UVIR-003/UVIR-003_CONDITIONAL_KQ_ESTIMATE-ITSM-Cosmologist.md,57,divisor_candidate,alongside the confirmed `A=C_{\rm IR}/(12\pi Ga_0)`:
Theory/Gates/UVIR-003/UVIR-003_CONDITIONAL_KQ_ESTIMATE.md,32,divisor_candidate,"`L_IR=-(2C_IR/3)M_P^2a_0^2Y^{3/2}`, which is exactly how `A=C_IR/(12\pi Ga_0)`"
Theory/Gates/UVIR-003/UVIR-003_CONDITIONAL_KQ_ESTIMATE.md,57,divisor_candidate,alongside the confirmed `A=C_{\rm IR}/(12\pi Ga_0)`:
Theory/Gates/UVIR-003/UVIR-003_STAGE_A_CAUSALITY_ADDENDUM.md,83,divisor_candidate,"`M_P^2=1/(8\pi G)`) gives exactly `A=C_{\rm IR}/(12\pi G a_0)`, the same"
Theory/Gates/UVIR-003/UVIR-003_STAGE_A_REPORT-ITSM-Cosmologist.md,242,undetermined,A=\frac{C_{\rm IR}}{12\pi G a_0}.
Theory/Gates/UVIR-003/UVIR-003_STAGE_A_REPORT.md,242,undetermined,A=\frac{C_{\rm IR}}{12\pi G a_0}.
Theory/Gates/UVIR-003/UVIR-003_STAGE_B_CAUSALITY_DOMAIN_CONDITIONAL_MATCHING.md,35,divisor_candidate,"| \(A\) | \(A = C_{\mathrm{IR}}/(12\pi G\,a_0)\) — architecture force normalization |"
Theory/Gates/UVIR-003/UVIR-003_STAGE_B_MATCHING_ROUTE_PROGRAM.md,36,undetermined,"A=\frac{C_{\mathrm{IR}}}{12\pi G a_0},\qquad"
Theory/Gates/UVIR-003/UVIR-003_STAGE_B_R3_UV_RESIDUE_AUDIT.md,63,divisor_candidate,| \(A=C_{\mathrm{IR}}/(12\pi G a_0)\) | form from architecture | form yes; value no |
Theory/Gates/UVIR-003/UVIR-003_STAGE_B_STAGE4_M3_M6_CONDITIONAL_LIMIT.md,68,divisor_candidate,"I_{a_0}=\frac{C_{\mathrm{IR}}^{1/3}\,V^{2}}{12\pi G\,\Cobs^{4/3}},"
Theory/Gates/UVIR-003/UVIR_003_T5_UNITARITY_CRITERION.md,18,multiplier_candidate,"$$ a_0(s) = \frac{1}{32\pi} \int_{-1}^{1} d(\cos\theta) \mathcal{M}(s, \theta) $$"
Theory/Gates/VOR-001/README.md,68,divisor_candidate,"4. Rejected packaging (lunar SWNT, \(a_0=cH_0/2\pi\) as circulation quanta, \(C=2/3\), \(13/12\), automatic cosmology) stays rejected unless a **new** independent derivation through a named gate succeeds."
Theory/Gates/VOR-001/VOR-001_GATE_SPEC.md,49,divisor_candidate,| Topology alone / circulation quantizes \(a_0\) | **Rejected as derivation**; \(a_0\sim cH_0\) only as **named DSM** elsewhere if used |
Theory/Gates/VOR-001/VOR-001_GATE_SPEC.md,50,divisor_candidate,| \(a_0\equiv cH_0/2\pi\) as circulation quantum | **Rejected** as VOR derivation path |
Theory/Gates/VOR-001/VOR-001_GATE_SPEC.md,207,divisor_candidate,"- \(H_0=72.97\), \(13/12\), dual RAR \((a_0=cH_0/2\pi,\,C=2/3)\);"
Theory/History/00_CRITICAL_FINDINGS.md,71,multiplier_candidate,"- **The a0 formula itself had two competing forms early on**: `a0 = 2π·c·H0 ≈ 1.33×10⁻¹⁰` (v5, several"
Theory/History/00_CRITICAL_FINDINGS.md,72,divisor_candidate,February drafts) vs. the now-accepted `a0 = c·H0/(2π) ≈ 1.08×10⁻¹⁰` (from V5.7 onward). The switch
Theory/History/00_CRITICAL_FINDINGS.md,78,multiplier_candidate,prose argues for `2π·c·H0` but the *numeric value quoted* (1.33×10⁻¹⁰) is actually what
Theory/History/00_CRITICAL_FINDINGS.md,79,divisor_candidate,"`c·H0/(2π)` would give if H0 were slightly different — a persistent, never-caught arithmetic"
Theory/History/DOCUMENT_INDEX.md,14,undetermined,"| `ITSM_FULL_ARCHIVE\DOCUMENT A_ TECHNICAL SPECIFICATION...V2.pdf` | ""Phase Zero"" | Tech spec | a0=2*pi*c*H0 variant (internally inconsistent with sibling docs); fabricated SWNT claim |"
Theory/History/DOCUMENT_INDEX.md,106,divisor_candidate,| `ITSM_V5.1/V5.3/V5.4/V5.5(TikZ)/V5.6.pdf` | 2026-03-09 (5 sibling versions) | a0=2*pi*c*H0 formula/value inconsistency present unchanged across all 5; lunar-SWNT claim toggled: absent (5.1/5.3) -> introduced (5.4) -> dropped (5.5) -> reinstated (5.6) |
Theory/History/DOCUMENT_INDEX.md,108,divisor_candidate,"| `ITSM_V5.7/V5.8/V5.9/V6.0.pdf` | 2026-03-09 | V5.7 silently corrects the a0 formula (2*pi*c*H0 -> c*H0/(2*pi)) with no acknowledgment; V5.8 adds explicit ""zero free parameters""/""scatter of strictly zero"" language; V5.9 hedges the JWST framing (genuine improvement); V6.0 is content-identical to V5.9 |"
Theory/History/DOCUMENT_INDEX.md,122,divisor_candidate,| `ITSM_Cover_Letter_2026-02-25_v1/v2/v3.pdf` | Feb 2026 | v1 contains the a0=2*pi*c*H0 formula error; v2 corrects it; v3 only differs by a dropped citation parenthetical |
Theory/History/DOCUMENT_INDEX.md,161,undetermined,"| `2026-04\Document_A_Grok_Version.pdf` | a0=2*pi*c*H0 variant, internally inconsistent numeric value |"
Theory/History/DOCUMENT_INDEX.md,167,divisor_candidate,| `2026-04\Supplementary_Material_Supporting_Simulations...pdf` | Earliest appearance (2026-03-02) of the divisor-form a0=c*H0/2*pi in this cluster |
Theory/History/DOCUMENT_INDEX.md,228,undetermined,"| `Model Explorer\itsm_explorer-main\reddit_post_draft.md` | June 2026 | Draft outreach post; **confirms further numeric drift** (a0=1.11e-10, 87-galaxy sample, ℓ=217, H0=68.39 — all distinct from other documents' values) |"
Theory/History/DOCUMENT_INDEX.md,260,divisor_candidate,| `ACCOUNT_SETUP_GUIDE.md` | Restates a0/2/3/H0/NANOGrav/Bullet-Cluster claims for public accounts; includes karma-farming Reddit scripts instructing non-disclosure of ITSM affiliation until launch |
Theory/History/FULL_KNOWLEDGE_BASE_PLAN.md,104,undetermined,"- Every numeric value claimed (a0, C_proj, H0, chi^2, etc.) with its exact context"
Theory/History/FullArchive/manuscripts/01_original-dossier-2026-02-18/extraction.md,13,divisor_candidate,6. Implicit claim: a0 = cH0/(2π) with H0 = 70 km/s/Mpc gives a specific numerical acceleration scale used to set both the galactic rotation curve behavior and the lab TRC bubble's characteristic frequency f_eq = sqrt(g_earth/a0).
Theory/History/FullArchive/manuscripts/01_original-dossier-2026-02-18/extraction.md,19,divisor_candidate,- `a0 = (c * H0) / chi` — defines the ITSM critical acceleration scale a0 = cH0/(2π).
Theory/History/FullArchive/manuscripts/01_original-dossier-2026-02-18/extraction.md,34,divisor_candidate,"- a0 = cH0/(2π); with the above H0, numerically a0 ≈ 1.083e-10 m/s² (printed at runtime as `a0 = {a0:.2e} m/s²`, exact printed value not present in the static text since the script output wasn't captured in the dossier text, only the print statement)"
Theory/History/FullArchive/manuscripts/01_original-dossier-2026-02-18/extraction.md,48,divisor_candidate,"- The H0 = 70 km/s/Mpc value used here is a generic literature input for illustration, not the later ""H0 = 72.97 as parameter-free prediction"" claim (REJECTED) — but the a0 = cH0/(2π) relation itself is CURRENTLY ACCEPTED as a Conditional/Dynamic Scale Matching postulate, so this document is an early instance of a rela"
Theory/History/FullArchive/manuscripts/01_original-dossier-2026-02-18/source.md,27,divisor_candidate,a0 = (c * H0) / chi
Theory/History/FullArchive/manuscripts/02_v1v2v3-2026-03/v1_extraction.md,9,divisor_candidate,"2. ""By redefining dark matter phenomena as vacuum drag, we derive the gravitational yield threshold from geometric first principles as a0 = cH0/2π ≈ 1.08 × 10⁻¹⁰ m/s²."""
Theory/History/FullArchive/manuscripts/02_v1v2v3-2026-03/v1_extraction.md,23,divisor_candidate,"- (1) a0 = c·H0/2π — ""Torsional Yield Point,"" the transition threshold where vacuum shifts from rigid structure to yielding superfluid."
Theory/History/FullArchive/manuscripts/02_v1v2v3-2026-03/v1_extraction.md,24,divisor_candidate,- (2) a0 ≈ 1.08 × 10⁻¹⁰ m/s² — numerical evaluation of (1) using H0 ≈ 70 km/s/Mpc ≈ 2.26×10⁻¹⁸ s⁻¹.
Theory/History/FullArchive/manuscripts/02_v1v2v3-2026-03/v1_extraction.md,29,divisor_candidate,- a0 ≈ 1.08 × 10⁻¹⁰ m/s² (derived from H0 ≈ 70 km/s/Mpc via a0 = cH0/2π)
Theory/History/FullArchive/manuscripts/02_v1v2v3-2026-03/v1_extraction.md,39,divisor_candidate,"- a0 = cH0/2π: CURRENTLY ACCEPTED in the current framework as a Conditional/Dynamic Scale Matching postulate — this V1 already states the core relation, but frames it as a strict geometric ""first principles"" derivation with ""no arbitrary tuning,"" which goes beyond the current conditional/postulate framing (closer to th"
Theory/History/FullArchive/manuscripts/02_v1v2v3-2026-03/v1_extraction.md,47,undetermined,"**Delta from previous version:** V1 is the first fully-formatted, paper-style manuscript in this lineage (dated March 2, 2026), roughly two weeks after the informal 18 Feb 2026 dossier. Relative to the dossier: V1 drops the TRC Bubble lab-propulsion simulation and rho_zpf-tuned mass-anomaly material entirely, replacing"
Theory/History/FullArchive/manuscripts/02_v1v2v3-2026-03/v1_source.md,16,undetermined,"**Abstract:** The standard ΛCDM cosmological model faces escalating observational tensions, notably the advanced maturity of high-redshift galaxies (z > 14) observed by the James Webb Space Telescope (JWST) and kinematic anomalies traditionally attributed to non-baryonic dark matter. We propose the Integrated Toroidal-"
Theory/History/FullArchive/manuscripts/02_v1v2v3-2026-03/v1_source.md,20,divisor_candidate,- Derives the acceleration threshold a0 = cH0/2π as a torsional yield point.
Theory/History/FullArchive/manuscripts/02_v1v2v3-2026-03/v1_source.md,51,divisor_candidate,**(1)** a0 = c · H0 / 2π
Theory/History/FullArchive/manuscripts/02_v1v2v3-2026-03/v1_source.md,93,divisor_candidate,"The Integrated Toroidal-Syntropic Model (ITSM) replaces the closed-universe assumption with an open thermodynamic manifold governed by a Superfluid Plenum (χ = 2π). By deriving the modified acceleration threshold a0 ≈ 1.08 × 10⁻¹⁰ m/s² from geometric first principles, the ITSM successfully recovers the Baryonic Tully-F"
Theory/History/FullArchive/manuscripts/02_v1v2v3-2026-03/v2_extraction.md,8,divisor_candidate,"Carried over unchanged from V1 (see v1_extraction.md for full detail): the Superfluid Plenum/toroidal geometry claim, the a0 = cH0/2π derivation claim, the BTFR recovery ""without arbitrary fine-tuning"" claim, the (1+z)⁻³ influx mechanism claim, the STRC protocol claim, and the lunar SWNT/Lunar Resonant Field claim."
Theory/History/FullArchive/manuscripts/02_v1v2v3-2026-03/v2_extraction.md,18,divisor_candidate,- (1) a0 = c·H0/2π — unchanged from V1.
Theory/History/FullArchive/manuscripts/02_v1v2v3-2026-03/v2_extraction.md,25,divisor_candidate,"- Same core numbers as V1: a0 ≈ 1.08×10⁻¹⁰ m/s², H0 ≈ 70 km/s/Mpc ≈ 2.26×10⁻¹⁸ s⁻¹, χ=2π, Mb∝v⁴, Σsyn∝(1+z)⁻³, χ²/dof ≈ 1, fres ≈ 2.2 mHz."
Theory/History/FullArchive/manuscripts/02_v1v2v3-2026-03/v2_extraction.md,29,divisor_candidate,"- Same overall status as V1 for the carried-over claims (see v1_extraction.md): the a0=cH0/2π relation is CURRENTLY ACCEPTED as a conditional postulate but framed here (as in V1) with REJECTED-pattern ""first principles""/""without arbitrary tuning"" language."
Theory/History/FullArchive/manuscripts/02_v1v2v3-2026-03/v2_source.md,16,undetermined,"**Abstract:** The standard ΛCDM cosmological model faces escalating observational tensions, notably the advanced maturity of high-redshift galaxies (z > 14) observed by the James Webb Space Telescope (JWST) and kinematic anomalies traditionally attributed to non-baryonic dark matter. We propose the Integrated Toroidal-"
Theory/History/FullArchive/manuscripts/02_v1v2v3-2026-03/v2_source.md,20,divisor_candidate,- Derives the acceleration threshold a0 = cH0/2π as a torsional yield point.
Theory/History/FullArchive/manuscripts/02_v1v2v3-2026-03/v2_source.md,57,divisor_candidate,**(1)** a0 = c · H0 / 2π
Theory/History/FullArchive/manuscripts/02_v1v2v3-2026-03/v2_source.md,111,divisor_candidate,"The Integrated Toroidal-Syntropic Model (ITSM) replaces the closed-universe assumption with an open thermodynamic manifold governed by a Superfluid Plenum (χ = 2π). By deriving the modified acceleration threshold a0 ≈ 1.08 × 10⁻¹⁰ m/s² from geometric first principles, the ITSM successfully recovers the Baryonic Tully-F"
Theory/History/FullArchive/manuscripts/02_v1v2v3-2026-03/v3_extraction.md,8,divisor_candidate,"Core claims carried over unchanged in substance from V2 (a0 = cH0/2π ""from geometric first principles,"" BTFR recovery ""without arbitrary tuning parameters,"" (1+z)⁻³ growth multiplier, Generalized Second Law inequality, Planck 2018 χ²/dof ≈ 1 fit claim, CLASS/CAMB code-release promise, STRC protocol, lunar SWNT proxy-ev"
Theory/History/FullArchive/manuscripts/02_v1v2v3-2026-03/v3_extraction.md,19,divisor_candidate,"**Equations:** Identical set and numbering to V2 — (1) a0=cH0/2π, (2) a0≈1.08×10⁻¹⁰ m/s², (3) ΔStotal=ΔSlocal−ΔSsyntropic≥0, (4) Σsyn∝1/(1+z)³, (5) δ̇m=−θm+3Φ̇+Σ̇syn(a)δm. No new equations introduced in V3; the only substantive theoretical addition (the boat-propeller/mud mechanism paragraph) is presented purely in pro"
Theory/History/FullArchive/manuscripts/02_v1v2v3-2026-03/v3_extraction.md,21,divisor_candidate,"**Numeric values claimed:** Identical to V2 — a0≈1.08×10⁻¹⁰ m/s², H0≈70 km/s/Mpc≈2.26×10⁻¹⁸ s⁻¹, χ=2π, Mb∝v⁴, Σsyn∝(1+z)⁻³, χ²/dof≈1, fres≈2.2 mHz. No new or changed numeric values in V3 (the ""1.2%"" figure remains absent, as it was in V2)."
Theory/History/FullArchive/manuscripts/02_v1v2v3-2026-03/v3_source.md,16,undetermined,"**Abstract:** The standard ΛCDM cosmological model faces escalating observational tensions, notably the advanced maturity of high-redshift galaxies (z > 14) observed by the James Webb Space Telescope (JWST) and kinematic anomalies traditionally attributed to non-baryonic dark matter. We propose the Integrated Toroidal-"
Theory/History/FullArchive/manuscripts/02_v1v2v3-2026-03/v3_source.md,20,divisor_candidate,- Derives the acceleration threshold a0 = cH0/2π as a torsional yield point.
Theory/History/FullArchive/manuscripts/02_v1v2v3-2026-03/v3_source.md,51,divisor_candidate,**(1)** a0 = c · H0 / 2π
Theory/History/FullArchive/manuscripts/02_v1v2v3-2026-03/v3_source.md,59,multiplier_candidate,"The physical mechanism of this yield point relies on the microphysics of the shear modulus. Rather than modified gravity, this is a fluid dynamics interaction. The continuous fluid possesses an inherent rotational geometry represented by χ = 2π. When local acceleration drops below the energy required to displace this g"
Theory/History/FullArchive/manuscripts/02_v1v2v3-2026-03/v3_source.md,103,divisor_candidate,"The Integrated Toroidal-Syntropic Model (ITSM) replaces the closed-universe assumption with an open thermodynamic manifold governed by a continuous fluid (χ = 2π) *(changed from V1/V2's ""governed by a Superfluid Plenum (χ = 2π)"")*. By deriving the modified acceleration threshold a0 ≈ 1.08 × 10⁻¹⁰ m/s² from geometric fi"
Theory/History/FullArchive/manuscripts/03_itsm-final-2026-03-08/v1_extraction.md,9,divisor_candidate,"2. ""By redefining dark matter phenomena as vacuum drag occurring below a specific kinematic threshold, we derive the gravitational yield limit from geometric first principles as a0 = cH0/2π ≈ 1.08 × 10⁻¹⁰ m/s²."""
Theory/History/FullArchive/manuscripts/03_itsm-final-2026-03-08/v1_extraction.md,23,divisor_candidate,1. a0 = cH0/2π ≈ 1.08 × 10⁻¹⁰ m/s² — the geometrically-derived torsional yield/gravitational threshold.
Theory/History/FullArchive/manuscripts/03_itsm-final-2026-03-08/v1_extraction.md,32,divisor_candidate,- a0 ≈ 1.08 × 10⁻¹⁰ m/s² (derived from a0 = cH0/2π).
Theory/History/FullArchive/manuscripts/03_itsm-final-2026-03-08/v1_extraction.md,39,divisor_candidate,"- ""a0 = cH0/2π ... derived from geometric first principles"" and ""zero arbitrary fine-tuning"" claims are REJECTED-pattern: this is the persistent ""a0=cH0/(2π) as parameter-free prediction"" / ""geometric first principles""/""zero free parameters"" claim, at odds with the CURRENTLY ACCEPTED status of a0=cH0/(2π) as a Conditio"
Theory/History/FullArchive/manuscripts/03_itsm-final-2026-03-08/v1_source.md,16,undetermined,"**Abstract:** The standard ΛCDM cosmological model faces escalating observational tensions, notably the advanced structural maturity of high-redshift galaxies (z > 14) observed by the James Webb Space Telescope (JWST) and kinematic anomalies traditionally attributed to non-baryonic dark matter. We propose the Integrate"
Theory/History/FullArchive/manuscripts/03_itsm-final-2026-03-08/v1_source.md,34,divisor_candidate,**(1)** a0 = cH0/2π ≈ 1.08 × 10⁻¹⁰ m/s²
Theory/History/FullArchive/manuscripts/03_itsm-final-2026-03-08/v2_extraction.md,8,divisor_candidate,"Core claims carried over unchanged from v1 (a0 = cH0/2π ≈ 1.08×10⁻¹⁰ m/s² ""from geometric first principles,"" BTFR recovery ""without arbitrary fine-tuning,"" Σsyn ∝ (1+z)⁻³, Generalized Syntropic Second Law, SPARC decoupling claim, EFE explanation for wide binaries, ETF perturbation patch, STRC Phase Zero Protocol specs)"
Theory/History/FullArchive/manuscripts/03_itsm-final-2026-03-08/v2_extraction.md,17,divisor_candidate,"**Equations:** Identical set and numbering (relative to their renumbered sections) to v1 — (1) a0=cH0/2π, (2) v_ITSM interpolation with EFE, (3) ΔStotal=ΔSlocal−ΔSsyntropic≥0, (4) Σsyn∝1/(1+z)³, (5)-(7) ETF perturbation triad (continuity, Euler, Poisson with Fdrag). No new equations introduced in v2; the entirely new S"
Theory/History/FullArchive/manuscripts/03_itsm-final-2026-03-08/v2_extraction.md,19,divisor_candidate,"**Numeric values claimed:** Identical to v1 — a0 ≈ 1.08 × 10⁻¹⁰ m/s², χ = 2π, Mb ∝ v⁴, Σsyn ∝ (1+z)⁻³, STRC specs (77K, 2.1 T, 150 kHz, 120 kW, 5% margin, 0.01% success metric). No new or changed numeric values in v2."
Theory/History/FullArchive/manuscripts/03_itsm-final-2026-03-08/v2_extraction.md,23,divisor_candidate,"- All REJECTED-pattern claims already flagged in v1 persist unchanged in v2 verbatim: ""geometric first principles""/""without arbitrary fine-tuning"" (the ""zero free parameters""/""first-principles"" REJECTED pattern), a0=cH0/2π asserted as parameter-free derivation, and the unquantified SPARC ""successfully decouple"" validat"
Theory/History/FullArchive/manuscripts/03_itsm-final-2026-03-08/v2_source.md,16,undetermined,"**Abstract:** *(Identical in wording to v1's abstract — no changes.)* The standard ΛCDM cosmological model faces escalating observational tensions, notably the advanced structural maturity of high-redshift galaxies (z > 14) observed by the James Webb Space Telescope (JWST) and kinematic anomalies traditionally attribut"
Theory/History/FullArchive/manuscripts/03_itsm-final-2026-03-08/v2_source.md,54,divisor_candidate,**(1)** a0 = cH0/2π ≈ 1.08 × 10⁻¹⁰ m/s²
Theory/History/FullArchive/manuscripts/04_v3.1-full-2026-03/extraction.md,26,divisor_candidate,"2. a0 = cH0/2π ≈ 1.08 × 10⁻¹⁰ m/s² — torsional yield limit (stated inline in Chapter 3, not separately numbered in this document, unlike in ITSM-FINAL/v2)."
Theory/History/FullArchive/manuscripts/04_v3.1-full-2026-03/extraction.md,33,divisor_candidate,- a0 ≈ 1.08 × 10⁻¹⁰ m/s²; χ = 2π.
Theory/History/FullArchive/manuscripts/04_v3.1-full-2026-03/extraction.md,40,divisor_candidate,"- The core a0=cH0/2π ""geometric first principles""/""geometrically derived"" claim, the SPARC-simulation ""definitively prove"" framing, and the zero-derivation ETF perturbation patch all continue the REJECTED pattern already flagged across the lineage (a0=cH0/2π as parameter-free prediction, first-principles/no-free-parame"
Theory/History/FullArchive/manuscripts/04_v3.1-full-2026-03/extraction.md,55,divisor_candidate,"8. **Retained/unchanged:** Core a0=cH0/2π derivation, Σsyn∝(1+z)⁻³, the v_ITSM interpolation, and the three ETF perturbation equations are substantively unchanged from v1/v2 (equation numbering re-keyed to the new chapter structure)."
Theory/History/FullArchive/manuscripts/04_v3.1-full-2026-03/source.md,89,divisor_candidate,"2. **The Torsional Yield Limit (a → a0):** As we move to the galactic edges, the kinetic energy of the orbiting baryonic matter decreases. The acceleration drops toward the geometrically derived threshold of the manifold: a0 = cH0/2π ≈ 1.08 × 10⁻¹⁰ m/s²."
Theory/History/FullArchive/manuscripts/05_v3.6.2-2026-03-09/extraction.md,9,divisor_candidate,"2. ""We derive the gravitational yield threshold a0 = cH0/2π ≈ 1.08 × 10⁻¹⁰ m/s² directly from the topological necessity of quantized circulation within this manifold."""
Theory/History/FullArchive/manuscripts/05_v3.6.2-2026-03-09/extraction.md,28,divisor_candidate,2. a0 = cH0/2π ≈ 1.08 × 10⁻¹⁰ m/s² (Eq. 2) — topologically-derived yield threshold.
Theory/History/FullArchive/manuscripts/05_v3.6.2-2026-03-09/extraction.md,43,divisor_candidate,- a0 ≈ 1.08 × 10⁻¹⁰ m/s²; χ = 2π.
Theory/History/FullArchive/manuscripts/05_v3.6.2-2026-03-09/extraction.md,50,divisor_candidate,"- a0=cH0/2π is here given its most elaborate ""derivation"" yet — a topological/quantized-circulation argument from T²=S¹×S¹ geometry — but this is REJECTED-pattern: it remains the ""a0=cH0/(2π) as parameter-free prediction"" claim, now dressed in more formal topological language, still inconsistent with the CURRENTLY ACCE"
Theory/History/FullArchive/manuscripts/05_v3.6.2-2026-03-09/extraction.md,68,divisor_candidate,"8. **Retained/re-derived:** The core a0=cH0/2π formula, the Σsyn∝(1+z)⁻³ scaling, and the ETF perturbation continuity/Poisson equations persist essentially unchanged in form from the earlier lineage, now re-derived via the topological-quantization and quantum-condensate arguments rather than asserted as directly geomet"
Theory/History/FullArchive/manuscripts/05_v3.6.2-2026-03-09/source.md,16,undetermined,"**Abstract:** The standard ΛCDM cosmological model encounters severe kinematic constraints when confronting anomalous galactic rotation curves, alongside emerging thermodynamic tensions regarding the structural maturity of high-redshift galaxies (z > 14). We introduce the Integrated Toroidal-Syntropic Model (ITSM), whi"
Theory/History/FullArchive/manuscripts/05_v3.6.2-2026-03-09/source.md,56,divisor_candidate,**(2)** a0 = cH0/2π ≈ 1.08 × 10⁻¹⁰ m/s²
Theory/History/FullArchive/manuscripts/05_v3.6.2-2026-03-09/source.md,96,divisor_candidate,"We define the radial velocity profile v(r) by mapping the classical Newtonian acceleration gN(r) = GMb(r)/r² against the geometric yield threshold a0 = cH0/2π. The effective acceleration is modified by a fluidic interpolation function μ(x), where x = gN/a0, such that:"
Theory/History/FullArchive/manuscripts/05_v3.6.2-2026-03-09/source.md,160,divisor_candidate,"By identifying the vacuum as an active Superfluid Plenum governed by a toroidal coefficient (χ = 2π), the ITSM completely abolishes the need for standard non-baryonic dark matter. Anchored by the a0 = cH0/2π topological derivation, the non-linear fractional Lagrangian, and explicit ETF perturbation equations, the model"
Theory/History/FullArchive/manuscripts/05_v3.6.2-2026-03-09/source.md,197,divisor_candidate,The ITSM framework requires zero arbitrary mass-halo free parameters to resolve the Spitzer Photometry and Accurate Rotation Curves (SPARC) database [9]. Standard phenomenological fits utilizing the Radial Acceleration Relation (RAR) identify an empirical gobs convergence. Because the topological derivation a0 = cH0/2π
Theory/History/FullArchive/manuscripts/06_v4-2026-03-09/extraction.md,13,divisor_candidate,"- ""By treating the vacuum as an active Superfluid Plenum characterized by a toroidal geometry coefficient (χ = 2π), we derive the gravitational yield threshold from geometric first principles as a0 = cH0/2π ≈ 1.08 × 10⁻¹⁰ m/s², successfully recovering the Baryonic Tully-Fisher relation."""
Theory/History/FullArchive/manuscripts/06_v4-2026-03-09/extraction.md,20,divisor_candidate,"- a0 ""derived directly from the Hubble Flow and the speed of light"" as a0 = cH0/2π."
Theory/History/FullArchive/manuscripts/06_v4-2026-03-09/extraction.md,35,divisor_candidate,1. `a0 = (c · H0) / 2π ≈ 1.08 × 10⁻¹⁰ m/s²` — Eq. (1). Geometric yield threshold derived as Hubble acceleration (cH0) divided by the toroidal coefficient χ=2π.
Theory/History/FullArchive/manuscripts/06_v4-2026-03-09/extraction.md,43,divisor_candidate,"- a0 ≈ 1.08 × 10⁻¹⁰ m/s² (geometric yield threshold, from a0 = cH0/2π)."
Theory/History/FullArchive/manuscripts/06_v4-2026-03-09/extraction.md,53,divisor_candidate,"- **a0 = cH0/2π ""geometric first principles"" derivation, presented essentially as a parameter-free prediction (≈1.08×10⁻¹⁰ m/s²):** REJECTED — closest to CURRENTLY ACCEPTED's a0 = cH0/(2π) Dynamic Scale Matching postulate in functional form, but V4 frames it as derived ""from geometric first principles"" / ""fluid-dynamic"
Theory/History/FullArchive/manuscripts/06_v4-2026-03-09/extraction.md,70,divisor_candidate,"- **a0 value:** V4 retains a0 = cH0/2π ≈ 1.08×10⁻¹⁰ m/s² — consistent with the general MOND-scale a0 target, though the exact numeric coefficient/form used in V3.6.2 is not specified in the task context for direct comparison."
Theory/History/FullArchive/manuscripts/06_v4-2026-03-09/source.md,15,undetermined,"The standard ΛCDM cosmological model faces escalating observational tensions, notably the advanced maturity of high-redshift galaxies (z > 14) and kinematic anomalies traditionally attributed to non-baryonic dark matter. We propose the Integrated Toroidal-Syntropic Model (ITSM), which models the universe as an open the"
Theory/History/FullArchive/manuscripts/06_v4-2026-03-09/source.md,49,divisor_candidate,a0 = (c · H0) / 2π ≈ 1.08 × 10⁻¹⁰ m/s²
Theory/History/FullArchive/manuscripts/06_v4-2026-03-09/source.md,116,undetermined,"The Integrated Toroidal-Syntropic Model (ITSM) resolves current cosmological tensions by abandoning the ""Closed Battery"" fallacy in favor of an open thermodynamic manifold. By defining the vacuum as a Superfluid Plenum with a structural geometry of χ = 2π, we derive the a0 threshold from fluid-dynamic first principles,"
Theory/History/FullArchive/manuscripts/07_v5-line-2026-03-09/v5.1-v5.5_delta_notes.md,27,divisor_candidate,"bibliography, no tables/figures.** a0 = 2π(cH0) ≈ 1.33×10⁻¹⁰ m/s² retained unchanged (same"
Theory/History/FullArchive/manuscripts/07_v5-line-2026-03-09/v5.1-v5.5_delta_notes.md,62,divisor_candidate,"`a0 = (2πcH0)/1 ≈ 1.33×10⁻¹⁰ m/s²` — i.e. with a spurious ""/1"" denominator (apparent LaTeX"
Theory/History/FullArchive/manuscripts/07_v5-line-2026-03-09/v5.1-v5.5_delta_notes.md,63,multiplier_candidate,"`\frac{2\pi c H_0}{1}` artifact), whereas the in-body Eq. (4) uses the plain unparenthesized form"
Theory/History/FullArchive/manuscripts/07_v5-line-2026-03-09/v5.1-v5.5_delta_notes.md,64,divisor_candidate,`a0 = 2πcH0`. No numeric or physical content changes — same ≈1.33×10⁻¹⁰ m/s² value — but this is
Theory/History/FullArchive/manuscripts/07_v5-line-2026-03-09/v5.1-v5.5_delta_notes.md,65,divisor_candidate,"the first appearance of the ""unparenthesized"" `2πcH0` notation (vs. v5/V5.1's `2π(cH0)`), a"
Theory/History/FullArchive/manuscripts/07_v5-line-2026-03-09/v5.1-v5.5_delta_notes.md,112,divisor_candidate,"`a0 = 2π(cH0)` form (matching v5/V5.1/V5.6, not V5.3's unparenthesized form). No circulation-integral"
Theory/History/FullArchive/manuscripts/07_v5-line-2026-03-09/v5.1-v5.5_delta_notes.md,128,multiplier_candidate,unparenthesized `a0=2πcH0` notation appearing only in the short-form variants.
Theory/History/FullArchive/manuscripts/07_v5-line-2026-03-09/v5.1-v5.5_delta_notes.md,171,multiplier_candidate,"- **a0 formula notation:** alternates between parenthesized `2π(cH0)` (v5, V5.1, V5.4, V5.6) and"
Theory/History/FullArchive/manuscripts/07_v5-line-2026-03-09/v5.1-v5.5_delta_notes.md,172,divisor_candidate,"unparenthesized `2πcH0` (V5.3, V5.5) — same numeric value (≈1.33×10⁻¹⁰ m/s²) throughout; V5.3's"
Theory/History/FullArchive/manuscripts/07_v5-line-2026-03-09/v5.6_extraction.md,13,divisor_candidate,"- a0 = 2π(cH0) ≈ 1.33×10⁻¹⁰ m/s² ""derive[d]... directly from the topological necessity of quantized circulation within this manifold."""
Theory/History/FullArchive/manuscripts/07_v5-line-2026-03-09/v5.6_extraction.md,20,divisor_candidate,"- Same topological a0 derivation as v5 (T²=S¹×S¹, Hubble radius c/H0, 360° integration → χ=2π multiplier), reworded around ""quantized circulation"" and phonon/fluidic current language."
Theory/History/FullArchive/manuscripts/07_v5-line-2026-03-09/v5.6_extraction.md,41,divisor_candidate,"2. `a0 = 2π(cH0) ≈ 1.33 × 10⁻¹⁰ m/s²` — Eq. (2). Identical formula and value to v5's Eq. (2); still the multiplicative (not divisive) 2π form, differing from V4."
Theory/History/FullArchive/manuscripts/07_v5-line-2026-03-09/v5.6_extraction.md,51,divisor_candidate,- a0 = 2π(cH0) ≈ 1.33 × 10⁻¹⁰ m/s² (same value as v5; still differs from V4's 1.08×10⁻¹⁰ m/s²).
Theory/History/FullArchive/manuscripts/07_v5-line-2026-03-09/v5.6_extraction.md,62,divisor_candidate,"- **a0 = 2π(cH0) ""derived... from topological necessity,"" unconditionally, ≈1.33×10⁻¹⁰ m/s²:** REJECTED — same classification as in v5: presented as a parameter-free topological derivation, and the specific multiplicative functional form still conflicts with the current accepted a0 = cH0/(2π) (Conditional, Dynamic Scal"
Theory/History/FullArchive/manuscripts/07_v5-line-2026-03-09/v5.6_extraction.md,76,divisor_candidate,"- **a0 formula and value unchanged:** both v5 and V5.6 use a0 = 2π(cH0) ≈ 1.33×10⁻¹⁰ m/s², with the same ""toroidal T²=S¹×S¹, 360° integration"" derivation — no change between these two documents on this point."
Theory/History/FullArchive/manuscripts/07_v5-line-2026-03-09/v5.6_source.md,15,undetermined,"The standard ΛCDM cosmological model encounters severe thermodynamic and kinematic constraints when confronting the structural maturity of high-redshift galaxies (z > 14) and anomalous galactic rotation curves. We introduce the Integrated Toroidal-Syntropic Model (ITSM), which deconstructs the phenomenological nature o"
Theory/History/FullArchive/manuscripts/07_v5-line-2026-03-09/v5.6_source.md,62,divisor_candidate,a0 = 2π(cH0) ≈ 1.33 × 10⁻¹⁰ m/s²
Theory/History/FullArchive/manuscripts/07_v5-line-2026-03-09/v5.6_source.md,127,multiplier_candidate,"By identifying the vacuum as an active Superfluid Plenum governed by a toroidal coefficient (χ = 2π), the ITSM completely abolishes the need for standard non-baryonic dark matter. Anchored by the a0 = 2π(cH0) topological derivation, the non-linear fractional Lagrangian, and explicit ETF perturbation equations, the mode"
Theory/History/FullArchive/manuscripts/07_v5-line-2026-03-09/v5_extraction.md,20,divisor_candidate,"- a0 = 2π(cH0) ≈ 1.33×10⁻¹⁰ m/s² — **note: this is a materially different formula from V4's a0 = cH0/2π ≈ 1.08×10⁻¹⁰ m/s²** (multiplying by 2π rather than dividing by 2π), yielding a numerically different a0 despite both being called the same ""geometric yield threshold."""
Theory/History/FullArchive/manuscripts/07_v5-line-2026-03-09/v5_extraction.md,25,multiplier_candidate,"- MOND comparison: ""The ITSM deconstructs this by deriving a0 strictly from topology (a0 = 2πcH0) and explicitly formalizing it via the fractional Lagrangian L_P(φ, X)."""
Theory/History/FullArchive/manuscripts/07_v5-line-2026-03-09/v5_extraction.md,35,divisor_candidate,2. `a0 = 2π(cH0) ≈ 1.33 × 10⁻¹⁰ m/s²` — Eq. (2). Yield threshold as Hubble acceleration multiplied by 2π (topological/circulation-quantization argument); numerically and functionally different from V4's Eq.(1) division form.
Theory/History/FullArchive/manuscripts/07_v5-line-2026-03-09/v5_extraction.md,43,divisor_candidate,"- a0 = 2π(cH0) ≈ 1.33 × 10⁻¹⁰ m/s² (yield threshold; differs from V4's 1.08×10⁻¹⁰ m/s² despite both invoking χ=2π and ""topological/geometric first principles"")."
Theory/History/FullArchive/manuscripts/07_v5-line-2026-03-09/v5_extraction.md,53,divisor_candidate,"- **a0 = 2π(cH0) ≈ 1.33×10⁻¹⁰ m/s² presented as derived ""strictly from topology""/""first principles"":** REJECTED — this is a parameter-free-derivation framing for a0, and moreover the specific multiplicative form (a0 = 2π·c·H0, i.e., multiplying rather than dividing by 2π) is inconsistent with the current accepted a0 = "
Theory/History/FullArchive/manuscripts/07_v5-line-2026-03-09/v5_extraction.md,65,divisor_candidate,"- **a0 derivation changes form and value:** V4 gives a0 = cH0/2π ≈ 1.08×10⁻¹⁰ m/s² (division by 2π). v5 gives a0 = 2π(cH0) ≈ 1.33×10⁻¹⁰ m/s² (multiplication by 2π), justified by a new ""topological quantized circulation"" argument (T²=S¹×S¹, 360° integration) rather than V4's more heuristic ""derived directly from the Hub"
Theory/History/FullArchive/manuscripts/07_v5-line-2026-03-09/v5_source.md,64,divisor_candidate,a0 = 2π(cH0) ≈ 1.33 × 10⁻¹⁰ m/s²
Theory/History/FullArchive/manuscripts/07_v5-line-2026-03-09/v5_source.md,109,multiplier_candidate,Modified Newtonian Dynamics (MOND) operates by phenomenologically altering the laws of inertia or gravity to fit observed galactic rotation curves without providing a fundamental physical mechanism. The ITSM deconstructs this by deriving a0 strictly from topology (a0 = 2πcH0) and explicitly formalizing it via the fract
Theory/History/FullArchive/manuscripts/07_v5-line-2026-03-09/v5_source.md,129,multiplier_candidate,"By identifying the vacuum as a structurally active Superfluid Plenum bound by a toroidal geometry (χ = 2π), the ITSM completely abolishes the need for non-baryonic dark matter. By explicitly formalizing macroscopic fluid dynamics via a non-linear fractional Lagrangian (L_P) and deriving the a0 = 2π(cH0) threshold from "
Theory/History/FullArchive/manuscripts/08_v5.7-v6.0-2026-03-09/v5.7_extraction.md,30,divisor_candidate,"2. `a0 = cH0/(2π) ≈ 1.08 × 10⁻¹⁰ m/s²` — Eq. (2). **CHANGED from V5.6.** V5.6 (and v5, V5.1, V5.4) used the multiplicative form a0 = 2π(cH0) ≈ 1.33×10⁻¹⁰ m/s²; V5.7 flips this to a **divisive** form a0 = cH0/(2π) ≈ 1.08×10⁻¹⁰ m/s², i.e. both the sign of the exponent on the 2π factor and the placement (multiplier → divi"
Theory/History/FullArchive/manuscripts/08_v5.7-v6.0-2026-03-09/v5.7_extraction.md,40,divisor_candidate,"- **a0 = cH0/(2π) ≈ 1.08 × 10⁻¹⁰ m/s² (CHANGED from V5.6's 1.33×10⁻¹⁰ m/s²)** — this is the headline numeric change of this version, silently correcting the formula's placement/sign relative to every prior document in the v5 line (v5, V5.1, V5.3–V5.6 all used the multiplicative 2π(cH0) or 2πcH0 form yielding ≈1.33×10⁻¹"
Theory/History/FullArchive/manuscripts/08_v5.7-v6.0-2026-03-09/v5.7_extraction.md,50,divisor_candidate,"- **a0 = cH0/(2π) ""derived...from the topological necessity,"" unconditionally, ≈1.08×10⁻¹⁰ m/s²:** REJECTED — although this new divisive form is now numerically and structurally *closer* to the CURRENTLY ACCEPTED ""a0 = cH0/(2π) (Conditional, Dynamic Scale Matching postulate)"" formula, it is still presented here as an u"
Theory/History/FullArchive/manuscripts/08_v5.7-v6.0-2026-03-09/v5.7_extraction.md,61,divisor_candidate,"- **a0 formula silently corrected — sign/placement change:** V5.6's `a0 = 2π(cH0) ≈ 1.33×10⁻¹⁰ m/s²` (multiplicative form, ""2π geometric multiplier"") becomes V5.7's `a0 = cH0/(2π) ≈ 1.08×10⁻¹⁰ m/s²` (divisive form, ""2π geometric divisor""). This is a genuine formula correction, not a typo-level change: both the mathemat"
Theory/History/FullArchive/manuscripts/08_v5.7-v6.0-2026-03-09/v5.7_source.md,19,divisor_candidate,a0 = cH0/(2π) ≈ 1.08 × 10⁻¹⁰ m/s²
Theory/History/FullArchive/manuscripts/08_v5.7-v6.0-2026-03-09/v5.7_source.md,63,divisor_candidate,a0 = cH0/(2π) ≈ 1.08 × 10⁻¹⁰ m/s² (2)
Theory/History/FullArchive/manuscripts/08_v5.7-v6.0-2026-03-09/v5.7_source.md,112,divisor_candidate,"By identifying the vacuum as an active Superfluid Plenum governed by a toroidal coefficient (χ = 2π), the ITSM completely abolishes the need for standard non-baryonic dark matter. Anchored by the a0 = cH0/(2π) topological derivation, the non-linear fractional Lagrangian, and explicit ETF perturbation equations, the mod"
Theory/History/FullArchive/manuscripts/08_v5.7-v6.0-2026-03-09/v5.8_extraction.md,12,divisor_candidate,"- Abstract, Introduction, Physical Mechanisms (Section 2), Table 1, and Sections 3.1–3.4 (a0 derivation, field equations, ETF perturbations, Qν divergence) are **carried over verbatim from V5.7**, including the corrected a0 = cH0/(2π) ≈ 1.08×10⁻¹⁰ m/s² formula."
Theory/History/FullArchive/manuscripts/08_v5.7-v6.0-2026-03-09/v5.8_extraction.md,24,divisor_candidate,2. `a0 = cH0/(2π) ≈ 1.08 × 10⁻¹⁰ m/s²` — Eq. (2). Unchanged from V5.7 (the corrected divisive form is retained here).
Theory/History/FullArchive/manuscripts/08_v5.7-v6.0-2026-03-09/v5.8_extraction.md,37,divisor_candidate,- a0 = cH0/(2π) ≈ 1.08 × 10⁻¹⁰ m/s² (unchanged from V5.7).
Theory/History/FullArchive/manuscripts/08_v5.7-v6.0-2026-03-09/v5.8_extraction.md,47,divisor_candidate,"- **a0 = cH0/(2π), unconditional ""topological necessity"" derivation:** REJECTED, per the same reasoning as V5.7 — form now resembles the CURRENTLY ACCEPTED a0=cH0/(2π) postulate, but is asserted unconditionally as a derivation rather than flagged as the CURRENTLY ACCEPTED ""Conditional, Dynamic Scale Matching postulate."
Theory/History/FullArchive/manuscripts/08_v5.7-v6.0-2026-03-09/v5.8_source.md,19,divisor_candidate,a0 = cH0/(2π) ≈ 1.08 × 10⁻¹⁰ m/s²
Theory/History/FullArchive/manuscripts/08_v5.7-v6.0-2026-03-09/v5.8_source.md,63,divisor_candidate,a0 = cH0/(2π) ≈ 1.08 × 10⁻¹⁰ m/s² (2)
Theory/History/FullArchive/manuscripts/08_v5.7-v6.0-2026-03-09/v5.8_source.md,99,divisor_candidate,"We define the radial velocity profile v(r) by mapping the classical Newtonian acceleration g_N(r) = GM_b(r)/r² against the geometric yield threshold a0 = cH0/(2π). The effective acceleration is modified by a fluidic interpolation function µ(x), where x = g_N/a0, such that:"
Theory/History/FullArchive/manuscripts/08_v5.7-v6.0-2026-03-09/v5.8_source.md,142,divisor_candidate,"By identifying the vacuum as an active Superfluid Plenum governed by a toroidal coefficient (χ = 2π), the ITSM completely abolishes the need for standard non-baryonic dark matter. Anchored by the a0 = cH0/(2π) topological derivation, the non-linear fractional Lagrangian, and explicit ETF perturbation equations, the mod"
Theory/History/FullArchive/manuscripts/08_v5.7-v6.0-2026-03-09/v5.9_extraction.md,23,divisor_candidate,2. `a0 = cH0/(2π) ≈ 1.08×10⁻¹⁰ m/s²` — unchanged.
Theory/History/FullArchive/manuscripts/08_v5.7-v6.0-2026-03-09/v5.9_extraction.md,38,divisor_candidate,"All numeric values are **unchanged from V5.8**: a0 = cH0/(2π) ≈ 1.08×10⁻¹⁰ m/s², fractional Lagrangian coefficient 2/3, STRC ∼0.01%, LIGO δf≈H0, lensing 1.2%, intrinsic BTFR scatter ""strictly zero,"" z>14 threshold. No new numeric claims are introduced."
Theory/History/FullArchive/manuscripts/08_v5.7-v6.0-2026-03-09/v5.9_extraction.md,42,divisor_candidate,"- **a0 = cH0/(2π), unconditional derivation claim:** REJECTED, unchanged classification from V5.8."
Theory/History/FullArchive/manuscripts/08_v5.7-v6.0-2026-03-09/v5.9_source.md,19,divisor_candidate,a0 = cH0/(2π) ≈ 1.08 × 10⁻¹⁰ m/s²
Theory/History/FullArchive/manuscripts/08_v5.7-v6.0-2026-03-09/v5.9_source.md,63,divisor_candidate,a0 = cH0/(2π) ≈ 1.08 × 10⁻¹⁰ m/s² (2)
Theory/History/FullArchive/manuscripts/08_v5.7-v6.0-2026-03-09/v5.9_source.md,103,divisor_candidate,"We define the radial velocity profile v(r) by mapping the classical Newtonian acceleration g_N(r) = GM_b(r)/r² against the geometric yield threshold a0 = cH0/(2π). The effective acceleration is modified by a fluidic interpolation function µ(x), where x = g_N/a0, such that:"
Theory/History/FullArchive/manuscripts/08_v5.7-v6.0-2026-03-09/v5.9_source.md,146,divisor_candidate,"By identifying the vacuum as an active Superfluid Plenum governed by a toroidal coefficient (χ = 2π), the ITSM completely abolishes the need for standard non-baryonic dark matter. Anchored by the a0 = cH0/(2π) topological derivation, the non-linear fractional Lagrangian, and explicit ETF perturbation equations, the mod"
Theory/History/FullArchive/manuscripts/08_v5.7-v6.0-2026-03-09/v6.0_extraction.md,26,divisor_candidate,"All eleven equations are **identical in form and value to V5.9** (and hence to V5.8, except where V5.8→V5.9 itself made no equation changes): the a0=cH0/(2π)≈1.08×10⁻¹⁰ m/s² formula, the fractional Lagrangian with 2/3 coefficient, the ETF continuity/Poisson equations, the Σ_syn(z)∝(1+z)⁻³ scaling, the µ(x) interpolatio"
Theory/History/FullArchive/manuscripts/08_v5.7-v6.0-2026-03-09/v6.0_extraction.md,30,divisor_candidate,"All numeric values are **identical to V5.9**: a0≈1.08×10⁻¹⁰ m/s², fractional Lagrangian coefficient 2/3, STRC ∼0.01%, LIGO δf≈H0, lensing 1.2%, intrinsic BTFR scatter ""strictly zero,"" z>14 threshold. No numeric value differs anywhere in the document."
Theory/History/FullArchive/manuscripts/08_v5.7-v6.0-2026-03-09/v6.0_extraction.md,36,divisor_candidate,"- **a0 = cH0/(2π), unconditional derivation claim:** REJECTED."
Theory/History/FullArchive/manuscripts/08_v5.7-v6.0-2026-03-09/v6.0_source.md,21,divisor_candidate,a0 = cH0/(2π) ≈ 1.08 × 10⁻¹⁰ m/s²
Theory/History/FullArchive/manuscripts/08_v5.7-v6.0-2026-03-09/v6.0_source.md,65,divisor_candidate,a0 = cH0/(2π) ≈ 1.08 × 10⁻¹⁰ m/s² (2)
Theory/History/FullArchive/manuscripts/08_v5.7-v6.0-2026-03-09/v6.0_source.md,105,divisor_candidate,"We define the radial velocity profile v(r) by mapping the classical Newtonian acceleration g_N(r) = GM_b(r)/r² against the geometric yield threshold a0 = cH0/(2π). The effective acceleration is modified by a fluidic interpolation function µ(x), where x = g_N/a0, such that:"
Theory/History/FullArchive/manuscripts/08_v5.7-v6.0-2026-03-09/v6.0_source.md,148,divisor_candidate,"By identifying the vacuum as an active Superfluid Plenum governed by a toroidal coefficient (χ = 2π), the ITSM completely abolishes the need for standard non-baryonic dark matter. Anchored by the a0 = cH0/(2π) topological derivation, the non-linear fractional Lagrangian, and explicit ETF perturbation equations, the mod"
Theory/History/FullArchive/manuscripts/09_v6.1-v7.2-2026-03-09/v6.1_extraction.md,29,divisor_candidate,2. Eq. 2: a0 = cH0/(2π) ≈ 1.08×10⁻¹⁰ m/s² — topological yield-threshold derivation (identical to V6.0).
Theory/History/FullArchive/manuscripts/09_v6.1-v7.2-2026-03-09/v6.1_extraction.md,52,divisor_candidate,"- **a0 = cH0/(2π), unconditional derivation claim:** REJECTED."
Theory/History/FullArchive/manuscripts/09_v6.1-v7.2-2026-03-09/v6.1_source.md,19,divisor_candidate,a0 = cH0/(2π) ≈ 1.08 × 10⁻¹⁰ m/s²
Theory/History/FullArchive/manuscripts/09_v6.1-v7.2-2026-03-09/v6.1_source.md,63,divisor_candidate,a0 = cH0/(2π) ≈ 1.08 × 10⁻¹⁰ m/s² (2)
Theory/History/FullArchive/manuscripts/09_v6.1-v7.2-2026-03-09/v6.1_source.md,103,divisor_candidate,"We define the radial velocity profile v(r) by mapping the classical Newtonian acceleration g_N(r) = GM_b(r)/r² against the geometric yield threshold a0 = cH0/(2π). The effective acceleration is modified by a fluidic interpolation function µ(x), where x = g_N/a0, such that:"
Theory/History/FullArchive/manuscripts/09_v6.1-v7.2-2026-03-09/v6.1_source.md,143,divisor_candidate,"By identifying the vacuum as an active Superfluid Plenum governed by a toroidal coefficient (χ = 2π), the ITSM completely abolishes the need for standard non-baryonic dark matter. Anchored by the a0 = cH0/(2π) topological derivation, the non-linear fractional Lagrangian, and explicit ETF perturbation equations, the mod"
Theory/History/FullArchive/manuscripts/09_v6.1-v7.2-2026-03-09/v7.0_extraction.md,29,divisor_candidate,2. Eq. 2: a0 = cH0/(2π) ≈ 1.08×10⁻¹⁰ m/s² — topological yield threshold (unchanged).
Theory/History/FullArchive/manuscripts/09_v6.1-v7.2-2026-03-09/v7.0_extraction.md,59,divisor_candidate,"- **a0 = cH0/(2π), unconditional derivation:** REJECTED."
Theory/History/FullArchive/manuscripts/09_v6.1-v7.2-2026-03-09/v7.0_source.md,17,undetermined,"The standard ΛCDM cosmological model encounters severe kinematic constraints when confronting anomalous galactic rotation curves, alongside emerging thermodynamic tensions regarding the structural maturity of high-redshift galaxies (z > 14). We introduce the Integrated Toroidal-Syntropic Model (ITSM), which deconstruct"
Theory/History/FullArchive/manuscripts/09_v6.1-v7.2-2026-03-09/v7.0_source.md,59,divisor_candidate,a0 = cH0/(2π) ≈ 1.08 × 10⁻¹⁰ m/s² (2)
Theory/History/FullArchive/manuscripts/09_v6.1-v7.2-2026-03-09/v7.0_source.md,115,divisor_candidate,"We define the radial velocity profile v(r) by mapping the classical Newtonian acceleration g_N(r) = GM_b(r)/r² against the geometric yield threshold a0 = cH0/(2π). The effective acceleration is modified by a fluidic interpolation function µ(x), where x = g_N/a0, such that:"
Theory/History/FullArchive/manuscripts/09_v6.1-v7.2-2026-03-09/v7.0_source.md,179,divisor_candidate,"By identifying the vacuum as an active Superfluid Plenum governed by a toroidal coefficient (χ = 2π), the ITSM completely abolishes the need for standard non-baryonic dark matter. Anchored by the a0 = cH0/(2π) topological derivation, the unconditionally stable fractional Lagrangian, and explicit ETF perturbation equati"
Theory/History/FullArchive/manuscripts/09_v6.1-v7.2-2026-03-09/v7.0_source.md,219,divisor_candidate,The ITSM framework requires zero arbitrary mass-halo free parameters to resolve the Spitzer Photometry and Accurate Rotation Curves (SPARC) database [9]. Standard phenomenological fits utilizing the Radial Acceleration Relation (RAR) identify an empirical g_obs convergence. Because the topological derivation a0 = cH0/(
Theory/History/FullArchive/manuscripts/09_v6.1-v7.2-2026-03-09/v7.1_extraction.md,13,divisor_candidate,"- **Section 3.1 retitled and reworded** ""Macroscopic Circulation Quantization and the Yield Threshold (a0)"": introduces a Bohr-Sommerfeld quantization condition ∮v·dl = κ (new Eq. 2) as the formal basis for deriving a0, replacing V6.1/V7.0's ""full 360° integration... strict 2π geometric divisor"" prose derivation. Still"
Theory/History/FullArchive/manuscripts/09_v6.1-v7.2-2026-03-09/v7.1_extraction.md,16,divisor_candidate,"- **New Section 4.2 ""Differentiating ITSM from MOND: The Redshift Evolution of a0""**: introduces a0(z) = cH(z)/(2π) (new Eq. 11), claimed as ""a definitive falsifiability metric"" distinguishing ITSM (dynamic a0) from MOND (static a0), predicting ""high-redshift galaxies will exhibit rotation curve flattening at a mathema"
Theory/History/FullArchive/manuscripts/09_v6.1-v7.2-2026-03-09/v7.1_extraction.md,28,divisor_candidate,"3. Eq. 3: a0 = cH0/(2π) ≈ 1.08×10⁻¹⁰ m/s² — unchanged result, now framed as following from Eq. 2."
Theory/History/FullArchive/manuscripts/09_v6.1-v7.2-2026-03-09/v7.1_extraction.md,36,divisor_candidate,11. Eq. 11: a0(z) = cH(z)/(2π) — **new**: redshift evolution of the yield threshold.
Theory/History/FullArchive/manuscripts/09_v6.1-v7.2-2026-03-09/v7.1_extraction.md,54,divisor_candidate,"- **a0 = cH0/(2π), unconditional derivation:** REJECTED — now framed via Bohr-Sommerfeld quantization (Eq. 2) rather than the ""2π divisor"" prose, but the underlying claim (a0 as parameter-free, unconditionally derived) is unchanged and REJECTED."
Theory/History/FullArchive/manuscripts/09_v6.1-v7.2-2026-03-09/v7.1_extraction.md,71,divisor_candidate,"- **Section 3.1 reworded** to introduce Bohr-Sommerfeld quantization (new Eq. 2) as the formal derivation mechanism for a0, replacing the ""360° integration/2π divisor"" prose of V6.1–V7.0. The result (Eq. 3) is unchanged."
Theory/History/FullArchive/manuscripts/09_v6.1-v7.2-2026-03-09/v7.1_extraction.md,75,divisor_candidate,"- **New §4.2 ""Differentiating ITSM from MOND: The Redshift Evolution of a0""** replaces the deleted EFE subsection, introducing a0(z)=cH(z)/(2π) (new Eq. 11) as the new falsifiability differentiator from MOND."
Theory/History/FullArchive/manuscripts/09_v6.1-v7.2-2026-03-09/v7.1_source.md,17,undetermined,"The standard ΛCDM cosmological model encounters severe kinematic constraints when confronting anomalous galactic rotation curves, alongside emerging thermodynamic tensions regarding the structural maturity of high-redshift galaxies (z > 14). We introduce the Integrated Toroidal-Syntropic Model (ITSM), which deconstruct"
Theory/History/FullArchive/manuscripts/09_v6.1-v7.2-2026-03-09/v7.1_source.md,59,divisor_candidate,a0 = cH0/(2π) ≈ 1.08 × 10⁻¹⁰ m/s² (3)
Theory/History/FullArchive/manuscripts/09_v6.1-v7.2-2026-03-09/v7.1_source.md,113,divisor_candidate,"Because the ITSM derives a0 = cH0/(2π), and the Hubble parameter H(z) evolves over cosmic time, the ITSM explicitly predicts the redshift evolution of the yield threshold:"
Theory/History/FullArchive/manuscripts/09_v6.1-v7.2-2026-03-09/v7.1_source.md,115,divisor_candidate,a0(z) = cH(z)/(2π) (11)
Theory/History/FullArchive/manuscripts/09_v6.1-v7.2-2026-03-09/v7.2_extraction.md,14,divisor_candidate,"- **Section 3.1 rewritten with a more explicit derivation chain**: introduces κ = c²/H0 as ""the fundamental cosmological circulation quantum... bound by this horizon,"" and re-derives a0 = κ/l/(2π) = cH0/(2π) as a three-step chain (previously, V7.1 asserted the Bohr-Sommerfeld condition and result without spelling out κ"
Theory/History/FullArchive/manuscripts/09_v6.1-v7.2-2026-03-09/v7.2_extraction.md,27,divisor_candidate,"3. Eq. 3: a0 = κ/l/(2π) = (c²/(c/H0))/(2π) = cH0/(2π) ≈ 1.08×10⁻¹⁰ m/s² — **expanded derivation chain** relative to V7.1 (same final result, more explicit intermediate algebra shown)."
Theory/History/FullArchive/manuscripts/09_v6.1-v7.2-2026-03-09/v7.2_extraction.md,35,divisor_candidate,11. Eq. 11: a0(z) = cH(z)/(2π) — unchanged from V7.1.
Theory/History/FullArchive/manuscripts/09_v6.1-v7.2-2026-03-09/v7.2_extraction.md,57,divisor_candidate,"- **a0 = cH0/(2π), unconditional derivation:** REJECTED — now given an even more explicit derivation chain (κ=c²/H0 spelled out), but the underlying unconditional-derivation claim is unchanged and still REJECTED."
Theory/History/FullArchive/manuscripts/09_v6.1-v7.2-2026-03-09/v7.2_source.md,17,undetermined,"The standard ΛCDM cosmological model encounters severe kinematic constraints when confronting anomalous galactic rotation curves, alongside emerging thermodynamic tensions regarding the structural maturity of high-redshift galaxies (z > 14). We introduce the Integrated Toroidal-Syntropic Model (ITSM), which deconstruct"
Theory/History/FullArchive/manuscripts/09_v6.1-v7.2-2026-03-09/v7.2_source.md,63,multiplier_candidate,"The critical acceleration threshold (a0) emerges natively by distributing the kinematic yield across the full 2π angular topology of the toroidal phase space. Thus, the localized point where baryonic excitations couple to the quantized inertia of the Hubble flow is exactly derived:"
Theory/History/FullArchive/manuscripts/09_v6.1-v7.2-2026-03-09/v7.2_source.md,65,divisor_candidate,a0 = κ/l / (2π) = (c²/(c/H0))/(2π) = cH0/(2π) ≈ 1.08 × 10⁻¹⁰ m/s² (3)
Theory/History/FullArchive/manuscripts/09_v6.1-v7.2-2026-03-09/v7.2_source.md,119,divisor_candidate,"Because the ITSM derives a0 = cH0/(2π), and the Hubble parameter H(z) evolves over cosmic time, the ITSM explicitly predicts the redshift evolution of the yield threshold:"
Theory/History/FullArchive/manuscripts/09_v6.1-v7.2-2026-03-09/v7.2_source.md,121,divisor_candidate,a0(z) = cH(z)/(2π) (11)
Theory/History/FullArchive/manuscripts/10_v7.3-v7.8-2026-03-13/v7.3_extraction.md,12,divisor_candidate,"- Abstract: ""we derive the gravitational yield threshold a0 = cH0/2π ≈ 1.08×10⁻¹⁰ m/s²... To bridge fluid dynamics to relativistic physics, we introduce an unconditionally stable non-linear fractional Lagrangian."""
Theory/History/FullArchive/manuscripts/10_v7.3-v7.8-2026-03-13/v7.3_extraction.md,14,divisor_candidate,- Section III.A: a0 derivation via κ = c²/H0 circulation quantum and 2π angular distribution — retained from V7.2.
Theory/History/FullArchive/manuscripts/10_v7.3-v7.8-2026-03-13/v7.3_extraction.md,17,divisor_candidate,"- Section IV.B: a0(z) = cH(z)/2π presented as ""a definitive falsifiability metric against static modifications of inertia."""
Theory/History/FullArchive/manuscripts/10_v7.3-v7.8-2026-03-13/v7.3_extraction.md,29,divisor_candidate,3. Eq. 3: a0 = (κ/l)/2π = [c²/(c/H0)]/2π = cH0/2π ≈ 1.08×10⁻¹⁰ m/s² — yield-threshold derivation; unchanged from V7.2.
Theory/History/FullArchive/manuscripts/10_v7.3-v7.8-2026-03-13/v7.3_extraction.md,37,divisor_candidate,11. Eq. 11: a0(z) = cH(z)/2π — redshift evolution of the yield threshold; unchanged.
Theory/History/FullArchive/manuscripts/10_v7.3-v7.8-2026-03-13/v7.3_extraction.md,52,divisor_candidate,"- **a0 = cH0/2π, unconditional derivation:** REJECTED — same derivation chain as V7.2/V7.1, presented as an exact rather than conditional (Dynamic Scale Matching) result."
Theory/History/FullArchive/manuscripts/10_v7.3-v7.8-2026-03-13/v7.3_extraction.md,55,divisor_candidate,"- **a0 = cH0/2π as Dynamic Scale Matching (Conditional):** the document presents it as an exact, parameter-free derivation rather than a conditional postulate — REJECTED framing persists."
Theory/History/FullArchive/manuscripts/10_v7.3-v7.8-2026-03-13/v7.3_source.md,11,undetermined,"The standard ΛCDM cosmological model encounters severe kinematic constraints when confronting anomalous galactic rotation curves, alongside emerging thermodynamic tensions regarding the structural maturity of high-redshift galaxies (z > 14). We introduce the Integrated Toroidal-Syntropic Model (ITSM), which deconstruct"
Theory/History/FullArchive/manuscripts/10_v7.3-v7.8-2026-03-13/v7.3_source.md,57,multiplier_candidate,"The critical acceleration threshold (a0) emerges natively by distributing the kinematic yield across the full 2π angular topology of the toroidal phase space. Thus, the localized point where baryonic excitations couple to the quantized inertia of the Hubble flow is exactly derived:"
Theory/History/FullArchive/manuscripts/10_v7.3-v7.8-2026-03-13/v7.3_source.md,59,divisor_candidate,a0 = (κ/l)/2π = [c²/(c/H0)]/2π = cH0/2π ≈ 1.08 × 10⁻¹⁰ m/s² (3)
Theory/History/FullArchive/manuscripts/10_v7.3-v7.8-2026-03-13/v7.3_source.md,105,divisor_candidate,"While MOND phenomenologically reproduces the BTFR, it assumes a0 is a universal, static constant. The ITSM fundamentally divorces from MOND by defining a0 as a dynamic fluid property coupled to the macroscopic expansion rate. Because the ITSM derives a0 = cH0/2π and the Hubble parameter H(z) evolves over cosmic time, t"
Theory/History/FullArchive/manuscripts/10_v7.3-v7.8-2026-03-13/v7.3_source.md,107,divisor_candidate,a0(z) = cH(z)/2π (11)
Theory/History/FullArchive/manuscripts/10_v7.3-v7.8-2026-03-13/v7.3_source.md,139,divisor_candidate,"The Integrated Toroidal-Syntropic Model (ITSM) resolves current cosmological tensions by formalizing an open thermodynamic manifold governed by an unconditionally stable, ghost-free fractional Lagrangian. By deriving the a0 ≈ 1.08 × 10⁻¹⁰ m/s² threshold from macroscopic circulation quantization (χ = 2π), the model nati"
Theory/History/FullArchive/manuscripts/10_v7.3-v7.8-2026-03-13/v7.6_extraction.md,37,divisor_candidate,"- **a0 = cH0/2π, fractional Lagrangian 2/3, T³ topology overclaim, stability analysis:** same classifications as v7.3 (REJECTED for the unconditional a0/Lagrangian-derivation framing; T³ as CURRENTLY ACCEPTED conditional postulate but overstated as ""requisite""; the Hamiltonian/sound-speed stability derivation itself re"
Theory/History/FullArchive/manuscripts/10_v7.3-v7.8-2026-03-13/v7.6_source.md,11,undetermined,"The standard ΛCDM cosmological model encounters severe kinematic constraints when confronting anomalous galactic rotation curves, alongside emerging thermodynamic tensions regarding the structural maturity of high-redshift galaxies (z > 14). We introduce the Integrated Toroidal-Syntropic Model (ITSM), which deconstruct"
Theory/History/FullArchive/manuscripts/10_v7.3-v7.8-2026-03-13/v7.6_source.md,57,multiplier_candidate,"The critical acceleration threshold (a0) emerges natively by distributing the kinematic yield across the full 2π angular topology of the toroidal phase space. Thus, the localized point where baryonic excitations couple to the quantized inertia of the Hubble flow is exactly derived:"
Theory/History/FullArchive/manuscripts/10_v7.3-v7.8-2026-03-13/v7.6_source.md,59,divisor_candidate,a0 = (κ/l)/2π = [c²/(c/H0)]/2π = cH0/2π ≈ 1.08 × 10⁻¹⁰ m/s² (3)
Theory/History/FullArchive/manuscripts/10_v7.3-v7.8-2026-03-13/v7.6_source.md,109,divisor_candidate,"While MOND phenomenologically reproduces the BTFR, it assumes a0 is a universal, static constant. The ITSM fundamentally divorces from MOND by defining a0 as a dynamic fluid property coupled to the macroscopic expansion rate. Because the ITSM derives a0 = cH0/2π and the Hubble parameter H(z) evolves over cosmic time, t"
Theory/History/FullArchive/manuscripts/10_v7.3-v7.8-2026-03-13/v7.6_source.md,111,divisor_candidate,a0(z) = cH(z)/2π (11)
Theory/History/FullArchive/manuscripts/10_v7.3-v7.8-2026-03-13/v7.6_source.md,155,divisor_candidate,"The Integrated Toroidal-Syntropic Model (ITSM) resolves current cosmological tensions by formalizing an open thermodynamic manifold governed by an unconditionally stable, ghost-free fractional Lagrangian. By deriving the a0 ≈ 1.08 × 10⁻¹⁰ m/s² threshold from macroscopic circulation quantization (χ = 2π), the model nati"
Theory/History/FullArchive/manuscripts/10_v7.3-v7.8-2026-03-13/v7.8_extraction.md,34,divisor_candidate,"- **New, fabricated**: Script 4's `H_early = 67.4` and `H_late = 73.0` are real headline Planck/SH0ES-adjacent H0 values, but the cosine-interpolation function connecting them is invented for this script with no citation, no fit to actual directional H0 measurements, and no connection shown to the toroidal a0(z) formal"
Theory/History/FullArchive/manuscripts/10_v7.3-v7.8-2026-03-13/v7.8_extraction.md,45,divisor_candidate,"- **Compact T³ topology, a0=cH0/2π, fractional Lagrangian coefficient, stability analysis (Eq. 8):** same classifications as v7.3/v7.6 (REJECTED framing for a0/Lagrangian-as-unconditional-derivation and T³-as-requisite; the Hamiltonian/sound-speed derivation itself remains a legitimate CURRENTLY ACCEPTED-consistent tec"
Theory/History/FullArchive/manuscripts/10_v7.3-v7.8-2026-03-13/v7.8_source.md,11,undetermined,"The standard ΛCDM cosmological model encounters severe kinematic constraints when confronting anomalous galactic rotation curves, alongside emerging thermodynamic tensions regarding the structural maturity of high-redshift galaxies (z > 14). We introduce the Integrated Toroidal-Syntropic Model (ITSM), which deconstruct"
Theory/History/FullArchive/manuscripts/10_v7.3-v7.8-2026-03-13/v7.8_source.md,61,multiplier_candidate,"The critical acceleration threshold (a0) emerges natively by distributing the kinematic yield across the full 2π angular topology of the toroidal phase space. Thus, the localized point where baryonic excitations couple to the quantized inertia of the Hubble flow is exactly derived:"
Theory/History/FullArchive/manuscripts/10_v7.3-v7.8-2026-03-13/v7.8_source.md,63,divisor_candidate,a0 = (κ/l)/2π = [c²/(c/H0)]/2π = cH0/2π ≈ 1.08 × 10⁻¹⁰ m/s² (3)
Theory/History/FullArchive/manuscripts/10_v7.3-v7.8-2026-03-13/v7.8_source.md,113,divisor_candidate,"While MOND phenomenologically reproduces the BTFR, it assumes a0 is a universal, static constant. The ITSM fundamentally divorces from MOND by defining a0 as a dynamic fluid property coupled to the macroscopic expansion rate. Because the ITSM derives a0 = cH0/2π and the Hubble parameter H(z) evolves over cosmic time, t"
Theory/History/FullArchive/manuscripts/10_v7.3-v7.8-2026-03-13/v7.8_source.md,115,divisor_candidate,a0(z) = cH(z)/2π (11)
Theory/History/FullArchive/manuscripts/10_v7.3-v7.8-2026-03-13/v7.8_source.md,159,divisor_candidate,"The Integrated Toroidal-Syntropic Model (ITSM) resolves current cosmological tensions by formalizing an open thermodynamic manifold governed by an unconditionally stable, ghost-free fractional Lagrangian. By deriving the a0 ≈ 1.08 × 10⁻¹⁰ m/s² threshold from macroscopic circulation quantization (χ = 2π), the model nati"
Theory/History/FullArchive/manuscripts/11_main-manuscript-latex-print-2026-03/extraction.md,18,undetermined,"- Appendix A Script 1 (**""Statistical χ² Extraction (NGC 1560)""**): described as ""Upgraded to extract the reduced χ² statistic, establishing the mathematical baseline required for full Markov-Chain Monte Carlo (MCMC) posterior probability distributions."" Contains the code comment ""# Derived from first principles: a_0 ="
Theory/History/FullArchive/manuscripts/11_main-manuscript-latex-print-2026-03/extraction.md,44,divisor_candidate,"- **a0=cH0/2π as Dynamic Scale Matching (Conditional), compact T³ topology (Conditional):** same overclaiming pattern as v7.3/v7.6/v7.8 persists in §III.A/§II.B (""theoretically requisite,"" exact derivation chain presented without conditional framing) — REJECTED framing for the ""exact derivation"" self-characterization, "
Theory/History/FullArchive/manuscripts/11_main-manuscript-latex-print-2026-03/extraction.md,46,divisor_candidate,"- **""Zero free parameters""/""first principles"" claims:** mixed — the abstract and Conclusion are notably de-escalated relative to v7.x (""a strong statistical fit"" vs. ""predictive supremacy""; ""broad applicability"" vs. an enumerated list of ""resolved"" tensions), but Script 1's code comment ""# Derived from first principles"
Theory/History/FullArchive/manuscripts/11_main-manuscript-latex-print-2026-03/source.md,13,undetermined,"The standard ΛCDM cosmological model encounters severe kinematic constraints when confronting anomalous galactic rotation curves, alongside emerging thermodynamic tensions regarding the structural maturity of high-redshift galaxies (z > 14). We introduce the Integrated Toroidal-Syntropic Model (ITSM), which deconstruct"
Theory/History/FullArchive/manuscripts/11_main-manuscript-latex-print-2026-03/source.md,61,undetermined,The critical acceleration threshold (a0) emerges natively by distributing the kinematic yield across the full 2π angular topology of the toroidal phase space:
Theory/History/FullArchive/manuscripts/11_main-manuscript-latex-print-2026-03/source.md,63,divisor_candidate,a0 = (κ/l)/2π = [c²/(c/H0)]/2π = cH0/2π ≈ 1.08 × 10⁻¹⁰ m/s² (3)
Theory/History/FullArchive/manuscripts/11_main-manuscript-latex-print-2026-03/source.md,103,undetermined,"While MOND phenomenologically modifies the laws of gravity to fit the Baryonic Tully-Fisher Relation, it assumes a0 is a universal static constant. The ITSM fundamentally diverges from modified gravity. Under the ITSM, the rotation curve plateau is entirely the result of macroscopic vacuum drag within the Superfluid Pl"
Theory/History/FullArchive/manuscripts/11_main-manuscript-latex-print-2026-03/source.md,170,divisor_candidate,# Derived from first principles: a_0 = c * H_0 / 2pi
Theory/History/FullArchive/manuscripts/12_master7-2026-03-15/extraction.md,30,divisor_candidate,2. a0 = (κ/l)/2π = [c²/(c/H0)]/2π = cH0/2π ≈ 1.08×10⁻¹⁰ m/s² — circulation-quantization derivation of the MOND-like acceleration scale.
Theory/History/FullArchive/manuscripts/12_master7-2026-03-15/extraction.md,57,divisor_candidate,"- **a0=cH0/2π as Dynamic Scale Matching (Conditional), compact T³/toroidal topology (Conditional):** presented with the same ""theoretically requisite"" overclaiming as the rest of the lineage — REJECTED framing for the ""requisite""/exact-derivation self-characterization, though the underlying physical content (a0=cH0/2π,"
Theory/History/FullArchive/manuscripts/12_master7-2026-03-15/source.md,11,undetermined,"The standard ΛCDM cosmological model encounters severe kinematic constraints when confronting anomalous galactic rotation curves, alongside emerging thermodynamic tensions regarding the structural maturity of high-redshift galaxies (z > 14). We introduce the Integrated Toroidal-Syntropic Model (ITSM), a Closed Framewor"
Theory/History/FullArchive/manuscripts/12_master7-2026-03-15/source.md,57,undetermined,The critical acceleration threshold (a0) emerges natively by distributing the kinematic yield across the full 2π angular topology of the toroidal phase space:
Theory/History/FullArchive/manuscripts/12_master7-2026-03-15/source.md,59,divisor_candidate,a0 = (κ/l)/2π = [c²/(c/H0)]/2π = cH0/2π ≈ 1.08 × 10⁻¹⁰ m/s² (2)
Theory/History/FullArchive/manuscripts/12_master7-2026-03-15/source.md,103,divisor_candidate,"While MOND phenomenologically modifies the laws of gravity to fit the Baryonic Tully-Fisher Relation, it assumes a0 is a universal static constant. Under the ITSM, the rotation curve plateau is entirely the result of macroscopic vacuum drag within the Superfluid Plenum. Because a0 = cH0/2π, the ITSM uniquely predicts t"
Theory/History/FullArchive/manuscripts/13_v7.7-worktree-2026-04-29/extraction.md,18,divisor_candidate,"- Appendix Script 1 code comments: ""**Derived from first principles: a_0 = c * H_0 / 2pi**"" and ""**Correcting the 3333 figure to the precise theoretical yield**"" — both verbatim matches to the Main Manuscript LaTeX Print's Script 1 comments (the same code-level overclaiming/undocumented-correction pattern noted there),"
Theory/History/FullArchive/manuscripts/13_v7.7-worktree-2026-04-29/extraction.md,27,divisor_candidate,3. a0 = cH0/2π ≈ 1.08×10⁻¹⁰ m/s²
Theory/History/FullArchive/manuscripts/13_v7.7-worktree-2026-04-29/extraction.md,52,divisor_candidate,"- **a0=cH0/2π (Conditional), toroidal/T³ topology (Conditional):** same ""theoretically requisite"" overclaiming pattern as the rest of the lineage for the self-characterization — REJECTED framing for ""requisite,"" though the underlying postulates remain CURRENTLY ACCEPTED as conditional."
Theory/History/FullArchive/manuscripts/13_v7.7-worktree-2026-04-29/source.md,13,undetermined,"The standard ΛCDM cosmological model encounters severe kinematic constraints when confronting anomalous galactic rotation curves, alongside emerging thermodynamic tensions regarding the structural maturity of high-redshift galaxies (z > 14). We introduce the Integrated Toroidal-Syntropic Model (ITSM), which deconstruct"
Theory/History/FullArchive/manuscripts/13_v7.7-worktree-2026-04-29/source.md,59,undetermined,The critical acceleration threshold (a0) emerges natively by distributing the kinematic yield across the full 2π angular topology of the toroidal phase space:
Theory/History/FullArchive/manuscripts/13_v7.7-worktree-2026-04-29/source.md,61,divisor_candidate,a0 = (κ/l)/2π = [c²/(c/H0)]/2π = cH0/2π ≈ 1.08 × 10⁻¹⁰ m/s² (3)
Theory/History/FullArchive/manuscripts/13_v7.7-worktree-2026-04-29/source.md,101,undetermined,"While MOND phenomenologically modifies the laws of gravity to fit the Baryonic Tully-Fisher Relation, it assumes a0 is a universal static constant. The ITSM fundamentally diverges from modified gravity. Under the ITSM, the rotation curve plateau is entirely the result of macroscopic vacuum drag within the Superfluid Pl"
Theory/History/FullArchive/manuscripts/13_v7.7-worktree-2026-04-29/source.md,166,divisor_candidate,# Derived from first principles: a_0 = c * H_0 / 2pi
Theory/History/FullArchive/manuscripts/14_master-1-2-5-2026-03-14/master1_extraction.md,30,divisor_candidate,3. a0 = cH0/2π ≈ 1.08×10⁻¹⁰ m/s²
Theory/History/FullArchive/manuscripts/14_master-1-2-5-2026-03-14/master1_extraction.md,38,divisor_candidate,"11. a0(z) = cH(z)/2π — explicit redshift-evolution equation, presented as a distinct numbered equation (§IV.C), more prominent than in Master7/Main Manuscript where the same idea is discussed only in prose."
Theory/History/FullArchive/manuscripts/14_master-1-2-5-2026-03-14/master1_extraction.md,57,divisor_candidate,"- **a0=cH0/2π (Conditional), toroidal/T³ topology (Conditional):** REJECTED framing for the self-characterization (""not an arbitrary geometric parameter; it is theoretically requisite... perfectly aligns... exact Euclidean metric"") — the strongest overclaiming of this postulate's certainty found in the batch; underlyin"
Theory/History/FullArchive/manuscripts/14_master-1-2-5-2026-03-14/master1_source.md,11,undetermined,"The standard ΛCDM cosmological model encounters severe kinematic constraints when confronting anomalous galactic rotation curves, alongside emerging thermodynamic tensions regarding the structural maturity of high-redshift galaxies (z > 14). We introduce the Integrated Toroidal-Syntropic Model (ITSM), which deconstruct"
Theory/History/FullArchive/manuscripts/14_master-1-2-5-2026-03-14/master1_source.md,59,multiplier_candidate,"The critical acceleration threshold (a0) emerges natively by distributing the kinematic yield across the full 2π angular topology of the toroidal phase space. Thus, the localized point where baryonic excitations couple to the quantized inertia of the Hubble flow is **exactly derived**:"
Theory/History/FullArchive/manuscripts/14_master-1-2-5-2026-03-14/master1_source.md,61,divisor_candidate,a0 = (κ/l)/2π = [c²/(c/H0)]/2π = cH0/2π ≈ 1.08 × 10⁻¹⁰ m/s² (3)
Theory/History/FullArchive/manuscripts/14_master-1-2-5-2026-03-14/master1_source.md,113,divisor_candidate,"While MOND phenomenologically reproduces the BTFR, it assumes a0 is a universal, static constant. The ITSM fundamentally divorces from MOND by defining a0 as a dynamic fluid property coupled to the macroscopic expansion rate. Because the ITSM derives a0 = cH0/2π and the Hubble parameter H(z) evolves over cosmic time, t"
Theory/History/FullArchive/manuscripts/14_master-1-2-5-2026-03-14/master1_source.md,115,divisor_candidate,a0(z) = cH(z)/2π (11)
Theory/History/FullArchive/manuscripts/14_master-1-2-5-2026-03-14/master1_source.md,158,divisor_candidate,"The Integrated Toroidal-Syntropic Model (ITSM) resolves current cosmological tensions by formalizing an open thermodynamic manifold governed by **an unconditionally stable, ghost-free fractional Lagrangian.** By deriving the a0 ≈ 1.08 × 10⁻¹⁰ m/s² threshold from macroscopic circulation quantization (χ = 2π), the model "
Theory/History/FullArchive/manuscripts/14_master-1-2-5-2026-03-14/master2_extraction.md,38,divisor_candidate,"- **a0=cH0/2π, toroidal/T³ topology:** REJECTED framing for the ""theoretically requisite... exact Euclidean metric"" self-characterization; content itself remains CURRENTLY ACCEPTED as conditional."
Theory/History/FullArchive/manuscripts/14_master-1-2-5-2026-03-14/master2_source.md,13,undetermined,"The standard ΛCDM cosmological model encounters severe kinematic constraints when confronting anomalous galactic rotation curves, alongside emerging thermodynamic tensions regarding the structural maturity of high-redshift galaxies (z > 14). We introduce the Integrated Toroidal-Syntropic Model (ITSM), which deconstruct"
Theory/History/FullArchive/manuscripts/14_master-1-2-5-2026-03-14/master2_source.md,61,multiplier_candidate,"The critical acceleration threshold (a0) emerges natively by distributing the kinematic yield across the full 2π angular topology of the toroidal phase space. Thus, the localized point where baryonic excitations couple to the quantized inertia of the Hubble flow is **exactly derived**:"
Theory/History/FullArchive/manuscripts/14_master-1-2-5-2026-03-14/master2_source.md,63,divisor_candidate,a0 = (κ/l)/2π = [c²/(c/H0)]/2π = cH0/2π ≈ 1.08 × 10⁻¹⁰ m/s² (3)
Theory/History/FullArchive/manuscripts/14_master-1-2-5-2026-03-14/master2_source.md,115,divisor_candidate,"While MOND phenomenologically reproduces the BTFR, it assumes a0 is a universal, static constant. The ITSM fundamentally divorces from MOND by defining a0 as a dynamic fluid property coupled to the macroscopic expansion rate. Because the ITSM derives a0 = cH0/2π and the Hubble parameter H(z) evolves over cosmic time, t"
Theory/History/FullArchive/manuscripts/14_master-1-2-5-2026-03-14/master2_source.md,117,divisor_candidate,a0(z) = cH(z)/2π (11)
Theory/History/FullArchive/manuscripts/14_master-1-2-5-2026-03-14/master2_source.md,160,divisor_candidate,"The Integrated Toroidal-Syntropic Model (ITSM) resolves current cosmological tensions by formalizing an open thermodynamic manifold governed by **an unconditionally stable, ghost-free fractional Lagrangian.** By deriving the a0 ≈ 1.08 × 10⁻¹⁰ m/s² threshold from macroscopic circulation quantization (χ = 2π), the model "
Theory/History/FullArchive/manuscripts/14_master-1-2-5-2026-03-14/master5_extraction.md,39,divisor_candidate,"- **a0=cH0/2π (Conditional), toroidal/T³ topology (Conditional):** same ""theoretically requisite"" overclaiming pattern for the self-characterization as the rest of the lineage — REJECTED framing, content itself CURRENTLY ACCEPTED as conditional."
Theory/History/FullArchive/manuscripts/14_master-1-2-5-2026-03-14/master5_source.md,13,undetermined,"The standard ΛCDM cosmological model encounters severe kinematic constraints when confronting anomalous galactic rotation curves, alongside emerging thermodynamic tensions regarding the structural maturity of high-redshift galaxies (z > 14). We introduce the Integrated Toroidal-Syntropic Model (ITSM), which deconstruct"
Theory/History/FullArchive/manuscripts/14_master-1-2-5-2026-03-14/master5_source.md,59,undetermined,The critical acceleration threshold (a0) emerges natively by distributing the kinematic yield across the full 2π angular topology of the toroidal phase space:
Theory/History/FullArchive/manuscripts/14_master-1-2-5-2026-03-14/master5_source.md,61,divisor_candidate,a0 = (κ/l)/2π = [c²/(c/H0)]/2π = cH0/2π ≈ 1.08 × 10⁻¹⁰ m/s² (3)
Theory/History/FullArchive/manuscripts/14_master-1-2-5-2026-03-14/master5_source.md,101,undetermined,"While MOND phenomenologically modifies the laws of gravity to fit the Baryonic Tully-Fisher Relation, it assumes a0 is a universal static constant. The ITSM fundamentally diverges from modified gravity. Under the ITSM, the rotation curve plateau is entirely the result of macroscopic vacuum drag within the Superfluid Pl"
Theory/History/FullArchive/manuscripts/15_v7.21-2026-03-16/extraction.md,28,divisor_candidate,2. a0 = κ/l / 2π = [c²/(c/H0)]/2π = cH0/2π ≈ 1.08×10⁻¹⁰ m/s² (Eq. 2) — circulation-quantization derivation of the acceleration scale; identical to Master7 Eq. 2.
Theory/History/FullArchive/manuscripts/15_v7.21-2026-03-16/extraction.md,60,divisor_candidate,"- **a0 = cH0/2π as Dynamic Scale Matching (Conditional):** underlying content remains CURRENTLY ACCEPTED as a conditional postulate; the document's ""theoretically requisite""/""forced"" framing of the derivation is REJECTED-style overclaiming, unchanged from Master7."
Theory/History/FullArchive/manuscripts/18_external-main-2026-05-30/extraction.md,9,divisor_candidate,"- ""a0 = cH0/2π ≈ 1.08×10⁻¹⁰ m/s²"" derived ""through macroscopic circulation quantization"" — framed as parameter-free geometric derivation (Abstract, §III A)."
Theory/History/FullArchive/manuscripts/18_external-main-2026-05-30/extraction.md,11,multiplier_candidate,"- ""This 8.3% variance is not a fit to the two measured values; it is a rigid geometric consequence of the χ = 2π topology. While fixing the two orthogonal eigenstates to the Planck and SH0ES values means this specific 8.3% variance is a geometric resolution rather than a prospective prediction..."" (§VI D) — notably sel"
Theory/History/FullArchive/manuscripts/18_external-main-2026-05-30/extraction.md,35,divisor_candidate,11. a0 = (κ/l)/2π = cH0/2π ≈ 1.08×10⁻¹⁰ m/s² — derived yield threshold.
Theory/History/FullArchive/manuscripts/18_external-main-2026-05-30/extraction.md,61,divisor_candidate,"41-43. Restatement of g_tot, a0=cH0/2π, and g_bar mass-sector decomposition for MCMC."
Theory/History/FullArchive/manuscripts/18_external-main-2026-05-30/extraction.md,76,divisor_candidate,"- a0 = cH0/2π ≈ 1.08×10⁻¹⁰ m/s² (foundational yield threshold, ""parameter-free"")"
Theory/History/FullArchive/manuscripts/18_external-main-2026-05-30/extraction.md,108,divisor_candidate,- **CURRENTLY ACCEPTED (Conditional) — a0=cH0/2π:** Derived in §III A via circulation quantization; matches current conditional-acceptance status.
Theory/History/FullArchive/manuscripts/18_external-main-2026-05-30/source.md,7,undetermined,"**Abstract.** The standard ΛCDM cosmological model encounters persistent kinematic and thermodynamic tensions when confronting anomalous galactic rotation curves and the rapid structural assembly of high-redshift galaxies (z > 14). We introduce the Integrated Toroidal-Syntropic Model (ITSM), a covariant framework that "
Theory/History/FullArchive/manuscripts/18_external-main-2026-05-30/source.md,98,divisor_candidate,"The ITSM sets the T³ fundamental domain to the Hubble radius, L_T = c/H0. While standard CMB matched-circle statistics [18] search for topological artifacts assuming a static, homogeneous background, the ITSM framework defines the toroidal scale dynamically. Because the T³ fundamental domain is exactly the Hubble volum"
Theory/History/FullArchive/manuscripts/18_external-main-2026-05-30/source.md,122,undetermined,The critical acceleration threshold (a0) emerges natively by distributing the kinematic yield across the full 2π angular topology of the toroidal phase space:
Theory/History/FullArchive/manuscripts/18_external-main-2026-05-30/source.md,124,divisor_candidate,a0 = (κ/l)/2π = [c²/(c/H0)]/2π = cH0/2π ≈ 1.08×10⁻¹⁰ m/s² (11)
Theory/History/FullArchive/manuscripts/18_external-main-2026-05-30/source.md,337,divisor_candidate,**FIG. 5.** ITSM Baryonic Tully-Fisher Relation: First-Principles Lower Bound. Asymptotic flat velocity V_f versus baryonic mass M_b for 171 SPARC galaxies. The ITSM geometric lower bound (crimson line) V_f⁴ = (4/9)GM_ba0 is drawn with no free parameters—the amplitude is set entirely by the geometric yield threshold a0
Theory/History/FullArchive/manuscripts/18_external-main-2026-05-30/source.md,341,undetermined,"While MOND phenomenologically modifies the laws of gravity to fit the Baryonic Tully-Fisher Relation [8], it assumes a0 is a universal static constant. Furthermore, the ITSM's Lagrangian formulation shares structural similarities with the Superfluid Dark Matter (SFDM) framework of Berezhiani & Khoury [9], which also em"
Theory/History/FullArchive/manuscripts/18_external-main-2026-05-30/source.md,355,divisor_candidate,a0 = cH0/2π (42)
Theory/History/FullArchive/manuscripts/18_external-main-2026-05-30/source.md,383,divisor_candidate,"This behaviour is a direct, physically interpretable consequence of the ITSM's geometric tethering a0 = cH0/2π. Because H0 and the baryonic mass normalisations Υ_disk, Υ_bulge enter the plenum-shear ansatz through a shared acceleration scale, a single rotation curve cannot disentangle the two: raising H0 while simultan"
Theory/History/FullArchive/manuscripts/18_external-main-2026-05-30/source.md,425,undetermined,"the only execution path available to the optimizer to prevent overshooting the velocity profile is to drive the modification term to zero. The walkers subsequently force a0 → 0 by running flat against the H0 = 50.0 km s⁻¹Mpc⁻¹ prior floor, ballooning the residual matrices. These outliers are therefore verified as a pre"
Theory/History/FullArchive/manuscripts/18_external-main-2026-05-30/source.md,468,multiplier_candidate,"This 8.3% variance is not a fit to the two measured values; it is a rigid geometric consequence of the χ = 2π topology. While fixing the two orthogonal eigenstates to the Planck and SH0ES values means this specific 8.3% variance is a geometric resolution rather than a prospective prediction, the model strictly predicts"
Theory/History/FullArchive/manuscripts/18_external-main-2026-05-30/source.md,564,divisor_candidate,"The Integrated Toroidal-Syntropic Model (ITSM) presents a covariant, parameter-free geometric framework for resolving the principal kinematic and thermodynamic anomalies of modern cosmology. The foundational yield threshold a0 = cH0/2π ≈ 1.08×10⁻¹⁰ m s⁻² is derived from first principles via macroscopic circulation quan"
Theory/History/FullArchive/manuscripts/18_external-main-2026-05-30/source.md,572,divisor_candidate,"**FIG. 18.** Full ITSM CAMB CMB Power Spectrum Diagnostic. Temperature angular power spectrum D_ℓ = ℓ(ℓ+1)C_ℓ/2π computed with CAMB 1.6.6 for the Planck 2018 baseline (H0 = 67.36, w = −1.0), the pure geometric ITSM bound (H0 = 73.0, w = −1.0), and the Full ITSM (H0 = 73.0, w = −1.27). While the bare geometric tether sh"
Theory/History/FullArchive/manuscripts/19_external-main1-2026-05-18/extraction.md,8,divisor_candidate,"- Identical framing claims to the May 30 version for the introductory sections: ""The ITSM contains absolutely zero phenomenological free parameters,"" C_proj=2/3 ""removing all empirical parameters from the baseline action,"" a0=cH0/2π ""parameter-free."""
Theory/History/FullArchive/manuscripts/19_external-main1-2026-05-18/extraction.md,34,divisor_candidate,- a0 = cH0/2π ≈ 1.08×10⁻¹⁰ m/s² (identical to later version)
Theory/History/FullArchive/manuscripts/19_external-main1-2026-05-18/extraction.md,57,divisor_candidate,"- **CURRENTLY ACCEPTED (Conditional) items (vacuum as condensate, T³ topology, a0=cH0/2π):** present and consistent with current conditional-acceptance status, same as in the later version."
Theory/History/FullArchive/manuscripts/19_external-main1-2026-05-18/source.md,7,undetermined,"**Abstract.** The standard ΛCDM cosmological model encounters persistent kinematic and thermodynamic tensions when confronting anomalous galactic rotation curves and the rapid structural assembly of high-redshift galaxies (z > 14). We introduce the Integrated Toroidal-Syntropic Model (ITSM), a covariant framework that "
Theory/History/FullArchive/manuscripts/19_external-main1-2026-05-18/source.md,109,undetermined,The critical acceleration threshold (a0) emerges natively by distributing the kinematic yield across the full 2π angular topology of the toroidal phase space:
Theory/History/FullArchive/manuscripts/19_external-main1-2026-05-18/source.md,111,divisor_candidate,a0 = (κ/l)/2π = [c²/(c/H0)]/2π = cH0/2π ≈ 1.08×10⁻¹⁰ m/s² (11)
Theory/History/FullArchive/manuscripts/19_external-main1-2026-05-18/source.md,284,undetermined,"While MOND phenomenologically modifies the laws of gravity to fit the Baryonic Tully-Fisher Relation [8], it assumes a0 is a universal static constant. Furthermore, the ITSM's Lagrangian formulation shares structural similarities with the Superfluid Dark Matter (SFDM) framework of Berezhiani & Khoury [9], which also em"
Theory/History/FullArchive/manuscripts/19_external-main1-2026-05-18/source.md,298,divisor_candidate,a0 = cH0/2π (35)
Theory/History/FullArchive/manuscripts/19_external-main1-2026-05-18/source.md,350,undetermined,"the only execution path available to the optimizer to prevent overshooting the velocity profile is to drive the modification term to zero. The walkers subsequently force a0→0 by running flat against the H0=50.0 km s⁻¹Mpc⁻¹ prior floor, ballooning the residual matrices. These outliers are therefore verified as a predict"
Theory/History/FullArchive/manuscripts/19_external-main1-2026-05-18/source.md,453,divisor_candidate,"**FIG. 9.** Predicted Strain Power Spectral Density S_h(f) for the nanohertz gravitational-wave background, overlaid with the NANOGrav 15-year sensitivity band. The standard ΛCDM model (dashed) predicts a featureless power-law spectrum (h_c∝f^(−2/3)) from an incoherent superposition of SMBH binaries. The ITSM (solid) p"
Theory/History/FullArchive/manuscripts/20_recovered-main-2026-05-18/extraction.md,32,divisor_candidate,- a0 = cH0/2π ≈ 1.08×10⁻¹⁰ m/s² (identical across all three versions)
Theory/History/FullArchive/manuscripts/20_recovered-main-2026-05-18/extraction.md,53,divisor_candidate,"- **CURRENTLY ACCEPTED (Conditional) items (vacuum as condensate, T³ topology, a0=cH0/2π):** present and consistent with conditional-acceptance status, unchanged from both sibling documents."
Theory/History/FullArchive/manuscripts/20_recovered-main-2026-05-18/source.md,7,undetermined,**Abstract.** [Identical to both other May-tier versions.] The standard ΛCDM cosmological model encounters persistent kinematic and thermodynamic tensions when confronting anomalous galactic rotation curves and the rapid structural assembly of high-redshift galaxies (z > 14). We introduce the Integrated Toroidal-Syntro
Theory/History/FullArchive/manuscripts/21_archive-main-v11.0.0-2026-06-20/extraction.md,8,divisor_candidate,"- Retains essentially all May 30 version claims about a0, C_proj=2/3, the Plenum Shear Ansatz, Bianchi compliance, MCMC results (H0=70.63±0.31 median, hedged 1.5σ-Planck framing, full hierarchical-inference degeneracy critique), and the NANOGrav/Bullet Cluster/CMB predictions — these portions are essentially unchanged "
Theory/History/FullArchive/manuscripts/21_archive-main-v11.0.0-2026-06-20/extraction.md,41,divisor_candidate,"All equations from the May 30 version (a0=cH0/2π, C_proj=2/3 derivation, Plenum Shear Ansatz, Hamiltonian/sound-speed stability, BTFR V_f⁴=(4/9)GM_ba0, H0(θ) biaxial formula, NANOGrav f_res band, Bullet Cluster R_c/v_c) are retained essentially unchanged."
Theory/History/FullArchive/manuscripts/21_archive-main-v11.0.0-2026-06-20/extraction.md,45,divisor_candidate,"- a0=cH0/2π≈1.08×10⁻¹⁰ m/s², C_proj=2/3, BTFR coefficient 4/9 — all unchanged from prior versions"
Theory/History/FullArchive/manuscripts/21_archive-main-v11.0.0-2026-06-20/extraction.md,70,divisor_candidate,"- **CURRENTLY ACCEPTED (Conditional) items — vacuum as condensate, T³ topology, a0=cH0/2π, Y^(3/2) IR EFT operator, T³ Casimir anisotropic pressure:** present and largely unchanged in their core derivations from prior versions; this document's NEW Born-Infeld uniqueness proof (§III C 1) is the closest thing yet to a fo"
Theory/History/FullArchive/manuscripts/21_archive-main-v11.0.0-2026-06-20/source.md,45,divisor_candidate,[Identical derivation and Eq. a0=cH0/2π≈1.08×10⁻¹⁰ m/s² to all prior versions.]
Theory/History/FullArchive/manuscripts/21_archive-main-v11.0.0-2026-06-20/source.md,234,divisor_candidate,a0 = cH0/2π (46)
Theory/History/FullArchive/manuscripts/22_v11.1.1-2026-06-21/extraction.md,30,divisor_candidate,"- ΔΓ(p²) = (c_3²/(M_P²a0⁴))∫₀¹dx x(1−x)∫^{Λ_UV}d⁴k/(2π)⁴·1/[k²+Δ(x,p²)]² — Eq. 50, new 1-loop dressed vertex integral."
Theory/History/FullArchive/manuscripts/22_v11.1.1-2026-06-21/extraction.md,61,divisor_candidate,"- **CURRENTLY ACCEPTED (Conditional) items — vacuum as condensate, T³ topology, a0=cH0/2π, Y^(3/2) IR EFT operator, T³ Casimir anisotropic pressure (Derived):** these core conditionally-accepted claims are present and structurally unchanged from v11.0.0. Note that this document's NEW §III.G ""Covariant Stability Analysi"
Theory/History/FullArchive/manuscripts/22_v11.1.1-2026-06-21/source.md,11,undetermined,"**Abstract.** The ΛCDM model is broken. It cannot explain galactic rotation curves without undetected dark matter, the Hubble Tension at 5σ, or the JWST discovery of mature galaxies at z>14 — all within a single, parameter-free framework. Here, we resolve all three by modeling the vacuum as an active superfluid condens"
Theory/History/FullArchive/manuscripts/22_v11.1.1-2026-06-21/source.md,25,undetermined,"The Integrated Toroidal-Syntropic Model (ITSM) resolves all three by redefining the vacuum as a superfluid condensate on a compact, flat T³. Unlike ΛCDM (which adds undetected particles) or Modified Newtonian Dynamics (which modifies gravity empirically, with a0 as a fitted constant), the ITSM derives its key parameter"
Theory/History/FullArchive/manuscripts/22_v11.1.1-2026-06-21/source.md,76,divisor_candidate,"2. **Simplest compact flat manifold:** Among all flat compact 3-manifolds (the 18 Euclidean space forms), T³ is the simplest, with three orthogonal periodic identifications. Alternative topologies such as the chimney space or hexagonal space do not possess the three-axis symmetry required to recover a0=cH0/2π as a geom"
Theory/History/FullArchive/manuscripts/22_v11.1.1-2026-06-21/source.md,78,divisor_candidate,"4. **Dynamic scale matching:** The ITSM sets the T³ fundamental domain to the Hubble radius L_T=c/H0. This is the unique condition under which macroscopic circulation quantization recovers a0=cH0/2π as a geometric invariant (§III). Because image copies appear beyond the Hubble horizon, this is consistent with the non-d"
Theory/History/FullArchive/manuscripts/22_v11.1.1-2026-06-21/source.md,86,divisor_candidate,[Identical derivation to all prior versions: a0=cH0/2π≈1.08×10⁻¹⁰ m/s².]
Theory/History/FullArchive/manuscripts/22_v11.1.1-2026-06-21/source.md,242,divisor_candidate,"ΔΓ(p²) = (c_3²/(M_P²a0⁴))∫₀¹dx x(1−x) ∫^{Λ_UV} d⁴k/(2π)⁴ · 1/[k²+Δ(x,p²)]² (50)"
Theory/History/FullArchive/manuscripts/22_v11.1.1-2026-06-21/source.md,395,divisor_candidate,"**a. Parameter counts.** The ITSM relies exclusively on the geometrically derived a0=cH0/2π with mass-to-light ratios drawn from photometric priors, establishing a global k=0 physical baseline. MOND [7,25] requires one free parameter per galaxy (the normalization of the interpolation function μ), giving k_MOND~175 for "
Theory/History/FullArchive/manuscripts/22_v11.1.1-2026-06-21/source.md,522,divisor_candidate,"| ""This is just MOND with a0=cH0/2π."" | MOND's a0 is an empirical fit parameter [7]; ITSM's a0 is a geometric invariant derived from T³ circulation quantization (§III.A). Critically, MOND lacks cosmological predictions — it cannot address the Hubble Tension, NANOGrav GWB, or S8 tension. ITSM resolves all three from fir"
Theory/History/FullArchive/manuscripts/22_v11.1.1-2026-06-21/source.md,524,divisor_candidate,"| ""The T³ topology is arbitrary."" | Planck 2018 requires a flat universe (Ω_k=0.0007±0.0019 [5]). T³ is the simplest compact flat manifold with periodic boundary conditions. Alternatives (e.g., S³, hyperbolic spaces) are ruled out by curvature constraints or fail to recover a0=cH0/2π as a geometric invariant. | §II.A, "
Theory/History/FullArchive/supporting/04_itsm-repository-analysis/extraction.md,42,divisor_candidate,"- a0 = cH0/2π ≈ 1.08×10⁻¹⁰ m/s² — called ""elegant and numerically accurate,"" i.e., accepted as legitimate in this pass."
Theory/History/FullArchive/supporting/04_itsm-repository-analysis/extraction.md,50,divisor_candidate,"- Touches CURRENTLY ACCEPTED items: a0 = cH0/(2π) endorsed here as legitimate (predates the ""Conditional"" downgrade — this document treats it uncritically as solid, which is itself informative: the derivation looked clean to an outside reviewer at the k-essence level, but questions later arose over whether it's paramet"
Theory/History/FullArchive/supporting/04_itsm-repository-analysis/source.md,31,divisor_candidate,"This is a **Born-Infeld-type k-essence Lagrangian**, a well-known class of scalar field theories. The ITSM's version is closely related to the Lagrangian underlying **AQUAL/TeVeS/SuperFluid Dark Matter (SFDM)** frameworks, particularly the work of Berezhiani & Khoury (2015). The derivation of $a_0 = cH_0/2\pi$ is elega"
Theory/History/FullArchive/supporting/04_itsm-repository-analysis/source.md,137,undetermined,| Deriving $a_0$ from $H_0$ | Milgrom (1999); several MOND-cosmology papers |
Theory/History/FullArchive/supporting/05_metaai-itsm-fixes/extraction.md,10,divisor_candidate,"2. **a_0 = cH_0/2π derivation is unjustified at its foundation** — reviewer flagged that the derivation ""assumes Hubble radius as quantization loop without justification."" This is a more specific and harsher framing than ""elegant and accurate"": the reviewer is saying the loop-quantization assumption underlying the whol"
Theory/History/FullArchive/supporting/05_metaai-itsm-fixes/extraction.md,27,divisor_candidate,"- a_0 = cH_0/2π (Eq. 2-3, III.A) — foundational derivation challenged as assuming an unjustified ""quantization loop."""
Theory/History/FullArchive/supporting/05_metaai-itsm-fixes/extraction.md,38,divisor_candidate,"- Touches CURRENTLY ACCEPTED (Conditional) a0=cH0/(2π): this document's specific objection — that the derivation ""assumes Hubble radius as quantization loop without justification"" — is sharper than other reviews and should inform why it remains only ""Conditional"" rather than ""Derived."""
Theory/History/FullArchive/supporting/05_metaai-itsm-fixes/source.md,14,divisor_candidate,"| a_0 = cH_0/2π derivation assumes Hubble radius as quantization loop without justification | III.A, Eq.2-3 | Provide topological argument linking T³ fundamental domain to observable Hubble scale; cite Planck 2018 topology limits; add alternative derivation if loop scale is free parameter | High |"
Theory/History/FullArchive/supporting/06_peer-review-v10.5.0/extraction.md,39,divisor_candidate,"**M2 — Toroidal scale identification is circular**: L_T = c/H0 recovers a0=cH0/2π ""because it was set to the Hubble radius"" — reviewer explicitly calls the justification circular and demands either a deeper justification or an admission that this is a defining postulate rather than a derived result. This directly corro"
Theory/History/FullArchive/supporting/06_peer-review-v10.5.0/extraction.md,58,divisor_candidate,"- Bears on CURRENTLY ACCEPTED ""a0=cH0/(2pi) (Conditional)"" — M2's circularity finding is likely the direct reason this remains Conditional rather than Derived."
Theory/History/FullArchive/supporting/06_peer-review-v10.5.0/source.md,148,divisor_candidate,"The identification $L_T = c/H_0$ (i.e., the Hubble radius equals the fundamental domain of the $T^3$) is foundational to the entire framework. The manuscript acknowledges it is ""not ad-hoc"" but the physical justification given is circular: the toroidal scale recovers $a_0 = cH_0/2\pi$ *because* it was set to the Hubble"
Theory/History/FullArchive/supporting/07_peer-review-v11.1.2/extraction.md,8,divisor_candidate,"1. **Endorses ""zero-free-parameter core geometry"" and ""strict adherence to zero-free-parameter core geometry""** as the paper's most impressive aspect, explicitly praising a0=cH0/2π and C_proj=2/3 as rigidly derived. This directly conflicts with the ledger's REJECTED ""zero free parameters"" claims and REJECTED ""C_proj=2/"
Theory/History/FullArchive/supporting/07_peer-review-v11.1.2/extraction.md,24,divisor_candidate,"- a0 = cH0/2π; C_proj = 2/3 (both praised as rigid/zero-parameter, contradicting later rejections)."
Theory/History/FullArchive/supporting/07_peer-review-v11.1.2/source.md,10,divisor_candidate,"The most impressive aspect of the paper is its strict adherence to a zero-free-parameter core geometry. The derivation of the fundamental yield acceleration $a_0 = cH_0/2\pi$ from macroscopic circulation quantization, and the $2/3$ Plenum Shear Ansatz coupling from covariant metric trace ratios, establishes a mathemati"
Theory/History/FullArchive/supporting/11_critique-podcast-transcript/extraction.md,11,divisor_candidate,"1. **Idiosyncratic/crank-coded nomenclature and affiliation as a gatekeeping problem.** The abstract/introduction leads with terms like ""toroidal jet engine"" and ""centropic divergence,"" and lists the author's affiliation as the ""Absolute Truth Research Group"" — flagged explicitly as ""a massive crank file risk"" that wil"
Theory/History/FullArchive/supporting/11_critique-podcast-transcript/extraction.md,29,divisor_candidate,"- **a0 = cH0/(2π)-type relation (""A sub zero equals C"")**: Consistent with the CURRENTLY ACCEPTED (Conditional) item ""a0=cH0/(2pi)"" in the ledger — this transcript's praise of that derivation as ""the strongest part of the entire paper"" is consistent with it surviving into the current framework."
Theory/History/FullArchive/supporting/12_critical-review-peer-prep/extraction.md,14,divisor_candidate,"2. **a0 = cH0/2π ≈ 1.08×10⁻¹⁰ m/s²** — called ""mathematically sound and physically interpretable,"" derived ""via macroscopic circulation quantization."" No skepticism raised (contrast with other transcripts, which — except for the podcast one — are far more guarded about first-principles claims of this kind)."
Theory/History/FullArchive/supporting/12_critical-review-peer-prep/extraction.md,30,divisor_candidate,"- **""Zero free parameters"" / parameter-free framing** — this document's uncritical acceptance of a0=cH0/2π, the Lagrangian, and the SPARC fits collectively implies the ""parameter-free"" narrative the ledger explicitly rejects."
Theory/History/FullArchive/supporting/12_critical-review-peer-prep/extraction.md,31,divisor_candidate,"- **a0 = cH0/(2π)**: this specific relation is CURRENTLY ACCEPTED (Conditional) in the ledger — this document's praise of it is one of the few claims here that has actually survived, consistent with the other transcripts (e.g., the podcast transcript's praise of the same derivation)."
Theory/History/FullArchive/supporting/12_critical-review-peer-prep/source.md,13,divisor_candidate,- The foundational gravitational yield threshold a0 = cH0/2π is derived via macroscopic quantization and underpins the model's dynamical framework.
Theory/History/FullArchive/supporting/12_critical-review-peer-prep/source.md,25,divisor_candidate,"A key theoretical contribution is the derivation of the gravitational yield threshold a0 = cH0/2π ≈ 1.08 × 10⁻¹⁰ m/s² via macroscopic circulation quantization. This threshold emerges naturally from the model's assumptions and provides a critical scale for gravitational effects, distinguishing the ITSM from ad hoc modif"
Theory/History/FullArchive/supporting/13_crashed-chat-recovery/extraction.md,23,divisor_candidate,"**Final scientific conclusion**: SPARC galaxy rotation curves individually do not constrain $H_0$ enough for hierarchical population inference; the originally-reported $H_0 = 72.49\pm0.31$ is a median-of-medians, not a hierarchical measurement, due to degeneracy between $a_0=cH_0/2\pi$ and the baryonic mass-to-light no"
Theory/History/FullArchive/supporting/13_crashed-chat-recovery/extraction.md,57,divisor_candidate,"- $a_0=cH_0/2\pi$ — used consistently as the geometric tether throughout, defended as non-negotiable/non-fitted."
Theory/History/FullArchive/supporting/13_crashed-chat-recovery/source.md,57,undetermined,"**Final scientific conclusion reached (repeated multiple times, and this is the operative REJECTED framing):** individual SPARC galaxy rotation curves do not sufficiently constrain $H_0$ for hierarchical population inference. The Stage-1 ""$H_0 = 72.49$"" figure was a **median-of-medians**, not a hierarchically marginali"
Theory/History/FullArchive/supporting/13_crashed-chat-recovery/source.md,71,divisor_candidate,"3. $H_0$ was mischaracterized as something to be ""measured/inferred"" rather than a quantity geometrically tethered via $a_0 = cH_0/2\pi$ — reframed as testing consistency of this tether, not measuring $H_0$."
Theory/History/FullArchive/supporting/13_crashed-chat-recovery/source.md,87,divisor_candidate,"**Priority 1 — Multicore MCMC (`itsm_mcmc_multicore.py`):** identical formula/priors/walkers/steps to the original `itsm_mcmc_benchmark.py`, only adding `pool=pool` via `multiprocessing.Pool`. Single-galaxy test (NGC7814): 60 seconds, $H_0 = 50.90^{+4.07}_{-0.87}$, $\chi^2_\nu=11.685$ (known hard bulge-dominated case)."
Theory/History/FullArchive/supporting/13_crashed-chat-recovery/source.md,106,divisor_candidate,"- **T³ topology vs. Planck 2018 matched-circle constraints** — defended by arguing the ITSM's $T^3$ fundamental domain equals the Hubble radius ($L_T=R_H$) so topological image copies lie beyond the observable horizon, ""evading"" rather than violating the bound; framed as required by the $a_0=cH_0/2\pi$ derivation, not "
Theory/History/FullArchive/supporting/15_changelog-backups-folder/extraction.md,44,divisor_candidate,"- $a_0 = cH_0/(2\pi)$ — stated explicitly in PR-3 (v10.7.0): ""$L_T = c/H_0$ produces $a_0 = cH_0/2\pi$"""
Theory/History/FullArchive/supporting/15_changelog-backups-folder/source.md,191,divisor_candidate,4. Dynamic scale matching: $L_T = c/H_0$ produces $a_0 = cH_0/2\pi$ as a unique topological invariant
Theory/History/FullArchive/TIMELINE.md,12,divisor_candidate,"| 2a | 2026-03-02 | V1 | [source](manuscripts/02_v1v2v3-2026-03/v1_source.md) · [extraction](manuscripts/02_v1v2v3-2026-03/v1_extraction.md) | First paper-format manuscript. a0=cH0/2π stated as ""geometric first principles."" A specific ""1.2% anisotropic expansion"" figure appears. |"
Theory/History/FullArchive/TIMELINE.md,19,divisor_candidate,| 6 | 2026-03-09 | V4 | [source](manuscripts/06_v4-2026-03-09/source.md) · [extraction](manuscripts/06_v4-2026-03-09/extraction.md) | a0 = cH0/2π (divisive form). Lagrangian left generic/unspecified (unlike v5 below). |
Theory/History/FullArchive/TIMELINE.md,20,divisor_candidate,"| 7a | 2026-03-09 | v5 | [source](manuscripts/07_v5-line-2026-03-09/v5_source.md) · [extraction](manuscripts/07_v5-line-2026-03-09/v5_extraction.md) | Same-day sibling of V4, but flips to a0 = 2π(cH0) (multiplicative form, ≈1.33×10⁻¹⁰) — an unexplained internal inconsistency with V4. First appearance of the explicit Bo"
