t,a,rho,rho_dot,Theta,mu,H,energy_density,pressure,friedmann_residual,charge,continuity_residual
0.0,1.0,1.0,0.0,0.0,1.1236102527122116,0.6313565641625271,1.1958333333333333,0.06666666666666665,0.0,1.1236102527122116,0.0
0.01,1.0063021726149743,0.9999992160614428,-0.00023388309038656103,0.011130712102289424,1.1026333992344743,0.6251617455782542,1.1724816244033494,0.04331693718042595,2.220446049250313e-16,1.1236102527122118,-4.440892098500626e-16
0.02,1.0125824967831856,0.9999938310860593,-0.0009152044855684884,0.02205466449059526,1.0822555050500433,0.619194968631193,1.1502072275345658,0.021056137306623812,-1.3322676295501878e-14,1.1236102527122116,0.0
0.03,1.0188423393200432,0.9999795177100961,-0.00201486272784501,0.03277776300485215,1.0624598599336055,0.6134456947011516,1.1289468610422504,-0.0001680886027916051,-1.1479706074624119e-13,1.1236102527122118,-4.440892098500626e-16
0.04,1.0250830160313695,0.9999522307235092,-0.0035055076928877655,0.04330574764563819,1.0432300112570319,0.6079039429973274,1.1086416117351505,-0.02040444164426425,-5.684341886080802e-14,1.1236102527122116,0.0
0.05,1.0313057938163634,0.9999081901648044,-0.005361420727909747,0.05364419529206488,1.0245497914931019,0.6025602521813287,1.0892365725264852,-0.03969828958350674,-5.995204332975845e-15,1.1236102527122116,-4.440892098500626e-16
0.06,1.03751189263098,0.9998438655658928,-0.007558403954524121,0.06379852267046883,1.0064033411194544,0.5974056452390571,1.070680514890505,-0.05809195651287591,-2.2426505097428162e-14,1.1236102527122116,6.661338147750939e-16
0.07,1.0437024873228908,0.9997559612634864,-0.010073677975766467,0.0737739895319334,0.9887751273878915,0.5924315972879631,1.0529255923956478,-0.07562498439610982,-1.4588330543574557e-13,1.1236102527122116,-2.220446049250313e-16
0.08,1.049878709349046,0.9996414026926127,-0.01288578729313053,0.08357570199802758,0.9716499594029714,0.5876300060396146,1.0359270719944242,-0.09233436951724588,-7.194245199571014e-14,1.1236102527122116,6.661338147750939e-16
0.09,1.0560416483851014,0.9994973235918152,-0.015974512805871484,0.09320861604125882,0.9550129999064731,0.5829931646676741,1.0196430901476978,-0.10825477650319343,-8.43769498715119e-15,1.1236102527122116,2.220446049250313e-16
0.1,1.0621923538359086,0.9993210540482087,-0.019320790818495432,0.1026775410676208,0.9388497741435824,0.5785137368576497,1.0040344311990421,-0.12341873226060907,-3.6193270602780103e-14,1.1236102527122116,2.220446049250313e-16
0.11,1.0683318362546304,0.9991101093238147,-0.022906638035432553,0.11198714357527112,0.9231461761420002,0.5741847338379205,0.9890643257177225,-0.13785680190917926,-1.5187850976872141e-13,1.1236102527122116,0.0
0.12,1.0744610686780143,0.9988621794033038,-0.02671508206543,0.12114195086408303,0.9078884727156966,0.5699994932118269,0.9746982667854602,-0.1515977485428009,-2.418065747633591e-13,1.1236102527122116,2.220446049250313e-16
0.13,1.0805809878844703,0.9985751192109646,-0.030730096999477503,0.13014635477503703,0.8930633054714028,0.5659516594290458,0.9609038424314668,-0.16466867844816402,5.218048215738236e-15,1.1236102527122116,0.0
0.14,1.0866924955807804,0.998246939449768,-0.034936543665011345,0.13900461544139217,0.8786576910688279,0.5620351657505809,0.9476505826208718,-0.1770951732290892,-2.298161660974074e-14,1.1236102527122116,0.0
0.15,1.0927964595238067,0.9978757980116735,-0.03932011418779968,0.14772086503293513,0.8646590199719217,0.5582442175758751,0.9349098193707568,-0.18890141011229522,-5.395683899678261e-14,1.1236102527122116,0.0
0.16,1.0988937145809727,0.997459991928057,-0.04386728053208394,0.15629911148339684,0.8510550538821184,0.5545732770140155,0.9226545587344575,-0.20011027159846578,-2.6556534749033744e-13,1.1236102527122116,2.220446049250313e-16
0.17,1.1049850637355207,0.996997949811441,-0.04856524670647928,0.1647432421845203,0.8378339220543916,0.5510170485910855,0.9108593635144776,-0.21074344546240698,-3.858025010572419e-13,1.1236102527122116,2.220446049250313e-16
0.18,1.1110712790400128,0.9964882247602633,-0.05340190435634071,0.17305702763930617,0.8249841166516854,0.5475704659971989,0.899500245697169,-0.2208215160286366,-2.220446049250313e-16,1.1236102527122116,-2.220446049250313e-16
0.19,1.1171531025220136,0.9959294876933323,-0.05836579148404418,0.18124412506520518,0.812494487287779,0.5442286797853209,0.888554567702633,-0.2303640475386291,-1.3100631690576847e-14,1.1236102527122116,4.440892098500626e-16
0.2,1.1232312470466543,0.9953205210763928,-0.0634460540547111,0.1893080819368369,0.8003542349008899,0.5409870459417397,0.8780009516304015,-0.2393896603308568,-9.137135492665038e-14,1.1236102527122116,2.220446049250313e-16
0.21,1.1293063971374906,0.9946602130267634,-0.06863241027490004,0.19725233946759102,0.7885529050572961,0.5378411152569627,0.8678191957827316,-0.2479161005147964,-1.7141843500212417e-13,1.1236102527122116,0.0
0.22,1.1353792097603488,0.99394755175817,-0.07391511733641776,0.20508023602009567,0.7770803808061343,0.5347866234297716,0.8579901977988085,-0.2559603037105535,-5.595524044110789e-13,1.1236102527122116,0.0
0.23,1.1414503150724449,0.9931816203463709,-0.07928494044207869,0.21279501044329427,0.7659268751717153,0.5318194818457277,0.8484958838123813,-0.26353845339453036,-4.063416270128073e-13,1.1236102527122116,-3.3306690738754696e-16
0.24,1.147520317138765,0.9923615917972152,-0.08473312394224486,0.22039980533429954,0.755082923360712,0.5289357689750005,0.839319143103412,-0.27066603433733716,1.1335377081422848e-13,1.1236102527122116,-1.1102230246251565e-16
0.25,1.1535897946188505,0.9914867243916272,-0.09025136442463057,0.22789767022051005,0.7445393747627345,0.5261317223403078,0.830443767758378,-0.2773578815593019,-4.1744385725905886e-14,1.1236102527122116,2.220446049250313e-16
0.26,1.1596593014267227,0.9905563572852698,-0.09583178560720848,0.23529156465888285,0.7342873848111993,0.5234037310084904,0.8218543969009522,-0.2836282251909888,-1.2789769243681803e-13,1.1236102527122116,0.0
0.27,1.1657293673634896,0.9895699063616238,-0.10146691491012198,0.2425843612575431,0.7243184067400656,0.5207483285667971,0.8135364651155317,-0.28949073161846495,-1.9306778398231472e-13,1.1236102527122116,0.0
0.28,1.1718004987273818,0.988526860303101,-0.10714966157147243,0.2497788486114089,0.714624183308005,0.5181621865428181,0.8054761546891642,-0.29495854120540677,-6.614708780716683e-13,1.1236102527122116,0.0
0.29,1.1778731789014996,0.9874267768752323,-0.11287329619939077,0.2568777341556345,0.7051967385191334,0.515642108235839,0.7976603513584357,-0.3000443028996054,-7.336353746723034e-13,1.1236102527122116,0.0
0.3,1.1839478689205432,0.9862692794112364,-0.11863143165265014,0.26388364693742605,0.6960283693753033,0.5131850229268671,0.7900766032694146,-0.30476020599088516,-6.750155989720952e-14,1.1236102527122116,0.0
0.31,1.1900250080183779,0.9850540534817557,-0.12441800515412191,0.27079914030573066,0.6871116376936303,0.5107879804388982,0.7827130828823727,-0.30911800925783894,1.7197354651443675e-13,1.1236102527122116,1.1102230246251565e-16
0.32,1.1961050141588623,0.9837808437316534,-0.13022726154250916,0.277626694517275,0.6784393620222684,0.5084481460196355,0.7755585515725281,-0.3131290677144584,-1.1435297153639112e-13,1.1236102527122116,-1.1102230246251565e-16
0.33,1.202188284549261,0.9824494508836572,-0.13605373758349362,0.2843687192640728,0.6700046096647203,0.5061627955237139,0.7686023267173001,-0.3168043571729218,-1.5698553568199713e-13,1.1236102527122116,2.220446049250313e-16
0.34,1.2082751961376588,0.9810597288972919,-0.14189224726475988,0.2910275561231406,0.6618006888330669,0.5039293108720381,0.7618342510682234,-0.32015449680300323,-3.218536548388329e-13,1.1236102527122116,0.0
0.35000000000000003,1.2143661060971067,0.9796115822633192,-0.14773786799714048,0.29760548092577643,0.6538211409569008,0.5017451757657658,0.7552446642135238,-0.32318976984064246,-8.659739592076221e-13,1.1236102527122116,-1.1102230246251565e-16
0.36,1.2204613522959515,0.978104963434374,-0.15358592766174142,0.3041047060517438,0.6460597331500906,0.4996079716380889,0.7488243759739279,-0.3259201426121465,-9.515721544062217e-13,1.1236102527122116,-1.1102230246251565e-16
0.37,1.2265612537550585,0.9765398703834776,-0.1594319924405689,0.3105273826498214,0.638510450846306,0.49751537382566446,0.7425646415788997,-0.3283552820135117,-2.277067423506196e-13,1.1236102527122116,0.0
0.38,1.232666111093252,0.9749163442805098,-0.16527185537580585,0.3168756027855331,0.6311674906137802,0.4954651479440936,0.7364571384815055,-0.33050457156936036,2.821076705572523e-13,1.1236102527122116,0.0
0.39,1.2387762069625905,0.9732344672752308,-0.17110152560254366,0.32315140151633137,0.6240252531597908,0.4934551464517497,0.730493944679257,-0.332377126183263,-1.0380585280245214e-13,1.1236102527122116,0.0
0.4,1.244891806473413,0.9714943603837775,-0.17691721820649955,0.32935675889743743,0.6170783365258847,0.4914833053886191,0.7246675184273909,-0.3339818056923919,-2.2293278334473143e-13,1.1236102527122116,1.1102230246251565e-16
0.41000000000000003,1.2510131576072114,0.9696961814858187,-0.1827153446735367,0.33549360192497113,0.6103215294639781,0.48954764128142547,0.7189706792528363,-0.3353272273421872,-2.1460611066004276e-13,1.1236102527122116,-1.1102230246251565e-16
0.42,1.2571404916228552,0.967840123401461,-0.18849250387176672,0.3415638064091496,0.6037498050201536,0.4876462481968965,0.7133965901421087,-0.33642177723908184,-5.810907310888069e-13,1.1236102527122116,-1.1102230246251565e-16
0.43,1.263274023453343,0.965926412060059,-0.1942454735420579,0.3475691987857604,0.5973583143094837,0.4857772949379808,0.7079387408329161,-0.33727362088741564,-1.1302070390684094e-12,1.1236102527122116,0.0
0.44,1.2694139520942396,0.9639553047520484,-0.1999712022556925,0.35351155786657834,0.5911423804858807,0.4839390223712069,0.7025909321218794,-0.33789071288257533,-1.0809131367750524e-12,1.1236102527122116,1.1102230246251565e-16
0.45,1.2755604609838942,0.9619270884607934,-0.20566680180907448,0.35939261653107035,0.5850974929045826,0.4821297408769456,0.6973472611145064,-0.33828080583271775,-2.942091015256665e-13,1.1236102527122116,-1.1102230246251565e-16
0.46,1.2817137183764418,0.9598420782677859,-0.21132954002520396,0.36521406336040285,0.5792193014777808,0.4803478279141251,0.6922021073451535,-0.33845145857083814,3.0031532816110484e-13,1.1236102527122116,1.1102230246251565e-16
0.47000000000000003,1.2878738777085912,0.9577006158245047,-0.21695683393161969,0.3709775442147544,0.5735036112235419,0.47859172569094416,0.6871501196995669,-0.3384100437139639,-5.906386491005833e-14,1.1236102527122116,1.1102230246251565e-16
0.48,1.2940410779602805,0.9555030678881125,-0.22254624328755493,0.3766846637562354,0.5679463770044958,0.47685993893435014,0.6821862040816662,-0.3381637546262983,-2.498001805406602e-13,1.1236102527122116,-5.551115123125783e-17
0.49,1.3002154440056197,0.9532498249343456,-0.22809546444997983,0.38233698692493934,0.5625436984383041,0.4751510327571098,0.6773055117906989,-0.3377196118566018,-2.5479618415147343e-13,1.1236102527122116,-1.1102230246251565e-16
0.5,1.3063970869608947,0.9509412998167764,-0.23360232453654817,0.38793604036047447,0.5572918150009084,0.4734636306080197,0.6725034285259666,-0.33708446906386347,-3.844702334276917e-13,1.1236102527122116,-1.1102230246251565e-16
0.51,1.3125861045257547,0.9485779264869192,-0.23906477587866012,0.3934833137766003,0.5521871013033081,0.47179641230563757,0.6677755639942944,-0.3362650184950033,-8.809619700400617e-13,1.1236102527122116,-5.551115123125783e-17
0.52,1.3187825813189196,0.9461601587679632,-0.24448089074121657,0.39898026128942454,0.547226062541772,0.47014811214874813,0.663117742072397,-0.3352677960494007,-1.301514451768071e-12,1.1236102527122116,5.551115123125783e-17
0.53,1.3249865892079682,0.9436884691815993,-0.24984885629227044,0.4044283027015521,0.5424053301157697,0.4685175170992384,0.658525991487607,-0.33409918596933286,-1.1016743073355428e-12,1.1236102527122116,5.551115123125783e-17
0.54,1.3311981876337011,0.9411633478245821,-0.2551669698072958,0.40982882474341104,0.5377216574100921,0.4669034650331866,0.6539965369803282,-0.3327654251886198,-3.3995029014022293e-13,1.1236102527122116,1.6653345369377348e-16
0.55,1.3374174239296721,0.9385853012912616,-0.26043363409256104,0.4151831822728385,0.5331719157380238,0.46530484305586334,0.6495257909134969,-0.33127260736873254,2.2792878695554464e-13,1.1236102527122116,0.0
0.56,1.3436443336374826,0.9359548516383202,-0.26564735311209264,0.4204926994340116,0.5287530904425048,0.46372058587634213,0.6451103452965203,-0.32962668664933614,-2.631228568361621e-14,1.1236102527122116,-1.1102230246251565e-16
0.5700000000000001,1.3498789408179792,0.9332725353895384,-0.27080672780393783,0.42575867077732793,0.5244622771510481,0.4621496742379849,0.6407469641950841,-0.32783348113985267,-2.574607194105738e-13,1.1236102527122116,5.551115123125783e-17
0.58,1.3561212583541142,0.9305389025944202,-0.2759104520862517,0.43098236234688125,0.5202966781674587,0.46059113340729874,0.6364325765205752,-0.32589867619261437,-3.149702720861569e-13,1.1236102527122116,5.551115123125783e-17
0.59,1.3623712882523416,0.9277545159151916,-0.2809573090256377,0.4361650127290233,0.5162535990148472,0.4590440317100229,0.6321642691461001,-0.323827827454225,-3.226308109560705e-13,1.1236102527122116,-1.1102230246251565e-16
0.6,1.3686290219389972,0.9249199497528169,-0.28594616716593363,0.44130783406749025,0.5123304451159796,0.45750747911616046,0.6279392803422467,-0.32162636372888764,-5.74651437545981e-13,1.1236102527122116,0.0
0.61,1.3748944405522758,0.9220357894094562,-0.29087597700839884,0.44641201304609945,0.5085247186072528,0.4559806258714041,0.6237549935112354,-0.31929958967105765,-1.003308547353754e-12,1.1236102527122116,-5.551115123125783e-17
0.62,1.3811675152296632,0.9191026302859281,-0.2957457676325975,0.45147871184055477,0.5048340152823335,0.4544626611721766,0.6196089312003322,-0.31685268832499425,-1.2424505868580127e-12,1.1236102527122116,5.551115123125783e-17
0.63,1.3874482073908472,0.9161210771131346,-0.3005546434511608,0.456509069040627,0.5012560216610243,0.45295281188253544,0.6154987493779005,-0.3142907235269597,-1.013855666087693e-12,1.1236102527122116,1.1102230246251565e-16
0.64,1.3937364690164504,0.9130917432153717,-0.30530178109104356,0.4615042005436074,0.4977885121798787,0.4514503412908711,0.6114222319553607,-0.31161864218341206,-4.2876813211023546e-13,1.1236102527122116,5.551115123125783e-17
0.65,1.400032242922927,0.9100152498034451,-0.30998642639389173,0.4664652004199334,0.4944293465012633,0.4499545479043316,0.6073772855393467,-0.30884127643739284,2.7644553313166398e-14,1.1236102527122116,0.0
0.66,1.4063354630339642,0.9068922252955111,-0.3146078915281359,0.4713931417518838,0.49117646693773614,0.44846476427890375,0.6033619343992654,-0.30596334573428274,-6.727951529228449e-14,1.1236102527122116,5.551115123125783e-17
0.67,1.4126460546486062,0.903723304663921,-0.3191655522056848,0.47628907744636495,0.4880278959885274,0.4469803558832248,0.5993743156367592,-0.3029894587975176,-2.7633451082920146e-13,1.1236102527122116,-5.551115123125783e-17
0.68,1.4189639347021552,0.9005091288188956,-0.32365884500646835,0.4811540410268694,0.484981733975839,0.4455007199994303,0.5954126745603743,-0.299924115535305,-3.419486915845482e-13,1.1236102527122116,5.551115123125783e-17
0.6900000000000001,1.4252890120250117,0.8972503440134291,-0.3280872647967209,0.48598904740048343,0.4820361567879214,0.4440252846541065,0.5914753602368191,-0.296771708872793,-3.381739333008227e-13,1.1236102527122116,5.551115123125783e-17
0.7000000000000001,1.431621187598566,0.8939476012702285,-0.33245036223555946,0.4907950936018571,0.4791894137246463,0.44255350757856854,0.5875608212106842,-0.2935365265201637,-4.0190073491430667e-13,1.1236102527122116,0.0
0.71,1.437960354806308,0.8906015558362335,-0.3367477413723241,0.4955731595169244,0.47643982543730024,0.4410848752003484,0.5836676013921269,-0.290222752689403,-6.061817714453355e-13,1.1236102527122116,5.551115123125783e-17
0.72,1.4443063996813033,0.8872128666600172,-0.34097905732595435,0.5003242085863779,0.4737857819624591,0.43961890166290163,0.5797943360987377,-0.28683446976319754,-8.497647030480948e-13,1.1236102527122116,5.551115123125783e-17
0.73,1.4506592011495625,0.8837821958927166,-0.3451440140439467,0.5050491884902559,0.4712257408458655,0.43815512787318905,0.5759397482456678,-0.2833756599231132,-9.559020242022598e-13,1.1236102527122116,-5.551115123125783e-17
0.74,1.4570186312695173,0.8803102084113006,-0.34924236213750476,0.5097490318143078,0.46875822535365563,0.43669312057613346,0.5721026446763866,-0.27985020674179767,-8.222311720373909e-13,1.1236102527122116,1.1102230246251565e-16
0.75,1.463384555467804,0.876797571362993,-0.35327389678948856,0.5144246566988026,0.4663818227684551,0.4352324714549553,0.568281912626879,-0.2762618967434297,-5.135891711915974e-13,1.1236102527122116,-5.551115123125783e-17
0.76,1.469756832771564,0.8732449537296619,-0.35723845573177243,0.5190769674704494,0.46409518276800993,0.4337727962563872,0.5644765163165008,-0.2726144209361727,-2.4513724383723456e-13,1.1236102527122116,5.551115123125783e-17
0.77,1.476135316037466,0.869653025910991,-0.3611359172886191,0.5237068552580915,0.461897015884183,0.43231373393977063,0.5606854936590611,-0.26891137631997286,-2.2071233729548112e-13,1.1236102527122116,-5.551115123125783e-17
0.78,1.4825198521776386,0.8660224593252878,-0.36496619848270756,0.5283151985928594,0.45978609204026566,0.4308549458490546,0.5569079530880927,-0.26515626737270565,-3.1741276274033225e-13,1.1236102527122116,-5.551115123125783e-17
0.79,1.4889102823794047,0.8623539260350751,-0.3687292532063764,0.5329028639964114,0.4577612391589561,0.42939611491040935,0.5531430705008099,-0.2613525075241464,-3.494982081519993e-13,1.1236102527122116,5.551115123125783e-17
0.8,1.4953064423218805,0.8586480983898643,-0.3724250704522738,0.5374707065551179,0.4558213418433066,0.42793694485187145,0.5493900863078212,-0.25750342061369746,-3.601563491884008e-13,1.1236102527122116,0.0
0.81,1.5017081623913682,0.8549056486799322,-0.3760536725960614,0.5420195704792792,0.45396534013276957,0.42647715944184417,0.5456483025771196,-0.2536122423298305,-3.6715075424353927e-13,1.1236102527122116,5.551115123125783e-17
0.8200000000000001,1.5081152678912795,0.8511272488118008,-0.37961511373787826,0.5465502896518027,0.45219222832437944,0.42501650175104305,0.541917080282496,-0.2496821216421622,-4.127809205556332e-13,1.1236102527122116,5.551115123125783e-17
0.8300000000000001,1.5145275792490303,0.8473135699986434,-0.38310947809560963,0.5510636881649718,0.45050105386154204,0.42355473343445565,0.5381958366447004,-0.24571612222265482,-5.020428517354958e-13,1.1236102527122116,0.0
0.84,1.5209449122191157,0.8434652824670347,-0.38653687844933676,0.5555605808467008,0.4488909162873355,0.42209163403364763,0.5344840425641842,-0.24171722385883895,-6.000755448098971e-13,1.1236102527122116,-5.551115123125783e-17
0.85,1.5273670780825148,0.8395830551793022,-0.38989745463526326,0.5600417737767649,0.44736096626076105,0.42062700029885286,0.5307812201418896,-0.23768832385978897,-6.56030785251005e-13,1.1236102527122116,-5.551115123125783e-17
0.86,1.5337938838425678,0.8356675555707415,-0.3931913720874122,0.5645080647934919,0.4459104046345095,0.41916064553028465,0.5270869402847298,-0.23363223845540299,-6.350475700855895e-13,1.1236102527122116,0.0
0.87,1.5402251324174765,0.8317194493009499,-0.39641882042538934,0.5689602439914079,0.44453848159293086,0.4176923989381048,0.5234008203925482,-0.22955170418936502,-5.415667914121514e-13,1.1236102527122116,5.551115123125783e-17
0.88,1.5466606228295716,0.8277394000185411,-0.39958001208650695,0.5733990942103234,0.44324449584901937,0.4162221050204878,0.5197225221234834,-0.22544937930603037,-4.2543746303636e-13,1.1236102527122116,0.0
0.89,1.5531001503914954,0.8237280691384977,-0.40267518100056326,0.577825391516351,0.4420277938993415,0.4147496229592179,0.5160517492347955,-0.22132784513135195,-3.551603455775876e-13,1.1236102527122116,-5.551115123125783e-17
0.9,1.5595435068893169,0.8196861156317004,-0.4057045813057321,0.5822399056754581,0.44088776933577006,0.4132748260323832,0.5123882454966385,-0.21718960744807203,-3.4872105203476167e-13,1.1236102527122116,0.0
0.91,1.5659904807591942,0.8156141958336881,-0.4086684861085712,0.586643400623175,0.4398238622077549,0.41179760104720364,0.5087317926850591,-0.2130370978709727,-3.6337599595981374e-13,1.1236102527122116,5.551115123125783e-17
0.92,1.5724408572633417,0.8115129632601736,-0.4115671862804102,0.5910366349257888,0.43883555844210753,0.41031784778704433,0.5050822086381491,-0.20887267521247646,-3.7281289166912757e-13,1.1236102527122116,1.1102230246251565e-16
0.93,1.578894418662823,0.807383068433714,-0.4144009892911557,0.5954203622358514,0.4379223893164499,0.4088354784744922,0.5014393453787717,-0.2046986268424321,-3.7070346792233977e-13,1.1236102527122116,-5.551115123125783e-17
0.9400000000000001,1.5853509443861975,0.8032251587238075,-0.4171702180812087,0.599795331743386,0.4370839309834309,0.4073504172513713,0.4978030873049676,-0.2005171700437589,-3.687050664780145e-13,1.1236102527122116,-1.1102230246251565e-16
0.9500000000000001,1.5918102111951768,0.7990398781974266,-0.41987520996858346,0.6041622886223591,0.4363198040467974,0.4058625996740912,0.4941733494430199,-0.19633045336169525,-3.8496983378877303e-13,1.1236102527122116,-5.551115123125783e-17
0.96,1.598271993346846,0.7948278674806624,-0.42251631559074715,0.6085219744733463,0.43562967318790635,0.4043719722244635,0.49055007576253573,-0.19214055794705617,-4.2876813211023546e-13,1.1236102527122116,-5.551115123125783e-17
0.97,1.604736062752567,0.7905897636309792,-0.42509389788008295,0.6128751277628015,0.43501324684214837,0.40287849183557717,0.48693323755162027,-0.18794949889292917,-4.926614671774132e-13,1.1236102527122116,-5.551115123125783e-17
0.98,1.6112021891336932,0.7863262000195731,-0.42760833107188023,0.6172224842593339,0.4344702769248481,0.401382125432328,0.4833228318502687,-0.1837592265642034,-5.4944937488699e-13,1.1236102527122116,0.0
0.99,1.617670140174214,0.7820378062233312,-0.43005999974375547,0.6215647774674027,0.43400055860630865,0.39988284948619335,0.47971887994015655,-0.17957162791930764,-5.63882274207117e-13,1.1236102527122116,-5.551115123125783e-17
1.0,1.6241396816704552,0.7777252079258868,-0.4324492978854075,0.6259027390588349,0.433603930135771,0.3983806495838461,0.47612142588905454,-0.17538852782351505,-5.129785485280536e-13,1.1236102527122116,0.0
1.01,1.630610577677959,0.7733890268272678,-0.4347766279976099,0.6302370993025741,0.433280272714148,0.3968755200092006,0.47253053514813487,-0.17121169035317102,-4.1472381084872723e-13,1.1236102527122116,5.551115123125783e-17
1.02,1.6370825906556468,0.7690298805616637,-0.43704240021936164,0.634568587493081,0.4330295104154893,0.39536746333849815,0.468946293200516,-0.16704282009021426,-3.5993430458347575e-13,1.1236102527122116,-5.551115123125783e-17
1.03,1.6435554816049447,0.7646483826277717,-0.4392470314847331,0.6388979323800665,0.4328516101535564,0.39385649005034096,0.46536880426469174,-0.16288356340977897,-3.68816088780477e-13,1.1236102527122116,5.551115123125783e-17
1.04,1.65002901020674,0.7602451423260661,-0.44139094470583046,0.6432258625974113,0.43274658169711533,0.3923426181478136,0.4617981900456209,-0.1587355097564061,-3.77642361826247e-13,1.1236102527122116,0.0
1.05,1.6565029349570313,0.7558207647006442,-0.4434745679799242,0.6475531070908783,0.4327144777357511,0.3908258727914822,0.4582345885300485,-0.15460019290691132,-3.770872503139344e-13,1.1236102527122116,5.551115123125783e-17
1.06,1.6629770132981554,0.7513758504919206,-0.44549833382310344,0.6518803955481736,0.4327553939914166,0.3893062859460228,0.4546781528316294,-0.15047909222402464,-3.700373341075647e-13,1.1236102527122116,-5.551115123125783e-17
1.07,1.6694510017476223,0.7469109960959205,-0.4474626784275655,0.6562084588299236,0.4328694693787818,0.387783896038304,0.4511290500803071,-0.14637363389742744,-3.687050664780145e-13,1.1236102527122116,1.1102230246251565e-16
1.08,1.6759246560239571,0.742426793531165,-0.449368040942362,0.6605380294026236,0.43305688621371835,0.3862587476272178,0.44758746035602526,-0.14228519217250676,-3.850253449400043e-13,1.1236102527122116,-1.1102230246251565e-16
1.09,1.6823977311696638,0.7379238304128055,-0.4512148627767066,0.6648698417739856,0.4333178704702751,0.38473089108492387,0.44405357566542225,-0.1382150905662377,-4.236055950457285e-13,1.1236102527122116,5.551115123125783e-17
1.1,1.6888699816714128,0.733402689933661,-0.4530035869249469,0.6692046329311211,0.4336526920866062,0.3832003822891714,0.4405275989601752,-0.13416460306961847,-4.737876757587856e-13,1.1236102527122116,0.0
1.11,1.695341161577561,0.7288639508518129,-0.45473465731230445,0.6735431427819889,0.4340616653203987,0.38166728232636266,0.43700974319568486,-0.13013495533610805,-5.105915690251095e-13,1.1236102527122116,-1.1102230246251565e-16
1.12,1.7018110246131126,0.7243081874844135,-0.4564085181604865,0.6778861146005392,0.43454514915444586,0.3801316572050227,0.433500230428813,-0.12612732585553854,-5.024869409453459e-13,1.1236102527122116,0.0
1.1300000000000001,1.7082793242922238,0.7197359697073606,-0.4580256133722728,0.6822342954759884,0.43510354775310944,0.3785935775793394,0.4299992909534064,-0.12214284711300305,-4.3642867098014904e-13,1.1236102527122116,-5.551115123125783e-17
1.1400000000000001,1.7147458140283638,0.7151478629604963,-0.45958638593418183,0.6865884367666547,0.4357373109705141,0.3770531184824391,0.4265071624723614,-0.11818260673224165,-3.645972412869014e-13,1.1236102527122116,-1.1102230246251565e-16
1.1500000000000001,1.7212102472411945,0.710544428260036,-0.461091277337483,0.6909492945597842,0.43644693490968783,0.3755103590700343,0.42302408930708885,-0.11424764860429754,-3.70536934468646e-13,1.1236102527122116,0.0
1.16,1.7276723774596852,0.7059262222192808,-0.4625407270173984,0.6953176301385321,0.43723296253226707,0.3739653823747448,0.4195503216444457,-0.1103389740017868,-3.784195179434846e-13,1.1236102527122116,-5.551115123125783e-17
1.17,1.7341319584257373,0.7012937970689818,-0.4639351718052183,0.6996942104523056,0.43809598432683183,0.372418275066842,0.41608611481166574,-0.10645754267329471,-3.797517855730348e-13,1.1236102527122116,0.0
1.18,1.7405887441934011,0.696647700686887,-0.465275045397672,0.7040798085960142,0.43903663902886503,0.3708691272257717,0.4126317285879988,-0.1026042739235675,-3.818612093198226e-13,1.1236102527122116,-1.1102230246251565e-16
1.19,1.7470424892262388,0.6919884766314632,-0.4665607778400888,0.7084752042963344,0.4400556143973805,0.36931803211989106,0.4091874265471158,-0.09878004767628601,-3.8913317013111737e-13,1.1236102527122116,5.551115123125783e-17
1.2,1.7534929484922244,0.6873166641809075,-0.46779279502342,0.7128811844060484,0.4411536480483312,0.36776508599477875,0.4057534754306422,-0.09498570551985963,-4.011790899483003e-13,1.1236102527122116,0.0
1.21,1.7599398775562505,0.6826327983772704,-0.4689715181942919,0.7172985434070502,0.4423315283460419,0.36621038786985877,0.4023301445517933,-0.09122205173600115,-4.160560784782774e-13,1.1236102527122116,-5.551115123125783e-17
1.22,1.7663830326703265,0.6779374100754786,-0.4700973634772406,0.7217280839225898,0.44359009535404637,0.3646540393430613,0.3989177052280645,-0.08748985431084394,-4.3182124542795464e-13,1.1236102527122116,5.551115123125783e-17
1.23,1.7728221708615552,0.6732310259970431,-0.47117074140828,0.7261706172393316,0.44493024184679636,0.3630961444032438,0.3955164302419486,-0.08378984592838898,-4.447553436648377e-13,1.1236102527122116,-5.551115123125783e-17
1.24,1.7792570500179723,0.6685141687882418,-0.4721920564789523,0.7306269638398003,0.4463529143838246,0.3615368092500971,0.3921265933286683,-0.08012272494608921,-4.4497738826976274e-13,1.1236102527122116,-5.551115123125783e-17
1.25,1.7856874289723366,0.6637873570825621,-0.47316170669001223,0.7350979539457875,0.4478591144480389,0.35997614212125917,0.3887484686899334,-0.07648915635240383,-4.1849856913245276e-13,1.1236102527122116,5.551115123125783e-17
1.26,1.7921130675839536,0.6590511055671917,-0.4740800831138958,0.7395844280732932,0.44944989964993975,0.35841425312635994,0.38538233053275056,-0.07288977270617414,-3.713140905858836e-13,1.1236102527122116,-5.551115123125783e-17
1.27,1.7985337268183283,0.6543059250539892,-0.47494756946561933,0.7440872375998172,0.4511263849989919,0.35685125408803714,0.38202845263299545,-0.06932517505797026,-3.809175197488912e-13,1.1236102527122116,5.551115123125783e-17
1.28,1.804949168823324,0.6495523225577503,-0.4757645416830809,0.7486072453462568,0.45288974424092865,0.3552872583911108,0.37868710792563165,-0.06579593385478802,-4.1588954502458364e-13,1.1236102527122116,5.551115123125783e-17
1.29,1.8113591570055039,0.644790801374095,-0.47653136751097797,0.7531453261704126,0.45474121127053113,0.3537223808360139,0.37535856811331014,-0.06230258982440079,-4.1588954502458364e-13,1.1236102527122116,0.0
1.3,1.8177634561033078,0.640021861164051,-0.4772484060928672,0.757702367575699,0.45668208161471063,0.3521567374997675,0.37204310329986723,-0.058845654842534095,-4.2676973066591017e-13,1.1236102527122116,5.551115123125783e-17
1.31,1.824161832258567,0.6352459980418911,-0.47791600756699987,0.7622792703354732,0.45871371399144817,0.35059044560260827,0.3687409816439892,-0.05542561278184638,-4.829470157119431e-13,1.1236102527122116,5.551115123125783e-17
1.32,1.8305540530861357,0.6304637046669876,-0.47853451266666147,0.7668769491331081,0.4608375319458242,0.3490236233805038,0.3654524690335387,-0.05204292034268859,-5.713762796233368e-13,1.1236102527122116,0.0
1.33,1.836939887741591,0.6256754703398371,-0.4791042523242969,0.7714963332187224,0.46305502556513317,0.3474563899634544,0.36217782877995336,-0.04869800786578843,-6.450950884584472e-13,1.1236102527122116,5.551115123125783e-17
1.34,1.8433191069870623,0.6208817811021603,-0.4796255472784769,0.7761383670834439,0.4653677532754238,0.3458888652593622,0.3589173213318855,-0.04539128012693028,-6.578626532416365e-13,1.1236102527122116,1.1102230246251565e-16
1.35,1.8496914832552482,0.6160831198409946,-0.4800987076827582,0.7808040111520825,0.4677773437218852,0.3443211698432495,0.35567120400726604,-0.04212311711371716,-5.944134073843088e-13,1.1236102527122116,0.0
1.36,1.8560567907116792,0.6112799663966835,-0.4805240327154898,0.7854942424950868,0.47028549773560735,0.34275342485160654,0.35243973074299884,-0.038893874784502125,-4.811706588725428e-13,1.1236102527122116,0.0
1.37,1.8624148053152851,0.6064727976746777,-0.4809018101896206,0.7902100555606589,0.4728939903893201,0.34118575188164985,0.34922315186151287,-0.0357038858095895,-3.7270186936666505e-13,1.1236102527122116,0.0
1.3800000000000001,1.8687653048773272,0.6016620877610565,-0.48123231616155926,0.7949524629279052,0.4756046731448163,0.3396182728952726,0.3460217138534214,-0.03255346029480591,-3.178568519501823e-13,1.1236102527122116,-5.551115123125783e-17
1.3900000000000001,1.8751080691187514,0.5968483080416809,-0.4815158145381426,0.799722496081896,0.47841947609484,0.3380511101274675,0.3428356591755643,-0.029442886487551057,-3.247402347028583e-13,1.1236102527122116,-5.551115123125783e-17
1.4000000000000001,1.8814428797260256,0.592031927324889,-0.48175255668076244,0.8045212062115104,0.48134041030231495,0.3364843859990039,0.33966522606372934,-0.026372431465435997,-3.49442697000768e-13,1.1236102527122116,5.551115123125783e-17
1.41,1.887769520405423,0.5872134119681773,-0.481942781006576,0.809349665030713,0.48436957023905625,0.3349182230334364,0.33651064836007855,-0.023342341807603417,-4.546363285840016e-13,1.1236102527122116,0.0
1.42,1.894087776934189,0.58239322601413,-0.48208671259081254,0.8142089656254521,0.48750913631920045,0.3333527437809609,0.3333721553598477,-0.020352844250347002,-9.627854069549358e-13,1.1236102527122116,0.0
1.43,1.900397437212023,0.5775718313213255,-0.48218456274992205,0.8191002233296008,0.4907613775509246,0.3317880707412975,0.3302499716597652,-0.01740414632580553,-1.0684786388992507e-12,1.1236102527122116,0.0
1.44,1.9066982913112815,0.5727496877060169,-0.48223652863603395,0.8240245766185474,0.49412865428487485,0.3302243262945584,0.3271443170309815,-0.014496436980876659,-8.966161146872764e-13,1.1236102527122116,-5.551115123125783e-17
1.45,1.9129901315244795,0.5679272530862608,-0.4822427928141921,0.8289831880385348,0.49761342107671785,0.3286616326343286,0.3240554062985752,-0.011629887183063237,-9.88042980765158e-13,1.1236102527122116,0.0
1.46,1.9192727524105564,0.5631049836293077,-0.4822035228302436,0.8339772451652743,0.501218229664434,0.32710011170378733,0.32098344923162014,-0.008804650509992351,-1.7297274723659939e-12,1.1236102527122116,0.0
1.47,1.925545950839874,0.5582833339035812,-0.48211887077089954,0.8390079615919044,0.5049457320610279,0.3255398851354607,0.3179286504451525,-0.0060208637225522554,-3.1256108812272032e-12,1.1236102527122116,0.0
1.48,1.9318095260379344,0.5534627570353217,-0.48198897281456876,0.8440765779477277,0.5087986837653038,0.32398107419443917,0.31489120931335357,-0.003278647322009165,-4.8054893397875276e-12,1.1236102527122116,0.0
1.49,1.9380632796278192,0.5486437048699746,-0.48181394877156847,0.8491843629491713,0.5127799470932486,0.3224237997248909,0.31187131989328776,-0.0005781060914617775,-6.178169087434071e-12,1.1236102527122116,0.0
1.5,1.9443070156713451,0.5438266281383992,-0.4815939016123139,0.8543326144844063,0.5168924946324837,0.32086818209970447,0.30886917085855603,0.002080670378026145,-6.6486816052702125e-12,1.1236102527122116,-5.551115123125783e-17
1.51,1.9505405407089333,0.5390119766279742,-0.4813289169820886,0.8595226607330689,0.5211394128221022,0.31931434117309304,0.30588494544225053,0.004697607176285701,-5.831113369936247e-12,1.1236102527122116,-5.551115123125783e-17
1.52,1.9567636637981867,0.5342001993586799,-0.4810190627009988,0.8647558613225225,0.5255239056600397,0.31776239623599295,0.3029188213886216,0.0072726435775817555,-3.701039474890422e-12,1.1236102527122116,0.0
1.53,1.9629761965511745,0.5293917447642338,-0.48066438824771446,0.8700336085220992,0.5300492985399228,0.3162124659740882,0.2999709709128964,0.00980573255853226,-6.546985176214548e-13,1.1236102527122116,5.551115123125783e-17
1.54,1.9691779531704194,0.5245870608783545,-0.4802649242255979,0.8753573284767627,0.5347190422190934,0.31466466842829466,0.2970415606687147,0.012296840330129843,2.5511814882861472e-12,1.1236102527122116,0.0
1.55,1.975368750483583,0.5197865955262354,-0.4798206818098247,0.8807284824816305,0.5395367169191977,0.31311912095753525,0.29413075172267755,0.01474594588360048,4.98123764458569e-12,1.1236102527122116,-5.551115123125783e-17
1.56,1.9815484079768475,0.514990796521303,-0.47933165217409734,0.8861485682987963,0.5445060365603865,0.31157594020364,0.2912386995355354,0.01715304054985803,5.811351400097919e-12,1.1236102527122116,5.551115123125783e-17
1.57,1.9877167478269893,0.5102001118673368,-0.4787978058955556,0.8916191215178924,0.5496308531297526,0.3100352420582016,0.28836555394956953,0.019518127572330818,4.693467836602849e-12,1.1236102527122116,5.551115123125783e-17
1.58,1.993873594932141,0.5054149899660305,-0.478219092336485,0.8971417169618316,0.5549151611841473,0.308497141631221,0.28551145918175835,0.021841221692957075,2.142508392921627e-12,1.1236102527122116,5.551115123125783e-17
1.59,2.0000187769412388,0.5006358798300704,-0.4775954390014267,0.9027179701391687,0.5603631024869546,0.3069617532213738,0.2826765538223451,0.024122348751165756,-1.2628786905111156e-13,1.1236102527122116,0.0
1.6,2.0061521242841716,0.49586323130682386,-0.4769267508805771,0.9083495387346568,0.565978970764599,0.30542919029103954,0.2798609708459272,0.026361545297866162,-4.071187831300449e-13,1.1236102527122116,0.0
1.61,2.01227347020495,0.4910974953208252,-0.4762129097921808,0.91403812412646,0.5717672165584189,0.30389956545067215,0.27706483764380163,0.028558858225300396,-4.795608354868364e-13,1.1236102527122116,0.0
1.62,2.01838265078208,0.4863391240923646,-0.4754537736225716,0.9197854730138577,0.5777324522797183,0.30237299042478366,0.27428827601568234,0.030714344396158624,-4.0339953599755063e-13,1.1236102527122116,5.551115123125783e-17
1.6300000000000001,2.0244795049568,0.4815885713852746,-0.4746491755932947,0.925593379050842,0.5838794573279363,0.30084957603426216,0.2715314022004307,0.03282807029534497,-4.4486636596730023e-13,1.1236102527122116,0.0
1.6400000000000001,2.030563874557624,0.4768462927578849,-0.4737989234827856,0.9314636845421516,0.5902131833335377,0.29932943217691416,0.2687943269028924,0.03490011168979043,-8.308909116294672e-13,1.1236102527122116,5.551115123125783e-17
1.6500000000000001,2.0366356043239926,0.4721127458212895,-0.4729027988153507,0.9373982821932092,0.5967387595075012,0.29781266780926974,0.2660771553245504,0.036930553299868205,-1.5270562592206716e-12,1.1236102527122116,0.0
1.6600000000000001,2.04269454192926,0.4673883905059714,-0.4719605560174724,0.9433991169133876,0.6034614980862935,0.29629939093000546,0.26337998719869793,0.03891948848236451,-2.2213342276700132e-12,1.1236102527122116,-5.551115123125783e-17
1.67,2.0487405380029236,0.4626736893371326,-0.47097192153957257,0.9494681876734788,0.6103868998611841,0.2947897085648607,0.2607029168297186,0.04086701892459502,-2.4520385721871207e-12,1.1236102527122116,-5.551115123125783e-17
1.68,2.0547734461520144,0.45796910771907157,-0.46993659294137025,0.9556075494182436,0.617520659778619,0.2932837267529195,0.258046033136065,0.042773254349268666,-1.821487405351263e-12,1.1236102527122116,-5.551115123125783e-17
1.69,2.0607931229815493,0.4532751142289565,-0.46885423793896813,0.9618193150349164,0.624868672595986,0.29178155053413385,0.2554094196965348,0.04463831222971089,-2.2487567363782546e-13,1.1236102527122116,0.0
1.7,2.0667994281139634,0.44859218092033715,-0.46772449341180355,0.9681056573785434,0.6324370385743957,0.2902832839379599,0.2527931547994396,0.04646231751506097,1.9791390748480353e-12,1.1236102527122116,-5.551115123125783e-17
1.71,2.0727922242074284,0.4439207836367419,-0.46654696436759874,0.9744688113550292,0.6402320691870911,0.2887890299729836,0.2501973114942638,0.04824540236506186,3.946676319088738e-12,1.1236102527122116,-5.551115123125783e-17
1.72,2.0787713769729645,0.4392614023357046,-0.46532122286344574,0.9809110760627662,0.6482602928186927,0.2872988906174076,0.24762195764540146,0.049987705894052395,4.577949130890602e-12,1.1236102527122116,0.0
1.73,2.084736755190266,0.43461452142356694,-0.46404680688116073,0.987434816993727,0.6565284604266802,0.2858129668102744,0.24506715598754802,0.05168937392376127,3.1250002585636594e-12,1.1236102527122116,-5.551115123125783e-17
1.74,2.090688230722137,0.42998063010140103,-0.4627232191550435,0.9940424682948916,0.6650435511322801,0.2843313584432995,0.24253296418230794,0.05335055874448649,3.282096816548119e-13,1.1236102527122116,0.0
1.75,2.0966256785284165,0.42536022272278196,-0.46134992595350033,1.0007365350862385,0.6738127777010088,0.2828541643537075,0.24001943487707056,0.05497141888538837,-3.6798342151200814e-13,1.1236102527122116,0.0
1.76,2.1025489766881043,0.4207537991680485,-0.45992635584975555,1.0075195957770444,0.6828435918471905,0.2813814823228788,0.23752661578266895,0.056552118906679966,-7.299716386910404e-15,1.1236102527122116,2.7755575615628914e-17
1.77,2.1084580064067766,0.4161618652258448,-0.45845189839149875,1.0143943045078085,0.6921436893645115,0.2799134090680867,0.23505454972854556,0.05809282918108598,-1.9145796059660825e-13,1.1236102527122116,-5.551115123125783e-17
1.78,2.1143526520295657,0.4115849329896025,-0.45692590273658595,1.021363393629153,0.7017210149854657,0.2784500402383029,0.23260327472637174,0.05959372568888002,-2.342293026202924e-13,1.1236102527122116,-2.7755575615628914e-17
1.79,2.120232801053086,0.40702352126889413,-0.45534767625062733,1.0284296762018286,0.7115837669129496,0.27699147041083405,0.23017282404071998,0.061054989825617925,3.478883847662928e-13,1.1236102527122116,-2.7755575615628914e-17
1.8,2.126098344135872,0.4024781560147183,-0.4537164830487384,1.0355960485506586,0.7217404009565941,0.2755377930881171,0.22776322625828282,0.062476808215258764,1.3272716259393746e-12,1.1236102527122116,0.0
1.81,2.1319491751084616,0.3979493707595791,-0.45203154248607447,1.0428654928612762,0.7321996341899318,0.2740891006952287,0.22537450535758732,0.06385937253020743,2.1703194796884873e-12,1.1236102527122116,-2.7755575615628914e-17
1.82,2.137785190983003,0.39343770707284254,-0.45029202759888337,1.0502410798113013,0.7429704480366461,0.27264548457802185,0.22300668077969557,0.0652028793186901,2.6574575873183903e-12,1.1236102527122116,-2.7755575615628914e-17
1.83,2.1436062919622714,0.3889437150318561,-0.44849706349781077,1.057725971227613,0.7540620906827943,0.27120703500180005,0.22065976750017796,0.0665075298396565,3.224809308477461e-12,1.1236102527122116,0.0
1.84,2.149412381447971,0.3844679537093149,-0.4466457257151921,1.0653234227613686,0.7654840786994032,0.2697738411504418,0.21833377610242305,0.0677735299051729,4.768352379613816e-12,1.1236102527122116,-2.7755575615628914e-17
1.85,2.1552033660482106,0.3800109916773605,-0.44473703850806645,1.0730367865724166,0.777246197745982,0.26834599112588575,0.21602871285208936,0.06900108972999097,7.91250398535226e-12,1.1236102527122116,-5.551115123125783e-17
1.86,2.1609791555840325,0.3755734075288957,-0.44276997311864574,1.0808695140147644,0.7893585022103042,0.2669235719478895,0.2137445797722216,0.07019042378768169,1.2038842145400963e-11,1.1236102527122116,0.0
1.87,2.1667396630948703,0.3711557904166004,-0.4407434459939745,1.0888251583147408,0.8018313136230276,0.2655066695539725,0.21148137471823353,0.07134175067237869,1.469352417515779e-11,1.1236102527122116,8.326672684688674e-17
1.8800000000000001,2.172484804842832,0.3667587406101344,-0.4386563169665145,1.096907377233515,0.8146752176673107,0.2640953687994556,0.2092390914516049,0.07245529296479679,1.2356504708321836e-11,1.1236102527122116,-2.7755575615628914e-17
1.8900000000000001,2.178214500315674,0.36238287007200937,-0.4365073873973879,1.1051199357056183,0.8279010595834243,0.26268975345750795,0.20701771971075436,0.07353127710077625,3.9445946509175656e-12,1.1236102527122116,-2.7755575615628914e-17
1.9000000000000001,2.1839286722285,0.3580288030525685,-0.43429539828522734,1.1134667084430434,0.8415199377462983,0.26128990621918613,0.20481724527761774,0.07456993324067612,-1.5245027462640337e-12,1.1236102527122116,2.7755575615628914e-17
1.9100000000000001,2.1896272465338926,0.35369717670098294,-0.4320190284350471,1.1219516823364373,0.8555431951755592,0.25989590869837176,0.20263765007590406,0.07557149517791177,-1.4468981568427353e-12,1.1236102527122116,5.551115123125783e-17
1.92,2.195310152423578,0.3493886416964361,-0.42967689256886515,1.1305789588425663,0.8699824087095744,0.2585078414324149,0.20047891224764758,0.0765362002300411,-1.507877156470272e-12,1.1236102527122116,0.0
1.93,2.2009773223250404,0.34510386289966777,-0.4272675393931398,1.1393527563335113,0.8848493755407874,0.25712578388079904,0.1983410062101133,0.07746428911432035,-1.167177465788427e-12,1.1236102527122116,-2.7755575615628914e-17
1.94,2.2066286919049314,0.34084352002211216,-0.4247894497506501,1.1482774121849402,0.9001560967838907,0.25574981442822203,0.19622390274082468,0.07835600585735014,-6.146749775837179e-13,1.1236102527122116,0.0
1.95,2.2122642000694417,0.3366083083140561,-0.422241034781792,1.1573573847204486,0.9159147577215077,0.2543800103864071,0.19412756905297965,0.07921159769973077,-4.1386338800464273e-13,1.1236102527122116,-2.7755575615628914e-17
1.96,2.2178837889637943,0.33239893927054903,-0.419620634132868,1.1665972549429677,0.932137704336754,0.2530164479957464,0.19205196886977355,0.08003131500475558,-6.207812042191563e-13,1.1236102527122116,8.326672684688674e-17
1.97,2.223487403971074,0.32821614135460897,-0.4169265142351733,1.1760017280083686,0.9488374157037536,0.2516592024269515,0.18999706249926024,0.08081541117254559,-7.521760991835436e-13,1.1236102527122116,2.7755575615628914e-17
1.98,2.2290749937106185,0.3240606607372684,-0.4141568666786781,1.1855756343963875,0.9660264717680359,0.2503083477828847,0.18796280691007536,0.0815641425595898,-6.826761378420088e-13,1.1236102527122116,0.0
1.99,2.234646510036192,0.3199332620540063,-0.41130980670410866,1.1953239307340044,0.9837175160072967,0.24896395710074556,0.185949155806943,0.08227776840211648,-1.1573519920204944e-12,1.1236102527122116,-2.7755575615628914e-17
2.0,2.240201908033977,0.31583472917680827,-0.4083833718376984,1.2052517002255807,1.0019232124215398,0.24762610235465576,0.18395605970361256,0.08295655074050406,-1.5371870443203761e-12,1.1236102527122116,5.551115123125783e-17
2.0100000000000002,2.2457411460175623,0.31176586599553086,-0.40537552071093547,1.21536415261598,1.0206561962968694,0.24629485445666355,0.1819834659970515,0.08360075435150865,-1.56427648612123e-12,1.1236102527122116,-2.7755575615628914e-17
2.02,2.2512641855240427,0.3077274972118295,-0.40228413209964764,1.2256666236281697,1.039929018076018,0.24497028325863943,0.18003131904089237,0.08421064668266783,-1.4382661728262747e-12,1.1236102527122116,2.7755575615628914e-17
2.0300000000000002,2.256770991309901,0.3037204691419559,-0.39910700422485756,1.2361645738040135,1.0597540796705363,0.24365245755439577,0.1780995602179276,0.08478649778947288,-1.0377254611171338e-12,1.1236102527122116,5.551115123125783e-17
2.04,2.2622615313458114,0.2997456505247164,-0.3958418543689619,1.2468635866615823,1.0801435625065086,0.24234144508171168,0.17618812801382996,0.08532858027792325,-9.531264666406969e-13,1.1236102527122116,-2.7755575615628914e-17
2.05,2.267735776810241,0.2958039333312466,-0.39248631884927376,1.2577693660990017,1.1011093465503954,0.2410373125237414,0.1742969580873136,0.08583716924753027,-1.3102852136626097e-12,1.1236102527122116,-5.551115123125783e-17
2.06,2.273193702082398,0.2918962335724731,-0.38903795341851394,1.2688877329379937,1.122662919526376,0.23974012551021845,0.17242598334051512,0.08631254223852752,-1.5492607197131747e-12,1.1236102527122116,0.0
2.07,2.278635284735405,0.28802349210056427,-0.38549423416313716,1.2802246204988121,1.144815275496998,0.23844994861915125,0.17057513399095536,0.08675497918399407,-1.5277223930354467e-12,1.1236102527122116,2.7755575615628914e-17
2.08,2.2840605055301806,0.2841866754002878,-0.38185255896949094,1.2917860690999747,1.1675768019509951,0.23716684537941485,0.16874433764321675,0.08716476236424212,-1.5469570069370775e-12,1.1236102527122116,2.7755575615628914e-17
2.09,2.289469348405105,0.2803867763599977,-0.37811024962418777,1.3035782193893415,1.1909571545788942,0.23589087827077587,0.16693351935563738,0.08754217636116333,-1.5633605521259142e-12,1.1236102527122116,-2.7755575615628914e-17
2.1,2.2948618004671824,0.27662481501875946,-0.37426455465852787,1.3156073043446241,1.2149651188405608,0.23462210872501324,0.1651426017091273,0.08788750801745548,-1.4115097979328084e-12,1.1236102527122116,0.0
2.11,2.300237851983368,0.27290183928174205,-0.3703126530299572,1.3278796398142205,1.2396084574751318,0.23336059712751803,0.16337150487645224,0.08820104639902894,-1.316918796234745e-12,1.1236102527122116,-2.7755575615628914e-17
2.12,2.3055974963700905,0.26921892559377586,-0.36625165873670834,1.3404016134683951,1.2648937431473926,0.2321064028179905,0.16162014668888314,0.08848308275811055,-1.5613343951059733e-12,1.1236102527122116,-5.551115123125783e-17
2.13,2.310940730181888,0.2655771795612051,-0.3620786264820401,1.3531796720036056,1.2908261754642516,0.23085958409066193,0.1598884427012497,0.08873391049790891,-1.7094659021665848e-12,1.1236102527122116,-2.7755575615628914e-17
2.14,2.316267553100646,0.2619777365115968,-0.35779055852109254,1.3662203064231058,1.3174093816690553,0.22962019819520008,0.1581763062591611,0.08895382514210978,-1.5522028107284314e-12,1.1236102527122116,-5.551115123125783e-17
2.15,2.321577967924501,0.258421761979313,-0.35338441281200633,1.379530035238717,1.3446452004409002,0.2283883013377075,0.15648364856532687,0.08914312430584015,-1.556421658222007e-12,1.1236102527122116,2.7755575615628914e-17
2.16,2.3268719805536295,0.25491045210107316,-0.34885711259374863,1.3931153854486658,1.3725334484084029,0.2271639486796882,0.15481037874074016,0.08930210766491191,-1.496136547984861e-12,1.1236102527122116,2.7755575615628914e-17
2.17,2.332149599978309,0.2514450339089269,-0.34420555756376836,1.406982871065556,1.4010716691245866,0.2259471943388192,0.1531564038902083,0.0894310769313528,-1.455890963342199e-12,1.1236102527122116,-5.551115123125783e-17
2.18,2.33741083826501,0.24802676550272623,-0.3394266367803293,1.421138969059398,1.430254864551346,0.22473809138863274,0.15152162916466552,0.08953033582828554,-1.6492085475050544e-12,1.1236102527122116,2.7755575615628914e-17
2.19,2.3426557105416457,0.24465693608415268,-0.3345172434452299,1.4355900925340819,1.4600752093852989,0.22353669185776825,0.1499059578217684,0.08960019006547443,-1.6239232181192165e-12,1.1236102527122116,2.7755575615628914e-17
2.2,2.3478842349835753,0.24133686583284414,-0.32947429173288956,1.4503425609466312,1.4905217489252045,0.22234304672999639,0.14830929128907847,0.08964094731966835,-1.546401895424765e-12,1.1236102527122116,-5.551115123125783e-17
2.21,2.35309643279773,0.23806790560368707,-0.3242947357960013,1.465402567243623,1.521580081628428,0.22115720594313165,0.14673152922325322,0.08965291721297597,-1.5349943538467414e-12,1.1236102527122116,5.551115123125783e-17
2.22,2.35829232820647,0.23485143642224002,-0.3189755911042725,1.480776141750262,1.5532320280201675,0.21997921838793913,0.14517256956911742,0.08963641129326497,-1.4115653090840397e-12,1.1236102527122116,0.0
2.23,2.3634719484315307,0.23168886875444322,-0.31351395825539247,1.4964691126796565,1.5854552882112856,0.21880913190730436,0.14363230861966886,0.08959174301745809,-1.5845103007450234e-12,1.1236102527122116,2.7755575615628914e-17
2.24,2.3686353236762026,0.22858164152605276,-0.30790704936355917,1.5124870631890284,1.6182230909558373,0.21764699329441706,0.1421106410721814,0.08951922773245465,-1.8813561819541746e-12,1.1236102527122116,5.551115123125783e-17
2.25,2.3737824871077735,0.22553122086411354,-0.3021522171404098,1.5288352848892826,1.651503837960903,0.21649284829130697,0.14060746008539068,0.08941918265918741,-1.542127536779958e-12,1.1236102527122116,0.0
2.2600000000000002,2.3789134748401572,0.22253909853357315,-0.29624698674518324,1.545518727775887,1.6852607479870447,0.21534674158766626,0.13912265733881993,0.089291926880587,-1.5446255385853647e-12,1.1236102527122116,2.7755575615628914e-17
2.27,2.384028325913629,0.21960679004298747,-0.2901890904073502,1.562541946663244,1.719451506175399,0.21420871681792875,0.13765612308378117,0.08913778132210004,-1.4304113449270517e-12,1.1236102527122116,2.7755575615628914e-17
2.2800000000000002,2.3891270822763424,0.2167358323880578,-0.283976504861719,1.579909044125749,1.7540279250701205,0.21307881655968122,0.13620774620065362,0.08895706874077419,-1.2307932450994485e-12,1.1236102527122116,0.0
2.29,2.3942097887643055,0.21392778140769886,-0.2776074915076277,1.5976236101513281,1.7889356247567116,0.2119570823311701,0.1347774142530468,0.08875011371233178,-2.0194956817931597e-12,1.1236102527122116,-2.7755575615628914e-17
2.3000000000000003,2.3992764930796926,0.211184208728224,-0.27108063916726705,1.6156886587487056,1.824113740553088,0.21084355458829096,0.13336501353696173,0.08851724261327504,-2.684852340451016e-12,1.1236102527122116,2.7755575615628914e-17
2.31,2.40432724577065,0.20850669826312437,-0.2643949092757303,1.6341065617762294,1.8594946678598354,0.20973827272227197,0.1319704291351096,0.08825878361129569,-1.5432100042289676e-12,1.1236102527122116,0.0
2.32,2.409362100210501,0.20589684224951316,-0.25754968322313115,1.6528789804332105,1.8950038545697594,0.2086412750569553,0.1305935449736244,0.08797506665932792,-1.4481749133210542e-12,1.1236102527122116,-8.326672684688674e-17
2.33,2.414381112573376,0.20335623680944445,-0.2505448114260014,1.6720067950347524,1.9305596521962072,0.20755259884475857,0.12923424386305807,0.0876664234718039,-1.4182266472317906e-12,1.1236102527122116,0.0
2.34,2.419384341812719,0.20088647700539086,-0.24338066374615447,1.6914900335672693,1.9660732379538686,0.20647228026387757,0.1278924075531729,0.08733318751899641,-1.077277156369405e-12,1.1236102527122116,5.551115123125783e-17
2.35,2.424371849637729,0.1984891513880254,-0.23605818062034548,1.7113277999019831,2.0014486200939583,0.20540035441396617,0.12656791678199564,0.08697569401616585,-1.8468837570395635e-12,1.1236102527122116,5.551115123125783e-17
2.36,2.42934370048894,0.19616583604115076,-0.22857892424987936,1.7315182025203963,2.0365827388784528,0.20433685531391788,0.1252606513226515,0.08659427990748834,-3.908456891466017e-12,1.1236102527122116,5.551115123125783e-17
2.37,2.43429996151372,0.19391808811211053,-0.2209451290091084,1.7520582848006425,2.0713656758122254,0.20328181589793318,0.12397049002630176,0.08618928384924451,-2.0181634141636096e-12,1.1236102527122116,-2.7755575615628914e-17
2.38,2.439240702542137,0.1917474388272583,-0.21315975020331565,1.772943957950124,2.1056809830773187,0.20223526800809946,0.12269731088051053,0.08576104621613637,-1.587077691489469e-12,1.1236102527122116,-2.7755575615628914e-17
2.39,2.4441659960601347,0.18965538606939755,-0.20522651013358434,1.794169937912108,2.139406142445238,0.2011972423941663,0.12144099104267553,0.08530990906860278,-1.6247975187511088e-12,1.1236102527122116,-4.163336342344337e-17
2.4,2.4490759171837784,0.1876433864845195,-0.19714994036435882,1.8157296875313718,2.172413163655491,0.2001677687072428,0.12020140688932124,0.08483621614759876,-1.612515676541193e-12,1.1236102527122116,-6.938893903907228e-17
2.41,2.453970543632459,0.18571284719809397,-0.18893541901181235,1.8376153654274885,2.2045693277553733,0.19914687549531787,0.11897843406020484,0.08434031286122354,-1.5619172621939015e-12,1.1236102527122116,5.551115123125783e-17
2.42,2.458849955701939,0.18386511719047505,-0.18058920182814725,1.8598177830232265,2.2357380787120738,0.1981345901997402,0.11777194750246793,0.08382254627098219,-1.6109891198823334e-12,1.1236102527122116,-1.3877787807814457e-17
2.43,2.463714236235665,0.18210147839320737,-0.1721184457702472,1.8823263712905958,2.265780062987618,0.19713093914792218,0.11658182150962687,0.08328326507489967,-1.6014828352339805e-12,1.1236102527122116,1.3877787807814457e-17
2.44,2.4685634705971444,0.180423136596882,-0.1635312239110392,1.9051291585325774,2.294554312139193,0.19613594755073793,0.11540792976656356,0.08272281959493674,-1.6860818297104174e-12,1.1236102527122116,4.163336342344337e-17
2.45,2.473397746640464,0.178831212255677,-0.15483653041054896,1.9282127607360644,2.321919559236846,0.19514963949595127,0.11425014538772298,0.08214156175884481,-1.523739467934604e-12,1.1236102527122116,1.3877787807814457e-17
2.46,2.4782171546812046,0.17732673129646132,-0.1460442745456919,1.9515623856520197,2.347735674577641,0.19417203794400656,0.11310834095948359,0.081539845086059,-1.4974271822509877e-12,1.1236102527122116,-2.7755575615628914e-17
2.47,2.483021787466055,0.1759106160473771,-0.1371652628199817,1.9751618517882306,2.3718652010738572,0.1932031647217923,0.11198238857715816,0.08091802466788277,-1.6101425748260567e-12,1.1236102527122116,0.0
2.48,2.4878117401422686,0.17458367640697725,-0.12821116846920366,1.998993623134457,2.394174964639984,0.1922430405174208,0.11087215988385968,0.08027645714973991,-1.7115892037011804e-12,1.1236102527122116,6.938893903907228e-17
2.49,2.4925871102266317,0.17334660138405605,-0.11919448788449082,2.023038860241264,2.4145377300589588,0.1912916848748531,0.10977752610844392,0.07961550071213887,-1.6636275690373736e-12,1.1236102527122116,-1.3877787807814457e-17
2.5,2.497347997573748,0.1721999511390499,-0.11012848376496114,2.047277487956506,2.432833868709655,0.19034911618817768,0.10869835810206703,0.07893551505022924,-1.2059381271356528e-12,1.1236102527122116,2.7755575615628914e-17
2.5100000000000002,2.5020945043441247,0.17114414965870706,-0.10102711517202419,2.0716882797243543,2.448953001235325,0.18941535169631712,0.10763452637632316,0.0782368613550063,-1.6046469708541622e-12,1.1236102527122116,2.7755575615628914e-17
2.52,2.5068267349707605,0.17017947819853882,-0.09190495493791986,2.096248958081723,2.462795575913916,0.18849040747591508,0.10658590113295997,0.07751990228417098,-1.6504575484077577e-12,1.1236102527122116,2.7755575615628914e-17
2.5300000000000002,2.5115447961266115,0.16930606960373995,-0.08277709538450512,2.120936310366825,2.4742743431678127,0.1875742984369744,0.10555235230409564,0.0767850019454558,-1.7262441476262325e-12,1.1236102527122116,-1.3877787807814457e-17
2.54,2.5162487966904217,0.16852390363264128,-0.0736590434817185,2.1457263185560134,2.4833156867074844,0.18666703831613887,0.10453374958241769,0.07603252586752414,-1.2611162114595231e-12,1.1236102527122116,-1.3877787807814457e-17
2.5500000000000003,2.5209388477127868,0.16783280336929968,-0.06456660707894278,2.1705943014998477,2.48986077477258,0.1857686396712222,0.10352996245748639,0.07526284097830671,-1.5972084765891736e-12,1.1236102527122116,0.0
2.56,2.525615062380865,0.16723243281884123,-0.05551577403055276,2.1955150676725297,2.49386649814255,0.1848791138745878,0.10254086024279918,0.07447631557087894,-1.6407708525179032e-12,1.1236102527122116,0.0
2.57,2.530277555983525,0.1667222957289383,-0.046522586386505894,2.220463076073827,2.49530616784875,0.18399847110781342,0.10156631211176931,0.07367331928077031,-1.7307544286637722e-12,1.1236102527122116,-1.3877787807814457e-17
2.58,2.5349264458752874,0.16630173569172196,-0.037603011913015266,2.245412602847252,2.494169951220529,0.18312672035539493,0.10060618712563833,0.07285422305220861,-1.2692902284783258e-12,1.1236102527122116,-1.3877787807814457e-17
2.59,2.539561851440265,0.16596993752766526,-0.028772815391057544,2.2703379108797304,2.4904650334093184,0.1822638693987471,0.09966035426620022,0.07201939911050238,-1.5896034488704913e-12,1.1236102527122116,1.3877787807814457e-17
2.6,2.544183894055012,0.16572592995568505,-0.020047432141282052,2.2952134196228187,2.484215499036543,0.18140992481033344,0.09872868246069419,0.07116922092309208,-1.6216888942821583e-12,1.1236102527122116,-1.3877787807814457e-17
2.61,2.5487926970515487,0.16556858949749015,-0.011441846173311648,2.3200138723412866,2.475461938103083,0.1805648919476523,0.0978110406138244,0.07030406317009782,-1.6223411503091256e-12,1.1236102527122116,-2.7755575615628914e-17
2.62,2.55338838567945,0.16549664557414365,-0.002970475229482336,2.3447144980888743,2.4642607876733185,0.1797287749473396,0.09690729763365069,0.06942430170580555,-1.4363510381087963e-12,1.1236102527122116,-1.3877787807814457e-17
2.63,2.5579710870676795,0.16550868670587168,0.0053529352254170996,2.3692911658633453,2.4506834293851796,0.17890157671917797,0.09601732245941187,0.06853031352231455,-1.5881046477872474e-12,1.1236102527122116,0.0
2.64,2.5625409301857536,0.1656031677224346,0.013515407275254823,2.3937205286119734,2.434815069217282,0.17808329894058345,0.09514098408631973,0.06762247670835651,-1.6360940380266698e-12,1.1236102527122116,-1.3877787807814457e-17
2.65,2.5670980458046513,0.16577841786335046,0.021504813649030615,2.41798015509251,2.4167534318916184,0.1772739420506611,0.09427815159208065,0.066701170409958,-1.537200922108184e-12,1.1236102527122116,-2.7755575615628914e-17
2.66,2.571642566457185,0.16603264964518383,0.029309947536528026,2.4420486478977086,2.3966073061129998,0.17647350524442612,0.09342869416131147,0.06576677478746973,-1.5479839632348558e-12,1.1236102527122116,-2.7755575615628914e-17
2.67,2.5761746263978327,0.16636396835740513,0.03692057840981405,2.4659057463386995,2.3744949796075607,0.17568198646756877,0.09259248110915942,0.06481967097085829,-1.5863699243112706e-12,1.1236102527122116,0.0
2.68,2.5806943615622453,0.16677038204456976,0.04432749353492349,2.4895324133046337,2.350542603840041,0.1748993824108086,0.09176938190465819,0.06386024101390117,-1.6114054535165678e-12,1.1236102527122116,0.0
2.69,2.58520190952624,0.1672498118321423,0.051522525204538455,2.5129109055763355,2.32488252769251,0.17412568850467433,0.09095926619319981,0.06288886784644636,-1.5191875535336408e-12,1.1236102527122116,-1.3877787807814457e-17
2.7,2.589697409464467,0.16780010245492363,0.05849856408399552,2.536024827487825,2.29765163744961,0.17336089891401107,0.09016200381840996,0.061905935224978295,-1.588049136636016e-12,1.1236102527122116,1.3877787807814457e-17
2.71,2.594181002108449,0.16841903285200907,0.0652495593384113,2.5588591681426527,2.2689897373229977,0.1726050065334539,0.08937746484283333,0.06091182768099217,-1.5923512508564386e-12,1.1236102527122116,0.0
2.72,2.5986528297044407,0.16910432670096578,0.07177050651018439,2.58140032279037,2.2390380006832595,0.17185800298209336,0.08860551956857043,0.0599069304682201,-1.5907969386219634e-12,1.1236102527122116,0.0
2.73,2.6031130359707153,0.16985366277396452,0.07805742426541662,2.6036360991592358,2.207937517488165,0.1711198785990021,0.08784603855673635,0.05889162950762976,-1.5246970352933431e-12,1.1236102527122116,-5.551115123125783e-17
2.74,2.60756176605459,0.1706646850117811,0.08410732132274784,2.6255557098465694,2.1758279583024387,0.17039062243836478,0.0870988926463853,0.057866311330567646,-1.5851625567719907e-12,1.1236102527122116,1.3877787807814457e-17
2.75,2.6119991664888476,0.1715350122222789,0.08991815493058453,2.647149751975101,2.1428463701959064,0.1696702222657104,0.08636395297267459,0.05683136302049517,-1.5878687253945145e-12,1.1236102527122116,-5.551115123125783e-17
2.7600000000000002,2.6164253851480415,0.17246224732914314,0.09548878235393587,2.668410175539121,2.109126114606109,0.16895866455324376,0.0856410909844291,0.0557871721524393,-1.582442510361659e-12,1.1236102527122116,2.7755575615628914e-17
2.77,2.6208405712042264,0.17344398610493117,0.10081890677342537,2.6893302418428435,2.07479595264841,0.1682559344762675,0.08493017846100345,0.05473412673109049,-1.557393103368554e-12,1.1236102527122116,0.0
2.7800000000000002,2.6252448750824926,0.174477825343171,0.10590901900686045,2.7099044735526023,2.039979278877941,0.16756201590903652,0.08423108752808568,0.053672615125975494,-1.5850515344695282e-12,1.1236102527122116,0.0
2.79,2.6296384484159154,0.17556137042851752,0.11076033634470027,2.730128597794793,2.004793500979553,0.16687689142208997,0.08354369067367548,0.05260302600694302,-1.5754619830943284e-12,1.1236102527122116,2.7755575615628914e-17
2.8000000000000003,2.634021444000433,0.1766922422904446,0.11537473974271524,2.7499994837857664,1.969349559384265,0.16620054227835226,0.08286786076239304,0.05152574827530966,-1.5379642004376137e-12,1.1236102527122116,-1.3877787807814457e-17
2.81,2.6383940157492503,0.1778680837214103,0.1197547104411363,2.7695150763030583,1.9337515786904032,0.16553294843065147,0.0822034710500118,0.050441170995383644,-1.5776407957801553e-12,1.1236102527122116,-1.3877787807814457e-17
2.82,2.642756318646889,0.17908656506539747,0.12390326699619073,2.7886743262982314,1.8980966405368087,0.16487408851888144,0.08155039519655825,0.04934968332239982,-1.7623957848655891e-12,1.1236102527122116,-1.3877787807814457e-17
2.83,2.6471085087029755,0.18034538928172972,0.12782390354328674,2.8074771197927477,1.8624746665137928,0.16422393986763553,0.08090850727852365,0.04825167442861293,-1.5773354844483833e-12,1.1236102527122116,1.3877787807814457e-17
2.84,2.6514507429058765,0.18164229639654564,0.13152053000020963,2.8259242061076497,1.8269683989203318,0.16358247848455165,0.08027768180302663,0.047147533431715904,-1.5802220643124087e-12,1.1236102527122116,1.3877787807814457e-17
2.85,2.6557831791756707,0.18297506737580546,0.13499741476072633,2.844017126329759,1.7916534665635606,0.16294967905822988,0.07965779371695532,0.04603764931441602,-1.4149514893091464e-12,1.1236102527122116,-2.0816681711721685e-17
2.86,2.660105976317417,0.18434152743332574,0.13825913033539983,2.8617581428210936,1.756598523416902,0.1623255149569019,0.07904871841939248,0.044922410848471137,-1.3223311334797927e-12,1.1236102527122116,-1.3877787807814457e-17
2.87,2.6644192939737295,0.1857395488139481,0.14131050225341021,2.879150170421639,1.7218654478819184,0.16170995822742731,0.07845033177183039,0.04380220651445482,-2.0815293932940904e-12,1.1236102527122116,4.163336342344337e-17
2.88,2.668723292576523,0.1871670530842339,0.14415656143694616,2.896196709875744,1.6875095912728497,0.16110297959518047,0.07786251010548688,0.04267742441707208,-2.151487321633283e-12,1.1236102527122116,2.7755575615628914e-17
2.89,2.673018133300294,0.18862201296140563,0.146802500222337,2.9129017840023943,1.6535800650180064,0.16050454846284348,0.0772851302333698,0.04154845220551579,-1.5859952240404596e-12,1.1236102527122116,1.3877787807814457e-17
2.9,2.6773039780137906,0.19010245372298343,0.14925363203085773,2.9292698768523886,1.6201200568225587,0.1599146329107417,0.07671806945850983,0.04041567698809205,-1.5780016182631584e-12,1.1236102527122116,2.0816681711721685e-17
2.91,2.6815809892312155,0.19160645423249306,0.1515153546788375,2.94530587611566,1.587167167181545,0.15933319969776966,0.07616120557932876,0.03927948524254945,-1.5407258802113688e-12,1.1236102527122116,2.0816681711721685e-17
2.92,2.685849330064366,0.1931321476141147,0.15359311729622366,2.961015019009864,1.5547537586917002,0.1587602142617566,0.07561441689897738,0.03814026273025105,-1.6607965003245795e-12,1.1236102527122116,-1.3877787807814457e-17
2.93,2.690109164173655,0.1946777216149173,0.15549239069326506,2.976402841664086,1.5229073115199039,0.1581956407210987,0.07507758223108424,0.03699839440538258,-1.6074086506279173e-12,1.1236102527122116,6.938893903907228e-18
2.94,2.6943606557196897,0.19624141868764083,0.15721864105632388,2.9914751320868915,1.4916507794402736,0.15763944187607898,0.07455058090659461,0.035854264324271634,-1.5895618155070679e-12,1.1236102527122116,2.7755575615628914e-17
2.95,2.698603969314065,0.19782153582592216,0.15877730677759613,3.006237886659303,1.4610029417700243,0.15709157921126574,0.07403329277883339,0.03470825555215051,-1.5652618090555848e-12,1.1236102527122116,3.469446951953614e-17
2.96,2.7028392699704162,0.19941642418296832,0.16017377824106463,3.020697270121465,1.4309787473686904,0.15655201289796133,0.07352559822878219,0.03356075006918254,-1.571826002688681e-12,1.1236102527122116,-1.3877787807814457e-17
2.97,2.7070667230551897,0.2010244885019278,0.16141338035395447,3.034859578942754,1.4015896476555985,0.1560207017972433,0.0730273781695642,0.03241212867487647,-1.6512347045249953e-12,1.1236102527122116,4.163336342344337e-17
2.98,2.7112864942382466,0.20264418638424878,0.16250135761611534,3.048731207954908,1.3728439162893518,0.15549760346354627,0.07253851405030765,0.031262770891157705,-1.5888124149654459e-12,1.1236102527122116,6.938893903907228e-18
2.99,2.715498749443736,0.2042740274212097,0.16344286152336068,3.062318620117602,1.3447469537485488,0.15498267414832695,0.07205888786008888,0.030113054864492145,-1.589409159841182e-12,1.1236102527122116,0.0
3.0,2.719703654800329,0.2059125722093383,0.16424294008707888,3.075628319234347,1.317301575616669,0.15447586880477987,0.07158838213051802,0.028963357266293666,-1.543334904319238e-12,1.1236102527122116,6.938893903907228e-18
3.0100000000000002,2.7239013765919102,0.20755843127160647,0.16490652928250402,3.088666825479409,1.2905082837783268,0.1539771410925327,0.07112687993865616,0.0278140531926696,-1.5669965325315616e-12,1.1236102527122116,6.938893903907228e-18
3.02,2.7280920812078566,0.2092102639013989,0.1654384462229565,3.101440653540948,1.2643655201579136,0.15348644338316833,0.0706742649089055,0.026665516062704446,-1.6618928455613968e-12,1.1236102527122116,0.0
3.0300000000000002,2.732275935093379,0.21086677694605804,0.16584338388285,3.1139562932154576,1.2388699029216075,0.15300372676620236,0.07023042121463127,0.0255181175159191,-1.5911438833171587e-12,1.1236102527122116,1.3877787807814457e-17
3.04,2.7364531047002516,0.21252672354569416,0.16612590720016204,3.1262201922863406,1.2140164453144937,0.1525289410551547,0.06979523357981061,0.024372227308786455,-1.5900475380803414e-12,1.1236102527122116,-2.7755575615628914e-17
3.0500000000000003,2.7406237564367872,0.21418890183763342,0.16629045038772897,3.1382387414892903,1.1897987575546118,0.15206203479484276,0.06936858727939213,0.02322821321012853,-1.5482198856275886e-12,1.1236102527122116,6.938893903907228e-18
3.06,2.7447880566184986,0.21585215364063062,0.16634131531766766,3.1500182614278356,1.166209232297559,0.15160295526862824,0.06895036814003525,0.02208644089596499,-1.490155221439693e-12,1.1236102527122116,-1.3877787807814457e-17
3.0700000000000003,2.748946171418555,0.21751536312745684,0.16628267083438428,3.1615649912592425,1.1432392143581913,0.15115164850635884,0.0685404625401653,0.020947273843378054,-1.5957513088693531e-12,1.1236102527122116,-1.3877787807814457e-17
3.08,2.753098266818033,0.21917745549398246,0.1661185528712933,3.1728850789970373,1.1208791554490818,0.1507080592930982,0.06813875740935181,0.019811073223707235,-1.6758122667326347e-12,1.1236102527122116,6.938893903907228e-18
3.09,2.7572445085566994,0.22083739563390467,0.16585286526440476,3.1839845732979692,1.0991187547291132,0.15027213117802532,0.06774514022794759,0.01867819779534219,-1.5906304051682696e-12,1.1236102527122116,-6.938893903907228e-18
3.1,2.7613850620839275,0.22249418682507668,0.16548938115492925,3.194869416587217,1.0779470860155247,0.14984380648378823,0.0673594990262404,0.017549003795603525,-1.5874801473358957e-12,1.1236102527122118,1.3877787807814457e-17
3.11,2.765520092508978,0.22414686943048595,0.16503174488569433,3.205545439380629,1.0573527125450917,0.14942302631703872,0.06698172238278509,0.01642384483250987,-1.5577539258515571e-12,1.1236102527122116,2.7755575615628914e-17
3.12,2.7696497645522165,0.2257945196221155,0.16448347431719557,3.2160183557087927,1.0373237901061119,0.1490097305788941,0.06661169942305194,0.015303071775992456,-1.4681172944008836e-12,1.1236102527122116,0.0
3.13,2.7737742424962026,0.2274362481293213,0.16384796348392677,3.226293759513798,1.01784815941253,0.1486038579761305,0.066249319817657,0.014187032648830835,-1.4871159859097816e-12,1.1236102527122116,0.0
3.14,2.777893690136745,0.22907119901470085,0.16312848552452563,3.2363771219154693,0.9989134285451953,0.1482053460330825,0.06589447377996943,0.013076072517227214,-1.6122658763606523e-12,1.1236102527122116,6.938893903907228e-18
3.15,2.782008270734201,0.23069854848034538,0.16232819583245595,3.2462737892582916,0.9805070462504734,0.14781413110407687,0.06554705206379312,0.011970533381594966,-1.6334433805553772e-12,1.1236102527122116,-2.0816681711721685e-17
3.16,2.7861181469654426,0.2323175037076861,0.16145013537599082,3.255988981853705,0.9626163668447871,0.14743014838611163,0.06520694596103949,0.010870754066941317,-1.5868140135211206e-12,1.1236102527122116,0.0
3.17,2.7902234808755804,0.23392730173036086,0.1604972341390389,3.2655277933264975,0.9452287074650629,0.14705333193234307,0.06487404729879448,0.009777070113246734,-1.5828588439958935e-12,1.1236102527122116,1.3877787807814457e-17
3.18,2.7943244338297246,0.2355272083411362,0.15947231464777087,3.2748951904973507,0.9283313983432088,0.1466836146663187,0.0645482484363044,0.008689813666455066,-1.5731860258938468e-12,1.1236102527122116,-1.3877787807814457e-17
3.19,2.7984211664655443,0.23711651703572495,0.15837809554958393,3.284096013740423,0.9119118267235816,0.14632092839642377,0.0642294422618857,0.007609313369128921,-1.5115964036027663e-12,1.1236102527122116,-2.0816681711721685e-17
3.2,2.8025138386458432,0.2386945479919846,0.15721719521566785,3.2931349777497223,0.8959574750351987,0.14596520383104739,0.06391752218978264,0.006535894251745743,-1.4650086699319331e-12,1.1236102527122116,-3.469446951953614e-18
3.21,2.8066026094114003,0.24026064708518946,0.15599213534042042,3.3020166726584335,0.8804559538662288,0.14561637059429441,0.06361238215662655,0.00546987762408542,-1.4618861676751749e-12,1.1236102527122116,-3.469446951953614e-18
3.22,2.8106876369340967,0.24181418493904336,0.15470534451955306,3.310745565465419,0.8653950302541012,0.14527435724227025,0.06331391661792524,0.004411580967312378,-1.4609563558920513e-12,1.1236102527122116,-6.938893903907228e-18
3.23,2.8147690784704236,0.24335455601230094,0.15335916178965836,3.319326001724959,0.8507626517617913,0.14493909127991858,0.06302202054463596,0.0033613178267928243,-1.4902523659543476e-12,1.1236102527122116,0.0
3.24,2.8188470903155025,0.2448811777208701,0.15195584011200733,3.327762207455799,0.836546966771944,0.14461049917838964,0.06273658941944998,0.0023193977051761197,-1.5808881981271838e-12,1.1236102527122116,-3.469446951953614e-18
3.25,2.822921827757338,0.24639348959453705,0.15049754978903646,3.3360582912342385,0.822736341399182,0.14428850639292407,0.06245751923290237,0.001286125956045974,-1.5997064783945802e-12,1.1236102527122116,-3.469446951953614e-18
3.2600000000000002,2.8269934450311283,0.24789095246629475,0.1489863818095738,3.344218246447982,0.8093193733932162,0.1439730373814308,0.062184706480096635,0.0002618036796601837,-1.592018183949051e-12,1.1236102527122116,3.469446951953614e-18
3.27,2.831062095274613,0.24937304769646673,0.1474243511048286,3.3522459536674276,0.7962849033434153,0.14366401562334866,0.06191804815670432,-0.0007532723819771124,-1.627017964800359e-12,1.1236102527122116,-3.469446951953614e-18
3.2800000000000002,2.8351279304833517,0.25083927642754933,0.14581339971747434,3.3601451831210674,0.7836220235096172,0.14336136363931792,0.06165744175534148,-0.001758809947939182,-1.7672391328105164e-12,1.1236102527122116,0.0
3.29,2.839191101466556,0.25228915887050957,0.14415539987508497,3.367919597246106,0.7713200845411868,0.14306500301134462,0.061402785261801915,-0.0027545213003630255,-1.8937837409360725e-12,1.1236102527122116,2.0816681711721685e-17
3.3000000000000003,2.8432517578034884,0.2537222336218451,0.1424521569662643,3.3755727532978193,0.7593687003312911,0.14277485440334975,0.06115397715145336,-0.0037401233853616017,-1.7602030943919544e-12,1.1236102527122116,0.0
3.31,2.8473100478003714,0.25513805701008047,0.14070541241775575,3.383108106001176,0.7477577512333963,0.14249083758218375,0.06091091638586135,-0.00471533791256,-1.2445391939230888e-12,1.1236102527122116,6.938893903907228e-18
3.3200000000000003,2.8513661184477663,0.25653620247037623,0.13891684647081534,3.390529010228273,0.7364773858445326,0.14221287143918626,0.06067350240955052,-0.005679891453109612,-6.14966411127682e-13,1.1236102527122116,6.938893903907228e-18
3.33,2.85542011537836,0.2579162599459245,0.1370880808551352,3.397838723685108,0.7255180215394061,0.141940874012371,0.060441635146697495,-0.006633515536146106,-5.101752353908751e-13,1.1236102527122116,6.938893903907228e-18
3.34,2.859472182825122,0.2592778353148081,0.13522068135860066,3.405040409591236,0.7148703439206839,0.14167476250931627,0.06021521499746327,-0.007575946743738349,-1.2497780588205387e-12,1.1236102527122116,-3.469446951953614e-18
3.35,2.8635224635799696,0.26062054984210925,0.13331616029393997,3.4121371393421738,0.7045253053276358,0.14141445333059222,0.059994142834132014,-0.00850692680449587,-1.761285561840964e-12,1.1236102527122116,0.0
3.36,2.8675710989538774,0.26194403966069074,0.13137597888286467,3.4191318951945187,0.6944741225108796,0.14115986209245582,0.059778320000237736,-0.009426202684939006,-2.3542973126566835e-12,1.1236102527122116,6.938893903907228e-18
3.37,2.871618228736386,0.263247955266758,0.12940154952363317,3.426027572877997,0.6847082736629363,0.14091090365187842,0.05956764830618877,-0.010333526678222751,-2.221882400288422e-12,1.1236102527122116,3.469446951953614e-18
3.38,2.8756639911571664,0.2645319610488352,0.12739423797773647,3.4328269842039423,0.6752194948016993,0.14066749212995486,0.05936203002852096,-0.01122865649340088,-2.128221210373482e-12,1.1236102527122116,-6.938893903907228e-18
3.39,2.8797085228466863,0.2657957348293753,0.12535536545242082,3.43953285961852,0.6659997757096744,0.14042954093735727,0.059161367906794014,-0.012111355340625733,-3.163309891807131e-12,1.1236102527122116,1.0408340855860843e-17
3.4,2.8837519587976863,0.2670389674270902,0.12328621059292087,3.4461478507113132,0.6570413554606744,0.14019696280015934,0.058965565140802326,-0.012981392014275731,-5.634541444532459e-12,1.1236102527122116,3.469446951953614e-18
3.41,2.887794432327648,0.2682613622403296,0.12118801138928482,3.452674532681659,0.6483367176021331,0.13996966978578115,0.058774525388591944,-0.013838540974125846,-8.770095760723962e-12,1.1236102527122116,3.469446951953614e-18
3.42,2.891836075042165,0.26946263485024957,0.11906196699980598,3.45911540675942,0.639878585061354,0.13974757332912657,0.05858815276516102,-0.0146825824244326,-1.10221970439639e-11,1.1236102527122116,6.938893903907228e-18
3.43,2.895877016799139,0.27064251264251604,0.11690923949307049,3.4654729025768827,0.6316599148360804,0.13953058425898504,0.05840635184169933,-0.01551330239080358,-1.0738160360901361e-11,1.1236102527122116,-3.469446951953614e-18
3.44,2.899917385673707,0.2718007344462835,0.11473095551063611,3.471749380488457,0.623673892522676,0.13931861282476982,0.05822902764520875,-0.016330492794709873,-6.954402331782461e-12,1.1236102527122116,0.0
3.45,2.903957307923816,0.2729370501891951,0.11252820785235147,3.4779471338348777,0.615913926728817,0.13911156872366426,0.058056085658338495,-0.017133951525486142,-6.22071838485283e-14,1.1236102527122116,0.0
3.46,2.907996907956361,0.2740512205671446,0.11030205698633051,3.484068391148585,0.608373643411892,0.13890936112824848,0.057887431819264284,-0.017923482509641448,7.910158639212739e-12,1.1236102527122116,0.0
3.47,2.9120363082938012,0.2751430167275446,0.10805353248559185,3.490115318296974,0.6010468801791953,0.13871189871467784,0.05772297252144036,-0.01869889577728144,1.3652773356298553e-11,1.1236102527122116,-6.938893903907228e-18
3.48,2.9160756295411634,0.2762122199648439,0.10578363439337782,3.4960900205602026,0.5939276805814332,0.13851908969148555,0.05756261461305652,-0.019460007525416958,1.381693370827719e-11,1.1236102527122116,0.0
3.49,2.920114990353351,0.2772586214270366,0.10349333451916251,3.5019945446402367,0.5870102884270051,0.13833084182908073,0.05740626539603519,-0.020206640177906993,7.391268153078556e-12,1.1236102527122116,0.0
3.5,2.9241545074026707,0.2782820218319061,0.10118357766736408,3.5078308805978273,0.580289142140891,0.1381470624900148,0.05725383262441066,-0.020938622441756545,-5.505040867603839e-13,1.1236102527122116,3.469446951953614e-18
3.5100000000000002,2.928194295349766,0.2792822312080387,0.09885528282818294,3.5136009637899535,0.5737588691199003,0.1379676586575792,0.05710522450770314,-0.02165578936297635,-1.340261235327489e-12,1.1236102527122116,-1.734723475976807e-18
3.52,2.9322344668222873,0.28025906868113054,0.09650934436675493,3.5193066769144243,0.5674142800182622,0.13779253695922103,0.056960349726458914,-0.022357982387040023,-1.4840351170164467e-12,1.1236102527122116,-3.469446951953614e-18
3.5300000000000002,2.9362751323774323,0.2812123621886345,0.094146633017289,3.5249498516126847,0.5612503634692673,0.13762160370300877,0.05681911741877484,-0.023045049398783896,-1.4108436641180333e-12,1.1236102527122116,3.469446951953614e-18
3.54,2.940316400476707,0.2821419482615042,0.09176799692074011,3.5305322702775657,0.5552622806555338,0.13745476490581507,0.05668143718744143,-0.02371684477106039,-1.5027631916630924e-12,1.1236102527122116,-1.734723475976807e-18
3.5500000000000003,2.944358377459186,0.28304767180310625,0.08937426259056383,3.5360556677536903,0.5494453600383487,0.13729192632351572,0.05654721910292344,-0.024373229407602892,-2.058436754381887e-12,1.1236102527122116,1.734723475976807e-18
3.56,2.9484011675154815,0.2839293858769145,0.08696623583011502,3.541521732982232,0.5437950922010699,0.13713299348148433,0.05641637370658456,-0.025014070782484795,-3.0060814948384973e-12,1.1236102527122116,0.0
3.5700000000000003,2.952444872662682,0.28478695150377675,0.0845447026056497,3.546932110596934,0.5383071248077871,0.13697787170517786,0.05628881201456221,-0.025639242976449643,-3.9217171177163834e-12,1.1236102527122116,6.938893903907228e-18
3.58,2.9564895927202275,0.285620237468126,0.08211042987647904,3.552288402471825,0.5329772576831487,0.136826466150821,0.05616444552220056,-0.026248626710068078,-4.2352579776583354e-12,1.1236102527122116,0.0
3.59,2.9605354252867055,0.28642912013251115,0.07966416638381761,3.5575921692211088,0.5278014380180599,0.13667868183619772,0.05604318620895732,-0.02684210937365852,-3.5156322297780207e-12,1.1236102527122116,0.0
3.6,2.964582465717531,0.2872134832598198,0.07720664339987425,3.562844931651656,0.5227757557049119,0.13653442367155832,0.05592494654370633,-0.027419585053887977,-1.7325724188665959e-12,1.1236102527122116,-3.469446951953614e-18
3.61,2.9686308071034917,0.2879732178425663,0.07473857543872992,3.568048172168566,0.5178964388050845,0.13639359649065017,0.05580963949036239,-0.027980954556953562,6.004988173380355e-13,1.1236102527122116,0.0
3.62,2.972680540250134,0.28870822193861967,0.07226066093054702,3.5732033361342537,0.5131598491506658,0.1362561050818802,0.05569717851375883,-0.028526125428230003,2.4943241916375314e-12,1.1236102527122116,-1.734723475976807e-18
3.63,2.9767317536579565,0.2894184005127436,0.06977358286065866,3.578311833181502,0.5085624780816514,0.13612185421961806,0.055587477585709984,-0.029055011968254656,2.8508723159959004e-12,1.1236102527122116,1.734723475976807e-18
3.64,2.980784533503395,0.29010366528332315,0.06727800937507951,3.5833750384809493,0.5041009423192883,0.13599074869564706,0.055480451191192395,-0.02956753524491206,1.215499922935237e-12,1.1236102527122116,-1.734723475976807e-18
3.65,2.9848389636205632,0.29076393457365063,0.06477459435398805,3.5883942939634514,0.49977197997573114,0.1358626933507725,0.05537601433457752,-0.030063623101669355,-9.993880722980464e-13,1.1236102527122116,3.469446951953614e-18
3.66,2.9888951254846603,0.291399133173738,0.06226397796309564,3.593370909520997,0.4955724466768575,0.13573759310598704,0.05527408254783975,-0.030543210163641005,-1.2202461263655096e-12,1.1236102527122116,-1.734723475976807e-18
3.67,2.9929530981982317,0.2920091922204809,0.059746787192236625,3.598306164214867,0.49149931177021844,0.13561535299231617,0.05517457190296458,-0.031006237844128502,-1.273023353398628e-12,1.1236102527122116,1.734723475976807e-18
3.68,2.9970129584738627,0.29259404905211145,0.0572236363277587,3.6032013073374216,0.4875496547685321,0.13549587818347353,0.05507739901538407,-0.03145265433872965,-1.2519776881880773e-12,1.1236102527122116,1.734723475976807e-18
3.69,3.001074780620799,0.29315364708829345,0.05469512742739023,3.6080575595124125,0.48372066184523443,0.13537907402663713,0.0549824810542212,-0.03188241462186542,-1.2921053116343728e-12,1.1236102527122116,3.469446951953614e-18
3.7,3.005138636531963,0.29368793570993,0.05216185076426484,3.6128761137440826,0.48000962247061124,0.13526484607354256,0.054889735751389536,-0.032295480438441,-1.4920564783693635e-12,1.1236102527122116,-1.734723475976807e-18
3.71,3.009204595671892,0.29419687014317547,0.04962438524851694,3.6176581364330125,0.47641392616942024,0.1351531001114918,0.0547990814110584,-0.032691820291923725,-1.8176363192345946e-12,1.1236102527122116,3.469446951953614e-18
3.72,3.013272725065672,0.29468041134782724,0.047083298827897094,3.622404768361142,0.47293105939616575,0.135043742194224,0.054710436919574904,-0.03307140942898258,-2.1148013895633255e-12,1.1236102527122116,-3.469446951953614e-18
3.73,3.0173430892888544,0.2951385259098071,0.04453914886823512,3.6271171256467096,0.4695586025257333,0.13493667867263667,0.05462372175579436,-0.03343422982069094,-2.187153236299366e-12,1.1236102527122116,5.204170427930421e-18
3.74,3.021415750458355,0.29557118593744175,0.0419924825145718,3.6317963006698726,0.4662942269570256,0.13483181622534476,0.054538856001773904,-0.03378027014028718,-1.8984744332151138e-12,1.1236102527122116,0.0
3.75,3.025490768224329,0.2959783689612516,0.03944383703378688,3.6364433629697577,0.4631356923272023,0.13472906188906625,0.05445576035378619,-0.034109525737480106,-1.2626566459061905e-12,1.1236102527122116,-1.734723475976807e-18
3.7600000000000002,3.02956819976302,0.296360057836958,0.036893740139544454,3.641059360113705,0.46008084383409265,0.13462832308882194,0.054374356133610816,-0.03442199860928222,-4.861389069077404e-13,1.1236102527122116,6.938893903907228e-18
3.77,3.033648099770581,0.2967162406514171,0.034342710300383286,3.6456453185394513,0.4571276096643581,0.13452950766793773,0.05429456530006185,-0.03471769736734848,7.129713486264677e-14,1.1236102527122116,-3.469446951953614e-18
3.7800000000000002,3.0377305204578557,0.2970469106311917,0.03179125703177299,3.65020224437102,0.45427399852498673,0.134432523917837,0.05421631046070927,-0.034996637201796944,5.017514181915317e-14,1.1236102527122116,8.673617379884035e-19
3.79,3.041815511546125,0.29735206605346853,0.029239881172964,3.6547311242090603,0.4515180972757315,0.13433728060761171,0.05413951488375006,-0.03525883984148477,-6.054254320098096e-13,1.1236102527122116,4.336808689942018e-18
3.8000000000000003,3.045903120263812,0.2976317101590364,0.026689075149457106,3.659232925896415,0.4488580686601264,0.13424368701335992,0.054064102509984856,-0.03550433351071528,-1.1620357454056318e-12,1.1236102527122116,8.673617379884035e-19
3.81,3.049993391344399,0.2978858510730148,0.024139323228437596,3.6637085992772747,0.4462921491147502,0.13415165294702067,0.0539899979664707,-0.03573315288437364,-1.21706811295752e-12,1.1236102527122116,0.0
3.8200000000000003,3.054086367025325,0.2981145017262519,0.021591101758380193,3.6681590769284838,0.44381864667561727,0.13406108878492365,0.05391712657984351,-0.03594533903930335,-1.2459686060672936e-12,1.1236102527122116,0.0
3.83,3.0581820870474057,0.2983176797727765,0.01904487939074045,3.672585274852241,0.4414359389923087,0.1339719054963241,0.053845414388183854,-0.036140939400325534,-1.2358725154371086e-12,1.1236102527122116,-1.734723475976807e-18
3.84,3.062280588655603,0.2984954075158413,0.016501117297271856,3.676988093168067,0.43914247140893686,0.1338840146713476,0.05377478815481279,-0.03632000768524701,-1.259922721708051e-12,1.1236102527122116,5.204170427930421e-18
3.85,3.066381906600705,0.29864771183382344,0.013960269374145098,3.6813684167793754,0.4369367551357254,0.13379732854866389,0.05370517538164836,-0.036482603846009945,-1.3710421686852214e-12,1.1236102527122116,8.673617379884035e-19
3.86,3.070486073141967,0.2987746241082978,0.011422782436558147,3.68572711602292,0.43481736550147015,0.13371176004278262,0.053636504322775336,-0.03662879400683457,-1.5592943602982245e-12,1.1236102527122116,0.0
3.87,3.0745931180507005,0.29887618015415396,0.00888909640424752,3.690065047301684,0.4327829402846796,0.13362722277095948,0.05356870399819283,-0.03675865039940761,-1.7539303343028223e-12,1.1236102527122116,-8.673617379884035e-19
3.88,3.0787030686148174,0.29895242015162804,0.006359644478315149,3.6943830537017632,0.43083217812127306,0.13354363107969816,0.053501704207705586,-0.03687225129516547,-1.85401693997278e-12,1.1236102527122116,2.6020852139652106e-18
3.89,3.0828159496443206,0.29900338858011977,0.00383485330977899,3.6986819655938263,0.42896383698680235,0.13346090007083558,0.05343543554492528,-0.03696968093471966,-1.7726028977982367e-12,1.1236102527122116,1.734723475976807e-18
3.9,3.0869317834777408,0.299029134153666,0.0013151431602624712,3.7029626012197006,0.4271767327512482,0.13337894562719738,0.053369829411348935,-0.03705102945447028,-1.4803089309900486e-12,1.1236102527122116,4.336808689942018e-18
3.91,3.0910505899895173,0.2990297097579411,-0.0011990719447691617,3.7072257672646547,0.42546973780453246,0.13329768443780973,0.05330481803048104,-0.03711639281045258,-1.035324603826382e-12,1.1236102527122116,1.734723475976807e-18
3.92,3.095172386598314,0.2990051723886548,-0.003707384069810464,3.7114722594159453,0.4238417797509776,0.13321703402265508,0.05324033446196596,-0.037165872699460804,-5.862324514716022e-13,1.1236102527122116,-8.673617379884035e-19
3.93,3.0992971882762808,0.2989555830912197,-0.006209391229747396,3.7157028629081874,0.4222918401710256,0.13313691275695813,0.053176312615696185,-0.037199576477494535,-3.345379528951753e-13,1.1236102527122116,8.673617379884035e-19
3.94,3.1034250075592387,0.2988810069015568,-0.008704697256503705,3.7199183530561135,0.4208189534486392,0.1330572398949889,0.05311268726586113,-0.03721761707557207,-4.4324960368768984e-13,1.1236102527122116,-2.6020852139652106e-18
3.95,3.107555854557807,0.2987815127879123,-0.011192911671494145,3.7241194957752906,0.4194222056628731,0.13297793559336987,0.05304939406489993,-0.03722011291295768,-8.766529169257353e-13,1.1236102527122116,3.469446951953614e-18
3.96,3.1116897369694487,0.29865717359359123,-0.013673649563432345,3.7283070480914486,0.41810073354212274,0.1328989209338739,0.052986369557328473,-0.03720718780786315,-1.1642839470304978e-12,1.1236102527122116,0.0
3.97,3.115826660091085,0.2985080659854323,-0.01614653146646991,3.732481758651554,0.4168537234660392,0.13282011794570928,0.05292355119458632,-0.03717897088751175,-1.2499445922742325e-12,1.1236102527122116,-8.673617379884035e-19
3.98,3.1199666268329587,0.29833427039923693,-0.018611183247897706,3.736644368213622,0.4156804105379616,0.13274144962725246,0.052860877348760375,-0.03713559649442235,-1.327167542530816e-12,1.1236102527122116,8.673617379884035e-19
3.99,3.1241096377333473,0.2981358709848453,-0.02106723600052652,3.7407956101241364,0.41458007771883676,0.1326628399672221,0.052798287325849166,-0.037077204089985785,-1.342807809390223e-12,1.1236102527122116,2.6020852139652106e-18
4.0,3.1282556909739414,0.2979129555558848,-0.02351432593596353,3.7449362107960305,0.41355205500730785,0.13258421396533956,0.05273572137976005,-0.037003938157293324,-1.3392273401358068e-12,1.1236102527122116,-2.6020852139652106e-18
4.01,3.1324047823962347,0.2976656155387932,-0.02595209428327528,3.749066890174289,0.41259571867962214,0.13250549765242267,0.05267312072572811,-0.03691594810131644,-1.3795423137175078e-12,1.1236102527122116,-8.673617379884035e-19
4.0200000000000005,3.1365569055187366,0.29739394592294816,-0.02838018719067617,3.7531883621946482,0.4117104905830687,0.13242661810990392,0.05261042755358299,-0.03681338814721582,-1.5039983147779878e-12,1.1236102527122116,-8.673617379884035e-19
4.03,3.1407120515549964,0.29709804521186267,-0.03079825563003897,3.757301335235826,0.41089583748192987,0.1323475034887664,0.05254758504083822,-0.03669641723686328,-1.7111242978096186e-12,1.1236102527122116,-8.673617379884035e-19
4.04,3.144870209432443,0.2967780153754026,-0.033205955304026015,3.7614065125657135,0.4101512704550106,0.13226808302789206,0.052484537365577164,-0.036565198923658546,-1.9571150255970338e-12,1.1236102527122116,2.6020852139652106e-18
4.05,3.1490313658120077,0.29643396180298515,-0.03560294655563283,3.7655045927819435,0.4094763443438968,0.13218828707181648,0.05242122971911152,-0.03641990126572266,-2.16861945068203e-12,1.1236102527122116,8.673617379884035e-19
4.0600000000000005,3.1531955051085445,0.29606599325771493,-0.037988894279943695,3.7695962702472805,0.4088706572511638,0.13210804708788443,0.05235760831838745,-0.036260696717548106,-2.263376985833787e-12,1.1236102527122116,0.0
4.07,3.1573626095120173,0.2956742218314163,-0.04036346783789264,3.7736822355202433,0.40833385008784506,0.1320272956828,0.05229362041811497,-0.03608776202018542,-2.1744689382430238e-12,1.1236102527122116,0.0
4.08,3.161532659009461,0.29525876290051856,-0.04272634097182927,3.7777631757814025,0.40786560616954054,0.1319459666185663,0.05222921432259663,-0.03590127809004536,-1.873189103829276e-12,1.1236102527122116,-1.734723475976807e-18
4.09,3.1657056314076946,0.29481973508275267,-0.04507719172268125,3.7818397752557678,0.40746565086062997,0.13186399482780803,0.05216433939723094,-0.03570142990639539,-1.3863979408945681e-12,1.1236102527122116,0.0
4.1,3.169881502356785,0.29435726019461655,-0.04741570234851253,3.785912715631704,0.4071337512661273,0.13178131642847182,0.05209894607966632,-0.035488406397628736,-8.032741138919164e-13,1.1236102527122116,0.0
4.11,3.1740602453742457,0.29387146320956703,-0.049741559244272475,3.789982676476794,0.4068697159707969,0.13169786873789815,0.05203298589058108,-0.03526240032638391,-2.6712659861871657e-13,1.1236102527122116,0.0
4.12,3.178241831869964,0.2933624722168955,-0.05205445286253079,3.794050335651083,0.40667339482522785,0.13161359028625935,0.051966411444064504,-0.035023608173592576,5.351968868083645e-14,1.1236102527122116,0.0
4.13,3.1824262311718483,0.2928304183812458,-0.054354077634997326,3.798116369718131,0.40654467877863354,0.13152842082935745,0.051899176457574484,-0.03477223002153343,1.9172163856495672e-14,1.1236102527122116,-8.673617379884035e-19
4.14,3.18661341055218,0.2922754359027312,-0.056640131894618764,3.8021814543542964,0.40648349975823844,0.13144230136077664,0.0518312357614461,-0.03450846943596952,-3.944275461797986e-13,1.1236102527122116,2.6020852139652106e-18
4.15,3.190803335254669,0.29169766197760894,-0.05891231779805145,3.8062462647566835,0.40648983059517463,0.1313551741233841,0.05176254530792615,-0.034232533347446706,-9.724790417386941e-13,1.1236102527122116,-3.469446951953614e-18
4.16,3.1949959685221305,0.2910972367598922,-0.06117034124803365,3.8103114760511114,0.40656368499574674,0.13126698262019335,0.05169306217979746,-0.03394463193199241,-1.167038687910349e-12,1.1236102527122116,0.0
4.17,3.199191271623777,0.29047430333051744,-0.06341391181147096,3.8143777637150538,0.406705117539869,0.13117767162490557,0.05162274459997704,-0.033644978493828887,-1.182373643437984e-12,1.1236102527122116,1.734723475976807e-18
4.18,3.203389203884693,0.28982900765659003,-0.06564274264496203,3.8184458039762026,0.40691422375443037,0.13108718719132265,0.05155155193839082,-0.033333789343462546,-1.1922268727815322e-12,1.1236102527122116,-8.673617379884035e-19
4.19,3.207589722715511,0.28916149855493534,-0.06785655041734528,3.8225162742198315,0.4071911402229076,0.1309954766622741,0.05147944471912332,-0.03301128367672273,-1.1941350686051067e-12,1.1236102527122116,0.0
4.2,3.211792783642252,0.2884719276585007,-0.07005505523016904,3.826589853402856,0.4075360447353563,0.13090248867801216,0.051406384627488554,-0.03267768345428582,-1.197250631967961e-12,1.1236102527122116,-2.6020852139652106e-18
4.21,3.2159983403369172,0.2877604493823961,-0.07223798053829218,3.830667222467016,0.4079491564877813,0.13080817318391202,0.05133233451634732,-0.03233321328052047,-1.2103512636585378e-12,1.1236102527122116,2.6020852139652106e-18
4.22,3.220206344648634,0.2870272208907396,-0.07440505306971121,3.83474906475417,0.40843073632802257,0.13071248143753347,0.05125725841190761,-0.03197810028218014,-1.235019031486928e-12,1.1236102527122116,8.673617379884035e-19
4.23,3.2244167466353564,0.28627240206432,-0.07655600274445856,3.838836066424216,0.4089810870485142,0.13061536601504697,0.05118112151899818,-0.03161257398702686,-1.264120752519915e-12,1.1236102527122116,8.673617379884035e-19
4.24,3.2286294945960807,0.2854961554690856,-0.07869056259241139,3.8429289168761316,0.4096005537263672,0.13051678081702844,0.05110389022580493,-0.031236866202467073,-1.2841949725839186e-12,1.1236102527122116,-3.469446951953614e-18
4.25,3.2328445351035797,0.2846986463254705,-0.08080846866985536,3.84702830917265,0.4102895241112852,0.13041668107362595,0.0510255321080602,-0.03085121089428013,-1.2806145033295024e-12,1.1236102527122116,3.469446951953614e-18
4.26,3.237061813037611,0.2838800424785697,-0.08290945997464144,3.851134940469067,0.411048429061909,0.13031502334910258,0.05094601593267524,-0.03045584406551836,-1.2437828544875629e-12,1.1236102527122116,-1.734723475976807e-18
4.2700000000000005,3.2412812716185955,0.28304051436917244,-0.08499327835978028,3.855249512446688,0.4118777430312573,0.13021176554575875,0.050865311660806184,-0.030051003635655164,-1.1752404605047673e-12,1.1236102527122116,1.734723475976807e-18
4.28,3.2455028524417364,0.2821802350056658,-0.08705966844531349,3.859372731751415,0.4127779846020079,0.13010686690723797,0.05078339045034391,-0.02963692932005695,-1.0907108549673694e-12,1.1236102527122116,1.734723475976807e-18
4.29,3.2497264955115677,0.2812993799368178,-0.08910837752830628,3.8635053104379913,0.4137497170724458,0.13000028802121957,0.050700224657819086,-0.029213862509851772,-1.0189488142131609e-12,1.1236102527122116,-1.734723475976807e-18
4.3,3.253952139276901,0.2803981272254521,-0.09113915549079975,3.867647966420389,0.4147935490939793,0.12989199082150216,0.05061578783971321,-0.028782046152266743,-9.936079736760917e-13,1.1236102527122116,0.0
4.3100000000000005,3.2581797206661616,0.27947665742302386,-0.09315175470556683,3.871801423928859,0.41591013536120863,0.1297819385894818,0.05053005475316779,-0.028341724631503563,-1.0357062429910968e-12,1.1236102527122116,-1.734723475976807e-18
4.32,3.262409175123081,0.2785351535451085,-0.09514592993951182,3.875966413974142,0.41710017735561244,0.12967009595502818,0.050443001356083525,-0.02789314365021972,-1.1248779685502086e-12,1.1236102527122116,3.469446951953614e-18
4.33,3.2666404366427555,0.2775738010478341,-0.09712143825461261,3.8801436748192923,0.41836442414393404,0.12955642889676433,0.0503546048066128,-0.02743655011168208,-1.1657480536442222e-12,1.1236102527122116,-1.734723475976807e-18
4.34,3.2708734378084863,0.27659278780591084,-0.09907803890751622,3.884333952458844,0.419703673230375,0.12944090474180756,0.05026484346230954,-0.026972192002747194,-1.1764478280440471e-12,1.1236102527122116,0.0
4.3500000000000005,3.275108109828307,0.2755923040910098,-0.10101549324455592,3.8885380011087083,0.42111877146808113,0.12932349216489908,0.05017369687835422,-0.026500318277588482,-1.1800838084496945e-12,1.1236102527122116,-1.734723475976807e-18
4.36,3.279344382572063,0.27457254255122576,-0.10293356459466846,3.8927565837036964,0.4226106160288361,0.12920416118696,0.050081145805257535,-0.02602117874223392,-1.1797229859666913e-12,1.1236102527122116,0.0
4.37,3.283582184608841,0.273533698191927,-0.10483201815919091,3.8969904724060584,0.424180155431608,0.12908288317310054,0.04998717218602887,-0.025535023940140164,-1.187897002985494e-12,1.1236102527122116,-1.734723475976807e-18
4.38,3.287821443244583,0.27247596835759913,-0.10671062089818546,3.901240449124741,0.4258283906327771,0.12895963083006728,0.04989175915269227,-0.025042105038739704,-1.2105455526878472e-12,1.1236102527122116,0.0
4.39,3.292062084559994,0.2713995527148291,-0.10856914141349003,3.90550730604554,0.4275563761792388,0.12883437820314414,0.049794891022213655,-0.02454267371701954,-1.2413126082577719e-12,1.1236102527122116,1.734723475976807e-18
4.4,3.2963040334487155,0.2703046532364735,-0.11040734982826722,3.9097918461729164,0.4293652214260174,0.12870710067251676,0.049696553291840216,-0.02403698205419274,-1.2641276914138189e-12,1.1236102527122116,-1.734723475976807e-18
4.41,3.3005472136557303,0.2691914741870535,-0.11222501766282397,3.9140948838842227,0.43125609182011937,0.12857777494910905,0.04959673263385198,-0.023525282419521086,-1.2607762056582317e-12,1.1236102527122116,0.0
4.42,3.3047915478159853,0.26806022210941577,-0.11402191770647795,3.9184172454971202,0.43323021025244224,0.12844637906990033,0.0494954168897261,-0.023007827363343433,-1.220509804333858e-12,1.1236102527122116,-1.734723475976807e-18
4.43,3.3090369574931886,0.2669111058127047,-0.11579782388524026,3.922759769850935,0.43528885847963383,0.12831289239273255,0.04939259506371485,-0.022484869509363885,-1.147963668568508e-12,1.1236102527122116,-5.204170427930421e-18
4.44,3.3132833632187686,0.26574433636168604,-0.11755251112509109,3.927123308902723,0.4374333786178965,0.1281772955906159,0.049288257315838795,-0.021956661448248337,-1.066438604091502e-12,1.1236102527122116,3.469446951953614e-18
4.45,3.3175306845309556,0.2645601270674647,-0.11928575521061893,3.9315087283388,0.4396651747108048,0.12803957064554225,0.049182394954297104,-0.02142345563257682,-1.0126899319118365e-12,1.1236102527122116,-1.734723475976807e-18
4.46,3.3217788400139714,0.2633586934796378,-0.12099733263879982,3.9359169082025103,0.44198571437330325,0.12789970084181476,0.04907500042729834,-0.020885504273193866,-1.0212108936258346e-12,1.1236102527122116,5.204170427930421e-18
4.47,3.3260277473372875,0.26214025337992675,-0.12268702046768643,3.9403487435389835,0.44439653051412975,0.12775767075890276,0.048966067314315714,-0.020343059236997224,-1.0951239914902544e-12,1.1236102527122116,0.0
4.48,3.3302773232949345,0.26090502677732835,-0.12435459615978293,3.944805145057647,0.44689922313900093,0.12761346626383102,0.04885559031677256,-0.01979637194619995,-1.1627435125838304e-12,1.1236102527122116,8.673617379884035e-18
4.49,3.334527483845387,0.2596532359048411,-0.1259998374212793,3.949287039810656,0.44949546123671047,0.12746707450312159,0.04874356524833735,-0.019245693278931716,-1.184309594837174e-12,1.1236102527122116,0.0
4.5,3.338778144151472,0.2583851052178089,-0.12762252203495614,3.9537953718919594,0.4521869847508407,0.12731848389427963,0.04862998902460958,-0.018691273471435243,-1.195751830884717e-12,1.1236102527122116,-1.734723475976807e-18
4.51,3.343029218619503,0.25710086139407756,-0.1292224276857854,3.9583311031587494,0.454975606639444,0.1271676841168832,0.04851485965214422,-0.018133362022022276,-1.1900619378835131e-12,1.1236102527122116,1.214306433183765e-17
4.5200000000000005,3.347280620939249,0.2558007333359143,-0.13079933178191983,3.9628952139710525,0.45786321502497007,0.1270146661032373,0.04839817621715452,-0.017572207596430783,-1.2039397256913276e-12,1.1236102527122116,-3.469446951953614e-18
4.53,3.351532264123546,0.25448495217369815,-0.1323530112679484,3.9674887039556075,0.4608517754377468,0.12685942202859557,0.048279938873549186,-0.017008057934936257,-1.2612272337619856e-12,1.1236102527122116,-1.734723475976807e-18
4.54,3.355784060547995,0.2531537512714945,-0.13388324243168162,3.972112592791917,0.4639433331553468,0.12670194530098894,0.0481601488305152,-0.016441159761067605,-1.3508222318492358e-12,1.1236102527122116,-1.734723475976807e-18
4.55,3.3600359219906997,0.25180736623459543,-0.13538980070403012,3.9767679210216755,0.4671400156405309,0.1265422305506712,0.04803880833964834,-0.015871758691967816,-1.4306611451075923e-12,1.1236102527122116,-3.469446951953614e-18
4.5600000000000005,3.364287759672014,0.2504460349191051,-0.13687246045154142,3.9814557508828146,0.4704440350804996,0.12638027361919021,0.047915920681631946,-0.015300099150435245,-1.4477863352624354e-12,1.1236102527122116,-3.469446951953614e-18
4.57,3.3685394842942684,0.24906999744365246,-0.1383309947611548,3.986177167169379,0.47385769103020264,0.12621607154809378,0.04779149015246559,-0.014726424278680011,-1.3650053309888222e-12,1.1236102527122116,0.0
4.58,3.3727910060814272,0.2476794962033086,-0.1397651752167396,3.9909332781184705,0.4773833731625048,0.12604962256727953,0.04766552204924496,-0.01415097585382279,-1.184080611338345e-12,1.1236102527122116,6.938893903907228e-18
4.59,3.3770422348186564,0.24627477588579333,-0.14117477166697556,3.995725216325475,0.4810235641279754,0.12588092608299753,0.047538022655496434,-0.013573994205162941,-9.571718417866748e-13,1.1236102527122116,0.0
4.6000000000000005,3.381293079891754,0.24485608349004825,-0.14255955198414083,4.000554139688805,0.48478084252709486,0.125709982665515,0.04740899922607025,-0.012995718133234493,-7.780026622938863e-13,1.1236102527122116,0.0
4.61,3.3855434503264097,0.24342366834725868,-0.1439192818133669,4.0054212323853795,0.4886578859976275,0.12553679403645215,0.04727845997159849,-0.012416384830666014,-7.466666174238412e-13,1.1236102527122116,6.938893903907228e-18
4.62,3.389793254827266,0.24197778214440324,-0.14525372431192635,4.010327705878081,0.4926574744198745,0.12536136305579806,0.04714641404252623,-0.011836229804853084,-9.033954140313938e-13,1.1236102527122116,5.204170427930421e-18
4.63,3.3940424018167357,0.2405186789504137,-0.14656263987811174,4.01527479995638,0.49678249324244683,0.1251836937086158,0.04701287151272662,-0.0112554868024481,-1.1290274271047451e-12,1.1236102527122116,-6.938893903907228e-18
4.64,3.398290799473994,0.23904661524510598,-0.14784578587048314,4.020263783808623,0.5010359369305745,0.1250037910914757,0.046877843362902544,-0.010674387735515784,-1.1786543963054896e-12,1.1236102527122116,0.0
4.65,3.4025383557753255,0.23756184995119062,-0.14910291631940648,4.025295957120836,0.5054209125378257,0.12482166139867673,0.046741341464178465,-0.010093162609066713,-1.2007478344955302e-12,1.1236102527122116,-1.734723475976807e-18
4.66,3.406784978531221,0.23606464446889325,-0.1503337816191449,4.030372651230317,0.5099406434077625,0.12463731190805884,0.046603378560190103,-0.009512039451397166,-1.1898676488542037e-12,1.1236102527122116,-1.734723475976807e-18
4.67,3.4110305754252783,0.23455526271405897,-0.15153812821337811,4.035495230304287,0.514598473001999,0.12445075096668944,0.04646396824972482,-0.008931244245566978,-1.2059658827112685e-12,1.1236102527122116,0.0
4.68,3.415275054052343,0.23303397115926044,-0.15271569826568848,4.040665092561909,0.5193978688598465,0.12426198797620598,0.04632312496869016,-0.008351000862960676,-1.293881668473773e-12,1.1236102527122116,-1.734723475976807e-18
4.69,3.4195183219564624,0.23150103887824824,-0.15386622931705501,4.04588367153615,0.5243424266896517,0.12407103337793557,0.04618086397184097,-0.007771530998619391,-1.4345677423754921e-12,1.1236102527122116,-1.734723475976807e-18
4.7,3.4237602866687165,0.22995673759391427,-0.15498945392987695,4.051152437376377,0.5294358745924448,0.1238778986378054,0.046037201314307205,-0.007193054108331775,-1.5520362772747376e-12,1.1236102527122116,0.0
4.71,3.4280008557448705,0.22840134172991278,-0.15608509931770653,4.056472898193322,0.5346820774182116,0.12368259623104806,0.045892153832911314,-0.006615787347508572,-1.5539236564166004e-12,1.1236102527122116,-1.214306433183765e-17
4.72,3.432239936802807,0.2268351284660874,-0.15715288695986743,4.061846601448053,0.5400850412545667,0.12348513962670532,0.04574573912726462,-0.006039945511862009,-1.3838930001952576e-12,1.1236102527122116,0.0
4.73,3.4364774375596783,0.2252583777978484,-0.15819253220013837,4.067275135386582,0.5456489180470043,0.12328554327193464,0.04559797554063327,-0.005465740979904449,-1.0650647030985283e-12,1.1236102527122116,6.938893903907228e-18
4.74,3.44071326586874,0.22367137259964828,-0.1592037438286795,4.0727601305217425,0.5513780103491814,0.12308382257612197,0.045448882140565985,-0.004893383657276328,-7.151709779940063e-13,1.1236102527122116,5.204170427930421e-18
4.75,3.444947329755812,0.22207439869269896,-0.16018622364638055,4.0783032611639785,0.5572767762008939,0.12287999389480465,0.04529847869927732,-0.004323080922906054,-5.1563614489325e-13,1.1236102527122116,1.734723475976807e-18
4.76,3.449179537455313,0.2204677449170804,-0.16113966601080798,4.083906247002673,0.5633498341304564,0.12267407451340867,0.04514678567378359,-0.0037550375770002524,-6.195668977859725e-13,1.1236102527122116,0.0
4.7700000000000005,3.45340979744583,0.21885170320838399,-0.1620637573629301,4.089570854739658,0.56960196827715,0.12246608263080369,0.04499382418578987,-0.0031894557908546638,-9.85357628824346e-13,1.1236102527122116,3.469446951953614e-18
4.78,3.4576380184852527,0.21722656867907922,-0.1629581757341111,4.095298899775722,0.5760381336279242,0.12225603734269512,0.04483961600138667,-0.0026265350584327996,-1.1712783520856362e-12,1.1236102527122116,-1.734723475976807e-18
4.79,3.4618641096479057,0.2155926397057897,-0.16382259024027804,4.101092247929407,0.5826634613545271,0.12204395862519593,0.04468418351194489,-0.0020664721487597786,-1.2192885590067704e-12,1.1236102527122116,-5.204170427930421e-18
4.8,3.4660879803586253,0.21395021802070857,-0.16465666054559636,4.10695281723241,0.5894832642548026,0.12182986731784874,0.044527549713264294,-0.0015094610612013358,-1.2104067748097691e-12,1.1236102527122116,-6.938893903907228e-18
4.8100000000000005,3.4703095404271393,0.2122996088089507,-0.16546003630727246,4.112882579777162,0.5965030422775215,0.121613785106769,0.044369738185190896,-0.0009556929821193348,-1.204730759596373e-12,1.1236102527122116,-3.469446951953614e-18
4.82,3.4745287000823994,0.2106411208115962,-0.16623235659794477,4.118883563614002,0.6037284881202196,0.12139573450759529,0.044210773071219164,-0.00040535624317611374,-1.3034781587428768e-12,1.1236102527122116,0.0
4.83,3.4787453700062123,0.20897506643441202,-0.16697324930323854,4.124957854708547,0.6111654928863693,0.1211757388482848,0.04405067905780863,0.00014136371854655758,-1.5254741914105807e-12,1.1236102527122116,-3.469446951953614e-18
4.84,3.4829594613666846,0.2073017618627704,-0.1676823304955726,4.131107598954946,0.6188201517820211,0.12095382225186518,0.04388948135378223,0.0006842843988613054,-1.7748372216352948e-12,1.1236102527122116,-3.469446951953614e-18
4.8500000000000005,3.487170885851419,0.2056215271830077,-0.16835920378316463,4.1373350042451875,0.6266987698307751,0.1207300096191352,0.04372720566978926,0.0012232262632106278,-1.879822686401411e-12,1.1236102527122116,3.469446951953614e-18
4.86,3.4913795557003855,0.20393468651047156,-0.16900345963317887,4.143642342594588,0.6348078675825586,0.12050432661130699,0.04356387819781164,0.0017580127818112995,-1.6779910794184616e-12,1.1236102527122116,0.0
4.87,3.4955853837383897,0.20224156812450053,-0.16961467466796185,4.150031952323615,0.6431541867879474,0.12027679963258256,0.04339952559068627,0.0022884704631946813,-1.1170370184387934e-12,1.1236102527122116,-3.469446951953614e-18
4.88,3.4997882834070677,0.2005425046105851,-0.17019241093331047,4.156506240296191,0.6517446960055114,0.12004745581265724,0.04323417494161011,0.0028144288861249693,-3.344269305927128e-13,1.1236102527122116,-3.469446951953614e-18
4.89,3.5039881687963317,0.19883783300995417,-0.1707362151377175,4.1630676842146235,0.66058659610499,0.11981632298914274,0.04306785376358605,0.003335720729874349,3.2967378826853633e-13,1.1236102527122116,0.0
4.9,3.5081849546751904,0.19712789497683414,-0.17124561786153983,4.169718834971295,0.669687325623827,0.11958342968990252,0.04290058996875866,0.003852181802825993,4.409111964420731e-13,1.1236102527122116,-3.469446951953614e-18
4.91,3.5123785565218744,0.1954130369436272,-0.1717201327350334,4.176462319057281,0.6790545659287254,0.11934880511529211,0.04273241184757664,0.004363651069366377,-2.327096848553367e-13,1.1236102527122116,0.0
4.92,3.5165688905531844,0.1936936102942532,-0.1721592555842012,4.183300841028021,0.6886962461273884,0.11911247912029713,0.04256334804770574,0.004869970675017377,-1.1560891133299833e-12,1.1236102527122116,0.0
4.93,3.520755873754702,0.19196997154654372,-0.1725624635506582,4.190237186003104,0.6986205476626424,0.11887448219691041,0.04239342755388982,0.005370985970784278,-1.1391165788410262e-12,1.1236102527122116,-3.469446951953614e-18
4.94,3.5249394239133633,0.1902424825452446,-0.17292921419754612,4.197274222150996,0.7088359085071807,0.11863484545713082,0.04222267967101337,0.005866545538513443,-1.101431446048906e-12,1.1236102527122116,3.469446951953614e-18
4.95,3.529119459642552,0.18851151066106842,-0.17325894454616617,4.204414903335585,0.7193510269197327,0.11839360061446058,0.04205113400052002,0.006356501209317755,-1.1508155539630138e-12,1.1236102527122116,0.0
4.96,3.533295900411684,0.186777429001057,-0.1735510701047219,4.211662271724059,0.7301748646306925,0.11815077996639543,0.04187882042110597,0.006840708084055059,-1.1032008639944024e-12,1.1236102527122116,-3.469446951953614e-18
4.97,3.537468666573708,0.18504061662885435,-0.17380498386405294,4.219019460426003,0.7413166493712718,0.11790641637664287,0.041705769069268366,0.007319024552132167,-9.215336826962073e-13,1.1236102527122116,0.0
4.98,3.5416376793922812,0.18330145879515078,-0.17402005526018935,4.2264896961632425,0.7527858766318211,0.11766054325737492,0.041532010319577775,0.007791312308533169,-7.159967063685713e-13,1.1236102527122116,1.0408340855860843e-17
4.99,3.5458028610686556,0.18156034717860858,-0.17419562910609163,4.234076301956002,0.7645923105220224,0.1174131945515306,0.04135757476496844,0.008257436369374385,-5.817082926462547e-13,1.1236102527122116,-3.469446951953614e-18
5.0,3.5499641347681923,0.17981768013754648,-0.1743310244946078,4.241782699811947,0.7767459835910109,0.11716440471516004,0.04118249319722789,0.008717265086184669,-4.544351006607883e-13,1.1236102527122116,-1.3877787807814457e-17
5.01,3.5541214246464246,0.17807386297266503,-0.1744255336746805,4.249612413404601,0.7892571954490227,0.11691420869980307,0.04100679658780333,0.009170670159040425,-1.0001027783701488e-13,1.1236102527122116,-6.938893903907228e-18
5.0200000000000005,3.558274655874598,0.17632930820108988,-0.1744784209028359,4.257569070727713,0.8021365100141384,0.11666264193489446,0.040830516068965095,0.009617526648602964,7.230951948322684e-13,1.1236102527122116,0.0
5.03,3.562423754664606,0.17458443584201386,-0.17448892127198706,4.265656406712077,0.8153947511878763,0.11640974031018862,0.04065368291527816,0.01005771298700877,1.978500696608876e-12,1.1236102527122116,3.469446951953614e-18
5.04,3.566568648293239,0.1728396737142149,-0.17445623951958375,4.273878265791377,0.8290429967417544,0.11615554015819554,0.040476328525228984,0.010491110987452429,3.0975430553858985e-12,1.1236102527122116,0.0
5.05,3.5707092651256773,0.17109545774573232,-0.17437954881714104,4.282238604403554,0.8430925701732415,0.11590007823662124,0.04029848440273684,0.010917605852173138,3.027932071741901e-12,1.1236102527122116,1.3877787807814457e-17
5.0600000000000005,3.574845534638141,0.16935223229597762,-0.1742579895431791,4.290741493414259,0.8575550302637848,0.11564339171080455,0.040120182138145354,0.011337086178412998,9.903813880107748e-13,1.1236102527122116,0.0
5.07,3.5789773874396253,0.16761045049056192,-0.1740906680416062,4.299391120448908,0.872442158043535,0.11538551813614305,0.039941453388140286,0.011749443961751729,-1.5016946020018906e-12,1.1236102527122116,6.938893903907228e-18
5.08,3.5831047552953517,0.16587057456747115,-0.17387665539880917,4.308191792017336,0.887765940852651,0.11512649544108988,0.03976232985919499,0.012154574601915241,-1.553125683617651e-12,1.1236102527122116,0.0
5.09,3.587227571152075,0.16413307623331994,-0.17361498626306268,4.317147935344755,0.9035385531607854,0.114866361910659,0.039582843297330916,0.012552376914246136,-1.5594331381763027e-12,1.1236102527122116,3.469446951953614e-18
5.1000000000000005,3.5913457691543758,0.16239843703632043,-0.17330465758736338,4.326264100293327,0.919772333694309,0.11460515616811383,0.03940302546246725,0.01294275312286529,-1.5139764442118064e-12,1.1236102527122116,1.0408340855860843e-17
5.11,3.5954592846667772,0.16066714874852148,-0.17294462746336478,4.335544960822987,0.936479758512392,0.1143429171582641,0.039222908114235566,0.013325608864870516,-1.4506243428691334e-12,1.1236102527122116,0.0
5.12,3.5995680542938158,0.15893971376027677,-0.17253381397667747,4.344995316210833,0.9536734095443137,0.11407968413046818,0.039042522995377554,0.013700853190593058,-1.4553774851933099e-12,1.1236102527122116,-3.469446951953614e-18
5.13,3.6036720158994573,0.15721664548569636,-0.17207109411142008,4.354620091934522,0.9713659380965474,0.11381549662165145,0.038861901815207864,0.014068398562679689,-1.508404512406969e-12,1.1236102527122116,0.0
5.14,3.607771108625971,0.15549846877865434,-0.17155530272175298,4.364424340160305,0.9895700227883516,0.11355039443941704,0.03868107623357016,0.014428160854390821,-1.5285828158795312e-12,1.1236102527122116,-3.469446951953614e-18
5.15,3.6118652729123615,0.15378572035894925,-0.1709852315877369,4.374413239777518,1.0082983213299603,0.11328441764531684,0.038500077845262055,0.014780059346998756,-1.5463394453796298e-12,1.1236102527122116,1.0408340855860843e-17
5.16,3.6159544505123624,0.15207894924800927,-0.17035962857291315,4.384592095921285,1.0275634155142936,0.11301760653831006,0.03831893816449111,0.015124016725771645,-1.546318628697918e-12,1.1236102527122116,3.469446951953614e-18
5.17,3.6200385845114242,0.15037871721112014,-0.1696771969080519,4.394966338907952,1.0473777487806955,0.11275000163806666,0.03813768860971091,0.0154599590754908,-1.558808637724951e-12,1.1236102527122116,0.0
5.18,3.624117619343347,0.14868559920674895,-0.16893659462495306,4.405541522508288,1.0677535556177846,0.11248164366847554,0.037956360488586596,0.01578781587465035,-1.5008827514151335e-12,1.1236102527122116,3.469446951953614e-18
5.19,3.6281915008065377,0.14700018384058228,-0.16813643417174925,4.4163233214659705,1.0887027820666804,0.11221257354130966,0.0377749849835807,0.01610751998907789,-1.2892187317703474e-12,1.1236102527122116,0.0
5.2,3.632260176079725,0.1453230738228546,-0.16727528224195876,4.427317528168224,1.1102369965326304,0.11194283234012048,0.03759359313819267,0.016419007664868784,-1.2076936672933414e-12,1.1236102527122116,-3.469446951953614e-18
5.21,3.6363235937367064,0.14365488642565633,-0.16635165984456343,4.438530048388667,1.1323672901039097,0.11167246130397564,0.03741221584248118,0.01672221851958451,-1.41737316328161e-12,1.1236102527122116,1.734723475976807e-17
5.22,3.640381703760448,0.14199625393767312,-0.16536404266158364,4.449966895976474,1.1551041655363472,0.11140150181123659,0.03723088381906999,0.017017095532884212,-1.6731407925796304e-12,1.1236102527122116,-6.938893903907228e-18
5.23,3.6444344575569425,0.14034782411400554,-0.16431086174062906,4.461634186363542,1.1784574140348054,0.11112999536363606,0.03704962761022823,0.017303585036979333,-1.6629128629652712e-12,1.1236102527122116,3.469446951953614e-18
5.24,3.648481807969233,0.13871026061871874,-0.1631905045698945,4.473538128761377,1.2024359789470735,0.11085798357091381,0.03686847756578939,0.017581636706365776,-1.562402984767175e-12,1.1236102527122116,-1.734723475976807e-17
5.25,3.6525237092900107,0.13708424345379758,-0.16200131657658415,4.485685016948894,1.227047805553842,0.1105855081351403,0.03668746383008401,0.01785120354568627,-1.5624654348123101e-12,1.1236102527122116,1.3877787807814457e-17
5.26,3.65656011727245,0.13547046936789783,-0.160741603110785,4.498081218501987,1.2522996761700518,0.11031261083444009,0.036506616328874565,0.01811224187725518,-1.5426757093983667e-12,1.1236102527122116,1.3877787807814457e-17
5.2700000000000005,3.6605909891428507,0.133869652246563,-0.15940963199247987,4.510733162253885,1.2781970296595944,0.1100393335081466,0.03632596475826373,0.018364711328321723,-1.5123874375078117e-12,1.1236102527122116,6.938893903907228e-18
5.28,3.6646162836113394,0.13228252347199723,-0.15800363667053108,4.52364732389442,1.3047437647716058,0.10976571804138438,0.036145538572989126,0.018608574817203766,-1.567038165894985e-12,1.1236102527122116,0.0
5.29,3.6686359608820154,0.1307098322479467,-0.15652182007060092,4.536830209522753,1.3319420266732145,0.10949180634976279,0.03596536697481313,0.018843798538420838,-1.6112666756384897e-12,1.1236102527122116,1.0408340855860843e-17
5.3,3.6726499826628674,0.12915234588250574,-0.15496235921399476,4.550288336968278,1.3597919762327229,0.10921764036438936,0.03578547890185609,0.019070351947665327,-1.5608209169570841e-12,1.1236102527122116,6.938893903907228e-18
5.3100000000000005,3.676658312175233,0.12761085002094927,-0.15332341068500283,4.56402821471312,1.3882915417953992,0.1089432620171019,0.03560590301834227,0.01928820774605681,-1.5615217452413788e-12,1.1236102527122116,-1.3877787807814457e-17
5.32,3.680660914161951,0.1260861488184904,-0.15160311702327903,4.578056318267124,1.4174361534644697,0.10866871322542088,0.03542666770374972,0.019497341862998514,-1.5434320488338926e-12,1.1236102527122116,3.469446951953614e-18
5.33,3.6846577548957367,0.12457906504473518,-0.14979961414208376,4.592379063774878,1.4472184601371534,0.10839403587806752,0.035247801043353566,0.019697733439241222,-1.5462006675015516e-12,1.1236102527122116,3.469446951953614e-18
5.34,3.688648802186538,0.12309044010830207,-0.1479110398494296,4.6070027787225385,1.4776280299575493,0.10811927182039643,0.03506933081851874,0.019889364808763584,-1.6004350622544905e-12,1.1236102527122116,0.0
5.3500000000000005,3.6926340253883105,0.12162113399023113,-0.14593554356406296,4.62193366957227,1.5086510352547053,0.1078444628399497,0.034891284497273724,0.020072221479976202,-1.5618548121487663e-12,1.1236102527122116,-6.938893903907228e-18
5.36,3.696613395405661,0.12017202507407995,-0.143871297319256,4.637177786157046,1.5402699235335062,0.10756965065240233,0.034713689226000315,0.020246292117027487,-1.5606682612911982e-12,1.1236102527122116,1.3877787807814457e-17
5.37,3.700586884699244,0.11874400985908759,-0.1417165081238624,4.6527409827502,1.5724630766872543,0.10729487688728175,0.03453657182031585,0.020411568519395313,-1.5450141166439835e-12,1.1236102527122116,1.0408340855860843e-17
5.38,3.7045544672911164,0.11733800254257076,-0.13946943177137958,4.668628875659585,1.6052044612507104,0.1070201830741121,0.03435995875718339,0.02056804560176146,-1.533981275336771e-12,1.1236102527122116,1.0408340855860843e-17
5.39,3.70851611876931,0.11595493445680682,-0.13712838815578482,4.684846797301028,1.6384632732678082,0.10674561062859761,0.03418387616703881,0.020715721372967875,-1.6222925780517983e-12,1.1236102527122116,-1.734723475976807e-17
5.4,3.712471816291626,0.11459575334511374,-0.1346917781468001,4.701399746722076,1.6722035821749939,0.10647120083884554,0.03400834982578147,0.020854596913896913,-1.5841286615803085e-12,1.1236102527122116,3.469446951953614e-18
5.41,3.716421538589476,0.11326142246072891,-0.1321581020733722,4.718292336552878,1.706383979022405,0.10619699485205462,0.03383340514837899,0.020984676356171655,-1.5570322808855508e-12,1.1236102527122116,1.3877787807814457e-17
5.42,3.7203652659704693,0.11195291947332871,-0.12952597981170044,4.735528736517704,1.7409572352812819,0.10592303366098642,0.03365906718138782,0.0211059668587736,-1.5484349913386097e-12,1.1236102527122116,-3.469446951953614e-18
5.43,3.724302980320753,0.11067123516647887,-0.12679417248024055,4.75311261360304,1.7758699795357,0.10564935809077616,0.033485360596458805,0.021218478584802386,-1.4796497360691774e-12,1.1236102527122116,1.734723475976807e-17
5.44,3.7282346651069713,0.10941737190955161,-0.12396160569461634,4.7710470691083575,1.8110624003950306,0.10537600878592385,0.03331230968453843,0.02132222467823774,-1.5851278623024712e-12,1.1236102527122116,1.0408340855860843e-17
5.45,3.7321603053770978,0.10819234189136584,-0.12102739429367404,4.789334572917765,1.8464679848841732,0.10510302619726311,0.033139938349327686,0.021417221238729946,-1.8599566331545248e-12,1.1236102527122116,2.0816681711721685e-17
5.46,3.7360798877610297,0.10699716509885383,-0.11799086841622108,4.807976895371198,1.8820133026900394,0.10483045056920266,0.032968270101192916,0.021503487296196253,-1.5667883657144444e-12,1.1236102527122116,3.469446951953614e-18
5.47,3.7399934004713655,0.10583286702608408,-0.1148516007730908,4.826975037198309,1.917617847513126,0.104558321927339,0.03279732805432531,0.021581044788439016,-1.542127536779958e-12,1.1236102527122116,1.0408340855860843e-17
5.48,3.7439008333019945,0.10470047611121046,-0.11160943483484066,4.846329158302048,1.9531939471241828,0.10428668006566261,0.032627134918890216,0.021649918531762836,-1.536604177232448e-12,1.1236102527122116,-6.938893903907228e-18
5.49,3.747802177627507,0.10360102088379267,-0.10826451370780221,4.866038505955254,1.9886467548159967,0.10401556453446817,0.03245771299773911,0.021710136196227685,-1.4667780878774295e-12,1.1236102527122116,0.0
5.5,3.7516974264015515,0.10253552682103804,-0.10481730930829798,4.886101343407346,2.023874334714316,0.10374501462796364,0.03228908418204678,0.021761728279134758,-1.5776130402045396e-12,1.1236102527122116,-2.42861286636753e-17
5.51,3.755586574154565,0.10150501291708613,-0.10126865144652221,4.906514879846484,2.0587678531366014,0.10347506937263873,0.032121269947003386,0.02180472807681523,-1.986195929948309e-12,1.1236102527122116,-1.734723475976807e-17
5.5200000000000005,3.7594696169910575,0.10051048796200808,-0.09761975632069927,4.927275202876792,2.0932118880248796,0.1032057675154761,0.03195429134700619,0.021839171655590902,-1.630688639675526e-12,1.1236102527122116,3.469446951953614e-18
5.53,3.763346552586601,0.09955294653156524,-0.0938722538994037,4.9483772147102245,2.1270848674432115,0.10293714751142438,0.031788169014931436,0.021865097827940296,-1.5652062979043535e-12,1.1236102527122116,3.469446951953614e-18
5.54,3.7672173801837605,0.09863336472861414,-0.09002821359420599,4.969814573426523,2.160259645003114,0.10266924751288457,0.0316229231561629,0.021882548119137292,-1.5770371120105153e-12,1.1236102527122116,2.0816681711721685e-17
5.55,3.771082100587867,0.09775269566584868,-0.08609016757243892,4.991579640712868,2.192604220112536,0.1024021053578394,0.03145857354672098,0.021891566739945214,-1.5668508157595795e-12,1.1236102527122116,-1.734723475976807e-17
5.5600000000000005,3.7749407161621584,0.0969118647342749,-0.08206113103946186,5.013663437534766,2.22398260605642,0.10213575855874782,0.03129513953066032,0.021892200556978783,-1.5478382464628737e-12,1.1236102527122116,1.0408340855860843e-17
5.57,3.77879323082249,0.09611176468762375,-0.07794461879073562,5.036055609218188,2.2542558461893356,0.10187024429175327,0.03113264001775516,0.021884499062517784,-1.5706949629823441e-12,1.1236102527122116,0.0
5.58,3.7826396500311477,0.09535325058039822,-0.07374465730802787,5.058744401473772,2.2832831743854327,0.10160559938520408,0.0309710934808497,0.021868514343771545,-1.5699455624407221e-12,1.1236102527122116,1.0408340855860843e-17
5.59,3.786479980790676,0.0946371346128505,-0.06946579176513074,5.081716648633037,2.310923310856652,0.10134186030957656,0.030810517954608645,0.021844301052270615,-1.5914561335428346e-12,1.1236102527122116,0.0
5.6000000000000005,3.79031423163673,0.09396418093230678,-0.06511308725413423,5.104957775533484,2.337035879944082,0.10107906316652499,0.030650931033395806,0.02181191637209673,-1.5287632271210327e-12,1.1236102527122116,6.938893903907228e-18
5.61,3.7941424126307797,0.09333510045386,-0.06069212370913302,5.12845181406022,2.3614829309718237,0.10081724367885485,0.030492349870567655,0.0217714199887478,-1.5628609517648329e-12,1.1236102527122116,-1.734723475976807e-17
5.62,3.7979645353518974,0.09275054576577972,-0.05620898402123522,5.152181435374551,2.3841305382558033,0.10055643717987364,0.030334791176499232,0.02172287405602489,-1.5696090260863826e-12,1.1236102527122116,1.0408340855860843e-17
5.63,3.8017806128884324,0.09221110618860634,-0.05167023504578618,5.176127998360699,2.404850451545203,0.10029667860369733,0.03017827121841037,0.0216663431641558,-1.6102986999388946e-12,1.1236102527122116,-1.734723475976807e-18
5.64,3.8055906598288933,0.09171730306142982,-0.047082901276392725,5.200271614736656,2.4235217638067343,0.10003800247514993,0.0300228058191936,0.021601894306154626,-1.53928952917326e-12,1.1236102527122116,0.0
5.65,3.8093946922525794,0.09126958532693087,-0.04245443119524733,5.224591230743096,2.4400325599725265,0.09978044290028512,0.029868410357639694,0.021529596845164374,-1.5085155347094314e-12,1.1236102527122116,-8.673617379884035e-18
5.66,3.813192727719482,0.09086832549039149,-0.03779265644810888,5.249064725096549,2.4542815077041062,0.0995240335566303,0.02971509976771266,0.02144952247997286,-1.5688422783100009e-12,1.1236102527122116,3.469446951953614e-18
5.67,3.816984785259792,0.09051381602076518,-0.03310574422788701,5.273669022382917,2.4661793504322227,0.09926880768384438,0.029562888538515304,0.021361745210700687,-1.599057691814565e-12,1.1236102527122116,3.469446951953614e-18
5.68,3.8207708853629945,0.09020626625919742,-0.028402143437454105,5.298380220712852,2.4756502633043165,0.09901479807461792,0.029411790714829626,0.021266341304530208,-1.557542289587488e-12,1.1236102527122116,-1.734723475976807e-18
5.69,3.8245510499664164,0.08994579989406867,-0.02369052538190353,5.323173732110737,2.4826330347104864,0.09876203706561827,0.029261819897566523,0.021163389260733842,-1.5148507448436987e-12,1.1236102527122116,5.204170427930421e-18
5.7,3.8283253024432846,0.08973245305300635,-0.018979719936785926,5.348024433701603,2.4870820397158657,0.0985105565285987,0.0291129892442905,0.021052969775113128,-1.5677771580957511e-12,1.1236102527122116,0.0
5.71,3.8320936675903097,0.08956617305162216,-0.01427864828148935,5.37290682747405,2.4889679769140236,0.09826038786170604,0.028965311469799502,0.02093516570386676,-1.600778537502734e-12,1.1236102527122116,1.734723475976807e-18
5.72,3.835856171614866,0.08944681782604481,-0.009596253414969065,5.397795206121954,2.488278346758498,0.09801156198104151,0.02881879884744215,0.02081006202781093,-1.5515262685728004e-12,1.1236102527122116,0.0
5.73,3.8396128421216966,0.08937415606631786,-0.004941429739303754,5.422663822324932,2.4850176568120235,0.09776410931229362,0.028673463210402338,0.020677745815961338,-1.5240447792663758e-12,1.1236102527122116,0.0
5.74,3.8433637080991074,0.08934786805380011,-0.00032295304962076145,5.447487058681432,2.479207347619177,0.0975180597825928,0.028529315952850593,0.020538306188295778,-1.5665628516625674e-12,1.1236102527122116,0.0
5.75,3.847108799904758,0.08936754719077847,0.004250587745996405,5.472239595510975,2.4708854415285795,0.09727344281253936,0.0283863680314137,0.020391834278353435,-1.6006085346020882e-12,1.1236102527122116,1.734723475976807e-18
5.76,3.8508481492510085,0.0894327021984164,0.008770855901615143,5.496896573796558,2.460105925158527,0.09703028730844554,0.028244629967021026,0.020238423195763827,-1.5425612176489523e-12,1.1236102527122116,1.734723475976807e-18
5.7700000000000005,3.8545817891898704,0.08954275994742336,0.013229827928896282,5.521433750704624,2.4469378840685536,0.09678862165463901,0.02810411184694495,0.02007816798845748,-1.5303799894006431e-12,1.1236102527122116,-6.938893903907228e-18
5.78,3.858309754097424,0.08969706887533552,0.01761984945827716,5.545827645302293,2.4314644151735756,0.09654847370612672,0.02796482332651305,0.019911165603852404,-1.5651195617305547e-12,1.1236102527122116,-1.734723475976807e-18
5.79,3.862032079657897,0.08989490293176756,0.021933684991188987,5.570055672426063,2.413781348402598,0.09630987078130582,0.02782677363132082,0.0197375148501737,-1.5853499069073962e-12,1.1236102527122116,1.734723475976807e-18
5.8,3.865748802847295,0.09013546598754445,0.026164560843481434,5.594096262957368,2.393995813346185,0.09607283965492562,0.02768997155961923,0.01955731635746982,-1.536080290742703e-12,1.1236102527122116,1.0408340855860843e-17
5.8100000000000005,3.869459961916676,0.0904178966371559,0.030306200789334506,5.617928969159789,2.372224689478945,0.09583740655109883,0.02755442548488523,0.019370672538313212,-1.5634230021710493e-12,1.1236102527122116,6.938893903907228e-18
5.82,3.8731655963748834,0.09074127332045183,0.0343528541058256,5.641534554077295,2.3485929797362357,0.09560359713679194,0.027420143358047242,0.01917768754756535,-1.5652062979043535e-12,1.1236102527122116,-1.214306433183765e-17
5.83,3.876865746971043,0.09110461968552559,0.03829931595054911,5.664895064479494,2.3232321469992048,0.09537143651516117,0.02728713271047488,0.018978467242604213,-1.57862611871451e-12,1.1236102527122116,1.734723475976807e-18
5.84,3.8805604556765365,0.09150691011789736,0.04214094015926848,5.687993887120787,2.296278451135238,0.09514094921934826,0.02715540065660963,0.018773119142628095,-1.5338182113300292e-12,1.1236102527122116,-3.469446951953614e-18
5.8500000000000005,3.8842497656667323,0.09194707536072667,0.04587364475795688,5.710815788544473,2.2678713214087174,0.09491215920617567,0.02702495389710139,0.018561752388055665,-1.5660805985362458e-12,1.1236102527122116,-5.204170427930421e-18
5.86,3.887933721302133,0.09242400815543135,0.049493910595898236,5.733346938881254,2.238151795103078,0.09468508985045866,0.02689579872153352,0.018344477699061376,-1.5652271145860652e-12,1.1236102527122116,6.938893903907228e-18
5.87,3.891612368109375,0.092936568836548,0.05299877367544846,5.755574920516911,2.2072610486093986,0.09445976393903684,0.02676794101182992,0.018121407334377868,-1.574223390532481e-12,1.1236102527122116,1.5612511283791264e-17
5.88,3.8952857527616853,0.09348359082082248,0.056385811798211706,5.777488722592097,2.1753390422058336,0.09423620366537058,0.02664138624532472,0.017892655049355752,-1.5411040499291317e-12,1.1236102527122116,-3.469446951953614e-18
5.89,3.898953923059154,0.09406388593789451,0.05965312625665081,5.799078722616425,2.1425232945461246,0.09401443062397509,0.026516139498216643,0.017658336053901824,-1.5659695762337833e-12,1.1236102527122116,5.204170427930421e-18
5.9,3.902616927908427,0.09467624955512194,0.06279931929529807,5.820336656485752,2.1089477978781224,0.09379446580553534,0.026392205448800367,0.017418566969982764,-1.563152385308797e-12,1.1236102527122116,8.673617379884035e-18
5.91,3.9062748173022994,0.095319465460228,0.06582346812465369,5.841255578423185,2.074742080022733,0.09357632959168645,0.026269588381124625,0.017173465788966415,-1.5688249310752411e-12,1.1236102527122116,-1.5612511283791264e-17
5.92,3.9099276422987996,0.09599231046893494,0.06872509621119406,5.86182981225233,2.0400304149456474,0.0933600417503973,0.026148292188467967,0.016923151828573728,-1.5601825387179247e-12,1.1236102527122118,6.938893903907228e-18
5.93,3.913575455000056,0.09669355873593388,0.07150414257691054,5.882054895532643,2.0049311797290845,0.09314562143125528,0.026028320377008345,0.016667745689473195,-1.5641758721596233e-12,1.1236102527122118,8.673617379884035e-18
5.94,3.917218308530773,0.0974219857509327,0.07416092976712033,5.901927517961237,1.969556352669547,0.0929330871611633,0.025909676069475716,0.01640736921163622,-1.5625903349025805e-12,1.1236102527122116,1.0408340855860843e-17
5.95,3.9208562570163954,0.09817637200991883,0.07669613110670892,5.921445455430801,1.934011144528525,0.09272245684022803,0.02579236200902371,0.016142145430651803,-1.559863349598345e-12,1.1236102527122116,3.469446951953614e-18
5.96,3.924489355561037,0.09895550635937299,0.07911073779595539,5.9406075010357435,1.8983937529168957,0.09251374773763567,0.025676380562926412,0.015872198533213623,-1.5377490947265926e-12,1.1236102527122116,1.3877787807814457e-17
5.97,3.9281176602250856,0.09975818901046848,0.08140602631893092,5.959413394179802,1.8627952286431482,0.09230697648799155,0.02556173372664382,0.015597653813074413,-1.5799479780032044e-12,1.1236102527122116,-1.5612511283791264e-17
5.98,3.931741228002425,0.10058323423305107,0.08358352658026907,5.977863748860693,1.8272994416772548,0.09210215908767744,0.025448423127507593,0.01531863762584195,-1.6720652640245248e-12,1.1236102527122116,-5.204170427930421e-18
5.99,3.935360116797477,0.10142947273480642,0.08564499110374003,5.995959982056766,1.791983134335885,0.09189931089148698,0.025336450028553864,0.015035277343860676,-1.5633327965502986e-12,1.1236102527122116,-1.0408340855860843e-17
6.0,3.938974385402079,0.1022957537368767,0.08759236557453885,6.013704243043827,1.756916049202285,0.09169844660955116,0.02522581533337744,0.014747701312243598,-1.5633223882094427e-12,1.1236102527122116,-3.469446951953614e-18
