case,source_index,observation_index,source_t,observation_t,source_q_over_H,observation_q_over_H,gain,crosses_complex_quartet,input_Q_rho_weight,input_Q_chi_weight,output_Q_rho_weight,output_Q_chi_weight
baseline,0,0,0.0,0.0,0.01,0.01,0.0,False,1.0,0.0,1.0,0.0
baseline,0,1,0.0,0.01,0.01,0.01003520794400882,0.006141494021436755,False,0.6107016497243927,0.38929835027560733,0.6000381354866446,0.39996186451335536
baseline,0,2,0.0,0.02,0.01,0.010068506807394292,0.012170827127683928,False,0.6150737070443658,0.38492629295563413,0.5939388587795298,0.40606114122047016
baseline,0,3,0.0,0.03,0.01,0.010099935868545224,0.018090978360477582,False,0.6192986883693222,0.3807013116306778,0.5878798879580395,0.4121201120419606
baseline,0,4,0.0,0.04,0.01,0.01012953500478344,0.02390479278873366,False,0.623489440504392,0.3765105594956081,0.5819712887948043,0.41802871120519575
baseline,0,5,0.0,0.05,0.01,0.010157344644965602,0.029614989601136246,False,0.6276612335430406,0.3723387664569594,0.5762252816763778,0.4237747183236223
baseline,0,6,0.0,0.06,0.01,0.010183405719813278,0.035224169572210674,False,0.6318174707338482,0.36818252926615175,0.5706421006123797,0.4293578993876202
baseline,0,7,0.0,0.07,0.01,0.010207759610376075,0.04073482201438035,False,0.6359590761135608,0.3640409238864392,0.5652194312423041,0.4347805687576959
baseline,0,8,0.0,0.08,0.01,0.010230448095013146,0.04614933125809352,False,0.6400862830055605,0.3599137169944396,0.5599542259757101,0.44004577402429
baseline,0,9,0.0,0.09,0.01,0.010251513295262464,0.05146998269812011,False,0.6441990976131758,0.35580090238682427,0.5548431864906406,0.44515681350935943
baseline,0,10,0.0,0.1,0.01,0.010270997620943084,0.05669896844042904,False,0.6482974444826071,0.35170255551739293,0.5498829243784924,0.4501170756215076
baseline,0,11,0.0,0.11,0.01,0.010288943714821827,0.06183839258070681,False,0.652381218007237,0.347618781992763,0.5450700254305528,0.4549299745694473
baseline,0,12,0.0,0.12,0.01,0.010305394397158676,0.06689027614257641,False,0.6564503018811739,0.34354969811882613,0.5404010800411451,0.459598919958855
baseline,0,13,0.0,0.13,0.01,0.010320392610417542,0.07185656170092473,False,0.6605045764466728,0.33949542355332724,0.5358726999829092,0.46412730001709074
baseline,0,14,0.0,0.14,0.01,0.010333981364423667,0.07673911771339144,False,0.6645439211492861,0.33545607885071377,0.531481528976151,0.46851847102384897
baseline,0,15,0.0,0.15,0.01,0.010346203682205894,0.08153974258101213,False,0.6685682149537854,0.33143178504621457,0.5272242500642929,0.4727757499357072
baseline,0,16,0.0,0.16,0.01,0.010357102546763626,0.0862601684571709,False,0.6725773359254851,0.32742266407451487,0.5230975911312704,0.4769024088687296
baseline,0,17,0.0,0.17,0.01,0.010366720848971432,0.09090206482239808,False,0.6765711605136492,0.3234288394863508,0.5190983292105351,0.48090167078946483
baseline,0,18,0.0,0.18,0.01,0.010375101336804709,0.09546704184110583,False,0.6805495627770488,0.3194504372229511,0.5152232939247455,0.48477670607525447
baseline,0,19,0.0,0.19,0.01,0.010382286566072211,0.09995665351504354,False,0.6845124136594667,0.3154875863405333,0.5114693702520847,0.4885306297479153
baseline,0,20,0.0,0.2,0.01,0.01038831885279162,0.10437240064711223,False,0.6884595803590329,0.3115404196409671,0.5078335007416866,0.4921664992583133
baseline,0,21,0.0,0.21,0.01,0.01039324022735403,0.1087157336281021,False,0.6923909258027309,0.3076090741972691,0.5043126872599228,0.4956873127400772
baseline,0,22,0.0,0.22,0.01,0.010397092390586601,0.11298805505795854,False,0.696306308225612,0.303693691774388,0.5009039923306206,0.49909600766937945
baseline,0,23,0.0,0.23,0.01,0.010399916671816644,0.11719072221233615,False,0.7002055808468325,0.2997944191531675,0.49760454011821736,0.5023954598817826
baseline,0,24,0.0,0.24,0.01,0.01040175398901528,0.12132504936437132,False,0.7040885916300729,0.29591140836992713,0.49441151709264836,0.5055884829073517
baseline,0,25,0.0,0.25,0.01,0.010402644811089544,0.12539230997088738,False,0.7079551831177306,0.29204481688226924,0.4913221724116002,0.5086778275883999
baseline,0,26,0.0,0.26,0.01,0.010402629122365531,0.12939373873160143,False,0.7118051923287039,0.28819480767129624,0.48833381805143455,0.5116661819485654
baseline,0,27,0.0,0.27,0.01,0.01040174638930814,0.13333053352925195,False,0.7156384507079916,0.28436154929200846,0.4854438287122556,0.5145561712877443
baseline,0,28,0.0,0.28,0.01,0.010400035529482848,0.13720385725801582,False,0.719454784121036,0.280545215878964,0.48264964152392614,0.5173503584760739
baseline,0,29,0.0,0.29,0.01,0.010397534882792662,0.14101483954709762,False,0.7232540128866165,0.2767459871133835,0.47994875557707006,0.5200512444229299
baseline,0,30,0.0,0.3,0.01,0.010394282184964018,0.14476457838585644,False,0.7270359518402966,0.27296404815970343,0.4773387312981575,0.5226612687018425
baseline,0,31,0.0,0.31,0.01,0.01039031454328528,0.14845414165640244,False,0.7308004104238659,0.26919958957613416,0.47481718968870257,0.5251828103112974
baseline,0,32,0.0,0.32,0.01,0.010385668414559719,0.152084568579224,False,0.7345471927976468,0.2654528072023531,0.47238181144746433,0.5276181885525356
baseline,0,33,0.0,0.33,0.01,0.01038037958525833,0.15565687107701912,False,0.7382760979709382,0.2617239020290619,0.47003033599038874,0.5299696640096112
baseline,0,34,0.0,0.34,0.01,0.010374483153808218,0.15917203506151453,False,0.7419869199468672,0.2580130800531328,0.46776056038229336,0.5322394396177066
baseline,0,35,0.0,0.35000000000000003,0.01,0.01036801351498225,0.16263102164781343,False,0.7456794478815177,0.25432055211848226,0.4655703381962034,0.5344296618037967
baseline,0,36,0.0,0.36,0.01,0.01036100434634229,0.16603476830049518,False,0.7493534662547953,0.2506465337452048,0.46345757831179507,0.5365424216882049
baseline,0,37,0.0,0.37,0.01,0.010353488596657889,0.1693841899153916,False,0.7530087550503373,0.2469912449496627,0.4614202436627979,0.5385797563372021
baseline,0,38,0.0,0.38,0.01,0.01034549847624828,0.1726801798407227,False,0.7566450899437341,0.24335491005626586,0.4594563499440473,0.5405436500559527
baseline,0,39,0.0,0.39,0.01,0.010337065449167314,0.17592361084108296,False,0.7602622424988169,0.23973775750118312,0.45756396428807683,0.5424360357119232
baseline,0,40,0.0,0.4,0.01,0.010328220227169876,0.17911533600752358,False,0.763859980370603,0.23614001962939696,0.4557412039186446,0.5442587960813554
baseline,0,41,0.0,0.41000000000000003,0.01,0.010318992765393664,0.18225618961677245,False,0.7674380675126415,0.23256193248735835,0.45398623478657063,0.5460137652134294
baseline,0,42,0.0,0.42,0.01,0.010309412259613945,0.18534698794239202,False,0.770996264389336,0.22900373561066395,0.4522972701960323,0.5477027298039677
baseline,0,43,0.0,0.43,0.01,0.010299507145093553,0.18838853002070619,False,0.7745343281944626,0.22546567180553742,0.45067256942867073,0.5493274305713293
baseline,0,44,0.0,0.44,0.01,0.010289305096867998,0.19138159837392296,False,0.7780520130729436,0.22194798692705647,0.4491104363678447,0.5508895636321552
baseline,0,45,0.0,0.45,0.01,0.010278833031416927,0.19432695969286495,False,0.7815490703458121,0.21845092965418778,0.44760921812778914,0.5523907818722108
baseline,0,46,0.0,0.46,0.01,0.01026811710963363,0.19722536548154382,False,0.7850252487385423,0.21497475126145782,0.4461673036922887,0.5538326963077113
baseline,0,47,0.0,0.47000000000000003,0.01,0.010257182741008258,0.20007755266573138,False,0.788480294613025,0.21151970538697495,0.44478312256695157,0.5552168774330485
baseline,0,48,0.0,0.48,0.01,0.010246054588953408,0.20288424416751644,False,0.7919139522023796,0.20808604779762035,0.44345514344740206,0.556544856552598
baseline,0,49,0.0,0.49,0.01,0.010234756577210272,0.2056461494477357,False,0.7953259638472567,0.20467403615274318,0.4421818729044665,0.5578181270955335
baseline,0,50,0.0,0.5,0.01,0.010223311897195992,0.20836396501796445,False,0.7987160702332966,0.2012839297667034,0.4409618540887813,0.5590381459112187
baseline,0,51,0.0,0.51,0.01,0.010211743016267306,0.2110383749239123,False,0.8020840106321347,0.19791598936786514,0.4397936654596686,0.5602063345403314
baseline,0,52,0.0,0.52,0.01,0.010200071686839842,0.2136700512017639,False,0.8054295231442659,0.19457047685573414,0.43867591953811336,0.5613240804618866
baseline,0,53,0.0,0.53,0.01,0.010188318956245238,0.21625965430894126,False,0.8087523449425448,0.19124765505745533,0.4376072616838589,0.562392738316141
baseline,0,54,0.0,0.54,0.01,0.010176505177284271,0.21880783353071306,False,0.812052212516547,0.18794778748345284,0.43658636889829294,0.5634136311017071
baseline,0,55,0.0,0.55,0.01,0.010164650019398452,0.221315227364032,False,0.8153288619182256,0.18467113808177446,0.4356119486548002,0.5643880513451998
baseline,0,56,0.0,0.56,0.01,0.010152772480395903,0.2237824638799237,False,0.818582029009018,0.18141797099098203,0.43468273775774363,0.5653172622422564
baseline,0,57,0.0,0.5700000000000001,0.01,0.010140890898675717,0.2262101610656341,False,0.8218114497077875,0.17818855029221242,0.43379750123006294,0.5662024987699371
baseline,0,58,0.0,0.58,0.01,0.010129022965903246,0.22859892714765573,False,0.8250168602383104,0.17498313976168964,0.43295503122832685,0.5670449687716732
baseline,0,59,0.0,0.59,0.01,0.01011718574006484,0.23094936089672602,False,0.828197997375804,0.17180200262419604,0.43215414598500657,0.5678458540149933
baseline,0,60,0.0,0.6,0.01,0.01010539565877692,0.23326205191576496,False,0.8313545986939996,0.1686454013060003,0.43139368878093093,0.568606311219069
baseline,0,61,0.0,0.61,0.01,0.010093668552963975,0.23553758091218355,False,0.8344864028144742,0.16551359718552588,0.4306725269496378,0.5693274730503622
baseline,0,62,0.0,0.62,0.01,0.010082019660711178,0.23777651995499113,False,0.8375931496535439,0.16240685034645605,0.42998955090832575,0.5700104490916743
baseline,0,63,0.0,0.63,0.01,0.010070463641305972,0.2399794327178851,False,0.8406745806685332,0.1593254193314669,0.42934367321747774,0.5706563267825222
baseline,0,64,0.0,0.64,0.01,0.010059014589414198,0.2421468747090857,False,0.8437304391029943,0.15626956089700564,0.4287338276689108,0.5712661723310891
baseline,0,65,0.0,0.65,0.01,0.010047686049348073,0.24427939348881986,False,0.8467604702312299,0.15323952976877014,0.4281589684027153,0.5718410315972848
baseline,0,66,0.0,0.66,0.01,0.010036491029389787,0.24637752887528516,False,0.8497644216022529,0.15023557839774723,0.4276180690533335,0.5723819309466665
baseline,0,67,0.0,0.67,0.01,0.010025442016139483,0.24844181313985012,False,0.8527420432827001,0.14725795671729988,0.4271101219240961,0.572889878075904
baseline,0,68,0.0,0.68,0.01,0.010014550988861603,0.25047277119212547,False,0.8556930880972808,0.14430691190271916,0.4266341371880681,0.5733658628119319
baseline,0,69,0.0,0.6900000000000001,0.01,0.01000382943380576,0.2524709207556025,False,0.8586173118658627,0.14138268813413743,0.42618914211349707,0.5738108578865029
baseline,0,70,0.0,0.7000000000000001,0.01,0.009993288358397499,0.25443677253438296,False,0.8615144736381056,0.1384855263618944,0.42577418031571695,0.574225819684283
baseline,0,71,0.0,0.71,0.01,0.009982938305367136,0.2563708303722255,False,0.8643843359286869,0.13561566407131312,0.425388311039383,0.574611688960617
baseline,0,72,0.0,0.72,0.01,0.009972789366782284,0.25827359140416045,False,0.8672266649495215,0.13277333505047856,0.4250306084658558,0.5749693915341443
baseline,0,73,0.0,0.73,0.01,0.009962851197912397,0.2601455462011236,False,0.8700412308377197,0.12995876916228039,0.42470016104371516,0.5752998389562849
baseline,0,74,0.0,0.74,0.01,0.009953133030940392,0.2619871789083563,False,0.872827807880225,0.127172192119775,0.4243960708435145,0.5756039291564855
baseline,0,75,0.0,0.75,0.01,0.009943643688492767,0.26379896737808023,False,0.8755861747349266,0.12441382526507347,0.4241174529364253,0.5758825470635748
baseline,0,76,0.0,0.76,0.01,0.009934391596972526,0.26558138329708286,False,0.8783161146484696,0.12168388535153042,0.423863434796992,0.5761365652030079
baseline,0,77,0.0,0.77,0.01,0.009925384799682123,0.2673348923097895,False,0.8810174156708066,0.11898258432919331,0.42363315573003296,0.5763668442699671
baseline,0,78,0.0,0.78,0.01,0.00991663096972621,0.2690599541373243,False,0.883689870865936,0.11631012913406406,0.4234257663207514,0.5765742336792485
baseline,0,79,0.0,0.79,0.01,0.009908137422686604,0.2707570226929071,False,0.8863332785173591,0.11366672148264077,0.4232404279055251,0.5767595720944749
baseline,0,80,0.0,0.8,0.01,0.009899911129064133,0.27242654619382745,False,0.888947442326328,0.11105255767367195,0.4230763120597362,0.5769236879402638
baseline,0,81,0.0,0.81,0.01,0.00989195872645707,0.2740689672705445,False,0.8915321716035385,0.10846782839646162,0.42293260010335537,0.5770673998966447
baseline,0,82,0.0,0.8200000000000001,0.01,0.009884286531425127,0.2756847230737027,False,0.8940872814580122,0.1059127185419879,0.4228084826313307,0.5771915173686694
baseline,0,83,0.0,0.8300000000000001,0.01,0.009876900551184425,0.2772742453800527,False,0.8966125929825053,0.10338740701749477,0.42270315906659767,0.5772968409334024
baseline,0,84,0.0,0.84,0.01,0.009869806494975824,0.27883796069617084,False,0.8991079334285242,0.10089206657147574,0.4226158372244841,0.577384162775516
baseline,0,85,0.0,0.85,0.01,0.009863009785172268,0.28037629036119394,False,0.901573136374437,0.09842686362556295,0.42254573289349734,0.5774542671065027
baseline,0,86,0.0,0.86,0.01,0.0098565155681068,0.2818896506487131,False,0.9040080418856881,0.09599195811431202,0.4224920694306275,0.5775079305693726
baseline,0,87,0.0,0.87,0.01,0.00985032872461867,0.2833784528682272,False,0.9064124966670707,0.0935875033329292,0.4224540773706516,0.5775459226293485
baseline,0,88,0.0,0.88,0.01,0.009844453880317216,0.2848431034665948,False,0.9087863542072587,0.09121364579274131,0.42243099404943973,0.5775690059505603
baseline,0,89,0.0,0.89,0.01,0.009838895415564384,0.28628400412982297,False,0.9111294749152831,0.08887052508471699,0.4224220632403292,0.5775779367596708
baseline,0,90,0.0,0.9,0.01,0.009833657475177816,0.28770155188536023,False,0.9134417262479935,0.08655827375200659,0.42242653480122466,0.5775734651987754
baseline,0,91,0.0,0.91,0.01,0.009828743977857409,0.2890961392047341,False,0.9157229828262833,0.08427701717371673,0.4224436643272811,0.5775563356727189
baseline,0,92,0.0,0.92,0.01,0.00982415862533913,0.2904681541059994,False,0.9179731265370378,0.08202687346296232,0.4224727128017067,0.5775272871982935
baseline,0,93,0.0,0.93,0.01,0.009819904911264247,0.29181798025624,False,0.920192046621593,0.07980795337840697,0.4225129462443567,0.5774870537556432
baseline,0,94,0.0,0.9400000000000001,0.01,0.009815986129723115,0.29314599707619665,False,0.9223796397587097,0.07762036024129038,0.4225636353734459,0.5774363646265541
baseline,0,95,0.0,0.9500000000000001,0.01,0.009812405383608214,0.29445257984567225,False,0.9245358101363425,0.07546418986365752,0.4226240552684147,0.5773759447315853
baseline,0,96,0.0,0.96,0.01,0.009809165592651815,0.295738099808601,False,0.9266604695061931,0.07333953049380693,0.4226934850179984,0.5773065149820016
baseline,0,97,0.0,0.97,0.01,0.009806269501207082,0.29700292427782693,False,0.9287535372234078,0.07124646277659225,0.42277120735623136,0.5772287926437686
baseline,0,98,0.0,0.98,0.01,0.009803719685765244,0.29824741673929667,False,0.9308149402710614,0.0691850597289387,0.42285650828231214,0.577143491717688
baseline,0,99,0.0,0.99,0.01,0.009801518562211795,0.2994719369551475,False,0.9328446132690577,0.06715538673094232,0.42294867666003316,0.5770513233399668
baseline,0,100,0.0,1.0,0.01,0.009799668392826928,0.3006768410652649,False,0.9348424984678282,0.06515750153217177,0.4230470037937452,0.5769529962062548
baseline,0,101,0.0,1.01,0.01,0.009798171293035762,0.3018624816866469,False,0.9368085457267008,0.0631914542732992,0.4231507829762229,0.5768492170237771
baseline,0,102,0.0,1.02,0.01,0.009797029237914237,0.30302920800943794,False,0.9387427124758895,0.06125728752411056,0.42325930900088604,0.576740690999114
baseline,0,103,0.0,1.03,0.01,0.009796244068456906,0.3041773658876587,False,0.9406449636594698,0.05935503634053019,0.42337187762583356,0.5766281223741664
baseline,0,104,0.0,1.04,0.01,0.009795817497613064,0.3053072979215652,False,0.9425152716549513,0.05748472834504876,0.42348778497065326,0.5765122150293467
baseline,0,105,0.0,1.05,0.01,0.009795751116095538,0.3064193435280036,False,0.9443536161665608,0.05564638383343922,0.42360632682899274,0.5763936731710072
baseline,0,106,0.0,1.06,0.01,0.009796046397919932,0.30751383900383517,False,0.9461599841083018,0.05384001589169818,0.42372679792454443,0.5762732020754555
baseline,0,107,0.0,1.07,0.01,0.009796704705765371,0.30859111757592383,False,0.9479343694709462,0.05206563052905384,0.4238484910913585,0.5761515089086415
baseline,0,108,0.0,1.08,0.01,0.009797727296114897,0.30965150943289915,False,0.9496767731642073,0.05032322683579275,0.4239706963390936,0.5760293036609064
baseline,0,109,0.0,1.09,0.01,0.009799115324175071,0.31069534173539554,False,0.9513872028353094,0.04861279716469069,0.4240926997896223,0.5759073002103777
baseline,0,110,0.0,1.1,0.01,0.009800869848593184,0.3117229386001169,False,0.953065672665106,0.046934327334894006,0.42421378247106767,0.5757862175289324
baseline,0,111,0.0,1.11,0.01,0.009802991835971286,0.31273462105330835,False,0.9547122031426332,0.0452877968573669,0.4243332189504453,0.5756667810495547
baseline,0,112,0.0,1.12,0.01,0.00980548216518282,0.31373070694849514,False,0.9563268208197248,0.043673179180275315,0.4244502757865751,0.5755497242134249
baseline,0,113,0.0,1.1300000000000001,0.01,0.009808341631497804,0.3147115108426715,False,0.957909558047409,0.04209044195259107,0.4245642097826368,0.5754357902173631
baseline,0,114,0.0,1.1400000000000001,0.01,0.009811570950522545,0.31567734382381835,False,0.9594604526948551,0.04053954730514492,0.4246742660117178,0.5753257339882821
baseline,0,115,0.0,1.1500000000000001,0.01,0.009815170761960033,0.3166285132805331,False,0.9609795478498205,0.03902045215017946,0.4247796755787195,0.5752203244212806
baseline,0,116,0.0,1.16,0.01,0.0098191416331971,0.31756532260140385,False,0.9624668914969047,0.03753310850309523,0.4248796530672977,0.5751203469327024
baseline,0,117,0.0,1.17,0.01,0.009823484062724649,0.31848807078814,False,0.9639225361688306,0.03607746383116944,0.42497339360936937,0.5750266063906306
baseline,0,118,0.0,1.18,0.01,0.00982819848337515,0.31939705197592444,False,0.965346538584007,0.03465346141599303,0.4250600695657189,0.5749399304342812
baseline,0,119,0.0,1.19,0.01,0.00983328526538309,0.32029255486432856,False,0.9667389592958654,0.0332610407041346,0.4251388268478927,0.5748611731521074
baseline,0,120,0.0,1.2,0.01,0.009838744719332573,0.32117486201419965,False,0.9680998623222735,0.03190013767772654,0.42520878072994667,0.5747912192700533
baseline,0,121,0.0,1.21,0.01,0.00984457709891996,0.3220442490089479,False,0.969429314767942,0.030570685232057915,0.42526901109786963,0.5747309889021304
baseline,0,122,0.0,1.22,0.01,0.009850782603576995,0.32290098345197515,False,0.9707273864426815,0.029272613557318423,0.425318557077007,0.574681442922993
baseline,0,123,0.0,1.23,0.01,0.009857361380946934,0.32374532377999404,False,0.9719941494819889,0.028005850518011077,0.42535641096490484,0.5746435890350952
baseline,0,124,0.0,1.24,0.01,0.009864313529218328,0.3245775178672948,False,0.9732296779766956,0.02677032202330441,0.425381511391609,0.574618488608391
baseline,0,125,0.0,1.25,0.01,0.009871639099321223,0.3253978013944376,False,0.9744340476206196,0.025565952379380506,0.425392735627478,0.5746072643725221
baseline,0,126,0.0,1.26,0.01,0.009879338096990545,0.3262063959508387,False,0.9756073353842909,0.024392664615709048,0.4253888909436126,0.5746111090563875
baseline,0,127,0.0,1.27,0.01,0.009887410484701481,0.3270035068352238,False,0.9767496192210895,0.0232503807789106,0.425368704908214,0.5746312950917861
baseline,0,128,0.0,1.28,0.01,0.009895856183481745,0.32778932050967974,False,0.9778609778089238,0.022139022191076174,0.42533081446950505,0.574669185530495
baseline,0,129,0.0,1.29,0.01,0.009904675074605632,0.3285640016536915,False,0.9789414903277247,0.021058509672275284,0.4252737536365667,0.5747262463634333
baseline,0,130,0.0,1.3,0.01,0.009913867001171929,0.32932768975496396,False,0.9799912362773724,0.020008763722627644,0.425195939566845,0.574804060433155
baseline,0,131,0.0,1.31,0.01,0.009923431769532675,0.33008049522735006,False,0.9810102953893801,0.018989704610619815,0.42509565706903407,0.5749043429309659
baseline,0,132,0.0,1.32,0.01,0.009933369150653439,0.33082249499932354,False,0.9819987476404545,0.018001252359545493,0.42497104132551183,0.5750289586744882
baseline,0,133,0.0,1.33,0.01,0.009943678881342378,0.33155372740848393,False,0.9829566733199766,0.017043326680023504,0.42482005835955133,0.5751799416404487
baseline,0,134,0.0,1.34,0.01,0.009954360665380557,0.332274186443902,False,0.9838841532329923,0.016115846767007745,0.42464048325975073,0.5753595167402492
baseline,0,135,0.0,1.35,0.01,0.009965414174553237,0.33298381517486714,False,0.9847812690087979,0.015218730991202042,0.4244298757165056,0.5755701242834944
baseline,0,136,0.0,1.36,0.01,0.00997683904957867,0.33368249827593577,False,0.9856481035324347,0.014351896467565272,0.42418555255193313,0.5758144474480669
baseline,0,137,0.0,1.37,0.01,0.009988634900937769,0.33437005354896343,False,0.98648474152047,0.013515258479529913,0.42390455692345763,0.5760954430765424
baseline,0,138,0.0,1.3800000000000001,0.01,0.010000801309608192,0.33504622233271986,False,0.9872912702615442,0.012708729738455715,0.4235836238475003,0.5764163761524997
baseline,0,139,0.0,1.3900000000000001,0.01,0.01001333782770631,0.3357106586802024,False,0.9880677805392871,0.011932219460712924,0.42321914163874563,0.5767808583612544
baseline,0,140,0.0,1.4000000000000001,0.01,0.01002624397904067,0.3363629171668797,False,0.9888143677490507,0.011185632250949337,0.4228071087847481,0.5771928912152521
baseline,0,141,0.0,1.41,0.01,0.010039519259580618,0.33700243917517175,False,0.9895311332128202,0.010468866787179874,0.42234308568001283,0.5776569143199871
baseline,0,142,0.0,1.42,0.01,0.010053163137843789,0.3376285374700143,False,0.9902181856848165,0.009781814315183553,0.42182214050252637,0.5781778594974737
baseline,0,143,0.0,1.43,0.01,0.010067175055206372,0.3382403788454098,False,0.9908756430273976,0.009124356972602294,0.4212387883363847,0.5787612116636154
baseline,0,144,0.0,1.44,0.01,0.01008155442614002,0.33883696457670626,False,0.9915036340217275,0.0084963659782725,0.4205869224145914,0.5794130775854086
baseline,0,145,0.0,1.45,0.01,0.010096300638376155,0.3394171084662996,False,0.9921023003122703,0.007897699687729777,0.41985973652322334,0.5801402634767767
baseline,0,146,0.0,1.46,0.01,0.010111413052901768,0.339979412139286,False,0.9926717984989776,0.007328201501022449,0.4190496380051697,0.5809503619948303
baseline,0,147,0.0,1.47,0.01,0.010126891004004698,0.34052223837028217,False,0.9932123025703793,0.006787697429620619,0.4181481516899233,0.5818518483100766
baseline,0,148,0.0,1.48,0.01,0.010142733799196313,0.3410436801752811,False,0.9937240060244881,0.006275993975511953,0.4171458092617145,0.5828541907382855
baseline,0,149,0.0,1.49,0.01,0.010158940719055057,0.34154152706051705,False,0.9942071240700823,0.00579287592991778,0.41603202547478574,0.5839679745252143
baseline,0,150,0.0,1.5,0.01,0.010175511017026052,0.34201322751495694,False,0.9946618956106731,0.005338104389326865,0.41479495830044044,0.5852050416995597
baseline,0,151,0.0,1.51,0.01,0.010192443919148367,0.3424558473042259,False,0.9950885847962464,0.004911415203753573,0.41342135025361526,0.5865786497463846
baseline,0,152,0.0,1.52,0.01,0.010209738623712598,0.3428660233004125,False,0.9954874819311912,0.004512518068808842,0.41189634830884164,0.5881036516911583
baseline,0,153,0.0,1.53,0.01,0.010227394300851662,0.34323991255848774,False,0.9958589034433221,0.004141096556677922,0.4102032994348347,0.5897967005651653
baseline,0,154,0.0,1.54,0.01,0.010245410092067676,0.3435731363859983,False,0.9962031905152251,0.003796809484774949,0.4083235183176,0.5916764816824
baseline,0,155,0.0,1.55,0.01,0.010263785109697991,0.343860719208035,False,0.9965207058420255,0.0034792941579746455,0.4062360232879066,0.5937639767120935
baseline,0,156,0.0,1.56,0.01,0.0102825184363235,0.34409702210181337,False,0.9968118277974085,0.0031881722025914765,0.40391723579019917,0.5960827642098009
baseline,0,157,0.0,1.57,0.01,0.010301609124122538,0.3442756709759639,False,0.9970769410489954,0.0029230589510046154,0.4013406379162087,0.5986593620837913
baseline,0,158,0.0,1.58,0.01,0.010321056194173792,0.3443894794876515,False,0.9973164223423682,0.0026835776576318955,0.3984763815334791,0.6015236184665209
baseline,0,159,0.0,1.59,0.01,0.01034085863571184,0.3444303669767303,False,0.9975306197478426,0.002469380252157377,0.39529084142137466,0.6047091585786253
baseline,0,160,0.0,1.6,0.01,0.010361015405339086,0.3443892719113095,False,0.997719823087331,0.002280176912669009,0.39174610351068734,0.6082538964893126
baseline,0,161,0.0,1.61,0.01,0.010381525426198038,0.34425606182808266,False,0.9978842225025435,0.0021157774974564247,0.38779937827154237,0.6122006217284576
baseline,0,162,0.0,1.62,0.01,0.010402387587094475,0.34401944425746744,False,0.9980238514606923,0.001976148539307714,0.383402334812383,0.616597665187617
baseline,0,163,0.0,1.6300000000000001,0.01,0.010423600741326705,0.34366687178238753,False,0.9981385079233789,0.0018614920766211209,0.37850033839646796,0.6214996616035321
baseline,0,164,0.0,1.6400000000000001,0.01,0.010445163705833947,0.34318446484737364,False,0.998227648268525,0.0017723517314751065,0.37303161148973807,0.6269683885102619
baseline,0,165,0.0,1.6500000000000001,0.01,0.0104670752601397,0.34255694108272433,False,0.998290241810033,0.0017097581899670176,0.3669262838872143,0.6330737161127855
baseline,0,166,0.0,1.6600000000000001,0.01,0.010489334145226438,0.3417675638326343,False,0.9983245728928476,0.0016754271071524563,0.3601053452597177,0.6398946547402823
baseline,0,167,0.0,1.67,0.01,0.01051193906241288,0.3407981257949255,False,0.9983279722653463,0.0016720277346536489,0.35247952408287725,0.6475204759171228
baseline,0,168,0.0,1.68,0.01,0.01053488867217748,0.3396289815349927,False,0.9982964518249358,0.001703548175064156,0.34394812696983684,0.6560518730301631
baseline,0,169,0.0,1.69,0.01,0.010558181592931443,0.33823915253835773,False,0.9982242079441837,0.0017757920558163698,0.3343979167958045,0.6656020832041954
baseline,0,170,0.0,1.7,0.01,0.010581816399744893,0.3366065368759166,False,0.9981029461760982,0.0018970538239018516,0.32370217073583357,0.6762978292641665
baseline,0,171,0.0,1.71,0.01,0.010605791623029902,0.334708267557647,False,0.9979209641122884,0.0020790358877115977,0.3117201619059306,0.6882798380940693
baseline,0,172,0.0,1.72,0.01,0.01063010574718437,0.33252127990897884,False,0.9976619094521857,0.002338090547814357,0.29829747337634177,0.7017025266236582
baseline,0,173,0.0,1.73,0.01,0.010654757209200859,0.3300231701353475,False,0.9973031083839186,0.002696891616081441,0.2832678158553259,0.7167321841446742
baseline,0,174,0.0,1.74,0.01,0.010679744397244876,0.327193456236988,False,0.9968133402521804,0.0031866597478197108,0.2664574320367725,0.7335425679632276
baseline,0,175,0.0,1.75,0.01,0.010705065649207136,0.32401539028829685,False,0.9961499312750862,0.003850068724913822,0.2476938038358997,0.7523061961641003
baseline,0,176,0.0,1.76,0.01,0.010730719251234826,0.3204785187872076,False,0.995255082344821,0.004744917655179016,0.22682132381381812,0.7731786761861819
baseline,0,177,0.0,1.77,0.01,0.010756703436246963,0.31658224489358916,False,0.9940514953699281,0.005948504630071853,0.20372793655379073,0.7962720634462093
baseline,0,178,0.0,1.78,0.01,0.010783016382439387,0.3123407107009217,False,0.9924377390348204,0.007562260965179677,0.17838851748600162,0.8216114825139983
baseline,0,179,0.0,1.79,0.01,0.010809656211753794,0.30778941425583883,False,0.990284623743625,0.009715376256374982,0.15093277898529672,0.8490672210147033
baseline,0,180,0.0,1.8,0.01,0.010836620987879523,0.3029937421328391,False,0.9874353494412574,0.012564650558742597,0.12174622736197681,0.8782537726380232
baseline,0,181,0.0,1.81,0.01,0.01086390871487823,0.2980600135344272,False,0.9837149767517833,0.01628502324821672,0.09161184545341709,0.908388154546583
baseline,0,182,0.0,1.82,0.01,0.010891517335594772,0.29314882927165586,False,0.9789583447049583,0.02104165529504164,0.06189022034607581,0.9381097796539242
baseline,0,183,0.0,1.83,0.01,0.010919444729911097,0.2884902032623602,False,0.9730688618610029,0.02693113813899706,0.03471420150337178,0.9652857984966282
baseline,0,184,0.0,1.84,0.01,0.010947688713039076,0.28439927523566527,False,0.9661188143997291,0.03388118560027089,0.013135646140752667,0.9868643538592473
baseline,0,185,0.0,1.85,0.01,0.010976247033795286,0.28129058885484076,False,0.9584859343768005,0.04151406562319947,0.0011161516773265285,0.9988838483226735
baseline,0,186,0.0,1.86,0.01,0.011005117372858773,0.2796890318056757,False,0.9509828587344293,0.049017141265570656,0.0032370367194894632,0.9967629632805106
baseline,0,187,0.0,1.87,0.01,0.011034297341012796,0.2802369102756413,False,0.9448840261861342,0.05511597381386574,0.024063223832050867,0.9759367761679492
baseline,0,188,0.0,1.8800000000000001,0.01,0.01106378447737169,0.2836984121299587,False,0.9417304740034396,0.058269525996560406,0.0672267506135911,0.9327732493864089
baseline,0,189,0.0,1.8900000000000001,0.01,0.011093576247594012,0.29096143678949377,False,0.9428570256523716,0.05714297434762837,0.13439443832758746,0.8656055616724125
baseline,0,190,0.0,1.9000000000000001,0.01,0.011123670042083256,0.30302885224151227,False,0.9487577571924012,0.05124224280759883,0.22427688759049474,0.7757231124095052
baseline,0,191,0.0,1.9100000000000001,0.01,0.011154063174177397,0.3209802643015361,False,0.9586149088721873,0.0413850911278127,0.33190134769252083,0.6680986523074792
baseline,0,192,0.0,1.92,0.01,0.011184752878328699,0.3458870673830453,False,0.970394621119343,0.02960537888065698,0.44871959591110044,0.5512804040888996
baseline,0,193,0.0,1.93,0.01,0.01121573630826701,0.37869299957092534,False,0.9816372819954985,0.01836271800450154,0.564266920674491,0.4357330793255091
baseline,0,194,0.0,1.94,0.01,0.011247010535181116,0.4201129819449072,False,0.9904872101946173,0.009512789805382773,0.6691101607697247,0.3308898392302753
baseline,0,195,0.0,1.95,0.01,0.011278572545908385,0.47060474359538607,False,0.9962396050127955,0.003760394987204529,0.75738320660704,0.2426167933929601
baseline,0,196,0.0,1.96,0.01,0.011310419241085409,0.5304170461481355,False,0.9991665054443944,0.0008334945556055154,0.8273910336687684,0.17260896633123168
baseline,0,197,0.0,1.97,0.01,0.011342547433323516,0.5996692987792323,False,0.9999990248391354,9.75160864578705e-07,0.8804884407435863,0.11951155925641366
baseline,0,198,0.0,1.98,0.01,0.01137495384540416,0.6784156974153727,False,0.9995006601665988,0.0004993398334012357,0.9194791860545424,0.08052081394545749
baseline,0,199,0.0,1.99,0.01,0.011407635108480474,0.7666748216808478,False,0.9982707177769234,0.0017292822230764737,0.9474245116734368,0.05257548832656315
baseline,0,200,0.0,2.0,0.01,0.011440587760270526,0.8644283366460764,False,0.9967123241413121,0.0032876758586879024,0.9670386853599122,0.03296131464008781
baseline,0,201,0.0,2.0100000000000002,0.01,0.011473808243228852,0.9715998828999699,False,0.9950696847082068,0.004930315291793196,0.9804967768461997,0.019503223153800243
baseline,0,202,0.0,2.02,0.01,0.01150729290280498,1.0880240867787814,False,0.9934778716481416,0.006522128351858347,0.9894487287543264,0.010551271245673585
baseline,0,203,0.0,2.0300000000000002,0.01,0.011541037985728055,1.2134126464551722,False,0.9920037166553803,0.007996283344619754,0.9951078669906909,0.004892133009309105
baseline,0,204,0.0,2.04,0.01,0.011575039638243438,1.3473221934091573,False,0.9906740518256696,0.009325948174330436,0.9983501651137593,0.0016498348862407364
baseline,0,205,0.0,2.05,0.01,0.01160929390440248,1.4891279670661495,False,0.9894935588836322,0.010506441116367784,0.9998003270672468,0.00019967293275330252
baseline,0,206,0.0,2.06,0.01,0.01164379672440393,1.6380071236762825,False,0.9884554579466894,0.011544542053310493,0.9998991564173156,0.00010084358268430721
baseline,0,207,0.0,2.07,0.01,0.011678543932972098,1.792935904111974,False,0.9875476580086904,0.01245234199130969,0.9989537936841135,0.001046206315886555
baseline,0,208,0.0,2.08,0.01,0.011713531257727785,1.9527049327108479,False,0.9867561652711345,0.013243834728865478,0.9971743599829477,0.0028256400170523235
baseline,0,209,0.0,2.09,0.01,0.011748754317562681,2.1159564914901776,False,0.986066885580974,0.013933114419026005,0.9947005551495308,0.005299444850469167
baseline,0,210,0.0,2.1,0.01,0.011784208621204948,2.2812463963730205,False,0.9854665096077135,0.014533490392286495,0.9916211641846571,0.00837883581534299
baseline,0,211,0.0,2.11,0.01,0.011819889565687339,2.447130646223362,False,0.9849428884208009,0.015057111579199063,0.987988750651212,0.012011249348787834
baseline,0,212,0.0,2.12,0.01,0.01185579243490663,2.612273080233361,False,0.9844851377783894,0.015514862221610581,0.9838312230052993,0.016168776994700713
baseline,0,213,0.0,2.13,0.01,0.011891912398259845,2.7755651038015627,False,0.9840836088728323,0.015916391127167726,0.9791614352364723,0.020838564763527734
baseline,0,214,0.0,2.14,0.01,0.01192824450932496,2.9362423721650663,False,0.9837298048647755,0.016270195135224614,0.9739854752087971,0.026014524791203017
baseline,0,215,0.0,2.15,0.01,0.011964783704546475,3.093977158780904,False,0.9834162882283582,0.016583711771641727,0.9683097446854614,0.03169025531453867
baseline,0,216,0.0,2.16,0.01,0.012001524802081472,3.2489207852744144,False,0.9831366023676515,0.016863397632348353,0.9621463099824161,0.037853690017583805
baseline,0,217,0.0,2.17,0.01,0.012038462500649676,3.401669891428202,False,0.9828852165645472,0.017114783435452863,0.9555154016558902,0.044484598344109776
baseline,0,218,0.0,2.18,0.01,0.012075591378451569,3.553136243352608,False,0.9826574916813269,0.01734250831867311,0.9484435635503825,0.05155643644961754
baseline,0,219,0.0,2.19,0.01,0.01211290589220958,3.704314117092269,False,0.9824496547378724,0.017550345262127565,0.9409561428362161,0.059043857163783985
baseline,0,220,0.0,2.2,0.01,0.012150400376273815,3.8559625114746,False,0.9822587644644163,0.017741235535583665,0.9330638874432775,0.06693611255672258
baseline,0,221,0.0,2.21,0.01,0.012188069041722066,4.0082497453197945,False,0.9820826483508484,0.01791735164915161,0.9247453483024556,0.0752546516975445
baseline,0,222,0.0,2.22,0.01,0.012225905975705425,4.16044003965468,False,0.9819197955192148,0.018080204480785244,0.9159290071077165,0.08407099289228351
baseline,0,223,0.0,2.23,0.01,0.012263905140779319,4.310725011608617,False,0.9817691998810498,0.01823080011895012,0.9064807140108464,0.09351928598915363
baseline,0,224,0.0,2.24,0.01,0.012302060374345104,4.456306222816726,False,0.9816301610333439,0.018369838966656137,0.896202305455615,0.103797694544385
baseline,0,225,0.0,2.25,0.01,0.012340365388236256,4.593803999372908,False,0.9815020655580619,0.018497934441938153,0.884846361967104,0.11515363803289606
baseline,0,226,0.0,2.2600000000000002,0.01,0.0123788137683767,4.719996297408633,False,0.9813841848187895,0.01861581518121048,0.8721506578824698,0.12784934211753018
baseline,0,227,0.0,2.27,0.01,0.012417398974503498,4.832785559768385,False,0.9812755337429917,0.01872446625700835,0.857894269911785,0.1421057300882152
baseline,0,228,0.0,2.2800000000000002,0.01,0.012456114340131262,4.9321759028648735,False,0.9811748344400425,0.01882516555995761,0.8419741629544854,0.15802583704551465
baseline,0,229,0.0,2.29,0.01,0.012494953072511014,5.020963675315057,False,0.9810806105309302,0.01891938946906968,0.8244929517614878,0.17550704823851226
baseline,0,230,0.0,2.3000000000000003,0.01,0.012533908252779473,5.1048482628013945,False,0.9809913976470261,0.01900860235297375,0.8058332244508838,0.19416677554911624
baseline,0,231,0.0,2.31,0.01,0.012572972836215494,5.19178896892627,False,0.9809059946091855,0.019094005390814562,0.7866756440315581,0.21332435596844201
baseline,0,232,0.0,2.32,0.01,0.012612139652621037,5.290648039674671,False,0.9808236325936477,0.019176367406352285,0.7679135554899145,0.2320864445100855
baseline,0,233,0.0,2.33,0.01,0.012651401406852792,5.409391484921315,False,0.9807439653650462,0.01925603463495385,0.7504475508782998,0.24955244912170024
baseline,0,234,0.0,2.34,0.01,0.012690750679504564,5.553270147920461,False,0.9806669026967889,0.01933309730321105,0.73491022190343,0.2650897780965699
baseline,0,235,0.0,2.35,0.01,0.01273017992769966,5.723414678720627,False,0.9805924330386829,0.019407566961317024,0.721432524184836,0.2785674758151639
baseline,0,236,0.0,2.36,0.01,0.012769681486085274,5.916169555191081,False,0.9805205718039559,0.019479428196044063,0.7095598148059282,0.29044018519407183
baseline,0,237,0.0,2.37,0.01,0.01280924756789887,6.123323555372171,False,0.9804514238295258,0.01954857617047418,0.6983465500572859,0.3016534499427142
baseline,0,238,0.0,2.38,0.01,0.01284887026623459,6.333189632648481,False,0.9803852315835903,0.01961476841640974,0.6865636404536911,0.31343635954630894
baseline,0,239,0.0,2.39,0.01,0.012888541555581919,6.532266748059306,False,0.980322314313833,0.01967768568616703,0.6729119274142887,0.32708807258571115
baseline,0,240,0.0,2.4,0.01,0.012928253293281625,6.707039950673544,False,0.9802629186400496,0.019737081359950445,0.6561622988082246,0.3438377011917755
baseline,0,241,0.0,2.41,0.01,0.012967997221387926,6.845433489985952,False,0.9802070629890773,0.01979293701092264,0.6351963345872335,0.3648036654127666
baseline,0,242,0.0,2.42,0.01,0.013007764968529833,6.937561742024868,False,0.9801544294688062,0.01984557053119387,0.6089578001652313,0.39104219983476884
baseline,0,243,0.0,2.43,0.01,0.013047548052052424,6.975665378317271,False,0.9801042881359092,0.019895711864090764,0.5763316782949808,0.4236683217050194
baseline,0,244,0.0,2.44,0.01,0.013087337880348545,6.953372223003605,False,0.9800553743595034,0.01994462564049659,0.53595413964973,0.46404586035027
baseline,0,245,0.0,2.45,0.01,0.01312712575523414,6.864622453449797,False,0.9800055705113891,0.019994429488610826,0.4859406890469832,0.5140593109530168
baseline,0,246,0.0,2.46,0.01,0.013166902874680938,6.702807992750747,False,0.9799510996214685,0.020048900378531437,0.4235271915088711,0.576472808491129
baseline,0,247,0.0,2.47,0.01,0.013206660335519553,6.461187198811561,False,0.9798845603608201,0.02011543963917993,0.3447479642655808,0.6552520357344191
baseline,0,248,0.0,2.48,0.01,0.013246389136630328,6.137259578296931,False,0.9797901902408752,0.020209809759124748,0.24498326404835027,0.7550167359516498
baseline,0,249,0.0,2.49,0.01,0.013286080182026086,5.748768767707094,False,0.9796331961345434,0.02036680386545668,0.12450704976046312,0.8754929502395369
baseline,0,250,0.0,2.5,0.01,0.013325724284285974,5.3822042537341535,False,0.9793453824420292,0.020654617557970847,0.015312725181394305,0.9846872748186057
baseline,0,251,0.0,2.5100000000000002,0.01,0.01336531216812991,5.309857340415968,False,0.9788775510925045,0.021122448907495577,0.050962790504992014,0.9490372094950079
baseline,0,252,0.0,2.52,0.01,0.013404834474198811,6.107548318855034,False,0.9784747206472203,0.021525279352779713,0.38263769856861746,0.6173623014313826
baseline,0,253,0.0,2.5300000000000002,0.01,0.013444281763062662,8.411505742051006,False,0.9784718844261181,0.021528115573881873,0.7635963190734542,0.2364036809265459
baseline,0,254,0.0,2.54,0.01,0.013483644519331624,12.53922527748345,False,0.9786598768533169,0.02134012314668314,0.9492898392179788,0.05071016078202122
baseline,0,255,0.0,2.5500000000000003,0.01,0.013522913156042132,18.538340569284024,False,0.978822667340843,0.021177332659157024,0.9988833776158923,0.0011166223841077368
baseline,0,256,0.0,2.56,0.01,0.013562078019194993,25.967766065758624,False,0.9789264309010239,0.02107356909897612,0.9850834275447606,0.01491657245523938
baseline,0,257,0.0,2.57,0.01,0.013601129392511853,32.95118216213729,False,0.9789847706581073,0.021015229341892722,0.91454657114054,0.08545342885946001
baseline,0,258,0.0,2.58,0.01,0.013640057502347367,35.07032683230577,False,0.9790145961705964,0.02098540382940362,0.6578096294176149,0.3421903705823852
baseline,0,259,0.0,2.59,0.01,0.013678852522814857,38.56356558098642,False,0.9791206931112498,0.02087930688875022,0.0023398441716031243,0.9976601558283968
baseline,0,260,0.0,2.6,0.01,0.013717504581111246,122.01854495794012,False,0.9791706870330823,0.020829312966917753,0.6939973626524791,0.3060026373475209
baseline,0,261,0.0,2.61,0.01,0.013756003762968946,378.0482432942558,False,0.9791569726037027,0.020843027396297256,0.9117573312412602,0.0882426687587398
baseline,0,262,0.0,2.62,0.01,0.01379434011836199,976.9229734427734,False,0.9791517180625711,0.020848281937428912,0.966959664196892,0.03304033580310783
baseline,0,263,0.0,2.63,0.01,0.013832503667341471,2258.998974521404,False,0.9791498285891278,0.020850171410872177,0.9863126659683888,0.013687334031611171
baseline,0,264,0.0,2.64,0.01,0.013870484406066056,4837.846845169276,False,0.979149103032064,0.020850896967935986,0.9944020306773967,0.005597969322603349
baseline,0,265,0.0,2.65,0.01,0.01390827231298446,9753.834747061595,False,0.9791488082509142,0.02085119174908584,0.9980217533151292,0.001978246684870824
baseline,0,266,0.0,2.66,0.01,0.013945857355203083,18667.81029943888,False,0.9791486830979769,0.02085131690202308,0.9995600561993989,0.0004399438006011063
baseline,0,267,0.0,2.67,0.01,0.013983229495017273,34067.25283948602,False,0.9791486280723931,0.020851371927606888,0.9999971756854289,2.8243145711000467e-06
baseline,0,268,0.0,2.68,0.01,0.014020378696559243,59428.6223979688,False,0.9791486031918168,0.020851396808183126,0.9997770634400566,0.00022293655994347252
baseline,0,269,0.0,2.69,0.01,0.014057294932644637,99250.9997027538,False,0.9791485916936916,0.020851408306308373,0.9991110562617413,0.0008889437382587064
baseline,0,270,0.0,2.7,0.01,0.014093968191724236,158863.56338519437,False,0.9791485862990856,0.020851413700914295,0.9980981408340017,0.0019018591659983063
baseline,0,271,0.0,2.71,0.01,0.014130388485007035,243931.37274909252,False,0.979148583750961,0.02085141624903899,0.9967771562830758,0.0032228437169241906
baseline,0,272,0.0,2.72,0.01,0.014166545853650878,359651.8119294316,False,0.9791485825534183,0.020851417446581588,0.9951509139826498,0.004849086017350181
baseline,0,273,0.0,2.73,0.01,0.014202430376144647,509740.58873391105,False,0.9791485820036517,0.020851417996348307,0.9931977320859305,0.006802267914069415
baseline,0,274,0.0,2.74,0.01,0.014238032175752221,695419.8097997876,False,0.9791485817650135,0.020851418234986402,0.9908770746889881,0.009122925311011783
baseline,0,275,0.0,2.75,0.01,0.014273341428099556,914691.8890452371,False,0.9791485816737105,0.02085141832628944,0.9881325034735245,0.011867496526475547
baseline,0,276,0.0,2.7600000000000002,0.01,0.014308348368784717,1162166.330799396,False,0.9791485816491817,0.02085141835081825,0.9848938181153294,0.015106181884670493
baseline,0,277,0.0,2.77,0.01,0.01434304330116789,1429585.4987566161,False,0.9791485816516582,0.020851418348341824,0.9810797475926392,0.01892025240736088
baseline,0,278,0.0,2.7800000000000002,0.01,0.014377416604151665,1706999.996322928,False,0.9791485816616887,0.020851418338311247,0.9766024344774826,0.023397565522517448
baseline,0,279,0.0,2.79,0.01,0.014411458740103323,1984342.2147742147,False,0.9791485816701114,0.02085141832988859,0.9713747972990489,0.028625202700951115
baseline,0,280,0.0,2.8000000000000003,0.01,0.014445160262732855,2253016.3554483214,False,0.9791485816730833,0.02085141832691677,0.9653214137019148,0.03467858629808523
baseline,0,281,0.0,2.81,0.01,0.01447851182510591,2507116.599839528,False,0.9791485816695893,0.020851418330410744,0.95839248664197,0.04160751335803005
baseline,0,282,0.0,2.82,0.01,0.0145115041876397,2744003.6588024204,False,0.9791485816601642,0.020851418339835878,0.9505786517314285,0.049421348268571454
baseline,0,283,0.0,2.83,0.01,0.014544128226123932,2964165.5724941134,False,0.9791485816461866,0.02085141835381333,0.9419223180341092,0.0580776819658909
baseline,0,284,0.0,2.84,0.01,0.01457637493975348,3170487.532951177,False,0.9791485816294268,0.020851418370573156,0.9325201098892624,0.06747989011073771
baseline,0,285,0.0,2.85,0.01,0.014608235459156071,3367191.1698783585,False,0.979148581611698,0.02085141838830194,0.9225124194273404,0.07748758057265955
baseline,0,286,0.0,2.86,0.01,0.014639701054397767,3558741.980482564,False,0.9791485815945759,0.02085141840542422,0.9120605398283681,0.08793946017163189
baseline,0,287,0.0,2.87,0.01,0.01467076314295717,3748970.9325353443,False,0.9791485815791985,0.02085141842080151,0.9013175906876816,0.09868240931231849
baseline,0,288,0.0,2.88,0.01,0.014701413297671436,3940548.536888777,False,0.9791485815661807,0.020851418433819414,0.8904029846934709,0.10959701530652913
baseline,0,289,0.0,2.89,0.01,0.014731643254599438,4134832.231110604,False,0.9791485815556432,0.02085141844435675,0.8793887856681661,0.1206112143318338
baseline,0,290,0.0,2.9,0.01,0.014761444920810992,4332017.17743631,True,0.979148581547336,0.02085141845266403,0.8683009460522495,0.13169905394775047
baseline,0,291,0.0,2.91,0.01,0.014790810382172498,4531473.1084309295,True,0.9791485815407989,0.020851418459201024,0.8571324061233335,0.14286759387666653
baseline,0,292,0.0,2.92,0.01,0.014819731910907696,4732144.513734322,True,0.9791485815355178,0.020851418464482192,0.8458617487456038,0.15413825125439634
baseline,0,293,0.0,2.93,0.01,0.014848201973153142,4932915.533274848,True,0.9791485815310386,0.020851418468961377,0.8344710711559289,0.1655289288440712
baseline,0,294,0.0,2.94,0.01,0.014876213236347767,5132879.002727867,True,0.9791485815270322,0.020851418472967745,0.8229589511524007,0.17704104884759927
baseline,0,295,0.0,2.95,0.01,0.014903758576459692,5331487.469610252,True,0.9791485815233137,0.020851418476686253,0.8113469029372696,0.18865309706273034
baseline,0,296,0.0,2.96,0.01,0.014930831085154965,5528594.088791827,True,0.9791485815198286,0.02085141848017135,0.7996796548398544,0.20032034516014557
baseline,0,297,0.0,2.97,0.01,0.01495742407669944,5724409.504732155,True,0.9791485815166217,0.020851418483378348,0.7880206772637335,0.21197932273626663
baseline,0,298,0.0,2.98,0.01,0.014983531094743291,5919407.53422648,True,0.9791485815137978,0.02085141848620208,0.7764447782195139,0.2235552217804861
baseline,0,299,0.0,2.99,0.01,0.015009145918909018,6114210.543636862,True,0.9791485815114866,0.02085141848851345,0.7650295791196124,0.2349704208803876
baseline,0,300,0.0,3.0,0.01,0.015034262571161167,6309478.47486434,True,0.9791485815098104,0.020851418490189646,0.7538474020819501,0.24615259791804986
baseline,0,301,0.0,3.0100000000000002,0.01,0.015058875322001418,6505816.800139513,True,0.979148581508865,0.02085141849113507,0.7429586902538321,0.2570413097461678
baseline,0,302,0.0,3.02,0.01,0.015082978696393733,6703710.593677577,True,0.9791485815087063,0.0208514184912937,0.7324075886266166,0.26759241137338347
baseline,0,303,0.0,3.0300000000000002,0.01,0.01510656747948698,6903485.652490403,True,0.979148581509347,0.020851418490653056,0.7222198618375159,0.27778013816248415
baseline,0,304,0.0,3.04,0.01,0.015129636722082422,7105293.5562089635,True,0.9791485815107577,0.02085141848924235,0.7124029339811414,0.2875970660188586
baseline,0,305,0.0,3.0500000000000003,0.01,0.01515218174582007,7309115.499446178,True,0.9791485815128738,0.020851418487126287,0.7029475881815994,0.29705241181840064
baseline,0,306,0.0,3.06,0.01,0.015174198148139275,7514779.189207278,True,0.9791485815156032,0.020851418484396804,0.6938307621269473,0.30616923787305267
baseline,0,307,0.0,3.0700000000000003,0.01,0.01519568180694502,7721983.532263343,True,0.9791485815188358,0.020851418481164306,0.6850188738827845,0.3149811261172155
baseline,0,308,0.0,3.08,0.01,0.015216628884959522,7930326.756429647,True,0.9791485815224512,0.02085141847754888,0.676471210355935,0.32352878964406484
baseline,0,309,0.0,3.09,0.01,0.015237035833821772,8139334.709295858,True,0.9791485815263266,0.02085141847367339,0.668143044925031,0.33185695507496893
baseline,0,310,0.0,3.1,0.01,0.015256899397862936,8348487.136101593,True,0.9791485815303426,0.020851418469657466,0.6599882756494396,0.3400117243505604
baseline,0,311,0.0,3.11,0.01,0.015276216617555696,8557240.623915903,True,0.9791485815343864,0.02085141846561351,0.6519614980937056,0.3480385019062943
baseline,0,312,0.0,3.12,0.01,0.015294984832668479,8765047.60179898,True,0.9791485815383563,0.02085141846164384,0.6440195116534506,0.35598048834654944
baseline,0,313,0.0,3.13,0.01,0.015313201685118369,8971371.293191504,True,0.9791485815421607,0.020851418457839343,0.6361223114755092,0.3638776885244908
baseline,0,314,0.0,3.14,0.01,0.015330865121424541,9175696.844975125,True,0.9791485815457213,0.02085141845427874,0.6282336483691128,0.3717663516308871
baseline,0,315,0.0,3.15,0.01,0.015347973394886813,9377539.057678431,True,0.9791485815489709,0.020851418451029138,0.6203212498987682,0.3796787501012317
baseline,0,316,0.0,3.16,0.01,0.015364525067408628,9576447.238884524,True,0.9791485815518536,0.0208514184481464,0.6123567899896976,0.38764321001030244
baseline,0,317,0.0,3.17,0.01,0.015380519010974827,9772007.721561113,True,0.9791485815543236,0.020851418445676447,0.6043156854642064,0.39568431453579345
baseline,0,318,0.0,3.18,0.01,0.015395954408778598,9963844.56644337,True,0.9791485815563439,0.020851418443656185,0.5961767835842845,0.40382321641571545
baseline,0,319,0.0,3.19,0.01,0.0154108307560072,10151618.916683905,True,0.979148581557885,0.02085141844211497,0.5879219900129792,0.4120780099870208
baseline,0,320,0.0,3.2,0.01,0.01542514786029576,10335027.40394294,True,0.9791485815589245,0.020851418441075575,0.5795358738757771,0.4204641261242228
baseline,0,321,0.0,3.21,0.01,0.015438905841809044,10513799.935739662,True,0.9791485815594444,0.02085141844055562,0.5710052767697464,0.42899472323025367
baseline,0,322,0.0,3.22,0.01,0.015452105132975793,10687697.132987788,True,0.9791485815594317,0.020851418440568262,0.5623189421330478,0.43768105786695227
baseline,0,323,0.0,3.23,0.01,0.015464746477890506,10856507.621176062,True,0.9791485815588767,0.020851418441123253,0.5534671757911099,0.4465328242088902
baseline,0,324,0.0,3.24,0.01,0.01547683093135459,11020045.326714423,True,0.9791485815577721,0.02085141844222781,0.544441543149792,0.455558456850208
baseline,0,325,0.0,3.25,0.01,0.015488359857581142,11178146.887525892,True,0.9791485815561128,0.020851418443887187,0.5352346057040224,0.4647653942959777
baseline,0,326,0.0,3.2600000000000002,0.01,0.015499334928561757,11330669.252155405,True,0.9791485815538948,0.020851418446105198,0.5258396962150459,0.47416030378495405
baseline,0,327,0.0,3.27,0.01,0.015509758122094838,11477487.514438773,True,0.9791485815511154,0.02085141844888466,0.5162507309609944,0.48374926903900567
baseline,0,328,0.0,3.2800000000000002,0.01,0.015519631719475466,11618493.010191174,True,0.9791485815477721,0.020851418452227894,0.5064620568181141,0.493537943181886
baseline,0,329,0.0,3.29,0.01,0.01552895830284774,11753591.680476872,True,0.9791485815438631,0.020851418456136972,0.49646833358262404,0.5035316664173759
baseline,0,330,0.0,3.3000000000000003,0.01,0.015537740752263917,11882702.710775964,True,0.9791485815393862,0.020851418460613794,0.4862644435600688,0.5137355564399312
baseline,0,331,0.0,3.31,0.01,0.015545982242408983,12005757.434356013,True,0.9791485815343398,0.020851418465660288,0.47584542888996123,0.5241545711100388
baseline,0,332,0.0,3.3200000000000003,0.01,0.015553686239040014,12122698.479518715,True,0.9791485815287213,0.020851418471278724,0.46520645545909783,0.5347935445409021
baseline,0,333,0.0,3.33,0.01,0.01556085649509612,12233479.149910562,True,0.9791485815225285,0.02085141847747147,0.4543427994851586,0.5456572005148415
baseline,0,334,0.0,3.34,0.01,0.015567497046509927,12338063.02499647,True,0.9791485815157588,0.020851418484241224,0.4432498591778067,0.5567501408221934
baseline,0,335,0.0,3.35,0.01,0.015573612207755322,12436423.773153856,True,0.9791485815084092,0.020851418491590824,0.43192318753214753,0.5680768124678525
baseline,0,336,0.0,3.36,0.01,0.015579206567132787,12528545.151069751,True,0.9791485815004768,0.020851418499523273,0.4203585464177513,0.5796414535822488
baseline,0,337,0.0,3.37,0.01,0.01558428498179387,12614421.168350272,True,0.9791485814919584,0.020851418508041706,0.40855198150048616,0.5914480184995138
baseline,0,338,0.0,3.38,0.01,0.015588852572506614,12694056.403026035,True,0.9791485814828509,0.020851418517149094,0.39649991847959076,0.6035000815204092
baseline,0,339,0.0,3.39,0.01,0.01559291471816396,12767466.463229131,True,0.9791485814731519,0.020851418526848128,0.38419928230317324,0.6158007176968266
baseline,0,340,0.0,3.4,0.01,0.015596477050037277,12834678.604068834,True,0.9791485814628588,0.020851418537141217,0.3716476425868852,0.6283523574131149
baseline,0,341,0.0,3.41,0.01,0.01559954544577745,12895732.475298092,True,0.9791485814519703,0.020851418548029826,0.35884339860591946,0.6411566013940806
baseline,0,342,0.0,3.42,0.01,0.01560212602326423,12950680.97769057,True,0.9791485814404854,0.02085141855951458,0.34578600214755867,0.6542139978524414
baseline,0,343,0.0,3.43,0.01,0.01560422513444304,12999591.522058029,True,0.9791485814284053,0.020851418571594647,0.3324761451592601,0.6675238548407398
baseline,0,344,0.0,3.44,0.01,0.015605849358616015,13042546.85322084,True,0.9791485814157325,0.020851418584267558,0.318916088661185,0.6810839113388151
baseline,0,345,0.0,3.45,0.01,0.015607005495814357,13079646.493181633,True,0.9791485814024714,0.02085141859752851,0.3051099460300637,0.6948900539699363
baseline,0,346,0.0,3.46,0.01,0.01560770055990129,13111008.069928963,True,0.9791485813886299,0.02085141861137006,0.2910640565932122,0.7089359434067878
baseline,0,347,0.0,3.47,0.01,0.015607941771540157,13136768.853144774,True,0.9791485813742186,0.02085141862578141,0.2767874005335325,0.7232125994664674
baseline,0,348,0.0,3.48,0.01,0.015607736551043078,13157087.453885503,True,0.9791485813592523,0.020851418640747663,0.262292070709504,0.7377079292904961
baseline,0,349,0.0,3.49,0.01,0.015607092511108268,13172145.667980844,True,0.9791485813437508,0.020851418656249197,0.24759380493007957,0.7524061950699203
baseline,0,350,0.0,3.5,0.01,0.015606017449453892,13182150.449786069,True,0.9791485813277393,0.02085141867226069,0.23271258153451277,0.7672874184654872
baseline,0,351,0.0,3.5100000000000002,0.01,0.015604519341356373,13187336.009417607,True,0.9791485813112499,0.02085141868874999,0.21767328117761736,0.7823267188223827
baseline,0,352,0.0,3.52,0.01,0.015602606332100645,13187966.035773654,True,0.9791485812943227,0.02085141870567728,0.20250641779501946,0.7974935822049806
baseline,0,353,0.0,3.5300000000000002,0.01,0.015600286729350123,13184336.060734397,True,0.9791485812770063,0.020851418722993613,0.18724894175870835,0.8127510582412916
baseline,0,354,0.0,3.54,0.01,0.015597568995443433,13176775.995961482,True,0.9791485812593602,0.020851418740639775,0.17194511819979164,0.8280548818002085
baseline,0,355,0.0,3.5500000000000003,0.01,0.015594461739625276,13165652.893167779,True,0.9791485812414557,0.020851418758544446,0.15664748292116631,0.8433525170788336
baseline,0,356,0.0,3.56,0.01,0.015590973710218147,13151373.891722454,True,0.9791485812233769,0.020851418776623026,0.14141788140730094,0.8585821185926992
baseline,0,357,0.0,3.5700000000000003,0.01,0.015587113786780077,13134388.426595127,True,0.9791485812052243,0.020851418794775704,0.12632861079486504,0.873671389205135
baseline,0,358,0.0,3.58,0.01,0.015582890972637726,13115193.6219824,True,0.9791485811871145,0.02085141881288551,0.11146335088743187,0.8885366491125682
baseline,0,359,0.0,3.59,0.01,0.015578314386869305,13094335.371967552,True,0.9791485811691831,0.02085141883081677,0.09691834369855774,0.9030816563014423
baseline,0,360,0.0,3.6,0.01,0.01557339325650944,13072412.022240847,True,0.9791485811515866,0.020851418848413322,0.08280338915781887,0.9171966108421811
baseline,0,361,0.0,3.61,0.01,0.015568136908818305,13050077.870610131,True,0.9791485811345032,0.02085141886549678,0.06924276108739685,0.9307572389126032
baseline,0,362,0.0,3.62,0.01,0.015562554763550042,13028046.23252546,True,0.9791485811181351,0.020851418881865,0.056375952710519005,0.9436240472894809
baseline,0,363,0.0,3.63,0.01,0.01555665632527217,13007092.482331803,True,0.9791485811027089,0.02085141889729118,0.044358141880979966,0.95564185811902
baseline,0,364,0.0,3.64,0.01,0.015550451175744667,12988056.842737105,True,0.9791485810884769,0.0208514189115231,0.03336027343017457,0.9666397265698254
baseline,0,365,0.0,3.65,0.01,0.015543948966366886,12971846.79116285,True,0.9791485810757168,0.020851418924283244,0.02356863126217152,0.9764313687378285
baseline,0,366,0.0,3.66,0.01,0.015537159410700056,12959438.942753872,True,0.9791485810647302,0.02085141893526976,0.01518376086832004,0.9848162391316799
baseline,0,367,0.0,3.67,0.01,0.015530092277072792,12951880.262880083,True,0.9791485810558412,0.02085141894415879,0.008418597685482185,0.9915814023145177
baseline,0,368,0.0,3.68,0.01,0.015522757381276606,12950288.456842031,True,0.9791485810493923,0.02085141895060771,0.0034956614258953946,0.9965043385741046
baseline,0,369,0.0,3.69,0.01,0.015515164579357853,12955851.37834801,True,0.9791485810457397,0.020851418954260424,0.0006431945209528912,0.9993568054790471
baseline,0,370,0.0,3.7,0.01,0.015507323760512424,12969825.287265649,True,0.9791485810452459,0.020851418954754123,9.015712691538913e-05,0.9999098428730847
baseline,0,371,0.0,3.71,0.01,0.015499244840088744,12993531.719595224,True,0.979148581048272,0.020851418951728016,0.002060043727520341,0.9979399562724796
baseline,0,372,0.0,3.72,0.01,0.015490937752707844,13028351.543578932,True,0.979148581055166,0.020851418944833954,0.0067635595757356524,0.9932364404242644
baseline,0,373,0.0,3.73,0.01,0.015482412445604297,13075721.044893283,True,0.9791485810662516,0.020851418933748467,0.014390335517681126,0.9856096644823188
baseline,0,374,0.0,3.74,0.01,0.015473678872008663,13137122.671556512,True,0.9791485810818138,0.020851418918186218,0.02509998026492042,0.9749000197350797
baseline,0,375,0.0,3.75,0.01,0.01546474698466769,13214075.087133676,True,0.9791485811020857,0.02085141889791426,0.0390128900967906,0.9609871099032093
baseline,0,376,0.0,3.7600000000000002,0.01,0.015455626729546012,13308122.873461299,True,0.979148581127234,0.020851418872765978,0.056201360823427506,0.9437986391765725
baseline,0,377,0.0,3.77,0.01,0.015446328039663046,13420824.016801894,True,0.9791485811573458,0.020851418842654096,0.07668164435430441,0.9233183556456956
baseline,0,378,0.0,3.7800000000000002,0.01,0.015436860829085824,13553736.728379168,True,0.9791485811924184,0.02085141880758164,0.10040764440159416,0.8995923555984059
baseline,0,379,0.0,3.79,0.01,0.01542723498708104,13708405.768410107,True,0.9791485812323504,0.020851418767649642,0.1272669165952363,0.8727330834047636
baseline,0,380,0.0,3.8000000000000003,0.01,0.01541746037242934,13886348.799285308,True,0.9791485812769389,0.020851418723061014,0.15707953470729286,0.8429204652927071
baseline,0,381,0.0,3.81,0.01,0.015407546807904342,14089043.35326323,True,0.9791485813258806,0.020851418674119496,0.18960019505984518,0.8103998049401548
baseline,0,382,0.0,3.8200000000000003,0.01,0.015397504074918607,14317915.02132133,True,0.9791485813787764,0.02085141862122361,0.22452367108321028,0.7754763289167897
baseline,0,383,0.0,3.83,0.01,0.015387341908338393,14574327.426323358,True,0.9791485814351443,0.020851418564855763,0.2614934286806556,0.7385065713193444
baseline,0,384,0.0,3.84,0.01,0.015377069991468633,14859574.442546038,True,0.9791485814944331,0.020851418505567015,0.3001129109472688,0.6998870890527311
baseline,0,385,0.0,3.85,0.01,0.015366697951209273,15174874.946746783,True,0.9791485815560415,0.020851418443958554,0.33995874266076953,0.6600412573392305
baseline,0,386,0.0,3.86,0.01,0.015356235353383782,15521370.150249282,True,0.9791485816193387,0.02085141838066125,0.3805949298785216,0.6194050701214784
baseline,0,387,0.0,3.87,0.01,0.015345691698240268,15900123.037060628,True,0.9791485816836856,0.020851418316314513,0.42158708488432944,0.5784129151156706
baseline,0,388,0.0,3.88,0.01,0.015335076416130279,16312119.96789699,True,0.979148581748454,0.020851418251546055,0.4625157949316311,0.537484205068369
baseline,0,389,0.0,3.89,0.01,0.015324398863378061,16758278.763784098,True,0.9791485818130464,0.020851418186953685,0.5029882008676566,0.49701179913234345
baseline,0,390,0.0,3.9,0.01,0.015313668318296681,17239453.18354573,True,0.9791485818769103,0.020851418123089754,0.542647632022623,0.457352367977377
baseline,0,391,0.0,3.91,0.01,0.015302893977393438,17756443.269217078,True,0.9791485819395503,0.020851418060449697,0.5811804042542266,0.41881959574577354
baseline,0,392,0.0,3.92,0.01,0.015292084951743395,18310005.038161684,True,0.9791485820005359,0.020851417999464005,0.6183200800813536,0.3816799199186463
baseline,0,393,0.0,3.93,0.01,0.015281250263534447,18900861.18610552,True,0.979148582059506,0.020851417940494082,0.6538492236364578,0.34615077636354213
baseline,0,394,0.0,3.94,0.01,0.015270398842783025,19529712.024229728,True,0.9791485821161685,0.02085141788383139,0.6875989513474198,0.3124010486525802
baseline,0,395,0.0,3.95,0.01,0.015259539524218433,20197246.232271787,True,0.9791485821703005,0.020851417829699435,0.7194466872240596,0.2805533127759404
baseline,0,396,0.0,3.96,0.01,0.0152486810443337,20904151.166835163,True,0.9791485822217421,0.02085141777825793,0.7493125717392954,0.2506874282607045
baseline,0,397,0.0,3.97,0.01,0.015237832038600655,21651122.537684724,True,0.9791485822703915,0.020851417729608586,0.7771549670726859,0.222845032927314
baseline,0,398,0.0,3.98,0.01,0.015227001038846692,22438873.331799336,True,0.9791485823161983,0.020851417683801728,0.802965459339895,0.197034540660105
baseline,0,399,0.0,3.99,0.01,0.015216196470790724,23268141.90247564,True,0.9791485823591565,0.02085141764084342,0.8267636953186871,0.17323630468131293
baseline,0,400,0.0,4.0,0.01,0.015205426651735484,24139699.144744765,True,0.9791485823992974,0.020851417600702672,0.8485923190523252,0.15140768094767473
baseline,0,401,0.0,4.01,0.01,0.01519469978841343,25054354.643921558,True,0.9791485824366818,0.020851417563318306,0.8685122015759767,0.13148779842402328
baseline,0,402,0.0,4.0200000000000005,0.01,0.015184023974983224,26012961.59495653,True,0.9791485824713946,0.02085141752860539,0.886598091961754,0.11340190803824605
baseline,0,403,0.0,4.03,0.01,0.01517340719117384,27016420.143867318,True,0.9791485825035392,0.020851417496460897,0.902934762656807,0.09706523734319294
baseline,0,404,0.0,4.04,0.01,0.015162857300573167,28065678.58036084,True,0.9791485825332311,0.020851417466768888,0.9176136786936016,0.08238632130639846
baseline,0,405,0.0,4.05,0.01,0.015152382049057932,29161732.24245834,True,0.9791485825605952,0.0208514174394047,0.9307302196773733,0.06926978032262672
baseline,0,406,0.0,4.0600000000000005,0.01,0.01514198906335384,30305622.46247273,True,0.9791485825857613,0.02085141741423871,0.94238135081581,0.05761864918419002
baseline,0,407,0.0,4.07,0.01,0.015131685849728902,31498436.64863223,True,0.9791485826088607,0.020851417391139233,0.9526637289619092,0.0473362710380909
baseline,0,408,0.0,4.08,0.01,0.01512147979283365,32741306.987553842,True,0.9791485826300252,0.020851417369974687,0.9616723615689263,0.03832763843107365
baseline,0,409,0.0,4.09,0.01,0.01511137815464957,34035405.012647316,True,0.9791485826493843,0.02085141735061567,0.9694994143586758,0.03050058564132424
baseline,0,410,0.0,4.1,0.01,0.0151013880735639,35381935.48404068,True,0.9791485826670637,0.020851417332936245,0.9762334061817276,0.023766593818272373
baseline,0,411,0.0,4.11,0.01,0.015091516563562772,36782128.90001532,True,0.9791485826831849,0.020851417316815127,0.981958630261727,0.018041369738272844
baseline,0,412,0.0,4.12,0.01,0.015081770513538456,38237232.115228444,True,0.9791485826978639,0.020851417302136147,0.9867547724261883,0.013245227573811729
baseline,0,413,0.0,4.13,0.01,0.015072156686706579,39748496.93955276,True,0.9791485827112111,0.020851417288788972,0.9906966865930066,0.009303313406993429
baseline,0,414,0.0,4.14,0.01,0.015062681720129069,41317166.5823167,True,0.9791485827233307,0.02085141727666925,0.9938542930120062,0.006145706987993723
baseline,0,415,0.0,4.15,0.01,0.015053352124338911,42944459.765575744,True,0.9791485827343214,0.020851417265678688,0.9962925695360246,0.003707430463975455
baseline,0,416,0.0,4.16,0.01,0.015044174283062492,44631552.30382755,True,0.9791485827442751,0.020851417255724945,0.9980716112460615,0.0019283887539385237
baseline,0,417,0.0,4.17,0.01,0.015035154453035682,46379555.85912964,True,0.9791485827532782,0.02085141724672175,0.9992467377706816,0.0007532622293183804
baseline,0,418,0.0,4.18,0.01,0.01502629876390971,48189493.50895097,True,0.9791485827614115,0.020851417238588583,0.9998686316723182,0.00013136832768177503
baseline,0,419,0.0,4.19,0.01,0.015017613218242996,50062271.612661384,True,0.9791485827687497,0.020851417231250242,0.9999834942928285,1.650570717139692e-05
baseline,0,420,0.0,4.2,0.01,0.015009103691575203,51998647.295289196,True,0.9791485827753631,0.02085141722463696,0.9996332081236559,0.0003667918763442025
baseline,0,421,0.0,4.21,0.01,0.01500077593257982,53999190.60160203,True,0.9791485827813163,0.02085141721868371,0.9988554967056675,0.0011445032943324138
baseline,0,422,0.0,4.22,0.01,0.014992635563291726,56064240.26337582,True,0.9791485827866698,0.020851417213330222,0.997684074161141,0.00231592583885894
baseline,0,423,0.0,4.23,0.01,0.014984688079405332,58193854.471723124,True,0.9791485827914795,0.02085141720852041,0.9961487731065064,0.003851226893493559
baseline,0,424,0.0,4.24,0.01,0.014976938850626322,60387751.98674934,True,0.9791485827957978,0.020851417204202253,0.9942756649321238,0.005724335067876158
baseline,0,425,0.0,4.25,0.01,0.014969393121103718,62645254.55641624,True,0.9791485827996725,0.020851417200327432,0.992087136001938,0.007912863998062113
baseline,0,426,0.0,4.26,0.01,0.014962056009914668,64965214.53029025,True,0.9791485828031492,0.020851417196850908,0.989601940426478,0.010398059573522028
baseline,0,427,0.0,4.2700000000000005,0.01,0.014954932511601852,67345933.04071689,True,0.9791485828062693,0.020851417193730792,0.9868352154041501,0.013164784595849913
baseline,0,428,0.0,4.28,0.01,0.014948027496764793,69785069.41234401,True,0.979148582809072,0.020851417190927934,0.9837984499876037,0.016201550012396343
baseline,0,429,0.0,4.29,0.01,0.014941345712699478,72279539.0976451,True,0.9791485828115942,0.020851417188405805,0.9804994032980673,0.01950059670193279
baseline,0,430,0.0,4.3,0.01,0.014934891784082784,74825398.99277435,True,0.9791485828138701,0.020851417186129918,0.976941962235659,0.023058037764340993
baseline,0,431,0.0,4.3100000000000005,0.01,0.014928670213698316,77417718.89561683,True,0.9791485828159322,0.020851417184067807,0.9731259269852851,0.026874073014714922
baseline,0,432,0.0,4.32,0.01,0.014922685383200317,80050437.8028516,True,0.9791485828178113,0.02085141718218874,0.9690467095247559,0.030953290475244147
baseline,0,433,0.0,4.33,0.01,0.014916941553912473,82716203.80256557,True,0.979148582819537,0.020851417180463058,0.9646949257726999,0.035305074227300094
baseline,0,434,0.0,4.34,0.01,0.014911442867658537,85406196.3263722,True,0.9791485828211377,0.0208514171788624,0.9600558562384403,0.039944143761559706
baseline,0,435,0.0,4.3500000000000005,0.01,0.014906193347621862,88109929.6312264,True,0.979148582822641,0.020851417177359003,0.9551087419774447,0.04489125802255537
baseline,0,436,0.0,4.36,0.01,0.014901196899230952,90815036.50716302,True,0.9791485828240747,0.020851417175925265,0.9498258719232406,0.050174128076759264
baseline,0,437,0.0,4.37,0.01,0.014896457311068366,93507031.48315328,True,0.9791485828254664,0.020851417174533662,0.9441714027043233,0.05582859729567664
baseline,0,438,0.0,4.38,0.01,0.014891978255800369,96169053.13518286,True,0.9791485828268441,0.020851417173155855,0.9380998317455173,0.06190016825448267
baseline,0,439,0.0,4.39,0.01,0.01488776329112484,98781585.67958339,True,0.9791485828282376,0.020851417171762438,0.9315540159748061,0.06844598402519388
baseline,0,440,0.0,4.4,0.01,0.014883815860735068,101322164.6859918,True,0.9791485828296781,0.020851417170321875,0.9244625781137032,0.07553742188629681
baseline,0,441,0.0,4.41,0.01,0.014880139295294198,103765065.72951657,True,0.9791485828312001,0.020851417168799825,0.916736516689406,0.08326348331059404
baseline,0,442,0.0,4.42,0.01,0.014876736813414868,106080965.7116511,True,0.979148582832842,0.020851417167157896,0.9082647912064188,0.09173520879358113
baseline,0,443,0.0,4.43,0.01,0.014873611522656356,108236648.476742,True,0.9791485828346479,0.020851417165352163,0.8989083041062264,0.10109169589377369
baseline,0,444,0.0,4.44,0.01,0.01487076642052075,110194692.86569598,True,0.9791485828366688,0.020851417163331207,0.8884919632996447,0.11150803670035526
baseline,0,445,0.0,4.45,0.01,0.014868204395455472,111913227.77049714,True,0.9791485828389664,0.02085141716103345,0.8767938594570442,0.12320614054295578
baseline,0,446,0.0,4.46,0.01,0.014865928227856729,113345777.57569902,True,0.9791485828416161,0.020851417158383852,0.8635304850824523,0.13646951491754764
baseline,0,447,0.0,4.47,0.01,0.014863940591071913,114441271.63587143,True,0.9791485828447112,0.020851417155288727,0.8483363439021137,0.15166365609788637
baseline,0,448,0.0,4.48,0.01,0.0148622440523991,115144330.28916092,True,0.9791485828483704,0.020851417151629685,0.8307355968548521,0.1692644031451479
baseline,0,449,0.0,4.49,0.01,0.014860841074082054,115396007.34234776,True,0.979148582852746,0.020851417147254074,0.8101024150994129,0.18989758490058697
baseline,0,450,0.0,4.5,0.01,0.014859734014299028,115135281.20527488,True,0.9791485828580373,0.020851417141962734,0.7856054902021415,0.21439450979785848
baseline,0,451,0.0,4.51,0.01,0.014858925128143984,114301775.19758227,True,0.9791485828645072,0.020851417135492715,0.7561309989546222,0.24386900104537784
baseline,0,452,0.0,4.5200000000000005,0.01,0.014858416568598772,112840509.30353513,True,0.9791485828725054,0.020851417127494498,0.720178470265503,0.27982152973449714
baseline,0,453,0.0,4.53,0.01,0.014858210387494965,110710042.06433485,True,0.9791485828824955,0.020851417117504455,0.6757294360387099,0.3242705639612901
baseline,0,454,0.0,4.54,0.01,0.01485830853646413,107896324.36265683,True,0.9791485828950809,0.020851417104919046,0.6201112029276035,0.37988879707239653
baseline,0,455,0.0,4.55,0.01,0.014858712867875086,104436238.24671452,True,0.9791485829110055,0.02085141708899456,0.5499499710482906,0.4500500289517095
baseline,0,456,0.0,4.5600000000000005,0.01,0.014859425135749133,100457211.15004443,True,0.9791485829310539,0.020851417068946103,0.461510230705808,0.538489769294192
baseline,0,457,0.0,4.57,0.01,0.014860446996669259,96242643.6861996,True,0.9791485829556675,0.020851417044332524,0.35221300068520334,0.6477869993147967
baseline,0,458,0.0,4.58,0.01,0.01486178001066356,92332581.67489508,True,0.9791485829838901,0.02085141701611001,0.22501394233378225,0.7749860576662179
baseline,0,459,0.0,4.59,0.01,0.01486342564207541,89652609.89155558,True,0.9791485830112817,0.02085141698871826,0.09745296777664181,0.9025470322233582
baseline,0,460,0.0,4.6000000000000005,0.01,0.014865385260416022,89601234.90420383,True,0.9791485830279919,0.02085141697200808,0.010879966488163587,0.9891200335118364
baseline,0,461,0.0,4.61,0.01,0.014867660141195225,93922027.52834812,True,0.9791485830221829,0.020851416977817065,0.017725208202410553,0.9822747917975895
baseline,0,462,0.0,4.62,0.01,0.014870251466730213,104239514.27620234,True,0.9791485829914677,0.02085141700853235,0.13282179068943217,0.8671782093105679
baseline,0,463,0.0,4.63,0.01,0.014873160326931988,121560734.56594321,True,0.9791485829477252,0.02085141705227468,0.3091359249472449,0.6908640750527549
baseline,0,464,0.0,4.64,0.01,0.014876387720069321,146242464.26359648,True,0.9791485829054343,0.020851417094565686,0.4848839211035135,0.5151160788964865
baseline,0,465,0.0,4.65,0.01,0.014879934553510105,178355144.63269907,True,0.9791485828716542,0.020851417128345852,0.6278982923671579,0.37210170763284195
baseline,0,466,0.0,4.66,0.01,0.014883801644440073,218015519.2688266,True,0.9791485828469872,0.020851417153012756,0.7337074654823514,0.2662925345176486
baseline,0,467,0.0,4.67,0.01,0.01488798972055887,265528845.27897096,True,0.979148582829589,0.02085141717041093,0.8090550897969246,0.19094491020307533
baseline,0,468,0.0,4.68,0.01,0.014892499420753545,321412575.96264696,True,0.9791485828173978,0.020851417182602174,0.8622048002717548,0.13779519972824525
baseline,0,469,0.0,4.69,0.01,0.01489733129574958,386382372.2801428,True,0.9791485828087961,0.02085141719120386,0.8998467541795406,0.10015324582045944
baseline,0,470,0.0,4.7,0.01,0.014902485808729622,461336112.6734742,True,0.9791485828026493,0.020851417197350716,0.9267629529183082,0.07323704708169179
baseline,0,471,0.0,4.71,0.01,0.014907963335909321,547345758.0665909,True,0.9791485827981913,0.020851417201808702,0.9462271429790585,0.05377285702094156
baseline,0,472,0.0,4.72,0.01,0.014913764167128134,645656857.4242284,True,0.9791485827949091,0.02085141720509087,0.9604562406358581,0.03954375936414187
baseline,0,473,0.0,4.73,0.01,0.014919888506378766,757695175.9903036,True,0.9791485827924578,0.020851417207542314,0.9709574908425528,0.02904250915744731
baseline,0,474,0.0,4.74,0.01,0.014926336472332493,885078395.7101108,True,0.9791485827906018,0.0208514172093981,0.978766390482766,0.02123360951723388
baseline,0,475,0.0,4.75,0.01,0.014933108098835088,1029632249.5533844,True,0.9791485827891795,0.020851417210820497,0.9846038683728952,0.015396131627104744
baseline,0,476,0.0,4.76,0.01,0.014940203335372987,1193410530.0742028,True,0.9791485827880769,0.020851417211923053,0.9889790248317374,0.011020975168262623
baseline,0,477,0.0,4.7700000000000005,0.01,0.01494762204751107,1378718736.4963336,True,0.9791485827872133,0.020851417212786605,0.9922564784008693,0.007743521599130778
baseline,0,478,0.0,4.78,0.01,0.014955364017303631,1588141331.9781368,True,0.9791485827865306,0.02085141721346943,0.9947009186323499,0.005299081367650104
baseline,0,479,0.0,4.79,0.01,0.014963428943679998,1824572723.5452907,True,0.9791485827859862,0.020851417214013925,0.9965069390020286,0.0034930609979714755
baseline,0,480,0.0,4.8,0.01,0.014971816442806414,2091252183.9697902,True,0.9791485827855483,0.020851417214451645,0.9978192819343837,0.0021807180656162307
baseline,0,481,0.0,4.8100000000000005,0.01,0.014980526048425829,2391803021.8705764,True,0.9791485827851939,0.020851417214806097,0.9987467663860654,0.0012532336139346244
baseline,0,482,0.0,4.82,0.01,0.014989557212177238,2730276386.086612,True,0.979148582784905,0.020851417215094988,0.9993719992500241,0.0006280007499759153
baseline,0,483,0.0,4.83,0.01,0.014998909303896395,3111200171.285996,True,0.9791485827846681,0.020851417215331985,0.9997582355025124,0.00024176449748754454
baseline,0,484,0.0,4.84,0.01,0.015008581611899535,3539632742.7756376,True,0.9791485827844726,0.020851417215527423,0.9999542822163335,4.571778366641969e-05
baseline,0,485,0.0,4.8500000000000005,0.01,0.01501857334318333,4021223858.6353545,True,0.9791485827843105,0.020851417215689522,0.9999980625281126,1.9374718873662052e-06
baseline,0,486,0.0,4.86,0.01,0.015028883623630775,4562282469.13512,True,0.9791485827841753,0.020851417215824633,0.9999192045322719,8.079546772813601e-05
baseline,0,487,0.0,4.87,0.01,0.015039511498245575,5169848464.733232,True,0.9791485827840624,0.020851417215937747,0.9997409581114595,0.00025904188854043676
baseline,0,488,0.0,4.88,0.01,0.01505045593130718,5851775281.495842,True,0.9791485827839672,0.0208514172160328,0.999481629727762,0.0005183702722379737
baseline,0,489,0.0,4.89,0.01,0.01506171580653546,6616819032.726322,True,0.979148582783887,0.020851417216113083,0.9991556585974521,0.0008443414025478398
baseline,0,490,0.0,4.9,0.01,0.01507328992722689,7474736376.586584,True,0.9791485827838189,0.02085141721618111,0.9987744336607793,0.001225566339220694
baseline,0,491,0.0,4.91,0.01,0.015085177016365059,8436391270.562757,True,0.979148582783761,0.020851417216238944,0.9983469174488449,0.0016530825511551707
baseline,0,492,0.0,4.92,0.01,0.015097375716708595,9513870852.329142,True,0.9791485827837118,0.020851417216288245,0.9978801249811577,0.0021198750188422878
baseline,0,493,0.0,4.93,0.01,0.015109884590859397,10720610500.21922,True,0.9791485827836696,0.020851417216330437,0.9973794927468802,0.0026205072531197246
baseline,0,494,0.0,4.94,0.01,0.015122702121314353,12071527888.429209,True,0.9791485827836333,0.02085141721636663,0.9968491634831662,0.0031508365168336928
baseline,0,495,0.0,4.95,0.01,0.01513582671050362,13583165527.485743,True,0.9791485827836022,0.02085141721639781,0.9962922058691909,0.003707794130809173
baseline,0,496,0.0,4.96,0.01,0.015149256680818736,15273840882.546162,True,0.9791485827835753,0.020851417216424663,0.9957107834024794,0.004289216597520519
baseline,0,497,0.0,4.97,0.01,0.015162990274633763,17163802638.490438,True,0.9791485827835521,0.020851417216447884,0.9951062832249369,0.004893716775063095
baseline,0,498,0.0,4.98,0.01,0.01517702565432287,19275390973.631756,True,0.9791485827835319,0.020851417216468014,0.9944794131129119,0.005520586887088163
baseline,0,499,0.0,4.99,0.01,0.015191360902277242,21633190653.61274,True,0.9791485827835146,0.020851417216485462,0.9938303127598467,0.0061696872401533305
baseline,0,500,0.0,5.0,0.01,0.015205994020779153,24264192066.479504,True,0.9791485827834994,0.02085141721650063,0.993158564854667,0.006841435145332946
baseline,0,501,0.0,5.01,0.01,0.015220922931931329,27197942692.66648,True,0.979148582783486,0.020851417216513905,0.9924631942681111,0.007536805731888883
baseline,0,502,0.0,5.0200000000000005,0.01,0.015236145477720143,30466657467.70607,True,0.9791485827834746,0.020851417216525427,0.9917427664225756,0.008257233577424332
baseline,0,503,0.0,5.03,0.01,0.015251659419911913,34105326487.880642,True,0.9791485827834645,0.020851417216535516,0.9909953388125642,0.009004661187435776
baseline,0,504,0.0,5.04,0.01,0.015267462439984607,38151769484.258446,True,0.9791485827834557,0.020851417216544363,0.9902184611002961,0.009781538899703972
baseline,0,505,0.0,5.05,0.01,0.015283552139057723,42646635480.92718,True,0.979148582783448,0.02085141721655209,0.989409154106088,0.01059084589391206
baseline,0,506,0.0,5.0600000000000005,0.01,0.015299926037819054,47633327906.020386,True,0.9791485827834411,0.020851417216558896,0.988563874985464,0.011436125014535949
baseline,0,507,0.0,5.07,0.01,0.015316581576446917,53157833622.73746,True,0.9791485827834352,0.02085141721656484,0.9876784680721361,0.012321531927863916
baseline,0,508,0.0,5.08,0.01,0.015333516114526395,59268430708.27239,True,0.9791485827834299,0.02085141721657009,0.9867481005803764,0.013251899419623613
baseline,0,509,0.0,5.09,0.01,0.015350726930958026,66015243866.912636,True,0.9791485827834253,0.020851417216574714,0.9857671881865403,0.014232811813459704
baseline,0,510,0.0,5.1000000000000005,0.01,0.015368211223873421,73449613233.57503,True,0.9791485827834212,0.020851417216578773,0.9847293145960069,0.015270685403993086
baseline,0,511,0.0,5.11,0.01,0.015385966110569707,81623262573.20898,True,0.9791485827834177,0.02085141721658233,0.9836271013676914,0.01637289863230857
baseline,0,512,0.0,5.12,0.01,0.015403988627427975,90587204525.23749,True,0.9791485827834145,0.020851417216585497,0.9824521062167814,0.017547893783218638
baseline,0,513,0.0,5.13,0.01,0.015422275729833181,100390385141.68604,True,0.9791485827834118,0.020851417216588272,0.9811946649673662,0.018805335032633774
baseline,0,514,0.0,5.14,0.01,0.01544082429210506,111078026653.54984,True,0.9791485827834092,0.02085141721659076,0.9798437305140503,0.020156269485949698
baseline,0,515,0.0,5.15,0.01,0.015459631107452354,122689667953.272,True,0.9791485827834071,0.02085141721659294,0.9783866929733802,0.021613307026619826
baseline,0,516,0.0,5.16,0.01,0.015478692887934895,135256919455.04005,True,0.9791485827834051,0.02085141721659489,0.976809178147274,0.02319082185272599
baseline,0,517,0.0,5.17,0.01,0.015498006264417283,148800975706.4201,True,0.9791485827834034,0.020851417216596613,0.9750948278508861,0.024905172149113947
baseline,0,518,0.0,5.18,0.01,0.015517567786505638,163329963792.5002,True,0.9791485827834019,0.02085141721659814,0.9732250753990856,0.02677492460091443
baseline,0,519,0.0,5.19,0.01,0.015537373922581709,178836262807.01562,True,0.9791485827834006,0.02085141721659947,0.9711789298547706,0.028821070145229347
baseline,0,520,0.0,5.2,0.01,0.015557421059811038,195293997836.79825,True,0.9791485827833993,0.02085141721660065,0.9689327801397931,0.03106721986020694
baseline,0,521,0.0,5.21,0.01,0.015577705504144647,212656966287.21362,True,0.9791485827833982,0.020851417216601744,0.9664602555948043,0.03353974440519568
baseline,0,522,0.0,5.22,0.01,0.015598223480363684,230857328354.67532,True,0.9791485827833973,0.020851417216602663,0.9637321895177181,0.03626781048228186
baseline,0,523,0.0,5.23,0.01,0.015618971132161116,249805453271.1453,True,0.9791485827833964,0.02085141721660353,0.9607167540725304,0.03928324592746962
baseline,0,524,0.0,5.24,0.01,0.015639944522229603,269391354739.6485,True,0.9791485827833957,0.020851417216604266,0.9573798484810301,0.04262015151896986
baseline,0,525,0.0,5.25,0.01,0.01566113963233203,289488130916.3046,True,0.979148582783395,0.02085141721660499,0.953685857285922,0.046314142714077924
baseline,0,526,0.0,5.26,0.01,0.01568255236348076,309957737504.3038,True,0.9791485827833943,0.02085141721660558,0.9495989270209761,0.05040107297902377
baseline,0,527,0.0,5.2700000000000005,0.01,0.01570417853609568,330659267605.40875,True,0.9791485827833939,0.020851417216606136,0.9450848911770421,0.05491510882295792
baseline,0,528,0.0,5.28,0.01,0.015726013890186876,351459591893.5745,True,0.9791485827833933,0.02085141721660668,0.9401139707379764,0.05988602926202358
baseline,0,529,0.0,5.29,0.01,0.015748054085595767,372245794243.5727,True,0.9791485827833929,0.02085141721660711,0.9346642795247836,0.06533572047521645
baseline,0,530,0.0,5.3,0.01,0.015770294702257832,392938298074.95734,True,0.9791485827833925,0.020851417216607573,0.9287259722051919,0.07127402779480813
baseline,0,531,0.0,5.3100000000000005,0.01,0.01579273124047243,413502964066.7221,True,0.9791485827833921,0.020851417216607937,0.9223055606365669,0.07769443936343311
baseline,0,532,0.0,5.32,0.01,0.015815359121268243,433959873518.5422,True,0.9791485827833918,0.02085141721660829,0.9154294677359329,0.08457053226406712
baseline,0,533,0.0,5.33,0.01,0.01583817368675677,454386117311.65765,True,0.9791485827833913,0.02085141721660862,0.9081453818307862,0.09185461816921373
baseline,0,534,0.0,5.34,0.01,0.015861170200543225,474909897702.73706,True,0.9791485827833911,0.020851417216608912,0.9005195858238267,0.09948041417617329
baseline,0,535,0.0,5.3500000000000005,0.01,0.015884343848203586,495693807203.42194,True,0.9791485827833908,0.02085141721660918,0.8926284741540899,0.10737152584591016
baseline,0,536,0.0,5.36,0.01,0.015907689737759374,516906405695.1475,True,0.9791485827833907,0.020851417216609394,0.8845432849770247,0.11545671502297532
baseline,0,537,0.0,5.37,0.01,0.015931202900217795,538683283855.33765,True,0.9791485827833903,0.020851417216609637,0.8763087511994153,0.1236912488005847
baseline,0,538,0.0,5.38,0.01,0.01595487829019203,561081505290.756,True,0.9791485827833902,0.020851417216609793,0.8679186323885194,0.13208136761148054
baseline,0,539,0.0,5.39,0.01,0.015978710786516564,584034323468.8658,True,0.97914858278339,0.020851417216609974,0.8592930682680631,0.14070693173193694
baseline,0,540,0.0,5.4,0.01,0.016002695192953706,607315829433.1438,True,0.9791485827833899,0.02085141721661011,0.8502633030031556,0.1497366969968444
baseline,0,541,0.0,5.41,0.01,0.01602682623894915,630526670558.9998,True,0.9791485827833898,0.0208514172166103,0.8405681508608404,0.15943184913915964
baseline,0,542,0.0,5.42,0.01,0.016051098580391023,653111226447.7935,True,0.9791485827833896,0.02085141721661043,0.8298641164003712,0.17013588359962892
baseline,0,543,0.0,5.43,0.01,0.01607550680050988,674412669170.5779,True,0.9791485827833895,0.020851417216610567,0.8177488664882919,0.1822511335117082
baseline,0,544,0.0,5.44,0.01,0.016100045410768198,693764965036.4277,True,0.9791485827833893,0.020851417216610747,0.8037971564647568,0.1962028435352432
baseline,0,545,0.0,5.45,0.01,0.016124708851840804,710611111870.8136,True,0.9791485827833891,0.02085141721661092,0.787609528275662,0.21239047172433798
baseline,0,546,0.0,5.46,0.01,0.016149491494645396,724627077129.2589,True,0.9791485827833889,0.020851417216611157,0.7688756772980734,0.23112432270192657
baseline,0,547,0.0,5.47,0.01,0.01617438764142802,735824433801.6118,True,0.9791485827833887,0.02085141721661136,0.7474536074488104,0.25254639255118966
baseline,0,548,0.0,5.48,0.01,0.016199391526930482,744605051939.5205,True,0.9791485827833885,0.020851417216611583,0.7234596484393594,0.27654035156064055
baseline,0,549,0.0,5.49,0.01,0.016224497319618274,751749895900.8893,True,0.9791485827833881,0.020851417216611857,0.69735221944002,0.30264778055997993
baseline,0,550,0.0,5.5,0.01,0.01624969912295236,758340578463.2252,True,0.979148582783388,0.020851417216612093,0.6699775601861688,0.33002243981383117
baseline,0,551,0.0,5.51,0.01,0.01627499097677126,765631866562.7631,True,0.9791485827833877,0.020851417216612322,0.6425392333229953,0.3574607666770046
baseline,0,552,0.0,5.5200000000000005,0.01,0.016300366858677865,774908391049.9404,True,0.9791485827833876,0.02085141721661247,0.6164680162087302,0.3835319837912699
baseline,0,553,0.0,5.53,0.01,0.01632582068553932,787362698999.2864,True,0.9791485827833873,0.020851417216612603,0.5932077703773639,0.40679222962263606
baseline,0,554,0.0,5.54,0.01,0.016351346315109958,804022075828.9371,True,0.9791485827833873,0.020851417216612676,0.5739776410211815,0.4260223589788185
baseline,0,555,0.0,5.55,0.01,0.016376937547582023,825733734991.8899,True,0.9791485827833873,0.02085141721661269,0.5595900334482962,0.4404099665517039
baseline,0,556,0.0,5.5600000000000005,0.01,0.016402588127357356,853201757684.6398,True,0.9791485827833873,0.020851417216612645,0.5503808728503061,0.44961912714969393
baseline,0,557,0.0,5.57,0.01,0.016428291744767738,887062241168.4144,True,0.9791485827833873,0.020851417216612555,0.5462593324327244,0.4537406675672757
baseline,0,558,0.0,5.58,0.01,0.016454042037986557,927986009580.5105,True,0.9791485827833876,0.02085141721661244,0.5468406603349374,0.4531593396650626
baseline,0,559,0.0,5.59,0.01,0.016479832594935163,976806059565.2711,True,0.9791485827833878,0.02085141721661225,0.551608036328977,0.4483919636710229
baseline,0,560,0.0,5.6000000000000005,0.01,0.016505656955277212,1034674965089.776,True,0.979148582783388,0.020851417216612086,0.5600557841392052,0.4399442158607948
baseline,0,561,0.0,5.61,0.01,0.016531508612514997,1103263797566.838,True,0.9791485827833881,0.02085141721661189,0.5717834580397431,0.428216541960257
baseline,0,562,0.0,5.62,0.01,0.01655738101608075,1185018621651.0562,True,0.9791485827833882,0.02085141721661169,0.5865260062641847,0.4134739937358152
baseline,0,563,0.0,5.63,0.01,0.016583267573691593,1283491442799.6365,True,0.9791485827833885,0.020851417216611493,0.6041133970220625,0.39588660297793754
baseline,0,564,0.0,5.64,0.01,0.016609161653528777,1403750802751.0718,True,0.9791485827833887,0.020851417216611306,0.6243551984313037,0.37564480156869634
baseline,0,565,0.0,5.65,0.01,0.016635056586690216,1552835146499.1157,True,0.9791485827833889,0.020851417216611132,0.6468489461595369,0.3531510538404631
baseline,0,566,0.0,5.66,0.01,0.016660945669598033,1740100110235.7014,True,0.979148582783389,0.020851417216610994,0.6707269256917894,0.32927307430821057
baseline,0,567,0.0,5.67,0.01,0.016686822166583192,1977064200124.3896,True,0.9791485827833891,0.02085141721661086,0.694384860823604,0.30561513917639616
baseline,0,568,0.0,5.68,0.01,0.01671267931244799,2275869969845.348,True,0.9791485827833893,0.020851417216610758,0.7152443896991045,0.2847556103008956
baseline,0,569,0.0,5.69,0.01,0.016738510315165208,2644622249818.3154,True,0.9791485827833893,0.02085141721661066,0.7294924933244454,0.27050750667555457
baseline,0,570,0.0,5.7,0.01,0.01676430835861941,3076568541771.8994,True,0.9791485827833893,0.020851417216610654,0.7313569775869158,0.26864302241308435
baseline,0,571,0.0,5.71,0.01,0.016790066605446637,3528862488081.621,True,0.9791485827833893,0.02085141721661066,0.7104506215385178,0.28954937846148227
baseline,0,572,0.0,5.72,0.01,0.01681577819992143,3889657091898.8315,True,0.9791485827833893,0.020851417216610758,0.6423840855497681,0.3576159144502319
baseline,0,573,0.0,5.73,0.01,0.016841436270924406,3969291203899.5757,True,0.979148582783389,0.020851417216610994,0.45661689895628677,0.5433831010437132
baseline,0,574,0.0,5.74,0.01,0.01686703393498841,3864982762525.464,True,0.9791485827833885,0.02085141721661155,0.05459736377119074,0.9454026362288093
baseline,0,575,0.0,5.75,0.01,0.0168925642993935,6107686653773.898,True,0.9791485827833887,0.02085141721661122,0.3614342951168637,0.6385657048831362
baseline,0,576,0.0,5.76,0.01,0.0169180204653438,15045487374937.928,True,0.9791485827833893,0.02085141721661063,0.8232898515444856,0.1767101484555144
baseline,0,577,0.0,5.7700000000000005,0.01,0.016943395531196868,34442493257325.082,True,0.9791485827833896,0.020851417216610463,0.9455370366520551,0.05446296334794495
baseline,0,578,0.0,5.78,0.01,0.016968682595776902,71110716833977.69,True,0.9791485827833896,0.020851417216610418,0.9810574354778675,0.018942564522132586
baseline,0,579,0.0,5.79,0.01,0.016993874761734033,136120693074147.08,True,0.9791485827833896,0.020851417216610383,0.9934732463297766,0.006526753670223436
baseline,0,580,0.0,5.8,0.01,0.0170189651389339,245871165283436.78,True,0.9791485827833896,0.020851417216610383,0.9981713577418836,0.0018286422581163231
baseline,0,581,0.0,5.8100000000000005,0.01,0.017043946847970524,423202914327580.5,True,0.9791485827833896,0.020851417216610383,0.9997790753154758,0.00022092468452419075
baseline,0,582,0.0,5.82,0.01,0.017068813023681084,698055110113529.5,True,0.9791485827833896,0.020851417216610376,0.9999487697472867,5.1230252713228886e-05
baseline,0,583,0.0,5.83,0.01,0.017093556818733542,1107166887708618.1,True,0.9791485827833896,0.020851417216610383,0.9993450398542622,0.0006549601457379272
baseline,0,584,0.0,5.84,0.01,0.017118171407241034,1692365383445503.0,True,0.9791485827833896,0.020851417216610393,0.9982544052642789,0.001745594735721209
baseline,0,585,0.0,5.8500000000000005,0.01,0.017142649988456,2497168619813944.5,True,0.9791485827833896,0.0208514172166104,0.9968008040618245,0.003199195938175477
baseline,0,586,0.0,5.86,0.01,0.017166985790487897,3561795815349945.5,True,0.9791485827833896,0.020851417216610383,0.9950304782007172,0.004969521799282856
baseline,0,587,0.0,5.87,0.01,0.01719117207406734,4917160660652545.0,True,0.9791485827833896,0.02085141721661036,0.9929483338643892,0.0070516661356107724
baseline,0,588,0.0,5.88,0.01,0.01721520213632285,6578890008388756.0,True,0.9791485827833896,0.02085141721661037,0.9905346252003548,0.009465374799645234
baseline,0,589,0.0,5.89,0.01,0.017239069314636916,8542684100960994.0,True,0.9791485827833896,0.02085141721661037,0.9877531698282151,0.012246830171784816
baseline,0,590,0.0,5.9,0.01,0.017262766990489894,1.07822690633314e+16,True,0.9791485827833896,0.020851417216610383,0.9845559353746675,0.015444064625332515
baseline,0,591,0.0,5.91,0.01,0.017286288593376675,1.325074000268981e+16,True,0.9791485827833896,0.02085141721661036,0.9808863028753627,0.019113697124637296
baseline,0,592,0.0,5.92,0.01,0.017309627604665458,1.5885349285341962e+16,True,0.9791485827833896,0.020851417216610352,0.9766822967784284,0.02331770322157159
baseline,0,593,0.0,5.93,0.01,0.01733277756157685,1.8614969565300412e+16,True,0.9791485827833896,0.020851417216610383,0.9718805506656784,0.028119449334321596
baseline,0,594,0.0,5.94,0.01,0.017355732061097588,2.136881222485355e+16,True,0.9791485827833896,0.020851417216610383,0.9664214594205663,0.03357854057943356
baseline,0,595,0.0,5.95,0.01,0.017378484763950187,2.4084707255498148e+16,True,0.9791485827833896,0.020851417216610376,0.960255573860075,0.03974442613992492
baseline,0,596,0.0,5.96,0.01,0.017401029398562088,2.6715422442842536e+16,True,0.9791485827833896,0.020851417216610376,0.9533507989047622,0.046649201095237784
baseline,0,597,0.0,5.97,0.01,0.01742335976499362,2.923204041926828e+16,True,0.9791485827833896,0.020851417216610376,0.9456993575805214,0.054300642419478615
baseline,0,598,0.0,5.98,0.01,0.017445469738937784,3.1624136593870036e+16,True,0.9791485827833896,0.020851417216610383,0.9373229375143561,0.06267706248564374
baseline,0,599,0.0,5.99,0.01,0.017467353275659032,3.3897192639121856e+16,True,0.9791485827833896,0.02085141721661036,0.9282742631603504,0.07172573683964942
baseline,0,600,0.0,6.0,0.01,0.017489004413953277,3.606816247729778e+16,True,0.9791485827833896,0.020851417216610383,0.9186337702759083,0.08136622972409165
baseline,0,601,0.0,6.01,0.01,0.017510417280046552,3.816029789112243e+16,True,0.9791485827833896,0.02085141721661037,0.9085011821680192,0.09149881783198074
baseline,0,602,0.0,6.0200000000000005,0.01,0.017531586091496843,4.0198251989417384e+16,True,0.9791485827833896,0.020851417216610345,0.8979833411793917,0.1020166588206082
baseline,0,603,0.0,6.03,0.01,0.017552505161152088,4.220419460978062e+16,True,0.9791485827833896,0.02085141721661037,0.8871809565940671,0.11281904340593285
baseline,0,604,0.0,6.04,0.01,0.017573168900935927,4.419530997947913e+16,True,0.9791485827833896,0.02085141721661037,0.8761772769153128,0.12382272308468725
baseline,0,605,0.0,6.05,0.01,0.017593571825673917,4.6182709620602824e+16,True,0.9791485827833896,0.02085141721661037,0.8650311587964608,0.13496884120353936
baseline,0,606,0.0,6.0600000000000005,0.01,0.01761370855689876,4.8171542349983224e+16,True,0.9791485827833896,0.02085141721661036,0.8537754870306212,0.14622451296937872
baseline,0,607,0.0,6.07,0.01,0.017633573826562447,5.0161949513268856e+16,True,0.9791485827833896,0.02085141721661036,0.8424204249938123,0.15757957500618758
baseline,0,608,0.0,6.08,0.01,0.01765316248073974,5.215048306656906e+16,True,0.9791485827833896,0.020851417216610352,0.8309599176601915,0.1690400823398086
baseline,0,609,0.0,6.09,0.01,0.01767246948326861,5.413164862978446e+16,True,0.9791485827833896,0.020851417216610393,0.819379539613923,0.18062046038607688
baseline,0,610,0.0,6.1000000000000005,0.01,0.017691489919306497,5.60993212540553e+16,True,0.9791485827833896,0.020851417216610383,0.8076640431629494,0.19233595683705057
baseline,0,611,0.0,6.11,0.01,0.01771021899886226,5.804787872360814e+16,True,0.9791485827833896,0.020851417216610376,0.7958034979961605,0.20419650200383965
baseline,0,612,0.0,6.12,0.01,0.01772865206022613,5.997298596721618e+16,True,0.9791485827833896,0.020851417216610393,0.7837975228625241,0.21620247713747587
baseline,0,613,0.0,6.13,0.01,0.017746784573348294,6.18720325339202e+16,True,0.9791485827833896,0.020851417216610376,0.7716575428513348,0.22834245714866522
baseline,0,614,0.0,6.140000000000001,0.01,0.01776461214314805,6.374427016259285e+16,True,0.9791485827833896,0.02085141721661036,0.7594073027807938,0.24059269721920618
baseline,0,615,0.0,6.15,0.01,0.01778213051270624,6.559072062296688e+16,True,0.9791485827833896,0.02085141721661037,0.7470820059444493,0.25291799405555065
baseline,0,616,0.0,6.16,0.01,0.017799335566409683,6.7413929639391784e+16,True,0.9791485827833896,0.020851417216610376,0.7347264714129796,0.26527352858702047
baseline,0,617,0.0,6.17,0.01,0.017816223332980576,6.921763664111109e+16,True,0.9791485827833896,0.020851417216610376,0.7223926977191821,0.277607302280818
baseline,0,618,0.0,6.18,0.01,0.01783278998841362,7.1006417245931e+16,True,0.9791485827833896,0.020851417216610345,0.7101371594418376,0.28986284055816225
baseline,0,619,0.0,6.19,0.01,0.017849031858841125,7.278534011731419e+16,True,0.9791485827833896,0.020851417216610376,0.6980181074653572,0.3019818925346429
baseline,0,620,0.0,6.2,0.01,0.017864945423251146,7.455966500558059e+16,True,0.9791485827833896,0.0208514172166104,0.6860930783336966,0.3139069216663036
baseline,0,621,0.0,6.21,0.01,0.017880527316130445,7.633459607410184e+16,True,0.9791485827833896,0.020851417216610376,0.6744167539553205,0.32558324604467936
baseline,0,622,0.0,6.22,0.01,0.0178957743299921,7.81150948323092e+16,True,0.9791485827833896,0.020851417216610383,0.6630392565285558,0.3369607434714441
baseline,0,623,0.0,6.23,0.01,0.01791068341777203,7.990575017737301e+16,True,0.9791485827833896,0.020851417216610383,0.6520049095065106,0.3479950904934895
baseline,0,624,0.0,6.24,0.01,0.017925251695114826,8.171069886639395e+16,True,0.9791485827833896,0.020851417216610383,0.6413514561683061,0.35864854383169376
baseline,0,625,0.0,6.25,0.01,0.017939476442568516,8.353358773220211e+16,True,0.9791485827833896,0.020851417216610376,0.6311096979420734,0.36889030205792667
baseline,0,626,0.0,6.26,0.01,0.01795335510760269,8.537756841731094e+16,True,0.9791485827833896,0.020851417216610393,0.6213034849019082,0.3786965150980917
baseline,0,627,0.0,6.2700000000000005,0.01,0.017966885306528887,8.724531584348925e+16,True,0.9791485827833896,0.020851417216610393,0.6119499922861374,0.38805000771386244
baseline,0,628,0.0,6.28,0.01,0.01798006482629168,8.913906278455654e+16,True,0.9791485827833896,0.020851417216610393,0.6030602075272822,0.3969397924727178
baseline,0,629,0.0,6.29,0.01,0.017992891626119487,9.106064422904091e+16,True,0.9791485827833896,0.02085141721661037,0.5946395563118055,0.4053604436881944
baseline,0,630,0.0,6.3,0.01,0.01800536383903193,9.301154653780325e+16,True,0.9791485827833896,0.020851417216610376,0.5866886064093539,0.41331139359064606
baseline,0,631,0.0,6.3100000000000005,0.01,0.018017479773215755,9.499295767983538e+16,True,0.9791485827833896,0.020851417216610383,0.579203799802311,0.420796200197689
baseline,0,632,0.0,6.32,0.01,0.018029237913279664,9.70058159987234e+16,True,0.9791485827833896,0.020851417216610383,0.5721781745521491,0.4278218254478509
baseline,0,633,0.0,6.33,0.01,0.018040636921338095,9.9050855818393e+16,True,0.9791485827833896,0.020851417216610383,0.5656020436114352,0.4343979563885648
baseline,0,634,0.0,6.34,0.01,0.018051675637957225,1.0112864879863813e+17,True,0.9791485827833896,0.020851417216610376,0.5594636155202246,0.44053638447977556
baseline,0,635,0.0,6.3500000000000005,0.01,0.01806235308296759,1.0323964058753867e+17,True,0.9791485827833896,0.02085141721661037,0.5537495453519696,0.4462504546480303
baseline,0,636,0.0,6.36,0.01,0.01807266845612348,1.0538418269278694e+17,True,0.9791485827833896,0.020851417216610352,0.5484454116166916,0.45155458838330836
baseline,0,637,0.0,6.37,0.01,0.018082621137615256,1.075625597139711e+17,True,0.9791485827833896,0.020851417216610376,0.543536118409069,0.45646388159093093
baseline,0,638,0.0,6.38,0.01,0.01809221068843247,1.0977501221593426e+17,True,0.9791485827833896,0.020851417216610383,0.5390062277160621,0.46099377228393806
baseline,0,639,0.0,6.390000000000001,0.01,0.018101436850578544,1.120217556260885e+17,True,0.9791485827833896,0.020851417216610352,0.534840227773088,0.4651597722269119
baseline,0,640,0.0,6.4,0.01,0.018110299547137894,1.1430299561669189e+17,True,0.9791485827833896,0.02085141721661037,0.5310227442207737,0.4689772557792262
baseline,0,641,0.0,6.41,0.01,0.018118798882196977,1.1661894046362261e+17,True,0.9791485827833896,0.020851417216610383,0.5275386993098481,0.47246130069015185
baseline,0,642,0.0,6.42,0.01,0.01812693514060854,1.1896981070784624e+17,True,0.9791485827833896,0.020851417216610393,0.5243734322989505,0.47562656770104944
baseline,0,643,0.0,6.43,0.01,0.01813470878761505,1.213558465731816e+17,True,0.9791485827833896,0.020851417216610383,0.5215127806224089,0.478487219377591
baseline,0,644,0.0,6.44,0.01,0.018142120468324092,1.237773134935059e+17,True,0.9791485827833896,0.020851417216610376,0.5189431342143872,0.48105686578561285
baseline,0,645,0.0,6.45,0.01,0.018149171007025747,1.2623450606496974e+17,True,0.9791485827833896,0.02085141721661037,0.5166514649039293,0.4833485350960707
baseline,0,646,0.0,6.46,0.01,0.01815586140637223,1.2872775067014176e+17,True,0.9791485827833896,0.020851417216610383,0.5146253373674139,0.48537466263258605
baseline,0,647,0.0,6.47,0.01,0.018162192846418086,1.312574070519972e+17,True,0.9791485827833896,0.020851417216610393,0.5128529061736105,0.48714709382638943
baseline,0,648,0.0,6.48,0.01,0.018168166683518453,1.338238690743147e+17,True,0.9791485827833896,0.020851417216610393,0.5113229025998826,0.48867709740011744
baseline,0,649,0.0,6.49,0.01,0.018173784449083182,1.3642756484286672e+17,True,0.9791485827833896,0.02085141721661037,0.5100246141261177,0.4899753858738824
baseline,0,650,0.0,6.5,0.01,0.018179047848184648,1.390689562966693e+17,True,0.9791485827833896,0.020851417216610376,0.5089478587032681,0.49105214129673197
baseline,0,651,0.0,6.51,0.01,0.018183958758017316,1.4174853833891645e+17,True,0.9791485827833896,0.020851417216610376,0.5080829536893193,0.4919170463106808
baseline,0,652,0.0,6.5200000000000005,0.01,0.01818851922622245,1.4446683770974538e+17,True,0.9791485827833896,0.020851417216610383,0.5074206740047642,0.4925793259952358
baseline,0,653,0.0,6.53,0.01,0.01819273146915433,1.4722441129531405e+17,True,0.9791485827833896,0.020851417216610393,0.5069522405401131,0.49304775945988677
baseline,0,654,0.0,6.54,0.01,0.018196597869890155,1.5002184492993315e+17,True,0.9791485827833896,0.0208514172166104,0.5066692621514632,0.4933307378485367
baseline,0,655,0.0,6.55,0.01,0.018200120976252662,1.5285975147652186e+17,True,0.9791485827833896,0.02085141721661037,0.5065637252969717,0.4934362747030283
baseline,0,656,0.0,6.5600000000000005,0.01,0.018203303498614647,1.557387695963181e+17,True,0.9791485827833896,0.020851417216610393,0.5066279576273133,0.4933720423726868
baseline,0,657,0.0,6.57,0.01,0.01820614830758266,1.586595622388266e+17,True,0.9791485827833896,0.020851417216610376,0.5068545983217405,0.49314540167825943
baseline,0,658,0.0,6.58,0.01,0.018208658431579147,1.6162281481191603e+17,True,0.9791485827833896,0.02085141721661037,0.5072365705564569,0.49276342944354307
baseline,0,659,0.0,6.59,0.01,0.01821083705432295,1.6462923325374077e+17,True,0.9791485827833896,0.02085141721661037,0.5077670555957577,0.4922329444042422
baseline,0,660,0.0,6.6000000000000005,0.01,0.01821268751220788,1.6767954221152374e+17,True,0.9791485827833896,0.020851417216610376,0.5084394697011076,0.49156053029889235
baseline,0,661,0.0,6.61,0.01,0.0182142132915794,1.707744835028217e+17,True,0.9791485827833896,0.0208514172166104,0.5092474446502319,0.49075255534976814
baseline,0,662,0.0,6.62,0.01,0.018215418025909372,1.7391481498928826e+17,True,0.9791485827833896,0.0208514172166104,0.5101848121824017,0.48981518781759814
baseline,0,663,0.0,6.63,0.01,0.018216305492868956,1.771013099160712e+17,True,0.9791485827833896,0.020851417216610352,0.511245592180544,0.488754407819456
baseline,0,664,0.0,6.640000000000001,0.01,0.01821687961129964,1.8033475664879722e+17,True,0.9791485827833896,0.020851417216610376,0.5124239837237679,0.4875760162762321
baseline,0,665,0.0,6.65,0.01,0.018217144438082727,1.8361595855435133e+17,True,0.9791485827833896,0.0208514172166104,0.51371435738021,0.48628564261979007
baseline,0,666,0.0,6.66,0.01,0.01821710416490732,1.8694573350420733e+17,True,0.9791485827833896,0.020851417216610376,0.515111246088765,0.48488875391123504
baseline,0,667,0.0,6.67,0.01,0.01821676311493712,1.9032491210481533e+17,True,0.9791485827833896,0.02085141721661036,0.5166093307995417,0.48339066920045815
baseline,0,668,0.0,6.68,0.01,0.018216125739376293,1.9375433573524637e+17,True,0.9791485827833896,0.020851417216610393,0.5182033723024986,0.4817966276975015
baseline,0,669,0.0,6.69,0.01,0.018215196614196204,1.9723485383893942e+17,True,0.9791485827833896,0.02085141721661037,0.5198882370188725,0.4801117629811275
baseline,0,670,0.0,6.7,0.01,0.018213980436834334,2.0076732324418e+17,True,0.9791485827833896,0.02085141721661037,0.5216590133577265,0.47834098664227354
baseline,0,671,0.0,6.71,0.01,0.01821248202228764,2.0435261630565552e+17,True,0.9791485827833896,0.020851417216610383,0.5235108243825582,0.47648917561744175
baseline,0,672,0.0,6.72,0.01,0.018210706299635573,2.0799161610384208e+17,True,0.9791485827833896,0.0208514172166104,0.5254389429139541,0.4745610570860459
baseline,0,673,0.0,6.73,0.01,0.018208658308355507,2.1168521754227366e+17,True,0.9791485827833896,0.02085141721661037,0.5274387552424465,0.4725612447575535
baseline,0,674,0.0,6.74,0.01,0.018206343194595923,2.154343278082021e+17,True,0.9791485827833896,0.020851417216610383,0.5295057592189183,0.47049424078108165
baseline,0,675,0.0,6.75,0.01,0.01820376620741178,2.1923986654741862e+17,True,0.9791485827833896,0.020851417216610383,0.5316355613553114,0.4683644386446887
baseline,0,676,0.0,6.76,0.01,0.01820093269496533,2.2310276599102714e+17,True,0.9791485827833896,0.02085141721661037,0.5338238739141754,0.4661761260858246
baseline,0,677,0.0,6.7700000000000005,0.01,0.018197848100695913,2.2702397127465667e+17,True,0.9791485827833896,0.0208514172166104,0.5360665129033766,0.46393348709662335
baseline,0,678,0.0,6.78,0.01,0.018194517959461847,2.3100444117157677e+17,True,0.9791485827833896,0.020851417216610383,0.5383593976829295,0.46164060231707044
baseline,0,679,0.0,6.79,0.01,0.018190947893657786,2.3504514941855955e+17,True,0.9791485827833896,0.020851417216610383,0.54069855248104,0.45930144751896007
baseline,0,680,0.0,6.8,0.01,0.0181871436093107,2.3914708671954048e+17,True,0.9791485827833896,0.020851417216610383,0.5430801097868605,0.45691989021313945
baseline,0,681,0.0,6.8100000000000005,0.01,0.018183110892157493,2.433112633690536e+17,True,0.9791485827833896,0.020851417216610383,0.5455003149497473,0.45449968505025273
baseline,0,682,0.0,6.82,0.01,0.018178855603707463,2.4753871220846864e+17,True,0.9791485827833896,0.0208514172166104,0.547955530718289,0.45204446928171105
baseline,0,683,0.0,6.83,0.01,0.01817438367729241,2.5183049130534253e+17,True,0.9791485827833896,0.02085141721661037,0.5504422396034984,0.44955776039650175
baseline,0,684,0.0,6.84,0.01,0.018169701114107293,2.5618768530218653e+17,True,0.9791485827833896,0.02085141721661037,0.552957040918269,0.447042959081731
baseline,0,685,0.0,6.8500000000000005,0.01,0.018164813979244288,2.6061140392505584e+17,True,0.9791485827833896,0.020851417216610393,0.5554966371687845,0.4445033628312156
baseline,0,686,0.0,6.86,0.01,0.018159728397725925,2.6510278370688544e+17,True,0.9791485827833896,0.020851417216610407,0.5580577500124771,0.44194224998752285
baseline,0,687,0.0,6.87,0.01,0.018154450550710112,2.6966298070863763e+17,True,0.9791485827833896,0.0208514172166104,0.5606372625068731,0.43936273749312704
baseline,0,688,0.0,6.88,0.01,0.018148986671541134,2.7429318336232237e+17,True,0.9791485827833896,0.020851417216610383,0.5632321731483896,0.4367678268516104
baseline,0,689,0.0,6.890000000000001,0.01,0.0181433430417829,2.789946209007049e+17,True,0.9791485827833896,0.0208514172166104,0.5658395478896798,0.43416045211032034
baseline,0,690,0.0,6.9,0.01,0.01813752598737906,2.8376855919542518e+17,True,0.9791485827833896,0.020851417216610383,0.5684565721718499,0.43154342782815025
baseline,0,691,0.0,6.91,0.01,0.01813154187479849,2.8861630432311674e+17,True,0.9791485827833896,0.02085141721661037,0.5710805289939819,0.42891947100601824
baseline,0,692,0.0,6.92,0.01,0.018125397107210523,2.935392050834376e+17,True,0.9791485827833896,0.020851417216610383,0.5737087962680399,0.4262912037319599
baseline,0,693,0.0,6.93,0.01,0.018119098120692873,2.9853865519852717e+17,True,0.9791485827833896,0.020851417216610376,0.5763388430055404,0.4236611569944598
baseline,0,694,0.0,6.94,0.01,0.018112651380475284,3.03616095429784e+17,True,0.9791485827833896,0.020851417216610376,0.5789682250877676,0.42103177491223237
baseline,0,695,0.0,6.95,0.01,0.018106063377221607,3.087730158409959e+17,True,0.9791485827833896,0.020851417216610383,0.5815945812864863,0.4184054187135138
baseline,0,696,0.0,6.96,0.01,0.018099340623352982,3.1401095840869786e+17,True,0.9791485827833896,0.0208514172166104,0.5842156300007418,0.4157843699992583
baseline,0,697,0.0,6.97,0.01,0.01809248964941467,3.193315201182668e+17,True,0.9791485827833896,0.020851417216610376,0.5868291668782012,0.41317083312179886
baseline,0,698,0.0,6.98,0.01,0.018085517000488927,3.247363565583825e+17,True,0.9791485827833896,0.020851417216610376,0.5894330632204131,0.41056693677958694
baseline,0,699,0.0,6.99,0.01,0.01807842923265608,3.3022718585176224e+17,True,0.9791485827833896,0.02085141721661037,0.5920252645668641,0.4079747354331359
baseline,0,700,0.0,7.0,0.01,0.018071232909506137,3.3580579246799565e+17,True,0.9791485827833896,0.020851417216610383,0.5946037884509996,0.4053962115490003
baseline,0,701,0.0,7.01,0.01,0.018063934598702706,3.4147403009245856e+17,True,0.9791485827833896,0.020851417216610393,0.5971667195713987,0.4028332804286013
baseline,0,702,0.0,7.0200000000000005,0.01,0.018056540868601208,3.4723382219036486e+17,True,0.9791485827833896,0.020851417216610383,0.5997121999354901,0.40028780006451004
baseline,0,703,0.0,7.03,0.01,0.018049058284923095,3.530871606732124e+17,True,0.9791485827833896,0.020851417216610376,0.6022384040282629,0.3977615959717372
baseline,0,704,0.0,7.04,0.01,0.01804149340749507,3.590361079793948e+17,True,0.9791485827833896,0.020851417216610393,0.6047435039853292,0.39525649601467083
baseline,0,705,0.0,7.05,0.01,0.018033852787077198,3.6508278454276666e+17,True,0.9791485827833896,0.020851417216610393,0.6072257637776725,0.3927742362223275
baseline,0,706,0.0,7.0600000000000005,0.01,0.018026142962200356,3.7122939587151354e+17,True,0.9791485827833896,0.0208514172166104,0.6096834345373306,0.39031656546266935
baseline,0,707,0.0,7.07,0.01,0.018018370456101048,3.774782206947939e+17,True,0.9791485827833896,0.020851417216610376,0.6121147967729423,0.3878852032270576
baseline,0,708,0.0,7.08,0.01,0.01801054177371535,3.838316117032525e+17,True,0.9791485827833896,0.02085141721661037,0.6145181421478144,0.3854818578521857
baseline,0,709,0.0,7.09,0.01,0.018002663398738655,3.9029199557409197e+17,True,0.9791485827833896,0.020851417216610383,0.6168917628296708,0.38310823717032916
baseline,0,710,0.0,7.1000000000000005,0.01,0.01799474179075386,3.968618710308319e+17,True,0.9791485827833896,0.02085141721661037,0.6192339411096799,0.38076605889032006
baseline,0,711,0.0,7.11,0.01,0.017986783382428803,4.035438053270348e+17,True,0.9791485827833896,0.020851417216610383,0.6215429372752255,0.3784570627247746
baseline,0,712,0.0,7.12,0.01,0.017978794576783662,4.103404293246943e+17,True,0.9791485827833896,0.020851417216610383,0.6238169764847918,0.3761830235152081
baseline,0,713,0.0,7.13,0.01,0.017970781744528933,4.172544313723094e+17,True,0.9791485827833896,0.020851417216610383,0.6260542352062382,0.37394576479376185
baseline,0,714,0.0,7.140000000000001,0.01,0.017962751221474393,4.242885501476637e+17,True,0.9791485827833896,0.02085141721661037,0.6282528277449717,0.3717471722550283
baseline,0,715,0.0,7.15,0.01,0.017954709306009564,4.31445566596448e+17,True,0.9791485827833896,0.02085141721661037,0.6304107931176353,0.3695892068823648
baseline,0,716,0.0,7.16,0.01,0.017946662256655792,4.387282949627518e+17,True,0.9791485827833896,0.02085141721661036,0.6325260823501455,0.36747391764985454
baseline,0,717,0.0,7.17,0.01,0.01793861628969029,4.461395727267827e+17,True,0.9791485827833896,0.020851417216610352,0.6345965459294033,0.3654034540705967
baseline,0,718,0.0,7.18,0.01,0.01793057757684216,4.536822489738394e+17,True,0.9791485827833896,0.020851417216610345,0.6366199207561103,0.3633800792438896
baseline,0,719,0.0,7.19,0.01,0.017922552243060413,4.613591702903955e+17,True,0.9791485827833896,0.020851417216610383,0.638593815476222,0.3614061845237781
baseline,0,720,0.0,7.2,0.01,0.017914546364353908,4.6917316274435034e+17,True,0.9791485827833896,0.02085141721661036,0.6405156923813997,0.3594843076186001
baseline,0,721,0.0,7.21,0.01,0.01790656596570312,4.771270076739629e+17,True,0.9791485827833896,0.02085141721661037,0.6423828434723511,0.35761715652764886
baseline,0,722,0.0,7.22,0.01,0.017898617019043418,4.852234080656946e+17,True,0.9791485827833896,0.020851417216610383,0.6441923572155602,0.35580764278443977
baseline,0,723,0.0,7.23,0.01,0.017890705441319647,4.934649495358908e+17,True,0.9791485827833896,0.02085141721661037,0.6459410651600945,0.35405893483990536
baseline,0,724,0.0,7.24,0.01,0.017882837092609506,5.018540629696979e+17,True,0.9791485827833896,0.02085141721661036,0.647625497568964,0.3523745024310361
baseline,0,725,0.0,7.25,0.01,0.01787501777431549,5.10392955004992e+17,True,0.9791485827833896,0.02085141721661037,0.6492419497348102,0.3507580502651897
baseline,0,726,0.0,7.26,0.01,0.01786725322743675,5.190836298789703e+17,True,0.9791485827833896,0.02085141721661036,0.650786368866258,0.34921363113374215
baseline,0,727,0.0,7.2700000000000005,0.01,0.017859549130898978,5.2792779955744435e+17,True,0.9791485827833896,0.020851417216610352,0.6522543590328199,0.3477456409671801
baseline,0,728,0.0,7.28,0.01,0.01785191109995518,5.369268235366257e+17,True,0.9791485827833896,0.02085141721661037,0.6536411277316263,0.34635887226837375
baseline,0,729,0.0,7.29,0.01,0.017844344684653752,5.4608163933521875e+17,True,0.9791485827833896,0.020851417216610352,0.654941440161699,0.34505855983830097
baseline,0,730,0.0,7.3,0.01,0.017836855368372716,5.553926829721179e+17,True,0.9791485827833896,0.020851417216610383,0.6561495692593714,0.3438504307406286
baseline,0,731,0.0,7.3100000000000005,0.01,0.017829448566419086,5.6485979897740134e+17,True,0.9791485827833896,0.02085141721661037,0.6572592399859644,0.34274076001403564
baseline,0,732,0.0,7.32,0.01,0.017822129624692255,5.7448213922646784e+17,True,0.9791485827833896,0.020851417216610383,0.658263567404386,0.341736432595614
baseline,0,733,0.0,7.33,0.01,0.017814903818410326,5.842580497484851e+17,True,0.9791485827833896,0.02085141721661036,0.659154987960496,0.3408450120395039
baseline,0,734,0.0,7.34,0.01,0.017807776350898204,5.941849445247055e+17,True,0.9791485827833896,0.020851417216610376,0.6599251830561105,0.3400748169438894
baseline,0,735,0.0,7.3500000000000005,0.01,0.017800752352436437,6.042591650722508e+17,True,0.9791485827833896,0.020851417216610383,0.6605649935988283,0.3394350064011717
baseline,0,736,0.0,7.36,0.01,0.01779383687916949,6.144758243269178e+17,True,0.9791485827833896,0.020851417216610383,0.6610643236483716,0.3389356763516283
baseline,0,737,0.0,7.37,0.01,0.017787034912072366,6.248286327743191e+17,True,0.9791485827833896,0.020851417216610393,0.6614120307142333,0.3385879692857668
baseline,0,738,0.0,7.38,0.01,0.017780351355974385,6.35309704282777e+17,True,0.9791485827833896,0.020851417216610376,0.6615957992574346,0.33840420074256533
baseline,0,739,0.0,7.390000000000001,0.01,0.017773791038638905,6.459093380753956e+17,True,0.9791485827833896,0.020851417216610393,0.6616019929927075,0.3383980070072925
baseline,0,740,0.0,7.4,0.01,0.017767358709897825,6.566157773913169e+17,True,0.9791485827833896,0.020851417216610383,0.661415478609481,0.33858452139051887
baseline,0,741,0.0,7.41,0.01,0.017761059040837312,6.674149462247896e+17,True,0.9791485827833896,0.02085141721661037,0.6610194242814772,0.33898057571852264
baseline,0,742,0.0,7.42,0.01,0.017754896623029974,6.782901356611244e+17,True,0.9791485827833896,0.020851417216610376,0.6603951012721837,0.33960489872781635
baseline,0,743,0.0,7.43,0.01,0.017748875967828887,6.892217278320051e+17,True,0.9791485827833896,0.020851417216610376,0.6595216033528402,0.3404783966471598
baseline,0,744,0.0,7.44,0.01,0.01774300150570089,7.001868235804507e+17,True,0.9791485827833896,0.02085141721661036,0.6583755554721855,0.34162444452781443
baseline,0,745,0.0,7.45,0.01,0.017737277585610257,7.111588686249128e+17,True,0.9791485827833896,0.02085141721661036,0.6569307527272749,0.3430692472727251
baseline,0,746,0.0,7.46,0.01,0.01773170847444825,7.221072442018042e+17,True,0.9791485827833896,0.020851417216610352,0.6551577407835678,0.34484225921643213
baseline,0,747,0.0,7.47,0.01,0.01772629835650655,7.329968241901183e+17,True,0.9791485827833896,0.020851417216610345,0.6530233197517743,0.3469766802482258
baseline,0,748,0.0,7.48,0.01,0.01772105133299332,7.43787499898899e+17,True,0.9791485827833896,0.02085141721661036,0.6504899556887097,0.3495100443112903
baseline,0,749,0.0,7.49,0.01,0.01771597142159025,7.544336750447359e+17,True,0.9791485827833896,0.02085141721661036,0.6475150807607152,0.3524849192392849
baseline,0,750,0.0,7.5,0.01,0.017711062556049352,7.648837350197969e+17,True,0.9791485827833896,0.020851417216610334,0.6440502588651615,0.35594974113483857
baseline,0,751,0.0,7.51,0.01,0.01770632858582798,7.750794973492822e+17,True,0.9791485827833896,0.02085141721661037,0.6400401878191987,0.35995981218080125
baseline,0,752,0.0,7.5200000000000005,0.01,0.01770177327576075,7.849556534490856e+17,True,0.9791485827833896,0.02085141721661036,0.6354215024554145,0.36457849754458543
baseline,0,753,0.0,7.53,0.01,0.017697400305767105,7.944392161164593e+17,True,0.9791485827833896,0.020851417216610345,0.6301213345896365,0.3698786654103636
baseline,0,754,0.0,7.54,0.01,0.017693213270593137,8.03448993520199e+17,True,0.9791485827833896,0.020851417216610352,0.624055575508376,0.3759444244916239
baseline,0,755,0.0,7.55,0.01,0.01768921567958651,8.118951178535848e+17,True,0.9791485827833896,0.020851417216610352,0.6171267749125345,0.38287322508746535
baseline,0,756,0.0,7.5600000000000005,0.01,0.017685410956503167,8.196786693666255e+17,True,0.9791485827833896,0.020851417216610352,0.6092215962900104,0.3907784037099898
baseline,0,757,0.0,7.57,0.01,0.017681802439344793,8.266914704037716e+17,True,0.9791485827833896,0.02085141721661036,0.6002077330846344,0.39979226691536557
baseline,0,758,0.0,7.58,0.01,0.017678393380222153,8.328161452428502e+17,True,0.9791485827833896,0.020851417216610352,0.5899301986573691,0.4100698013426308
baseline,0,759,0.0,7.59,0.01,0.017675186945236183,8.379263805877304e+17,True,0.9791485827833896,0.020851417216610352,0.5782069508953404,0.4217930491046596
baseline,0,760,0.0,7.6000000000000005,0.01,0.017672186214404643,8.418880700849725e+17,True,0.9791485827833896,0.02085141721661037,0.5648236431237359,0.4351763568762641
baseline,0,761,0.0,7.61,0.01,0.017669394181598422,8.445609428417327e+17,True,0.9791485827833896,0.020851417216610345,0.5495276119182266,0.45047238808177337
baseline,0,762,0.0,7.62,0.01,0.017666813754506773,8.458014717878199e+17,True,0.9791485827833896,0.02085141721661037,0.532021141873839,0.467978858126161
baseline,0,763,0.0,7.63,0.01,0.01766444775462423,8.454673996252468e+17,True,0.9791485827833896,0.02085141721661037,0.5119544643048243,0.48804553569517567
baseline,0,764,0.0,7.640000000000001,0.01,0.017662298917257308,8.434246160816282e+17,True,0.9791485827833896,0.02085141721661037,0.4889194924339301,0.5110805075660699
baseline,0,765,0.0,7.65,0.01,0.01766036989155006,8.395574193918812e+17,True,0.9791485827833896,0.02085141721661037,0.4624464416296793,0.5375535583703206
baseline,0,766,0.0,7.66,0.01,0.01765866324052751,8.337836430481124e+17,True,0.9791485827833896,0.020851417216610383,0.4320076144056943,0.5679923855943056
baseline,0,767,0.0,7.67,0.01,0.01765718144115591,8.260767602301075e+17,True,0.9791485827833896,0.02085141721661037,0.39703652160224345,0.6029634783977565
baseline,0,768,0.0,7.68,0.01,0.01765592688441919,8.164979431943895e+17,True,0.9791485827833896,0.020851417216610345,0.35697739309400534,0.6430226069059946
baseline,0,769,0.0,7.69,0.01,0.017654901875410547,8.052421544530049e+17,True,0.9791485827833896,0.020851417216610376,0.31139168638428466,0.6886083136157154
baseline,0,770,0.0,7.7,0.01,0.017654108633438564,7.927035381673697e+17,True,0.9791485827833896,0.020851417216610376,0.2601658169603672,0.7398341830396329
baseline,0,771,0.0,7.71,0.01,0.017653549292147065,7.795661260653455e+17,True,0.9791485827833896,0.02085141721661037,0.20388589722656328,0.7961141027734367
baseline,0,772,0.0,7.72,0.01,0.017653225899648108,7.669247221636781e+17,True,0.9791485827833896,0.02085141721661037,0.14445560323740964,0.8555443967625903
baseline,0,773,0.0,7.73,0.01,0.017653140418666915,7.564348016110353e+17,True,0.9791485827833896,0.020851417216610383,0.08598311953648968,0.9140168804635104
baseline,0,774,0.0,7.74,0.01,0.017653294726678693,7.504725002235119e+17,True,0.9791485827833896,0.02085141721661037,0.03574318314706325,0.9642568168529368
baseline,0,775,0.0,7.75,0.01,0.017653690616075725,7.522557002146673e+17,True,0.9791485827833896,0.020851417216610376,0.0045084039125105465,0.9954915960874894
baseline,0,776,0.0,7.76,0.01,0.017654329794334712,7.658332369035203e+17,True,0.9791485827833896,0.02085141721661036,0.00490693858326662,0.9950930614167334
baseline,0,777,0.0,7.7700000000000005,0.01,0.01765521388419101,7.958380855467569e+17,True,0.9791485827833896,0.020851417216610327,0.046745856524380444,0.9532541434756197
baseline,0,778,0.0,7.78,0.01,0.01765634442382369,8.469838200419928e+17,True,0.9791485827833896,0.02085141721661036,0.13086115640121473,0.8691388435987853
baseline,0,779,0.0,7.79,0.01,0.017657722867044062,9.234708758785152e+17,True,0.9791485827833898,0.020851417216610324,0.2464576382755674,0.7535423617244327
baseline,0,780,0.0,7.8,0.01,0.01765935058348781,1.0286020074543373e+18,True,0.9791485827833896,0.020851417216610352,0.3754480139453438,0.6245519860546561
baseline,0,781,0.0,7.8100000000000005,0.01,0.017661228858810395,1.1647942843866345e+18,True,0.9791485827833896,0.020851417216610345,0.5005298542786553,0.4994701457213448
baseline,0,782,0.0,7.82,0.01,0.017663358894886096,1.333906557525464e+18,True,0.9791485827833896,0.020851417216610327,0.6106376898522315,0.38936231014776856
baseline,0,783,0.0,7.83,0.01,0.017665741810010453,1.537655354599255e+18,True,0.9791485827833896,0.020851417216610352,0.7015147041010217,0.2984852958989784
baseline,0,784,0.0,7.84,0.01,0.017668378639106492,1.7779505271500114e+18,True,0.9791485827833896,0.020851417216610352,0.7735203483511962,0.2264796516488039
baseline,0,785,0.0,7.8500000000000005,0.01,0.017671270333934737,2.0571049258483215e+18,True,0.9791485827833896,0.020851417216610345,0.829202061527684,0.17079793847231597
baseline,0,786,0.0,7.86,0.01,0.01767441776330731,2.3779454007231846e+18,True,0.9791485827833896,0.020851417216610345,0.8716867293777969,0.12831327062220307
baseline,0,787,0.0,7.87,0.01,0.017677821713306518,2.743867693881372e+18,True,0.9791485827833896,0.020851417216610334,0.903890515441322,0.09610948455867799
baseline,0,788,0.0,7.88,0.01,0.017681482887501813,3.158867043584871e+18,True,0.9791485827833896,0.020851417216610334,0.9282401339549211,0.07175986604507889
baseline,0,789,0.0,7.890000000000001,0.01,0.01768540190712482,3.627565718024946e+18,True,0.9791485827833896,0.02085141721661036,0.9466443130654942,0.05335568693450564
baseline,0,790,0.0,7.9,0.01,0.017689579311309343,4.1552421465552937e+18,True,0.9791485827833896,0.020851417216610352,0.9605607106691877,0.039439289330812394
baseline,0,791,0.0,7.91,0.01,0.017694015557299148,4.747870271693243e+18,True,0.9791485827833896,0.020851417216610352,0.971086669712248,0.028913330287751896
baseline,0,792,0.0,7.92,0.01,0.01769871102066053,5.412168457925243e+18,True,0.9791485827833896,0.020851417216610376,0.9790434098363641,0.02095659016363598
baseline,0,793,0.0,7.930000000000001,0.01,0.017703665995494663,6.155658804894457e+18,True,0.9791485827833896,0.020851417216610334,0.9850449751260547,0.014955024873945321
baseline,0,794,0.0,7.94,0.01,0.017708880694646316,6.98673718277877e+18,True,0.9791485827833896,0.02085141721661037,0.9895514855483337,0.010448514451666375
baseline,0,795,0.0,7.95,0.01,0.01771435524990995,7.914754063472731e+18,True,0.9791485827833896,0.020851417216610352,0.9929090624217287,0.007090937578271353
baseline,0,796,0.0,7.96,0.01,0.017720089712234533,8.950106393025988e+18,True,0.9791485827833896,0.020851417216610352,0.9953793309211573,0.004620669078842697
baseline,0,797,0.0,7.97,0.01,0.017726084051928045,1.0104340908979118e+19,True,0.9791485827833896,0.020851417216610352,0.9971610871990029,0.00283891280099718
baseline,0,798,0.0,7.98,0.01,0.017732338158863173,1.1390269494878364e+19,True,0.9791485827833896,0.02085141721661036,0.9984061926294903,0.0015938073705098375
baseline,0,799,0.0,7.99,0.01,0.017738851842685376,1.2822097352980632e+19,True,0.9791485827833896,0.02085141721661036,0.9992312549248781,0.000768745075121918
baseline,0,800,0.0,8.0,0.01,0.01774562483302472,1.4326365788625392e+19,True,0.9791485827833896,0.020851417216610352,0.9997245827142641,0.00027541728573586826
on_shell_rho_initial_0.95,0,0,0.0,0.0,0.01,0.01,0.0,False,1.0,0.0,1.0,0.0
on_shell_rho_initial_0.95,0,1,0.0,0.01,0.01,0.010032793321263974,0.005788914199597276,False,0.6041230253064234,0.39587697469357663,0.5935366864582946,0.40646331354170545
on_shell_rho_initial_0.95,0,2,0.0,0.02,0.01,0.010063892165506898,0.011478102599200488,False,0.6085084867875554,0.3914915132124446,0.5875162227270934,0.41248377727290664
on_shell_rho_initial_0.95,0,3,0.0,0.03,0.01,0.010093329592779183,0.017070042195436057,False,0.6127675511227746,0.3872324488772254,0.5815457894299564,0.4184542105700436
on_shell_rho_initial_0.95,0,4,0.0,0.04,0.01,0.010121139200346194,0.02256710400212455,False,0.6169973635501267,0.3830026364498733,0.5757201277893156,0.42427987221068447
on_shell_rho_initial_0.95,0,5,0.0,0.05,0.01,0.010147355084846054,0.027971559140393853,False,0.6212099967823134,0.3787900032176867,0.5700486493965153,0.42995135060348466
on_shell_rho_initial_0.95,0,6,0.0,0.06,0.01,0.010172011802655862,0.033285584482836715,False,0.6254079888821826,0.37459201111781737,0.5645311174705389,0.43546888252946114
on_shell_rho_initial_0.95,0,7,0.0,0.07,0.01,0.010195144328754529,0.03851126793098891,False,0.6295919625849425,0.3704080374150575,0.5591653089049515,0.44083469109504847
on_shell_rho_initial_0.95,0,8,0.0,0.08,0.01,0.010216788014366651,0.043650613354145336,False,0.6337620241606151,0.36623797583938483,0.5539484360178515,0.44605156398214857
on_shell_rho_initial_0.95,0,9,0.0,0.09,0.01,0.010236978543648901,0.04870554521510034,False,0.6379181155101802,0.36208188448981987,0.5488775152993526,0.45112248470064736
on_shell_rho_initial_0.95,0,10,0.0,0.1,0.01,0.010255751889686068,0.05367791290612588,False,0.6420601215858083,0.3579398784141918,0.5439494884779726,0.45605051152202736
on_shell_rho_initial_0.95,0,11,0.0,0.11,0.01,0.010273144270026298,0.05856949481641485,False,0.6461879073367646,0.35381209266323543,0.5391612711454958,0.4608387288545042
on_shell_rho_initial_0.95,0,12,0.0,0.12,0.01,0.01028919210199811,0.06338200215032169,False,0.6503013312133827,0.3496986687866173,0.5345097764113509,0.4654902235886491
on_shell_rho_initial_0.95,0,13,0.0,0.13,0.01,0.01030393195802699,0.06811708251402339,False,0.6544002500472695,0.3455997499527305,0.5299919286446146,0.47000807135538536
on_shell_rho_initial_0.95,0,14,0.0,0.14,0.01,0.01031740052115026,0.07277632328669698,False,0.6584845205339179,0.3415154794660821,0.5256046726908516,0.47439532730914835
on_shell_rho_initial_0.95,0,15,0.0,0.15,0.01,0.010329634540937348,0.07736125479093951,False,0.6625539993419675,0.3374460006580326,0.5213449807130238,0.4786550192869761
on_shell_rho_initial_0.95,0,16,0.0,0.16,0.01,0.010340670789974858,0.08187335327594092,False,0.6666085426771413,0.33339145732285874,0.5172098575885153,0.48279014241148466
on_shell_rho_initial_0.95,0,17,0.0,0.17,0.01,0.01035054602109418,0.08631404372582095,False,0.6706480056617125,0.3293519943382876,0.5131963453140292,0.4868036546859708
on_shell_rho_initial_0.95,0,18,0.0,0.18,0.01,0.01035929692549186,0.0906847025045579,False,0.6746722416890465,0.32532775831095345,0.5093015266588427,0.49069847334115735
on_shell_rho_initial_0.95,0,19,0.0,0.19,0.01,0.010366960091874246,0.09498665984806416,False,0.6786811018237118,0.32131889817628834,0.5055225282096082,0.49447747179039186
on_shell_rho_initial_0.95,0,20,0.0,0.2,0.01,0.010373571966759068,0.09922120221314874,False,0.682674434273399,0.3173255657266009,0.5018565228986637,0.49814347710133633
on_shell_rho_initial_0.95,0,21,0.0,0.21,0.01,0.010379168816042655,0.10338957449238972,False,0.6866520839414776,0.3133479160585224,0.4983007320843252,0.5016992679156749
on_shell_rho_initial_0.95,0,22,0.0,0.22,0.01,0.010383786687922643,0.10749298210328896,False,0.6906138920594779,0.3093861079405221,0.4948524272364919,0.5051475727635081
on_shell_rho_initial_0.95,0,23,0.0,0.23,0.01,0.010387461377272264,0.11153259295945962,False,0.6945596958913762,0.30544030410862383,0.491508931268423,0.508491068731577
on_shell_rho_initial_0.95,0,24,0.0,0.24,0.01,0.010390228391535496,0.11550953933105577,False,0.6984893285047182,0.30151067149528177,0.4882676195545132,0.5117323804454869
on_shell_rho_initial_0.95,0,25,0.0,0.25,0.01,0.010392122918204214,0.11942491960116121,False,0.702402618600945,0.297597381399055,0.4851259206668136,0.5148740793331865
on_shell_rho_initial_0.95,0,26,0.0,0.26,0.01,0.010393179793927282,0.12327979992436772,False,0.7062993903958997,0.29370060960410027,0.48208131685794736,0.5179186831420527
on_shell_rho_initial_0.95,0,27,0.0,0.27,0.01,0.010393433475297718,0.12707521579335201,False,0.710179463544572,0.2898205364554281,0.4791313443178996,0.5208686556821004
on_shell_rho_initial_0.95,0,28,0.0,0.28,0.01,0.010392918011333503,0.13081217351888255,False,0.7140426531050558,0.28595734689494434,0.47627359322991125,0.5237264067700886
on_shell_rho_initial_0.95,0,29,0.0,0.29,0.01,0.010391667017687881,0.1344916516283184,False,0.7178887695343255,0.2821112304656746,0.47350570764517386,0.5264942923548261
on_shell_rho_initial_0.95,0,30,0.0,0.3,0.01,0.010389713652578375,0.13811460218729152,False,0.7217176187115071,0.27828238128849303,0.4708253851970281,0.5291746148029719
on_shell_rho_initial_0.95,0,31,0.0,0.31,0.01,0.010387090594463919,0.14168195204901954,False,0.7255290019870221,0.2744709980129779,0.4682303766755514,0.5317696233244487
on_shell_rho_initial_0.95,0,32,0.0,0.32,0.01,0.010383830021438964,0.14519460403536846,False,0.7293227162523944,0.2706772837476056,0.46571848547743244,0.5342815145225674
on_shell_rho_initial_0.95,0,33,0.0,0.33,0.01,0.010379963592345642,0.1486534380535169,False,0.7330985540275942,0.26690144597240584,0.46328756694634754,0.5367124330536525
on_shell_rho_initial_0.95,0,34,0.0,0.34,0.01,0.010375522429581443,0.15205931215183952,False,0.7368563035645542,0.26314369643544583,0.46093552761917245,0.5390644723808274
on_shell_rho_initial_0.95,0,35,0.0,0.35000000000000003,0.01,0.010370537103568646,0.15541306351841472,False,0.7405957489649859,0.25940425103501413,0.4586603243910696,0.5413396756089304
on_shell_rho_initial_0.95,0,36,0.0,0.36,0.01,0.010365037618868107,0.15871550942534127,False,0.7443166703099876,0.25568332969001245,0.45645996361018754,0.5435400363898125
on_shell_rho_initial_0.95,0,37,0.0,0.37,0.01,0.010359053401887247,0.16196744812181543,False,0.7480188437991095,0.2519811562008905,0.4543325001117703,0.5456674998882297
on_shell_rho_initial_0.95,0,38,0.0,0.38,0.01,0.010352613290134574,0.16516965967879307,False,0.7517020418994734,0.24829795810052657,0.45227603620342277,0.5477239637965772
on_shell_rho_initial_0.95,0,39,0.0,0.39,0.01,0.010345745523009578,0.1683229067878993,False,0.755366033504326,0.24463396649567407,0.45028872061061626,0.5497112793893838
on_shell_rho_initial_0.95,0,40,0.0,0.4,0.01,0.010338477734039054,0.17142793551703533,False,0.7590105840982097,0.24098941590179035,0.4483687473881734,0.5516312526118266
on_shell_rho_initial_0.95,0,41,0.0,0.41000000000000003,0.01,0.01033083694453462,0.1744854760250122,False,0.7626354559284383,0.23736454407156168,0.4465143548053921,0.5534856451946079
on_shell_rho_initial_0.95,0,42,0.0,0.42,0.01,0.010322849558606361,0.17749624323742674,False,0.7662404081831725,0.2337595918168275,0.44472382421226414,0.5552761757877358
on_shell_rho_initial_0.95,0,43,0.0,0.43,0.01,0.010314541359476964,0.18046093748586178,False,0.7698251971756526,0.23017480282434738,0.44299547889266194,0.5570045211073381
on_shell_rho_initial_0.95,0,44,0.0,0.44,0.01,0.010305937507051357,0.18338024511236187,False,0.7733895765329698,0.2266104234670301,0.44132768290819346,0.5586723170918065
on_shell_rho_initial_0.95,0,45,0.0,0.45,0.01,0.010297062536681929,0.18625483904101925,False,0.7769332973882564,0.2230667026117436,0.4397188399364391,0.5602811600635609
on_shell_rho_initial_0.95,0,46,0.0,0.46,0.01,0.0102879403590172,0.18908537931835898,False,0.7804561085771873,0.21954389142281272,0.4381673921094947,0.5618326078905053
on_shell_rho_initial_0.95,0,47,0.0,0.47000000000000003,0.01,0.010278594260977405,0.1918725136243419,False,0.7839577568402146,0.21604224315978537,0.4366718188579788,0.5633281811420213
on_shell_rho_initial_0.95,0,48,0.0,0.48,0.01,0.01026904690770822,0.19461687775537914,False,0.7874379870269308,0.21256201297306923,0.4352306357601236,0.5647693642398764
on_shell_rho_initial_0.95,0,49,0.0,0.49,0.01,0.01025932034549248,0.19731909608090478,False,0.7908965423033308,0.20910345769666902,0.43384239339979197,0.5661576066002081
on_shell_rho_initial_0.95,0,50,0.0,0.5,0.01,0.01024943600555342,0.19997978197487998,False,0.7943331643619618,0.20566683563803817,0.4325056762362768,0.5674943237637233
on_shell_rho_initial_0.95,0,51,0.0,0.51,0.01,0.010239414708687432,0.20259953822358553,False,0.7977475936351281,0.20225240636487188,0.43121910148848935,0.5687808985115107
on_shell_rho_initial_0.95,0,52,0.0,0.52,0.01,0.010229276670672112,0.2051789574109626,False,0.8011395695109543,0.19886043048904578,0.4299813180354304,0.5700186819645696
on_shell_rho_initial_0.95,0,53,0.0,0.53,0.01,0.010219041508402544,0.20771862228267132,False,0.8045088305511027,0.19549116944889727,0.4287910053332578,0.5712089946667421
on_shell_rho_initial_0.95,0,54,0.0,0.54,0.01,0.010208728246707597,0.21021910609001554,False,0.8078551147092575,0.19214488529074253,0.42764687234925836,0.5723531276507416
on_shell_rho_initial_0.95,0,55,0.0,0.55,0.01,0.010198355325717877,0.21268097291466959,False,0.8111781595508086,0.18882184044919123,0.4265476565152709,0.5734523434847291
on_shell_rho_initial_0.95,0,56,0.0,0.56,0.01,0.010187940608846237,0.21510477797555802,False,0.8144777024765005,0.1855222975234994,0.4254921227045367,0.5745078772954633
on_shell_rho_initial_0.95,0,57,0.0,0.5700000000000001,0.01,0.010177501391265007,0.21749106791858255,False,0.8177534809460983,0.18224651905390166,0.42447906222853526,0.5755209377714647
on_shell_rho_initial_0.95,0,58,0.0,0.58,0.01,0.010167054408835339,0.2198403810902212,False,0.8210052327027458,0.17899476729725416,0.42350729185523406,0.5764927081447659
on_shell_rho_initial_0.95,0,59,0.0,0.59,0.01,0.010156615847453091,0.22215324779584386,False,0.8242326959977258,0.17576730400227414,0.42257565284926113,0.577424347150739
on_shell_rho_initial_0.95,0,60,0.0,0.6,0.01,0.010146201352759442,0.2244301905436137,False,0.8274356098159451,0.17256439018405487,0.421683010035027,0.578316989964973
on_shell_rho_initial_0.95,0,61,0.0,0.61,0.01,0.010135826040173043,0.22667172427481488,False,0.8306137141023677,0.16938628589763222,0.4208282508836374,0.5791717491163626
on_shell_rho_initial_0.95,0,62,0.0,0.62,0.01,0.010125504505205477,0.22887835658137015,False,0.8337667499890844,0.16623325001091566,0.42001028462365236,0.5799897153763476
on_shell_rho_initial_0.95,0,63,0.0,0.63,0.01,0.01011525083402675,0.23105058791123867,False,0.8368944600219017,0.16310553997809824,0.4192280413745193,0.5807719586254808
on_shell_rho_initial_0.95,0,64,0.0,0.64,0.01,0.010105078614252146,0.23318891176238654,False,0.839996588385427,0.1600034116145729,0.41848047130131616,0.581519528698684
on_shell_rho_initial_0.95,0,65,0.0,0.65,0.01,0.010095000945867273,0.23529381486589726,False,0.8430728811268567,0.15692711887314317,0.4177665437916441,0.582233456208356
on_shell_rho_initial_0.95,0,66,0.0,0.66,0.01,0.010085030452272803,0.2373657773590697,False,0.8461230863810525,0.15387691361894756,0.4170852466584331,0.5829147533415668
on_shell_rho_initial_0.95,0,67,0.0,0.67,0.01,0.01007517929149813,0.23940527294926847,False,0.8491469545960041,0.15085304540399597,0.41643558536708813,0.5835644146329119
on_shell_rho_initial_0.95,0,68,0.0,0.68,0.01,0.010065459167445149,0.24141276906864587,False,0.8521442387549767,0.14785576124502334,0.4158165822824893,0.5841834177175108
on_shell_rho_initial_0.95,0,69,0.0,0.6900000000000001,0.01,0.010055881341191491,0.24338872702061426,False,0.8551146945974915,0.14488530540250866,0.41522727593840747,0.5847727240615926
on_shell_rho_initial_0.95,0,70,0.0,0.7000000000000001,0.01,0.010046456642313026,0.24533360211849506,False,0.858058080838457,0.141941919161543,0.414666720328608,0.5853332796713919
on_shell_rho_initial_0.95,0,71,0.0,0.71,0.01,0.010037195480200578,0.2472478438169388,False,0.8609741593857914,0.13902584061420864,0.4141339842200754,0.5858660157799246
on_shell_rho_initial_0.95,0,72,0.0,0.72,0.01,0.010028107855348923,0.2491318958366554,False,0.8638626955565649,0.13613730444343508,0.41362815048844626,0.5863718495115537
on_shell_rho_initial_0.95,0,73,0.0,0.73,0.01,0.010019203370599106,0.25098619628295454,False,0.8667234582914197,0.13327654170858022,0.41314831547530806,0.5868516845246919
on_shell_rho_initial_0.95,0,74,0.0,0.74,0.01,0.010010491242317928,0.25281117775849365,False,0.8695562203662891,0.13044377963371098,0.4126935883658522,0.5873064116341479
on_shell_rho_initial_0.95,0,75,0.0,0.75,0.01,0.010001980311501239,0.2546072674705491,False,0.8723607585997246,0.12763924140027527,0.4122630905840751,0.5877369094159249
on_shell_rho_initial_0.95,0,76,0.0,0.76,0.01,0.009993679054780909,0.25637488733329544,False,0.8751368540557848,0.12486314594421527,0.411855955204986,0.5881440447950139
on_shell_rho_initial_0.95,0,77,0.0,0.77,0.01,0.009985595595246179,0.2581144540653984,False,0.8778842922445445,0.12211570775545544,0.41147132638800893,0.588528673611991
on_shell_rho_initial_0.95,0,78,0.0,0.78,0.01,0.009977737713216575,0.25982637928424174,False,0.8806028633228268,0.1193971366771732,0.41110835883431207,0.5888916411656879
on_shell_rho_initial_0.95,0,79,0.0,0.79,0.01,0.009970112856842548,0.2615110695960063,False,0.8832923622882155,0.1167076377117845,0.41076621725809825,0.5892337827419019
on_shell_rho_initial_0.95,0,80,0.0,0.8,0.01,0.00996272815254871,0.2631689266823935,False,0.8859525891683067,0.11404741083169333,0.4104440758741703,0.5895559241258297
on_shell_rho_initial_0.95,0,81,0.0,0.81,0.01,0.009955590415315746,0.2648003473843218,False,0.8885833492051934,0.11141665079480663,0.41014111790167457,0.5898588820983255
on_shell_rho_initial_0.95,0,82,0.0,0.8200000000000001,0.01,0.009948706158786683,0.26640572378292043,False,0.8911844530348535,0.1088155469651465,0.40985653508329983,0.5901434649167002
on_shell_rho_initial_0.95,0,83,0.0,0.8300000000000001,0.01,0.00994208160518997,0.267985443278219,False,0.8937557168616389,0.10624428313836114,0.4095895272200702,0.5904104727799299
on_shell_rho_initial_0.95,0,84,0.0,0.84,0.01,0.00993572269507333,0.2695398886658987,False,0.8962969626278326,0.10370303737216734,0.40933930172154337,0.5906606982784567
on_shell_rho_initial_0.95,0,85,0.0,0.85,0.01,0.009929635096843668,0.2710694382124014,False,0.8988080181778584,0.10119198182214169,0.4091050731705294,0.5908949268294706
on_shell_rho_initial_0.95,0,86,0.0,0.86,0.01,0.009923824216109727,0.27257446572856486,False,0.9012887174160128,0.09871128258398715,0.40888606290008755,0.5911139370999124
on_shell_rho_initial_0.95,0,87,0.0,0.87,0.01,0.00991829520482539,0.2740553406417315,False,0.9037389004556912,0.09626109954430884,0.4086814985786203,0.5913185014213798
on_shell_rho_initial_0.95,0,88,0.0,0.88,0.01,0.009913052970232544,0.27551242806626863,False,0.9061584137584687,0.09384158624153134,0.4084906137991674,0.5915093862008327
on_shell_rho_initial_0.95,0,89,0.0,0.89,0.01,0.009908102183557074,0.2769460888733073,False,0.9085471102666056,0.0914528897333944,0.408312647678781,0.5916873523212189
on_shell_rho_initial_0.95,0,90,0.0,0.9,0.01,0.009903447288498386,0.2783566797603941,False,0.9109048495318036,0.08909515046819637,0.40814684447344907,0.591853155526551
on_shell_rho_initial_0.95,0,91,0.0,0.91,0.01,0.009899092509545309,0.279744553320627,False,0.913231497835037,0.08676850216496305,0.4079924531978055,0.5920075468021945
on_shell_rho_initial_0.95,0,92,0.0,0.92,0.01,0.009895041860040144,0.28111005811055306,False,0.9155269282940843,0.08447307170591555,0.40784872724232635,0.5921512727576737
on_shell_rho_initial_0.95,0,93,0.0,0.93,0.01,0.009891299150037194,0.28245353871747786,False,0.9177910209614809,0.08220897903851902,0.4077149239916997,0.5922850760083003
on_shell_rho_initial_0.95,0,94,0.0,0.9400000000000001,0.01,0.00988786799394244,0.2837753358260032,False,0.9200236629119225,0.07997633708807748,0.4075903044411712,0.5924096955588287
on_shell_rho_initial_0.95,0,95,0.0,0.9500000000000001,0.01,0.009884751817935331,0.2850757862837871,False,0.9222247483190419,0.07777525168095813,0.40747413280905437,0.5925258671909457
on_shell_rho_initial_0.95,0,96,0.0,0.96,0.01,0.009881953867174196,0.2863552231664666,False,0.9243941785216304,0.0756058214783696,0.4073656761438797,0.5926343238561204
on_shell_rho_initial_0.95,0,97,0.0,0.97,0.01,0.009879477212787358,0.28761397584161885,False,0.9265318620791206,0.07346813792087928,0.40726420392385104,0.5927357960761489
on_shell_rho_initial_0.95,0,98,0.0,0.98,0.01,0.009877324758652503,0.2888523700313629,False,0.9286377148154417,0.07136228518455832,0.4071689876444643,0.5928310123555357
on_shell_rho_initial_0.95,0,99,0.0,0.99,0.01,0.009875499247967337,0.29007072787283306,False,0.9307116598493972,0.0692883401506028,0.4070793003874336,0.5929206996125663
on_shell_rho_initial_0.95,0,100,0.0,1.0,0.01,0.009874003269614913,0.29126936797519276,False,0.9327536276084931,0.06724637239150691,0.4069944163602493,0.5930055836397508
on_shell_rho_initial_0.95,0,101,0.0,1.01,0.01,0.009872839264326938,0.29244860547131424,False,0.9347635558234714,0.06523644417652862,0.40691361039564194,0.5930863896043581
on_shell_rho_initial_0.95,0,102,0.0,1.02,0.01,0.009872009530607946,0.2936087520672352,False,0.9367413895141073,0.06325861048589271,0.40683615742808893,0.593163842571911
on_shell_rho_initial_0.95,0,103,0.0,1.03,0.01,0.009871516230480907,0.2947501160870989,False,0.9386870809649741,0.06131291903502585,0.4067613319435612,0.5932386680564388
on_shell_rho_initial_0.95,0,104,0.0,1.04,0.01,0.0098713613950504,0.2958730025103953,False,0.9406005896825264,0.05939941031747354,0.4066884073753271,0.5933115926246728
on_shell_rho_initial_0.95,0,105,0.0,1.05,0.01,0.009871546929849652,0.2969777130008011,False,0.9424818823340285,0.05751811766597148,0.4066166554375586,0.5933833445624414
on_shell_rho_initial_0.95,0,106,0.0,1.06,0.01,0.009872074620002474,0.2980645459242407,False,0.9443309326690731,0.055669067330926914,0.40654534539162623,0.5934546546083738
on_shell_rho_initial_0.95,0,107,0.0,1.07,0.01,0.00987294613519417,0.2991337963546085,False,0.946147721424032,0.05385227857596799,0.40647374323531615,0.5935262567646838
on_shell_rho_initial_0.95,0,108,0.0,1.08,0.01,0.009874163034455504,0.3001857560647659,False,0.9479322362096178,0.05206776379038229,0.40640111080466723,0.5935988891953328
on_shell_rho_initial_0.95,0,109,0.0,1.09,0.01,0.009875726770763822,0.3012207135004448,False,0.9496844713825312,0.05031552861746886,0.4063267047787112,0.5936732952212888
on_shell_rho_initial_0.95,0,110,0.0,1.1,0.01,0.009877638695465695,0.30223895373406723,False,0.9514044279015279,0.048595572098472165,0.40624977557439,0.59375022442561
on_shell_rho_initial_0.95,0,111,0.0,1.11,0.01,0.00987990006252551,0.30324075839476927,False,0.9530921131674966,0.046907886832503444,0.4061695661149034,0.5938304338850966
on_shell_rho_initial_0.95,0,112,0.0,1.12,0.01,0.009882512032604509,0.3042264055696331,False,0.954747540845705,0.04525245915429489,0.4060853104480843,0.5939146895519157
on_shell_rho_initial_0.95,0,113,0.0,1.1300000000000001,0.01,0.009885475676975019,0.3051961696694381,False,0.9563707306666103,0.04362926933338973,0.4059962321823664,0.5940037678176335
on_shell_rho_initial_0.95,0,114,0.0,1.1400000000000001,0.01,0.009888791981274259,0.3061503212496539,False,0.9579617082012177,0.042038291798782323,0.4059015427036279,0.5940984572963722
on_shell_rho_initial_0.95,0,115,0.0,1.1500000000000001,0.01,0.009892461849070413,0.3070891267922854,False,0.9595205046316291,0.040479495368371005,0.4058004391999213,0.5941995608000786
on_shell_rho_initial_0.95,0,116,0.0,1.16,0.01,0.009896486105286768,0.3080128484390311,False,0.961047156516931,0.03895284348306913,0.4056921024749769,0.5943078975250232
on_shell_rho_initial_0.95,0,117,0.0,1.17,0.01,0.009900865499489476,0.30892174365761493,False,0.9625417055372805,0.03745829446271957,0.40557569446611635,0.5944243055338837
on_shell_rho_initial_0.95,0,118,0.0,1.18,0.01,0.009905600709006866,0.30981606484162494,False,0.9640041982269326,0.035995801773067465,0.4054503554481761,0.5945496445518238
on_shell_rho_initial_0.95,0,119,0.0,1.19,0.01,0.00991069234190914,0.310696058827366,False,0.965434685695043,0.03456531430495704,0.40531520088346845,0.5946847991165315
on_shell_rho_initial_0.95,0,120,0.0,1.2,0.01,0.009916140939843622,0.31156196631891486,False,0.9668332233391485,0.03316677666085157,0.4051693178795961,0.594830682120404
on_shell_rho_initial_0.95,0,121,0.0,1.21,0.01,0.009921946980729637,0.3124140212083112,False,0.9681998705546245,0.0318001294453755,0.4050117612102694,0.5949882387897306
on_shell_rho_initial_0.95,0,122,0.0,1.22,0.01,0.00992811088131701,0.3132524497774811,False,0.96953469044524,0.03046530955475995,0.4048415488539671,0.5951584511460328
on_shell_rho_initial_0.95,0,123,0.0,1.23,0.01,0.009934632999612256,0.3140774697662684,False,0.9708377495392713,0.02916225046072876,0.40465765699663264,0.5953423430033674
on_shell_rho_initial_0.95,0,124,0.0,1.24,0.01,0.009941513637176576,0.3148892892882809,False,0.9721091175147147,0.027890882485285318,0.4044590144329428,0.5955409855670571
on_shell_rho_initial_0.95,0,125,0.0,1.25,0.01,0.009948753041299744,0.31568810557230526,False,0.9733488669353637,0.026651133064636307,0.404244496283457,0.595755503716543
on_shell_rho_initial_0.95,0,126,0.0,1.26,0.01,0.009956351407054085,0.3164741035017948,False,0.974557072997112,0.02544292700288801,0.4040129169213062,0.5959870830786937
on_shell_rho_initial_0.95,0,127,0.0,1.27,0.01,0.009964308879232346,0.31724745391814835,False,0.9757338132844411,0.024266186715558934,0.40376302199110764,0.5962369780088924
on_shell_rho_initial_0.95,0,128,0.0,1.28,0.01,0.009972625554144122,0.3180083116835591,False,0.976879167571248,0.02312083242875198,0.403493479523224,0.596506520476776
on_shell_rho_initial_0.95,0,129,0.0,1.29,0.01,0.009981301481317725,0.3187568134804851,False,0.9779932176801476,0.022006782319852505,0.40320287007554567,0.5967971299244542
on_shell_rho_initial_0.95,0,130,0.0,1.3,0.01,0.009990336665096541,0.31949307526153936,False,0.9790760473648719,0.020923952635128158,0.4028896756215009,0.5971103243784991
on_shell_rho_initial_0.95,0,131,0.0,1.31,0.01,0.009999731066117287,0.3202171893619335,False,0.9801277422592671,0.01987225774073277,0.40255226715280074,0.5974477328471992
on_shell_rho_initial_0.95,0,132,0.0,1.32,0.01,0.01000948460269032,0.3209292212027903,False,0.9811483898865587,0.018851610113441296,0.4021888908031472,0.5978111091968528
on_shell_rho_initial_0.95,0,133,0.0,1.33,0.01,0.010019597152075517,0.3216292055389979,False,0.9821380797399819,0.017861920260018066,0.40179765231851816,0.5982023476814818
on_shell_rho_initial_0.95,0,134,0.0,1.34,0.01,0.010030068551656886,0.3223171422002954,False,0.9830969034492834,0.016903096550716607,0.40137649970004696,0.598623500299953
on_shell_rho_initial_0.95,0,135,0.0,1.35,0.01,0.010040898600019109,0.3229929912691398,False,0.9840249550486985,0.015975044951301427,0.4009232038328332,0.5990767961671668
on_shell_rho_initial_0.95,0,136,0.0,1.36,0.01,0.010052087057929203,0.32365666763386575,False,0.9849223313618044,0.015077668638195622,0.40043533689113553,0.5995646631088645
on_shell_rho_initial_0.95,0,137,0.0,1.37,0.01,0.010063633649226598,0.32430803484794457,False,0.9857891325167052,0.014210867483294759,0.3999102482760479,0.6000897517239521
on_shell_rho_initial_0.95,0,138,0.0,1.3800000000000001,0.01,0.010075538061624858,0.3249468982151688,False,0.9866254626015056,0.0133745373984944,0.3993450377932859,0.6006549622067142
on_shell_rho_initial_0.95,0,139,0.0,1.3900000000000001,0.01,0.010087799947428443,0.32557299700804304,False,0.987431430466012,0.012568569533988003,0.39873652571685836,0.6012634742831416
on_shell_rho_initial_0.95,0,140,0.0,1.4000000000000001,0.01,0.010100418924167886,0.3261859957069404,False,0.9882071506688718,0.011792849331128202,0.3980812192947865,0.6019187807052135
on_shell_rho_initial_0.95,0,141,0.0,1.41,0.01,0.01011339457515685,0.32678547414858283,False,0.988952744574254,0.01104725542574611,0.3973752752143227,0.6026247247856773
on_shell_rho_initial_0.95,0,142,0.0,1.42,0.01,0.01012672644995361,0.3273709164003993,False,0.9896683415981944,0.010331658401805598,0.39661445754639885,0.6033855424536011
on_shell_rho_initial_0.95,0,143,0.0,1.43,0.01,0.010140414064707759,0.3279416984657785,False,0.9903540807213721,0.00964591927862789,0.3957940913454627,0.6042059086545374
on_shell_rho_initial_0.95,0,144,0.0,1.44,0.01,0.010154456902541253,0.32849707470487444,False,0.9910101122192535,0.008989887780746532,0.39490901100666187,0.6050909889933381
on_shell_rho_initial_0.95,0,145,0.0,1.45,0.01,0.010168854413721217,0.32903616208967185,False,0.9916365993757258,0.008363400624274262,0.39395350143860447,0.6060464985613955
on_shell_rho_initial_0.95,0,146,0.0,1.46,0.01,0.01018360601583602,0.329557923272701,False,0.9922337205810701,0.00776627941892998,0.3929212337084976,0.6070787662915025
on_shell_rho_initial_0.95,0,147,0.0,1.47,0.01,0.010198711093900924,0.33006114759592625,False,0.9928016715131885,0.007198328486811445,0.3918051927585575,0.6081948072414425
on_shell_rho_initial_0.95,0,148,0.0,1.48,0.01,0.010214169000388131,0.3305444299487764,False,0.9933406673962478,0.0066593326037521425,0.3905975962768594,0.6094024037231406
on_shell_rho_initial_0.95,0,149,0.0,1.49,0.01,0.010229979055183934,0.33100614729531763,False,0.9938509453011561,0.006149054698843864,0.38928980370639343,0.6107101962936066
on_shell_rho_initial_0.95,0,150,0.0,1.5,0.01,0.010246140545475624,0.33144443269512697,False,0.9943327664340668,0.005667233565933305,0.38787221428984303,0.6121277857101569
on_shell_rho_initial_0.95,0,151,0.0,1.51,0.01,0.010262652725571038,0.33185714664275295,False,0.9947864183302683,0.00521358166973181,0.3863341529142981,0.6136658470857019
on_shell_rho_initial_0.95,0,152,0.0,1.52,0.01,0.010279514816653535,0.33224184556667663,False,0.9952122168357591,0.004787783164240861,0.38466374237797,0.61533625762203
on_shell_rho_initial_0.95,0,153,0.0,1.53,0.01,0.010296726006475434,0.332595747343724,False,0.9956105077107231,0.004389492289276847,0.3828477605121467,0.6171522394878532
on_shell_rho_initial_0.95,0,154,0.0,1.54,0.01,0.010314285448992953,0.332915693697701,False,0.9959816676257791,0.004018332374220953,0.3808714803443806,0.6191285196556193
on_shell_rho_initial_0.95,0,155,0.0,1.55,0.01,0.01033219226394581,0.33319810938074834,False,0.9963261042435789,0.003673895756421118,0.37871849120202006,0.6212815087979799
on_shell_rho_initial_0.95,0,156,0.0,1.56,0.01,0.01035044553638483,0.3334389580551029,False,0.9966442549747776,0.0033557450252224507,0.37637049827097385,0.6236295017290261
on_shell_rho_initial_0.95,0,157,0.0,1.57,0.01,0.010369044316150986,0.33363369481881394,False,0.9969365838662554,0.003063416133744623,0.37380709765797343,0.6261929023420265
on_shell_rho_initial_0.95,0,158,0.0,1.58,0.01,0.010387987617309411,0.33377721536431565,False,0.9972035759132585,0.00279642408674153,0.3710055234622666,0.6289944765377334
on_shell_rho_initial_0.95,0,159,0.0,1.59,0.01,0.010407274417542207,0.33386380178435543,False,0.9974457278668146,0.002554272133185316,0.3679403626711129,0.6320596373288871
on_shell_rho_initial_0.95,0,160,0.0,1.6,0.01,0.010426903657503902,0.33388706521657807,False,0.9976635343418271,0.0023364656581728372,0.364583233184985,0.6354167668150151
on_shell_rho_initial_0.95,0,161,0.0,1.61,0.01,0.010446874240128955,0.33383988933153186,False,0.9978574681952456,0.0021425318047544693,0.3609024278419972,0.6390975721580027
on_shell_rho_initial_0.95,0,162,0.0,1.62,0.01,0.010467185029487912,0.3337143651951326,False,0.9980279521784745,0.0019720478215254954,0.356862512652182,0.6431374873478181
on_shell_rho_initial_0.95,0,163,0.0,1.6300000000000001,0.01,0.010487834850191936,0.33350173659645616,False,0.9981753212561252,0.001824678743874913,0.3524239017920462,0.6475760982079539
on_shell_rho_initial_0.95,0,164,0.0,1.6400000000000001,0.01,0.010508822486575914,0.33319234928989255,False,0.9982997705193343,0.0017002294806657242,0.3475423862534273,0.6524576137465726
on_shell_rho_initial_0.95,0,165,0.0,1.6500000000000001,0.01,0.010530146681696089,0.33277559872898294,False,0.998401283523155,0.0015987164768449641,0.3421686089598107,0.6578313910401893
on_shell_rho_initial_0.95,0,166,0.0,1.6600000000000001,0.01,0.010551806136384153,0.33223989275114924,False,0.9984795365116028,0.0015204634883971475,0.33624751413218296,0.6637524858678169
on_shell_rho_initial_0.95,0,167,0.0,1.67,0.01,0.010573799508249828,0.33157263060453235,False,0.9985337699225154,0.001466230077484537,0.32971777542974295,0.6702822245702571
on_shell_rho_initial_0.95,0,168,0.0,1.68,0.01,0.01059612541063478,0.3307602065126792,False,0.9985626165914592,0.001437383408540825,0.32251122665420767,0.6774887733457924
on_shell_rho_initial_0.95,0,169,0.0,1.69,0.01,0.010618782411520635,0.3297880484283632,False,0.9985638726360475,0.0014361273639524246,0.3145523356353792,0.6854476643646209
on_shell_rho_initial_0.95,0,170,0.0,1.7,0.01,0.010641769032394215,0.32864070608261936,False,0.9985341925411627,0.0014658074588372737,0.3057577874347879,0.694242212565212
on_shell_rho_initial_0.95,0,171,0.0,1.71,0.01,0.01066508374707312,0.32730200696945044,False,0.9984686842887396,0.0015313157112604465,0.2960362818843589,0.7039637181156412
on_shell_rho_initial_0.95,0,172,0.0,1.72,0.01,0.010688724980495015,0.3257553047978942,False,0.9983603733796415,0.0016396266203585305,0.28528870912359205,0.7147112908764081
on_shell_rho_initial_0.95,0,173,0.0,1.73,0.01,0.010712691107474135,0.32398385252160544,False,0.9981994964461746,0.0018005035538254841,0.2734089544535476,0.7265910455464523
on_shell_rho_initial_0.95,0,174,0.0,1.74,0.01,0.010736980451428678,0.32197134168117014,False,0.9979725766459705,0.0020274233540295496,0.2602857134786367,0.7397142865213634
on_shell_rho_initial_0.95,0,175,0.0,1.75,0.01,0.010761591283082997,0.3197026619095369,False,0.9976612262930448,0.002338773706955343,0.2458058879081623,0.7541941120918377
on_shell_rho_initial_0.95,0,176,0.0,1.76,0.01,0.010786521819148734,0.3171649493055098,False,0.9972406219777413,0.0027593780222585776,0.22986040382765344,0.7701395961723465
on_shell_rho_initial_0.95,0,177,0.0,1.77,0.01,0.01081177022098911,0.31434900999087206,False,0.9966776134783947,0.0033223865216053827,0.21235367249341483,0.7876463275065851
on_shell_rho_initial_0.95,0,178,0.0,1.78,0.01,0.010837334593271077,0.3112512249828442,False,0.9959284786771649,0.004071521322835043,0.19321841791331806,0.806781582086682
on_shell_rho_initial_0.95,0,179,0.0,1.79,0.01,0.010863212982610006,0.30787606677326357,False,0.9949364568799584,0.005063543120041624,0.1724382263208147,0.8275617736791853
on_shell_rho_initial_0.95,0,180,0.0,1.8,0.01,0.010889403376172908,0.3042394364230147,False,0.9936294554031077,0.006370544596892447,0.1500809614829632,0.8499190385170368
on_shell_rho_initial_0.95,0,181,0.0,1.81,0.01,0.01091590369968087,0.3003726737270785,False,0.9919186911887559,0.008081308811244177,0.12634599416706546,0.8736540058329346
on_shell_rho_initial_0.95,0,182,0.0,1.82,0.01,0.010942711816321152,0.2963278286337303,False,0.9896999533268279,0.010300046673172074,0.10162921126192254,0.8983707887380775
on_shell_rho_initial_0.95,0,183,0.0,1.83,0.01,0.010969825525325296,0.29218386483083447,False,0.986860129262269,0.013139870737731069,0.07660619057505579,0.9233938094249441
on_shell_rho_initial_0.95,0,184,0.0,1.84,0.01,0.010997242560343663,0.28805371851190675,False,0.9832930564810529,0.016706943518947043,0.05232926131639738,0.9476707386836026
on_shell_rho_initial_0.95,0,185,0.0,1.85,0.01,0.011024960587900961,0.28409189911668387,False,0.9789297226674267,0.021070277332573228,0.030323740749196363,0.9696762592508036
on_shell_rho_initial_0.95,0,186,0.0,1.86,0.01,0.011052977205842631,0.28050183428999725,False,0.9737867031380956,0.026213296861904406,0.012652676908134486,0.9873473230918656
on_shell_rho_initial_0.95,0,187,0.0,1.87,0.01,0.011081289941770479,0.2775419133775809,False,0.9680310106433432,0.03196898935665683,0.0019029391908422977,0.9980970608091577
on_shell_rho_initial_0.95,0,188,0.0,1.8800000000000001,0.01,0.011109896251465955,0.27552909815579024,False,0.9620468407786252,0.03795315922137475,0.001039528244766553,0.9989604717552335
on_shell_rho_initial_0.95,0,189,0.0,1.8900000000000001,0.01,0.011138793517299343,0.2748393305488691,False,0.9564718020746023,0.04352819792539784,0.013095167688511423,0.9869048323114886
on_shell_rho_initial_0.95,0,190,0.0,1.9000000000000001,0.01,0.011167979046623052,0.2759046766465625,False,0.9521573925177302,0.04784260748226973,0.04071287751635108,0.9592871224836489
on_shell_rho_initial_0.95,0,191,0.0,1.9100000000000001,0.01,0.011197450070147802,0.2792075372896366,False,0.9500180317975656,0.04998196820243437,0.0856162105686778,0.9143837894313223
on_shell_rho_initial_0.95,0,192,0.0,1.92,0.01,0.011227203740354947,0.28527123619261324,False,0.9507762319521605,0.049223768047839414,0.14810558612475574,0.8518944138752443
on_shell_rho_initial_0.95,0,193,0.0,1.93,0.01,0.011257237129895776,0.2946437635431246,False,0.9546782202068445,0.045321779793155555,0.22666788892836237,0.7733321110716376
on_shell_rho_initial_0.95,0,194,0.0,1.94,0.01,0.011287547229971712,0.307869315889431,False,0.9613097631954118,0.038690236804588156,0.31780038981570535,0.6821996101842948
on_shell_rho_initial_0.95,0,195,0.0,1.95,0.01,0.011318130948716117,0.3254443611270087,False,0.9696390927836497,0.030360907216350312,0.41621949360319965,0.5837805063968003
on_shell_rho_initial_0.95,0,196,0.0,1.96,0.01,0.01134898510959079,0.3477635491548104,False,0.9783178164783854,0.021682183521614634,0.5156204971470798,0.48437950285292025
on_shell_rho_initial_0.95,0,197,0.0,1.97,0.01,0.011380106449804346,0.37507099758892326,False,0.9861109390304733,0.013889060969526641,0.6099021939814896,0.3900978060185104
on_shell_rho_initial_0.95,0,198,0.0,1.98,0.01,0.011411491618737548,0.40743456466614036,False,0.9922307332811261,0.007769266718873904,0.6943884460507338,0.30561155394926615
on_shell_rho_initial_0.95,0,199,0.0,1.99,0.01,0.011443137176360009,0.44475012998850877,False,0.9964256663112806,0.0035743336887193752,0.7664920013673779,0.23350799863262206
on_shell_rho_initial_0.95,0,200,0.0,2.0,0.01,0.011475039591625191,0.4867680095242043,False,0.9988544846017081,0.0011455153982918925,0.8256311060037982,0.17436889399620178
on_shell_rho_initial_0.95,0,201,0.0,2.0100000000000002,0.01,0.011507195240967319,0.5331266043201078,False,0.9998827400505184,0.00011725994948155112,0.8726521447986485,0.12734785520135142
on_shell_rho_initial_0.95,0,202,0.0,2.02,0.01,0.011539600406804205,0.5833818666089758,False,0.9999158089794057,8.419102059433081e-05,0.9091496348909601,0.09085036510903977
on_shell_rho_initial_0.95,0,203,0.0,2.0300000000000002,0.01,0.011572251276003191,0.6370288057880865,False,0.9993065181994903,0.0006934818005096099,0.9369357579250565,0.06306424207494354
on_shell_rho_initial_0.95,0,204,0.0,2.04,0.01,0.011605143938406101,0.6935170305929709,False,0.9983238617493568,0.001676138250643125,0.9577241641586967,0.042275835841303386
on_shell_rho_initial_0.95,0,205,0.0,2.05,0.01,0.011638274385400391,0.7522645128265021,False,0.9971557579341146,0.0028442420658854528,0.9729869554676664,0.027013044532333528
on_shell_rho_initial_0.95,0,206,0.0,2.06,0.01,0.011671638508520012,0.8126735334676228,False,0.9959249404999463,0.004075059500053685,0.9839187607949632,0.016081239205036714
on_shell_rho_initial_0.95,0,207,0.0,2.07,0.01,0.011705232098037822,0.8741514450172416,False,0.9947066556386516,0.0052933443613484635,0.9914547144781606,0.008545285521839424
on_shell_rho_initial_0.95,0,208,0.0,2.08,0.01,0.011739050841606978,0.9361372436555391,False,0.9935436181069274,0.006456381893072617,0.9963094650837729,0.003690534916227079
on_shell_rho_initial_0.95,0,209,0.0,2.09,0.01,0.01177309032302194,0.9981332397310636,False,0.9924572067222261,0.007542793277773877,0.999020179008649,0.0009798209913509546
on_shell_rho_initial_0.95,0,210,0.0,2.1,0.01,0.011807346020921462,1.0597393313214443,False,0.9914553105497067,0.00854468945029321,0.9999861439860742,1.3856013925730482e-05
on_shell_rho_initial_0.95,0,211,0.0,2.11,0.01,0.011841813307585384,1.12068559259246,False,0.9905376235991298,0.0094623764008702,0.9995026018319461,0.0004973981680539217
on_shell_rho_initial_0.95,0,212,0.0,2.12,0.01,0.011876487447795547,1.1808572847573835,False,0.9896991480577052,0.010300851942294721,0.9977886455030833,0.0022113544969166875
on_shell_rho_initial_0.95,0,213,0.0,2.13,0.01,0.01191136359772479,1.240305256057177,False,0.9889325013685242,0.011067498631475837,0.9950096676914696,0.0049903323085303776
on_shell_rho_initial_0.95,0,214,0.0,2.14,0.01,0.011946436803871682,1.299234528210512,False,0.9882294479344048,0.011770552065595205,0.9912947247472691,0.008705275252730859
on_shell_rho_initial_0.95,0,215,0.0,2.15,0.01,0.011981702002116294,1.357965214475889,False,0.9875819289009562,0.012418071099043837,0.9867487540120466,0.013251245987953322
on_shell_rho_initial_0.95,0,216,0.0,2.16,0.01,0.012017154016780088,1.4168631369423461,False,0.9869827511749806,0.013017248825019475,0.9814592352683883,0.018540764731611738
on_shell_rho_initial_0.95,0,217,0.0,2.17,0.01,0.012052787559777565,1.4762429972201117,False,0.9864260153277195,0.013573984672280567,0.9754969111737261,0.024503088826273937
on_shell_rho_initial_0.95,0,218,0.0,2.18,0.01,0.012088597229865864,1.5362542418330907,False,0.9859073126901468,0.014092687309853271,0.9689107862681324,0.03108921373186756
on_shell_rho_initial_0.95,0,219,0.0,2.19,0.01,0.012124577511929314,1.5967679496715528,False,0.9854237019904224,0.014576298009577588,0.9617187556201925,0.03828124437980757
on_shell_rho_initial_0.95,0,220,0.0,2.2,0.01,0.012160722776335847,1.6572904699753352,False,0.9849734804605802,0.015026519539419851,0.9538964960772626,0.04610350392273748
on_shell_rho_initial_0.95,0,221,0.0,2.21,0.01,0.012197027278455428,1.7169335611063448,False,0.984555785591489,0.015444214408510976,0.9453681844008763,0.05463181559912376
on_shell_rho_initial_0.95,0,222,0.0,2.22,0.01,0.012233485158180565,1.774468599965828,False,0.9841700890923704,0.015829910907629596,0.9360028613882497,0.0639971386117503
on_shell_rho_initial_0.95,0,223,0.0,2.23,0.01,0.01227009043957309,1.8284817579260209,False,0.9838156627717705,0.016184337228229474,0.9256199480049152,0.07438005199508484
on_shell_rho_initial_0.95,0,224,0.0,2.24,0.01,0.01230683703063197,1.877626821909577,False,0.9834911039684623,0.01650889603153771,0.9140070427458385,0.08599295725416149
on_shell_rho_initial_0.95,0,225,0.0,2.25,0.01,0.012343718723129607,1.9209449286584217,False,0.9831940057617823,0.016805994238217666,0.9009528974250646,0.09904710257493542
on_shell_rho_initial_0.95,0,226,0.0,2.2600000000000002,0.01,0.012380729192498496,1.9581917812264373,False,0.9829208482868489,0.017079151713151042,0.8862976898306688,0.11370231016933119
on_shell_rho_initial_0.95,0,227,0.0,2.27,0.01,0.012417861997979328,1.9900918131412093,False,0.9826671711836056,0.017332828816394412,0.8699995489513342,0.1300004510486657
on_shell_rho_initial_0.95,0,228,0.0,2.2800000000000002,0.01,0.012455110582712434,2.0184372403322266,False,0.982428041926408,0.017571958073592023,0.8522081126891904,0.14779188731080964
on_shell_rho_initial_0.95,0,229,0.0,2.29,0.01,0.012492468274067739,2.045973715795073,False,0.982198749861871,0.017801250138128947,0.8333225876352115,0.1666774123647884
on_shell_rho_initial_0.95,0,230,0.0,2.3000000000000003,0.01,0.012529928284043439,2.0760637310710863,False,0.9819755325338212,0.01802446746617883,0.8139987439070145,0.1860012560929854
on_shell_rho_initial_0.95,0,231,0.0,2.31,0.01,0.012567483709727118,2.1121797882408098,False,0.981756057185052,0.01824394281494807,0.7950701509721547,0.20492984902784522
on_shell_rho_initial_0.95,0,232,0.0,2.32,0.01,0.01260512753393172,2.157328959710879,False,0.981539448886507,0.018460551113492887,0.7773769683161013,0.22262303168389866
on_shell_rho_initial_0.95,0,233,0.0,2.33,0.01,0.012642852626112986,2.213527181063666,False,0.9813259067905185,0.018674093209481546,0.7615459983491827,0.23845400165081743
on_shell_rho_initial_0.95,0,234,0.0,2.34,0.01,0.012680651743220767,2.2814238301080314,False,0.9811162008238002,0.018883799176199742,0.7478059844355274,0.2521940155644726
on_shell_rho_initial_0.95,0,235,0.0,2.35,0.01,0.012718517530653934,2.3601364479834337,False,0.9809113536010452,0.01908864639895476,0.7359152088047309,0.26408479119526906
on_shell_rho_initial_0.95,0,236,0.0,2.36,0.01,0.012756442523570033,2.447310695021677,False,0.9807125679674358,0.019287432032564205,0.7252219681297182,0.2747780318702818
on_shell_rho_initial_0.95,0,237,0.0,2.37,0.01,0.012794419148157977,2.539380971615865,False,0.9805212241594534,0.019478775840546622,0.714813208410868,0.28518679158913196
on_shell_rho_initial_0.95,0,238,0.0,2.38,0.01,0.012832439723100978,2.631967255599334,False,0.9803387707682398,0.01966122923176022,0.7036768547061699,0.29632314529383
on_shell_rho_initial_0.95,0,239,0.0,2.39,0.01,0.012870496461331916,2.7203124266807803,False,0.9801664941408186,0.019833505859181498,0.6908175707730285,0.3091824292269715
on_shell_rho_initial_0.95,0,240,0.0,2.4,0.01,0.012908581471672955,2.7996537609909256,False,0.9800052719293221,0.01999472807067788,0.6753000562831575,0.3246999437168425
on_shell_rho_initial_0.95,0,241,0.0,2.41,0.01,0.012946686760872841,2.865440883819143,False,0.9798554062479063,0.0201445937520937,0.6562208095102547,0.3437791904897452
on_shell_rho_initial_0.95,0,242,0.0,2.42,0.01,0.012984804235657075,2.9133538607033485,False,0.9797165419213298,0.020283458078670064,0.6326169182546132,0.36738308174538675
on_shell_rho_initial_0.95,0,243,0.0,2.43,0.01,0.013022925704993171,2.939123585719853,False,0.979587577882639,0.020412422117361023,0.603311357064501,0.39668864293549894
on_shell_rho_initial_0.95,0,244,0.0,2.44,0.01,0.013061042882586565,2.938202183864254,False,0.9794663806667698,0.020533619333230144,0.5666746032245139,0.43332539677548626
on_shell_rho_initial_0.95,0,245,0.0,2.45,0.01,0.013099147389373568,2.9053854686013056,False,0.9793489227648584,0.02065107723514158,0.5202570366203975,0.4797429633796025
on_shell_rho_initial_0.95,0,246,0.0,2.46,0.01,0.013137230756359686,2.8346083018902077,False,0.9792269575047934,0.020773042495206666,0.46023219425737244,0.5397678057426275
on_shell_rho_initial_0.95,0,247,0.0,2.47,0.01,0.013175284427461399,2.719484283534958,False,0.9790818410726334,0.020918158927366686,0.38069688867253876,0.6193031113274612
on_shell_rho_initial_0.95,0,248,0.0,2.48,0.01,0.01321329976268825,2.556224526315682,False,0.9788677924388361,0.0211322075611639,0.2737421139620892,0.7262578860379107
on_shell_rho_initial_0.95,0,249,0.0,2.49,0.01,0.013251268041384455,2.3537576689521447,False,0.9784681374377597,0.021531862562240323,0.13624317263903035,0.8637568273609697
on_shell_rho_initial_0.95,0,250,0.0,2.5,0.01,0.013289180465641929,2.164019663589158,False,0.9776230315658078,0.022376968434192342,0.0109810629695883,0.9890189370304118
on_shell_rho_initial_0.95,0,251,0.0,2.5100000000000002,0.01,0.013327028163940975,2.1480698465301074,False,0.9761686947295094,0.02383130527049062,0.09108677778639296,0.908913222213607
on_shell_rho_initial_0.95,0,252,0.0,2.52,0.01,0.013364802194906093,2.5906417259447267,False,0.9751453951415103,0.02485460485848966,0.4975134785636484,0.5024865214363516
on_shell_rho_initial_0.95,0,253,0.0,2.5300000000000002,0.01,0.013402493551318742,3.676808531627737,False,0.9753152079979707,0.02468479200202938,0.8432118446929963,0.15678815530700377
on_shell_rho_initial_0.95,0,254,0.0,2.54,0.01,0.013440093164191086,5.368753513756142,False,0.9758074098912468,0.024192590108753152,0.9773828762555136,0.022617123744486427
on_shell_rho_initial_0.95,0,255,0.0,2.5500000000000003,0.01,0.01347759190709639,7.464212361229604,False,0.9761755270806581,0.023824472919341828,0.9987332754350822,0.0012667245649178335
on_shell_rho_initial_0.95,0,256,0.0,2.56,0.01,0.013514980600635672,9.440889535292982,False,0.9763914698811341,0.02360853011886592,0.9548306832498928,0.04516931675010722
on_shell_rho_initial_0.95,0,257,0.0,2.57,0.01,0.013552250017081505,10.182701614724692,False,0.9764937093460709,0.023506290653928997,0.7795474475225094,0.2204525524774906
on_shell_rho_initial_0.95,0,258,0.0,2.58,0.01,0.013589390885185676,9.602670000544478,False,0.9767289080491586,0.02327109195084149,0.09908872498882176,0.9009112750111783
on_shell_rho_initial_0.95,0,259,0.0,2.59,0.01,0.013626393895146905,22.85647482888715,False,0.9771479901027869,0.022852009897213078,0.527739051412285,0.47226094858771495
on_shell_rho_initial_0.95,0,260,0.0,2.6,0.01,0.013663249703767675,70.42421033091962,False,0.9770922395013131,0.022907760498686824,0.870091782118672,0.12990821788132798
on_shell_rho_initial_0.95,0,261,0.0,2.61,0.01,0.013699948939733059,178.37930615937114,False,0.9770623186904026,0.02293768130959738,0.9524989611821277,0.04750103881787224
on_shell_rho_initial_0.95,0,262,0.0,2.62,0.01,0.013736482209066337,399.478683360003,False,0.97705090347755,0.02294909652245004,0.9801288492782527,0.019871150721747322
on_shell_rho_initial_0.95,0,263,0.0,2.63,0.01,0.013772840100742397,825.3832415529785,False,0.9770463035806438,0.022953696419356222,0.9914961198831417,0.00850388011685835
on_shell_rho_initial_0.95,0,264,0.0,2.64,0.01,0.01380901319245151,1605.9852399053796,False,0.9770443393904443,0.022955660609555686,0.9966430541932981,0.003356945806701781
on_shell_rho_initial_0.95,0,265,0.0,2.65,0.01,0.01384499205648042,2973.9982940134705,False,0.9770434616220726,0.022956538377927483,0.9989790371318066,0.0010209628681934163
on_shell_rho_initial_0.95,0,266,0.0,2.66,0.01,0.013880767265769008,5271.876086756272,False,0.9770430550958388,0.02295694490416128,0.9998775121825139,0.00012248781748616414
on_shell_rho_initial_0.95,0,267,0.0,2.67,0.01,0.013916329400074163,8975.553857493338,False,0.9770428613552105,0.022957138644789633,0.9999572938268685,4.270617313145842e-05
on_shell_rho_initial_0.95,0,268,0.0,2.68,0.01,0.0139516690522956,14706.502948115078,False,0.9770427668798047,0.022957233120195205,0.9995171053734042,0.0004828946265958663
on_shell_rho_initial_0.95,0,269,0.0,2.69,0.01,0.013986776834869692,23221.591376098706,False,0.9770427199853767,0.02295728001462338,0.9987049642477858,0.0012950357522142346
on_shell_rho_initial_0.95,0,270,0.0,2.7,0.01,0.01402164338634232,35370.84885412612,False,0.9770426964238729,0.02295730357612709,0.9975912453976677,0.002408754602332308
on_shell_rho_initial_0.95,0,271,0.0,2.71,0.01,0.014056259378000013,52017.80444759079,False,0.977042684522237,0.02295731547776308,0.9962026066683572,0.003797393331642651
on_shell_rho_initial_0.95,0,272,0.0,2.72,0.01,0.014090615520659234,73925.82660650996,False,0.9770426785333775,0.022957321466622636,0.994538555196161,0.005461444803838988
on_shell_rho_initial_0.95,0,273,0.0,2.73,0.01,0.014124702571467107,101625.31357851347,False,0.97704267557168,0.02295732442831997,0.9925798201136959,0.007420179886304076
on_shell_rho_initial_0.95,0,274,0.0,2.74,0.01,0.014158511340883199,135287.2032339453,False,0.9770426741635634,0.02295732583643664,0.9902926832525016,0.00970731674749846
on_shell_rho_initial_0.95,0,275,0.0,2.75,0.01,0.014192032699664046,174633.82035980644,False,0.9770426735459228,0.022957326454077217,0.9876314137623591,0.012368586237640861
on_shell_rho_initial_0.95,0,276,0.0,2.7600000000000002,0.01,0.014225257585981688,218915.02072839317,False,0.9770426733194382,0.02295732668056182,0.9845400186611418,0.015459981338858222
on_shell_rho_initial_0.95,0,277,0.0,2.77,0.01,0.014258177012539565,266965.1633352783,False,0.9770426732740078,0.022957326725992207,0.9809541967826237,0.01904580321737632
on_shell_rho_initial_0.95,0,278,0.0,2.7800000000000002,0.01,0.014290782073777712,317337.3669142865,False,0.9770426732993767,0.022957326700623334,0.9768042131968423,0.023195786803157793
on_shell_rho_initial_0.95,0,279,0.0,2.79,0.01,0.014323063953124621,368491.50223125255,False,0.977042673338724,0.022957326661276044,0.9720193251485078,0.027980674851492325
on_shell_rho_initial_0.95,0,280,0.0,2.8000000000000003,0.01,0.014355013930249384,418997.9578823929,False,0.9770426733642746,0.02295732663572541,0.9665341758553931,0.033465824144606846
on_shell_rho_initial_0.95,0,281,0.0,2.81,0.01,0.014386623388384074,467715.1874732695,False,0.9770426733643528,0.022957326635647205,0.9602971333095756,0.03970286669042448
on_shell_rho_initial_0.95,0,282,0.0,2.82,0.01,0.014417883821596271,513906.5646524568,False,0.9770426733364151,0.022957326663584864,0.9532797994245984,0.04672020057540155
on_shell_rho_initial_0.95,0,283,0.0,2.83,0.01,0.01444878684210263,557278.345754085,False,0.9770426732831817,0.022957326716818178,0.9454859424244805,0.05451405757551941
on_shell_rho_initial_0.95,0,284,0.0,2.84,0.01,0.014479324187566178,597940.1232632007,False,0.9770426732103243,0.022957326789675693,0.9369572485421139,0.063042751457886
on_shell_rho_initial_0.95,0,285,0.0,2.85,0.01,0.014509487728377995,636306.1078639777,False,0.9770426731248967,0.022957326875103313,0.9277731681626037,0.07222683183739617
on_shell_rho_initial_0.95,0,286,0.0,2.86,0.01,0.01453926947489225,672965.5494566932,False,0.9770426730341296,0.022957326965870398,0.9180431985953075,0.0819568014046925
on_shell_rho_initial_0.95,0,287,0.0,2.87,0.01,0.014568661584579227,708552.1023805077,False,0.9770426729444688,0.02295732705553116,0.9078922566411234,0.09210774335887659
on_shell_rho_initial_0.95,0,288,0.0,2.88,0.01,0.014597656369180284,743636.1577662473,False,0.9770426728608836,0.022957327139116326,0.8974424703546107,0.10255752964538935
on_shell_rho_initial_0.95,0,289,0.0,2.89,0.01,0.014626246301870602,778654.1811317623,False,0.9770426727865085,0.022957327213491523,0.8867962990866742,0.1132037009133258
on_shell_rho_initial_0.95,0,290,0.0,2.9,0.01,0.014654424024112177,813878.4629767876,False,0.9770426727226388,0.02295732727736122,0.8760255265335908,0.12397447346640933
on_shell_rho_initial_0.95,0,291,0.0,2.91,0.01,0.014682182352621012,849422.0795244718,True,0.9770426726690257,0.0229573273309743,0.865168453669094,0.13483154633090602
on_shell_rho_initial_0.95,0,292,0.0,2.92,0.01,0.014709514286158805,885268.7183234574,True,0.9770426726243517,0.02295732737564818,0.8542347662118408,0.14576523378815928
on_shell_rho_initial_0.95,0,293,0.0,2.93,0.01,0.014736413012191293,921315.4477683466,True,0.9770426725867536,0.02295732741324641,0.8432154681688268,0.15678453183117322
on_shell_rho_initial_0.95,0,294,0.0,2.94,0.01,0.014762871913473872,957417.685784634,True,0.97704267255428,0.02295732744572008,0.8320945414698544,0.1679054585301455
on_shell_rho_initial_0.95,0,295,0.0,2.95,0.01,0.014788884574443672,993428.4354205305,True,0.9770426725252251,0.022957327474774893,0.820859518096627,0.17914048190337306
on_shell_rho_initial_0.95,0,296,0.0,2.96,0.01,0.014814444787492264,1029227.2030789285,True,0.9770426724983197,0.022957327501680315,0.809509206081782,0.1904907939182181
on_shell_rho_initial_0.95,0,297,0.0,2.97,0.01,0.014839546559075323,1064737.0982933284,True,0.9770426724727957,0.02295732752720426,0.7980579271767562,0.20194207282324386
on_shell_rho_initial_0.95,0,298,0.0,2.98,0.01,0.014864184115628617,1099930.952057217,True,0.9770426724483595,0.022957327551640472,0.7865364272505687,0.21346357274943126
on_shell_rho_initial_0.95,0,299,0.0,2.99,0.01,0.01488835190934357,1134828.7215109223,True,0.9770426724251065,0.022957327574893643,0.7749900839532401,0.22500991604675988
on_shell_rho_initial_0.95,0,300,0.0,3.0,0.01,0.014912044623706296,1169489.0381523077,True,0.9770426724034083,0.022957327596591803,0.7634752424374857,0.23652475756251434
on_shell_rho_initial_0.95,0,301,0.0,3.0100000000000002,0.01,0.014935257178853523,1203997.6981763947,True,0.9770426723837974,0.022957327616202713,0.7520545226060761,0.24794547739392395
on_shell_rho_initial_0.95,0,302,0.0,3.02,0.01,0.014957984736718234,1238455.4283323921,True,0.9770426723668612,0.022957327633138847,0.7407918642310573,0.2592081357689428
on_shell_rho_initial_0.95,0,303,0.0,3.0300000000000002,0.01,0.014980222705929223,1272966.6111151266,True,0.9770426723531577,0.022957327646842246,0.7297479271613027,0.2702520728386973
on_shell_rho_initial_0.95,0,304,0.0,3.04,0.01,0.015001966746506105,1307629.9889722338,True,0.9770426723431538,0.022957327656846174,0.7189762927502057,0.28102370724979436
on_shell_rho_initial_0.95,0,305,0.0,3.0500000000000003,0.01,0.01502321277430362,1342531.7966825508,True,0.9770426723371869,0.022957327662813064,0.7085207221666441,0.291479277833356
on_shell_rho_initial_0.95,0,306,0.0,3.06,0.01,0.015043956965184421,1377741.3421409365,True,0.9770426723354482,0.022957327664551858,0.6984135520000933,0.30158644799990675
on_shell_rho_initial_0.95,0,307,0.0,3.0700000000000003,0.01,0.015064195758965698,1413308.7773874612,True,0.9770426723379817,0.02295732766201831,0.6886751707927109,0.31132482920728893
on_shell_rho_initial_0.95,0,308,0.0,3.08,0.01,0.01508392586308062,1449264.656336396,True,0.9770426723446966,0.022957327655303453,0.6793144061716345,0.32068559382836553
on_shell_rho_initial_0.95,0,309,0.0,3.09,0.01,0.015103144255955174,1485620.827191205,True,0.9770426723553862,0.022957327644613817,0.6703296012791573,0.3296703987208427
on_shell_rho_initial_0.95,0,310,0.0,3.1,0.01,0.01512184819013693,1522372.2283417112,True,0.9770426723697524,0.022957327630247645,0.6617101463772002,0.3382898536227999
on_shell_rho_initial_0.95,0,311,0.0,3.11,0.01,0.015140035195130543,1559499.21651954,True,0.9770426723874297,0.022957327612570255,0.6534382398029793,0.3465617601970207
on_shell_rho_initial_0.95,0,312,0.0,3.12,0.01,0.01515770307990687,1596970.1283661574,True,0.9770426724080099,0.022957327591990026,0.6454906915325332,0.3545093084674667
on_shell_rho_initial_0.95,0,313,0.0,3.13,0.01,0.015174849935158089,1634743.8523972137,True,0.9770426724310625,0.02295732756893761,0.6378406365420007,0.3621593634579993
on_shell_rho_initial_0.95,0,314,0.0,3.14,0.01,0.015191474135239745,1672772.2601432505,True,0.9770426724561517,0.022957327543848195,0.6304590611447749,0.36954093885522515
on_shell_rho_initial_0.95,0,315,0.0,3.15,0.01,0.015207574339798044,1711002.4003783567,True,0.9770426724828527,0.022957327517147193,0.6233160927520415,0.3766839072479586
on_shell_rho_initial_0.95,0,316,0.0,3.16,0.01,0.015223149495090736,1749378.4052890989,True,0.9770426725107602,0.022957327489239877,0.6163820369644861,0.3836179630355138
on_shell_rho_initial_0.95,0,317,0.0,3.17,0.01,0.01523819883501947,1787843.0919310886,True,0.9770426725394961,0.02295732746050392,0.6096281693985742,0.3903718306014258
on_shell_rho_initial_0.95,0,318,0.0,3.18,0.01,0.015252721881845042,1826339.2655246428,True,0.9770426725687152,0.02295732743128474,0.6030273030820312,0.39697269691796877
on_shell_rho_initial_0.95,0,319,0.0,3.19,0.01,0.015266718446558226,1864810.7444225347,True,0.9770426725981068,0.02295732740189314,0.5965541622446286,0.4034458377553713
on_shell_rho_initial_0.95,0,320,0.0,3.2,0.01,0.015280188628976461,1903203.1357477128,True,0.9770426726273953,0.022957327372604794,0.5901855980101679,0.40981440198983216
on_shell_rho_initial_0.95,0,321,0.0,3.21,0.01,0.015293132817512288,1941464.3958296091,True,0.9770426726563392,0.022957327343660815,0.5839006779303062,0.41609932206969386
on_shell_rho_initial_0.95,0,322,0.0,3.22,0.01,0.015305551688631265,1979545.2091237518,True,0.9770426726847306,0.022957327315269498,0.5776806801141956,0.4223193198858043
on_shell_rho_initial_0.95,0,323,0.0,3.23,0.01,0.015317446205997202,2017399.2179132705,True,0.9770426727123913,0.022957327287608634,0.5715090185764421,0.4284909814235579
on_shell_rho_initial_0.95,0,324,0.0,3.24,0.01,0.015328817619309347,2054983.13256728,True,0.9770426727391721,0.02295732726082798,0.5653711217855896,0.4346288782144104
on_shell_rho_initial_0.95,0,325,0.0,3.25,0.01,0.015339667462836727,2092256.748862032,True,0.9770426727649479,0.02295732723505215,0.5592542819594097,0.4407457180405903
on_shell_rho_initial_0.95,0,326,0.0,3.2600000000000002,0.01,0.015349997553654073,2129182.895062596,True,0.9770426727896165,0.022957327210383502,0.5531474887654816,0.4468525112345183
on_shell_rho_initial_0.95,0,327,0.0,3.27,0.01,0.015359809989565959,2165727.3276819065,True,0.9770426728130953,0.022957327186904724,0.5470412577607746,0.45295874223922533
on_shell_rho_initial_0.95,0,328,0.0,3.2800000000000002,0.01,0.015369107146749942,2201858.5917221773,True,0.9770426728353184,0.02295732716468151,0.5409274608233432,0.45907253917665686
on_shell_rho_initial_0.95,0,329,0.0,3.29,0.01,0.015377891677105685,2237547.8580520283,True,0.977042672856235,0.02295732714376493,0.5347991636916841,0.4652008363083159
on_shell_rho_initial_0.95,0,330,0.0,3.3000000000000003,0.01,0.015386166505313941,2272768.747902266,True,0.9770426728758064,0.022957327124193634,0.5286504739120488,0.4713495260879512
on_shell_rho_initial_0.95,0,331,0.0,3.31,0.01,0.015393934825626487,2307497.15222939,True,0.9770426728940044,0.02295732710599565,0.5224764010820371,0.477523598917963
on_shell_rho_initial_0.95,0,332,0.0,3.3200000000000003,0.01,0.015401200098389627,2341711.0517180096,True,0.9770426729108096,0.022957327089190377,0.5162727301936886,0.4837272698063115
on_shell_rho_initial_0.95,0,333,0.0,3.33,0.01,0.015407966046303996,2375390.3415841237,True,0.9770426729262102,0.022957327073789814,0.5100359081707212,0.48996409182927886
on_shell_rho_initial_0.95,0,334,0.0,3.34,0.01,0.015414236650423524,2408516.6641331813,True,0.9770426729401999,0.022957327059800164,0.5037629432348181,0.496237056765182
on_shell_rho_initial_0.95,0,335,0.0,3.35,0.01,0.015420016145896965,2441073.2511406145,True,0.9770426729527772,0.02295732704722282,0.497451316528595,0.5025486834714051
on_shell_rho_initial_0.95,0,336,0.0,3.36,0.01,0.015425309017459008,2473044.7765545347,True,0.9770426729639449,0.022957327036055235,0.49109890663215,0.5089010933678499
on_shell_rho_initial_0.95,0,337,0.0,3.37,0.01,0.015430119994753388,2504417.2224255726,True,0.9770426729737078,0.02295732702629204,0.48470392137603024,0.5152960786239698
on_shell_rho_initial_0.95,0,338,0.0,3.38,0.01,0.015434454047368436,2535177.754435149,True,0.9770426729820744,0.02295732701792562,0.47826484231580785,0.5217351576841922
on_shell_rho_initial_0.95,0,339,0.0,3.39,0.01,0.015438316379715433,2565314.6101104016,True,0.9770426729890535,0.022957327010946577,0.4717803750129281,0.528219624987072
on_shell_rho_initial_0.95,0,340,0.0,3.4,0.01,0.015441712425665425,2594816.996674579,True,0.9770426729946555,0.022957327005344374,0.46524940790853797,0.534750592091462
on_shell_rho_initial_0.95,0,341,0.0,3.41,0.01,0.015444647842988253,2623674.99952382,True,0.977042672998892,0.022957327001107926,0.4586709782106434,0.5413290217893566
on_shell_rho_initial_0.95,0,342,0.0,3.42,0.01,0.015447128507626445,2651879.501444982,True,0.9770426730017745,0.02295732699822549,0.45204424339382177,0.5479557566061782
on_shell_rho_initial_0.95,0,343,0.0,3.43,0.01,0.01544916050780981,2679422.1110139247,True,0.9770426730033146,0.022957326996685432,0.44536845773721234,0.5546315422627878
on_shell_rho_initial_0.95,0,344,0.0,3.44,0.01,0.015450750138016583,2706295.0987178385,True,0.977042673003524,0.022957326996476037,0.4386429529674,0.5613570470325999
on_shell_rho_initial_0.95,0,345,0.0,3.45,0.01,0.015451903892787045,2732491.339519722,True,0.977042673002414,0.022957326997586052,0.4318671222277512,0.5681328777722487
on_shell_rho_initial_0.95,0,346,0.0,3.46,0.01,0.015452628460395563,2758004.2609596294,True,0.9770426729999955,0.022957327000004572,0.42504040681486116,0.5749595931851388
on_shell_rho_initial_0.95,0,347,0.0,3.47,0.01,0.015452930716386908,2782827.79653101,True,0.9770426729962787,0.02295732700372136,0.41816228543359724,0.5818377145664028
on_shell_rho_initial_0.95,0,348,0.0,3.48,0.01,0.01545281771698275,2806956.3450916703,True,0.9770426729912732,0.02295732700872678,0.4112322661306059,0.5887677338693941
on_shell_rho_initial_0.95,0,349,0.0,3.49,0.01,0.015452296692364125,2830384.7385022687,True,0.977042672984988,0.02295732701501203,0.4042498816719848,0.5957501183280153
on_shell_rho_initial_0.95,0,350,0.0,3.5,0.01,0.015451375039836058,2853108.206155855,True,0.977042672977431,0.02295732702256901,0.3972146985222855,0.6027853014777145
on_shell_rho_initial_0.95,0,351,0.0,3.5100000000000002,0.01,0.015450060317120866,2875122.3665076215,True,0.9770426729686096,0.02295732703139043,0.39012630308727725,0.6098736969127228
on_shell_rho_initial_0.95,0,352,0.0,3.52,0.01,0.015448360235465936,2896423.20184552,True,0.9770426729585302,0.022957327041469855,0.38298429871418527,0.6170157012858147
on_shell_rho_initial_0.95,0,353,0.0,3.5300000000000002,0.01,0.015446282652543036,2917007.017411154,True,0.9770426729471983,0.022957327052801714,0.375788319984065,0.624211680015935
on_shell_rho_initial_0.95,0,354,0.0,3.54,0.01,0.015443835565501064,2936870.44124823,True,0.9770426729346187,0.022957327065381342,0.36853802188228446,0.6314619781177154
on_shell_rho_initial_0.95,0,355,0.0,3.5500000000000003,0.01,0.015441027103878138,2956010.4000978754,True,0.977042672920795,0.022957327079204854,0.3612330878623094,0.6387669121376907
on_shell_rho_initial_0.95,0,356,0.0,3.56,0.01,0.015437865522500541,2974424.106595077,True,0.9770426729057308,0.022957327094269238,0.3538732343810998,0.6461267656189003
on_shell_rho_initial_0.95,0,357,0.0,3.5700000000000003,0.01,0.015434359194376954,2992109.0515850955,True,0.9770426728894276,0.022957327110572374,0.34645821763992524,0.6535417823600749
on_shell_rho_initial_0.95,0,358,0.0,3.58,0.01,0.015430516603596092,3009062.9997619772,True,0.9770426728718871,0.022957327128112888,0.3389878417812292,0.6610121582187708
on_shell_rho_initial_0.95,0,359,0.0,3.59,0.01,0.015426346338235569,3025283.9868455846,True,0.9770426728531098,0.022957327146890184,0.33146196787595916,0.6685380321240407
on_shell_rho_initial_0.95,0,360,0.0,3.6,0.01,0.015421857083289536,3040770.316715061,True,0.9770426728330958,0.02295732716690426,0.3238805231074386,0.6761194768925612
on_shell_rho_initial_0.95,0,361,0.0,3.61,0.01,0.015417057613622413,3055520.5572351445,True,0.9770426728118441,0.02295732718815592,0.3162435097474345,0.6837564902525656
on_shell_rho_initial_0.95,0,362,0.0,3.62,0.01,0.015411956786955543,3069533.5341786724,True,0.9770426727893534,0.02295732721064657,0.3085510137812401,0.6914489862187599
on_shell_rho_initial_0.95,0,363,0.0,3.63,0.01,0.015406563536893528,3082808.323629437,True,0.9770426727656218,0.02295732723437817,0.30080321348646066,0.6991967865135392
on_shell_rho_initial_0.95,0,364,0.0,3.64,0.01,0.015400886865996425,3095344.24478109,True,0.9770426727406466,0.02295732725935338,0.29300038888941443,0.7069996111105855
on_shell_rho_initial_0.95,0,365,0.0,3.65,0.01,0.015394935838903863,3107140.8570961514,True,0.9770426727144247,0.022957327285575303,0.28514293393265083,0.7148570660673491
on_shell_rho_initial_0.95,0,366,0.0,3.66,0.01,0.015388719575516583,3118197.968626965,True,0.9770426726869524,0.022957327313047598,0.2772313743725745,0.7227686256274255
on_shell_rho_initial_0.95,0,367,0.0,3.67,0.01,0.015382247244240746,3128515.665927574,True,0.9770426726582258,0.022957327341774206,0.26926639600892843,0.7307336039910716
on_shell_rho_initial_0.95,0,368,0.0,3.68,0.01,0.015375528055299958,3138094.296383525,True,0.977042672628241,0.022957327371759144,0.26124890613966095,0.7387510938603391
on_shell_rho_initial_0.95,0,369,0.0,3.69,0.01,0.015368571254333005,3146934.5409673816,True,0.9770426725969935,0.022957327403006524,0.25318004492392204,0.746819955076078
on_shell_rho_initial_0.95,0,370,0.0,3.7,0.01,0.015361386116124568,3155037.563860672,True,0.97704267256448,0.022957327435519995,0.24506113999480614,0.754938860005194
on_shell_rho_initial_0.95,0,371,0.0,3.71,0.01,0.015353981937960701,3162404.690759559,True,0.9770426725306965,0.022957327469303443,0.23689382149987295,0.7631061785001271
on_shell_rho_initial_0.95,0,372,0.0,3.72,0.01,0.015346368033516354,3169037.643389426,True,0.9770426724956397,0.022957327504360307,0.22868000503371083,0.7713199949662891
on_shell_rho_initial_0.95,0,373,0.0,3.73,0.01,0.015338553726740574,3174938.5291130133,True,0.9770426724593066,0.02295732754069333,0.22042194820949917,0.7795780517905008
on_shell_rho_initial_0.95,0,374,0.0,3.74,0.01,0.015330548345865076,3180109.873585328,True,0.9770426724216954,0.022957327578304636,0.212122295206377,0.7878777047936231
on_shell_rho_initial_0.95,0,375,0.0,3.75,0.01,0.015322361217541368,3184554.6612599953,True,0.9770426723828048,0.02295732761719521,0.20378412778248994,0.7962158722175101
on_shell_rho_initial_0.95,0,376,0.0,3.7600000000000002,0.01,0.015314001661110148,3188276.3824418145,True,0.9770426723426355,0.022957327657364537,0.19541102281865086,0.8045889771813493
on_shell_rho_initial_0.95,0,377,0.0,3.77,0.01,0.015305478983006425,3191279.086020409,True,0.9770426723011896,0.022957327698810395,0.1870071164564747,0.8129928835435253
on_shell_rho_initial_0.95,0,378,0.0,3.7800000000000002,0.01,0.015296802471303626,3193567.437459824,True,0.9770426722584715,0.02295732774152839,0.17857717509333587,0.8214228249066642
on_shell_rho_initial_0.95,0,379,0.0,3.79,0.01,0.01528798139039933,3195146.782040993,True,0.9770426722144885,0.02295732778551143,0.17012667385194472,0.8298733261480553
on_shell_rho_initial_0.95,0,380,0.0,3.8000000000000003,0.01,0.015279024975845079,3196023.214390814,True,0.9770426721692508,0.022957327830749264,0.16166188357033673,0.8383381164296632
on_shell_rho_initial_0.95,0,381,0.0,3.81,0.01,0.015269942429322475,3196203.6563471267,True,0.9770426721227722,0.02295732787722786,0.15318996802036897,0.8468100319796311
on_shell_rho_initial_0.95,0,382,0.0,3.8200000000000003,0.01,0.015260742913767195,3195695.9468343984,True,0.9770426720750712,0.022957327924928772,0.14471909385254952,0.8552809061474504
on_shell_rho_initial_0.95,0,383,0.0,3.83,0.01,0.01525143554864247,3194508.9491399387,True,0.9770426720261718,0.022957327973828243,0.13625855677480928,0.8637414432251909
on_shell_rho_initial_0.95,0,384,0.0,3.84,0.01,0.015242029405363202,3192652.6833226094,True,0.9770426719761037,0.022957328023896183,0.1278189285960874,0.8721810714039127
on_shell_rho_initial_0.95,0,385,0.0,3.85,0.01,0.015232533502871529,3190138.438963989,True,0.9770426719249047,0.022957328075095332,0.11941223190051198,0.880587768099488
on_shell_rho_initial_0.95,0,386,0.0,3.86,0.01,0.015222956803384632,3186978.9260061486,True,0.9770426718726202,0.022957328127379766,0.11105212186704323,0.8889478781329566
on_shell_rho_initial_0.95,0,387,0.0,3.87,0.01,0.015213308208321709,3183188.643086455,True,0.9770426718193067,0.022957328180693324,0.10275405169664915,0.8972459483033509
on_shell_rho_initial_0.95,0,388,0.0,3.88,0.01,0.015203596554316594,3178783.730376875,True,0.9770426717650312,0.022957328234968696,0.09453550792578397,0.905464492074216
on_shell_rho_initial_0.95,0,389,0.0,3.89,0.01,0.01519383060943788,3173782.372455301,True,0.9770426717098748,0.02295732829012523,0.08641624093873877,0.9135837590612612
on_shell_rho_initial_0.95,0,390,0.0,3.9,0.01,0.015184019069549774,3168204.989403184,True,0.977042671653933,0.022957328346067105,0.07841853570844375,0.9215814642915563
on_shell_rho_initial_0.95,0,391,0.0,3.91,0.01,0.015174170554828531,3162074.4905487187,True,0.977042671597319,0.022957328402681047,0.07056750366358636,0.9294324963364137
on_shell_rho_initial_0.95,0,392,0.0,3.92,0.01,0.01516429360643407,3155416.559143015,True,0.9770426715401661,0.022957328459833823,0.06289140288778189,0.9371085971122182
on_shell_rho_initial_0.95,0,393,0.0,3.93,0.01,0.015154396683335437,3148259.9666245845,True,0.9770426714826307,0.022957328517369275,0.05542198628489651,0.9445780137151035
on_shell_rho_initial_0.95,0,394,0.0,3.94,0.01,0.015144488159288606,3140636.9163084165,True,0.9770426714248944,0.02295732857510556,0.04819487639233632,0.9518051236076637
on_shell_rho_initial_0.95,0,395,0.0,3.95,0.01,0.015134576319964925,3132583.4167228383,True,0.9770426713671686,0.022957328632831377,0.04124996462962929,0.9587500353703707
on_shell_rho_initial_0.95,0,396,0.0,3.96,0.01,0.015124669360228401,3124139.6849525264,True,0.9770426713096977,0.02295732869030231,0.03463183167454452,0.9653681683254554
on_shell_rho_initial_0.95,0,397,0.0,3.97,0.01,0.015114775381559854,3115350.5806238577,True,0.977042671252763,0.02295732874723702,0.02839018425968517,0.9716098157403148
on_shell_rho_initial_0.95,0,398,0.0,3.98,0.01,0.015104902389625769,3106266.0715100197,True,0.9770426711966875,0.02295732880331258,0.022580301862498743,0.9774196981375012
on_shell_rho_initial_0.95,0,399,0.0,3.99,0.01,0.015095058291989663,3096941.7316381223,True,0.9770426711418401,0.022957328858160018,0.017263484341998515,0.9827365156580016
on_shell_rho_initial_0.95,0,400,0.0,4.0,0.01,0.015085250895963605,3087439.2726050722,True,0.9770426710886405,0.02295732891135954,0.012507488297010505,0.9874925117029895
on_shell_rho_initial_0.95,0,401,0.0,4.01,0.01,0.015075487906597447,3077827.1073633297,True,0.9770426710375646,0.02295732896243543,0.008386935422350425,0.9916130645776495
on_shell_rho_initial_0.95,0,402,0.0,4.0200000000000005,0.01,0.015065776924803233,3068180.9431314543,True,0.9770426709891489,0.022957329010851117,0.004983669932929368,0.9950163300670707
on_shell_rho_initial_0.95,0,403,0.0,4.03,0.01,0.015056125445612216,3058584.39532993,True,0.9770426709439956,0.02295732905600441,0.0023870335890091867,0.9976129664109908
on_shell_rho_initial_0.95,0,404,0.0,4.04,0.01,0.015046540856561754,3049129.4946560543,True,0.9770426709027765,0.022957329097223415,0.0006940138517702069,0.9993059861482297
on_shell_rho_initial_0.95,0,405,0.0,4.05,0.01,0.015037030436203181,3039917.3478507167,True,0.9770426708662373,0.02295732913376268,9.214472962105199e-06,0.9999907855270379
on_shell_rho_initial_0.95,0,406,0.0,4.0600000000000005,0.01,0.01502760135273352,3031058.962523752,True,0.9770426708352,0.02295732916480007,0.0004446032551062984,0.9995553967448937
on_shell_rho_initial_0.95,0,407,0.0,4.07,0.01,0.015018260662760952,3022675.282511791,True,0.9770426708105627,0.022957329189437273,0.0021189935193527214,0.9978810064806473
on_shell_rho_initial_0.95,0,408,0.0,4.08,0.01,0.015009015310171457,3014897.950019011,True,0.9770426707933001,0.02295732920669999,0.005157186202542463,0.9948428137974574
on_shell_rho_initial_0.95,0,409,0.0,4.09,0.01,0.014999872125112813,3007869.588211012,True,0.9770426707844583,0.022957329215541798,0.009688691542452816,0.9903113084575472
on_shell_rho_initial_0.95,0,410,0.0,4.1,0.01,0.014990837823088854,3001744.01111679,True,0.9770426707851484,0.022957329214851614,0.0158459648754848,0.9841540351245152
on_shell_rho_initial_0.95,0,411,0.0,4.11,0.01,0.014981919004160196,2996686.249998485,True,0.9770426707965354,0.02295732920346453,0.02376209039388465,0.9762379096061152
on_shell_rho_initial_0.95,0,412,0.0,4.12,0.01,0.01497312215224789,2992872.3460169784,True,0.977042670819822,0.022957329180177996,0.0335678595679823,0.9664321404320177
on_shell_rho_initial_0.95,0,413,0.0,4.13,0.01,0.0149644536345362,2990488.855382681,True,0.9770426708562272,0.022957329143772725,0.04538821395094713,0.9546117860490528
on_shell_rho_initial_0.95,0,414,0.0,4.14,0.01,0.014955919700971045,2989732.0081917816,True,0.9770426709069602,0.022957329093039804,0.059338056886587935,0.9406619431134121
on_shell_rho_initial_0.95,0,415,0.0,4.15,0.01,0.014947526483850428,2990806.462470665,True,0.9770426709731869,0.02295732902681307,0.07551748574521436,0.9244825142547857
on_shell_rho_initial_0.95,0,416,0.0,4.16,0.01,0.014939279997503415,2993923.5932242656,True,0.9770426710559925,0.022957328944007482,0.09400655575707949,0.9059934442429204
on_shell_rho_initial_0.95,0,417,0.0,4.17,0.01,0.014931186138054114,2999299.2602237402,True,0.9770426711563381,0.02295732884366194,0.11485975520417122,0.8851402447958288
on_shell_rho_initial_0.95,0,418,0.0,4.18,0.01,0.01492325068326728,3007151.0022276533,True,0.9770426712750144,0.022957328724985588,0.13810044499120067,0.8618995550087993
on_shell_rho_initial_0.95,0,419,0.0,4.19,0.01,0.01491547929247224,3017694.6117290473,True,0.9770426714125945,0.022957328587405526,0.16371558539761072,0.8362844146023892
on_shell_rho_initial_0.95,0,420,0.0,4.2,0.01,0.014907877506561756,3031140.0509668156,True,0.9770426715693867,0.02295732843061337,0.19165112887685803,0.8083488711231419
on_shell_rho_initial_0.95,0,421,0.0,4.21,0.01,0.014900450748062738,3047686.6741282837,True,0.9770426717453927,0.022957328254607376,0.22180848948015683,0.7781915105198431
on_shell_rho_initial_0.95,0,422,0.0,4.22,0.01,0.014893204321275338,3067517.6973414547,True,0.9770426719402728,0.022957328059727153,0.2540425394762989,0.745957460523701
on_shell_rho_initial_0.95,0,423,0.0,4.23,0.01,0.014886143412465792,3090794.2703948664,True,0.9770426721533233,0.02295732784667661,0.28816142179557785,0.7118385782044221
on_shell_rho_initial_0.95,0,424,0.0,4.24,0.01,0.014879273090131004,3117648.7900488446,True,0.977042672383468,0.022957327616532047,0.32392863396224325,0.6760713660377567
on_shell_rho_initial_0.95,0,425,0.0,4.25,0.01,0.014872598305320875,3148177.715391496,True,0.9770426726292658,0.022957327370734144,0.3610673448459149,0.638932655154085
on_shell_rho_initial_0.95,0,426,0.0,4.26,0.01,0.014866123892008984,3182433.930089706,True,0.977042672888938,0.02295732711106197,0.39926686508384346,0.6007331349161565
on_shell_rho_initial_0.95,0,427,0.0,4.2700000000000005,0.01,0.014859854567516899,3220418.651435019,True,0.9770426731604107,0.0229573268395893,0.4381911066120311,0.561808893387969
on_shell_rho_initial_0.95,0,428,0.0,4.28,0.01,0.01485379493298626,3262073.0037677283,True,0.9770426734413743,0.02295732655862565,0.4774885268853243,0.5225114731146758
on_shell_rho_initial_0.95,0,429,0.0,4.29,0.01,0.014847949473895424,3307269.261371115,True,0.9770426737293553,0.022957326270644715,0.5168029546979223,0.48319704530207774
on_shell_rho_initial_0.95,0,430,0.0,4.3,0.01,0.014842322560617517,3355801.7610014486,True,0.9770426740217949,0.02295732597820515,0.5557845983634728,0.44421540163652706
on_shell_rho_initial_0.95,0,431,0.0,4.3100000000000005,0.01,0.014836918449016905,3407377.4496378405,True,0.9770426743161315,0.022957325683868598,0.5941005222286201,0.4058994777713799
on_shell_rho_initial_0.95,0,432,0.0,4.32,0.01,0.014831741281081128,3461605.99469524,True,0.97704267460988,0.02295732539011996,0.6314439403742257,0.3685560596257744
on_shell_rho_initial_0.95,0,433,0.0,4.33,0.01,0.014826795085585502,3517989.3455824875,True,0.9770426749007052,0.02295732509929476,0.6675418048186563,0.3324581951813436
on_shell_rho_initial_0.95,0,434,0.0,4.34,0.01,0.014822083778787675,3575910.5990228523,True,0.9770426751864829,0.022957324813517095,0.7021603380938839,0.2978396619061162
on_shell_rho_initial_0.95,0,435,0.0,4.3500000000000005,0.01,0.014817611165149451,3634621.988551825,True,0.9770426754653497,0.022957324534650235,0.7351083528651918,0.26489164713480806
on_shell_rho_initial_0.95,0,436,0.0,4.36,0.01,0.01481338093808355,3693231.791621085,True,0.9770426757357389,0.02295732426426117,0.7662383806438287,0.23376161935617137
on_shell_rho_initial_0.95,0,437,0.0,4.37,0.01,0.014809396680722668,3750689.9276851835,True,0.9770426759964023,0.022957324003597807,0.7954457849350207,0.2045542150649794
on_shell_rho_initial_0.95,0,438,0.0,4.38,0.01,0.014805661866708763,3805772.0050875302,True,0.9770426762464222,0.022957323753577886,0.8226661360890795,0.17733386391092062
on_shell_rho_initial_0.95,0,439,0.0,4.39,0.01,0.014802179861000199,3857061.5942840576,True,0.9770426764852149,0.02295732351478497,0.8478711894104141,0.15212881058958597
on_shell_rho_initial_0.95,0,440,0.0,4.4,0.01,0.01479895392069342,3902930.644249128,True,0.9770426767125318,0.02295732328746825,0.8710638257506701,0.12893617424932988
on_shell_rho_initial_0.95,0,441,0.0,4.41,0.01,0.014795987195849274,3941517.180963866,True,0.977042676928457,0.022957323071543044,0.8922718762891734,0.1077281237108267
on_shell_rho_initial_0.95,0,442,0.0,4.42,0.01,0.014793282730342465,3970701.696112152,True,0.9770426771334217,0.02295732286657825,0.9115417401171422,0.08845825988285781
on_shell_rho_initial_0.95,0,443,0.0,4.43,0.01,0.014790843462709627,3988080.6494251825,True,0.9770426773282312,0.022957322671768757,0.9289308698503256,0.07106913014967446
on_shell_rho_initial_0.95,0,444,0.0,4.44,0.01,0.014788672227008106,3990938.370741472,True,0.9770426775141267,0.022957322485873358,0.9444993138599876,0.055500686140012356
on_shell_rho_initial_0.95,0,445,0.0,4.45,0.01,0.014786771753679432,3976217.78304413,True,0.9770426776929035,0.022957322307096375,0.9582992832186727,0.041700716781327196
on_shell_rho_initial_0.95,0,446,0.0,4.46,0.01,0.0147851446704146,3940491.283120348,True,0.9770426778671285,0.022957322132871424,0.9703610037350533,0.029638996264946735
on_shell_rho_initial_0.95,0,447,0.0,4.47,0.01,0.01478379350301939,3879934.5136129395,True,0.9770426780405275,0.022957321959472532,0.9806714254802043,0.0193285745197957
on_shell_rho_initial_0.95,0,448,0.0,4.48,0.01,0.014782720676278258,3790308.3410690413,True,0.9770426782186961,0.02295732178130404,0.9891388764407125,0.010861123559287582
on_shell_rho_initial_0.95,0,449,0.0,4.49,0.01,0.014781928514815199,3666959.635637556,True,0.9770426784104335,0.02295732158956659,0.9955291541160809,0.004470845883919156
on_shell_rho_initial_0.95,0,450,0.0,4.5,0.01,0.01478141924395029,3504862.733747909,True,0.9770426786303659,0.0229573213696341,0.999340828550141,0.0006591714498591078
on_shell_rho_initial_0.95,0,451,0.0,4.51,0.01,0.014781194990550488,3298749.3260788606,True,0.9770426789044128,0.022957321095587332,0.9995430952967924,0.00045690470320763074
on_shell_rho_initial_0.95,0,452,0.0,4.5200000000000005,0.01,0.014781257783873542,3043438.691066599,True,0.977042679282034,0.022957320717966027,0.9939786806494758,0.006021319350524161
on_shell_rho_initial_0.95,0,453,0.0,4.53,0.01,0.014781609556403829,2734655.818102713,True,0.977042679866128,0.02295732013387193,0.9778751216803625,0.02212487831963752
on_shell_rho_initial_0.95,0,454,0.0,4.54,0.01,0.014782252144679058,2371164.7959758104,True,0.9770426808932462,0.022957319106753877,0.9397454937301947,0.06025450626980533
on_shell_rho_initial_0.95,0,455,0.0,4.55,0.01,0.01478318729010683,1960935.471099775,True,0.9770426829647708,0.02295731703522917,0.8491385980334178,0.15086140196658215
on_shell_rho_initial_0.95,0,456,0.0,4.5600000000000005,0.01,0.0147844166397701,1541358.5346816715,True,0.9770426876144545,0.022957312385545537,0.6240277111364753,0.3759722888635247
on_shell_rho_initial_0.95,0,457,0.0,4.57,0.01,0.014785941747206809,1244503.7322318323,True,0.9770426961523969,0.02295730384760312,0.17282479013314783,0.8271752098668521
on_shell_rho_initial_0.95,0,458,0.0,4.58,0.01,0.014787764073186056,1356739.8980626382,True,0.9770426974166144,0.022957302583385526,0.05168315849822476,0.9483168415017752
on_shell_rho_initial_0.95,0,459,0.0,4.59,0.01,0.014789884986470032,1978884.2800894985,True,0.9770426899691996,0.022957310030800326,0.4159694943010712,0.5840305056989288
on_shell_rho_initial_0.95,0,460,0.0,4.6000000000000005,0.01,0.014792305764554382,2947239.301489655,True,0.9770426852607864,0.022957314739213558,0.6656841727201392,0.3343158272798608
on_shell_rho_initial_0.95,0,461,0.0,4.61,0.01,0.014795027594397195,4169761.024276075,True,0.977042682971548,0.02295731702845201,0.7933837633964002,0.20661623660359976
on_shell_rho_initial_0.95,0,462,0.0,4.62,0.01,0.014798051573128369,5628048.72888264,True,0.9770426817820074,0.022957318217992646,0.8628004702095191,0.13719952979048095
on_shell_rho_initial_0.95,0,463,0.0,4.63,0.01,0.014801378708739177,7331659.379980867,True,0.9770426811041056,0.02295731889589445,0.904118397407434,0.09588160259256595
on_shell_rho_initial_0.95,0,464,0.0,4.64,0.01,0.014805009920751957,9302114.326203525,True,0.9770426806871721,0.022957319312827903,0.9306269451680558,0.06937305483194424
on_shell_rho_initial_0.95,0,465,0.0,4.65,0.01,0.014808946040869873,11567914.27281885,True,0.9770426804151782,0.022957319584821886,0.9486336129051814,0.05136638709481856
on_shell_rho_initial_0.95,0,466,0.0,4.66,0.01,0.014813187813606778,14162957.868500518,True,0.977042680229474,0.022957319770525984,0.9614001246144092,0.038599875385590884
on_shell_rho_initial_0.95,0,467,0.0,4.67,0.01,0.014817735896897253,17126145.632916123,True,0.9770426800980794,0.022957319901920663,0.9707455611211725,0.02925443887882747
on_shell_rho_initial_0.95,0,468,0.0,4.68,0.01,0.01482259086268697,20501469.33007502,True,0.9770426800024274,0.022957319997572535,0.9777509778272322,0.0222490221727678
on_shell_rho_initial_0.95,0,469,0.0,4.69,0.01,0.014827753197503547,24338340.19433516,True,0.977042679931168,0.022957320068831968,0.9830938708067961,0.016906129193203927
on_shell_rho_initial_0.95,0,470,0.0,4.7,0.01,0.014833223303008174,28692061.161448028,True,0.9770426798770595,0.022957320122940546,0.987218188800011,0.012781811199989043
on_shell_rho_initial_0.95,0,471,0.0,4.71,0.01,0.01483900149652641,33624397.16555673,True,0.9770426798353132,0.02295732016468678,0.9904259753902868,0.009574024609713166
on_shell_rho_initial_0.95,0,472,0.0,4.72,0.01,0.014845088011524583,39204262.4137156,True,0.9770426798026658,0.0229573201973342,0.9929295530876087,0.007070446912391317
on_shell_rho_initial_0.95,0,473,0.0,4.73,0.01,0.01485148299811025,45508467.35100184,True,0.9770426797768353,0.022957320223164657,0.9948822560447634,0.005117743955236567
on_shell_rho_initial_0.95,0,474,0.0,4.74,0.01,0.014858186523482139,52622569.66217071,True,0.9770426797561912,0.022957320243808914,0.9963974804975924,0.0036025195024075836
on_shell_rho_initial_0.95,0,475,0.0,4.75,0.01,0.014865198572367263,60641821.53027175,True,0.977042679739545,0.022957320260455077,0.9975608165949648,0.0024391834050351874
on_shell_rho_initial_0.95,0,476,0.0,4.76,0.01,0.014872519047441277,69672213.9832334,True,0.9770426797260167,0.02295732027398323,0.9984380016522686,0.0015619983477314517
on_shell_rho_initial_0.95,0,477,0.0,4.7700000000000005,0.01,0.014880147769722397,79831633.68012024,True,0.9770426797149454,0.022957320285054556,0.9990802912530395,0.0009197087469604412
on_shell_rho_initial_0.95,0,478,0.0,4.78,0.01,0.014888084478940189,91251139.20109682,True,0.9770426797058275,0.022957320294172478,0.9995281685143178,0.0004718314856823009
on_shell_rho_initial_0.95,0,479,0.0,4.79,0.01,0.014896328833880685,104076366.16358916,True,0.9770426796982754,0.022957320301724572,0.9998139610388664,0.00018603896113351273
on_shell_rho_initial_0.95,0,480,0.0,4.8,0.01,0.014904880412709256,118469070.79665117,True,0.9770426796919877,0.022957320308012355,0.9999637231482034,3.6276851796578296e-05
on_shell_rho_initial_0.95,0,481,0.0,4.8100000000000005,0.01,0.014913738713272716,134608821.7056517,True,0.9770426796867276,0.022957320313272366,0.9999986134225946,1.3865774054118343e-06
on_shell_rho_initial_0.95,0,482,0.0,4.82,0.01,0.014922903153382242,152694849.7346553,True,0.977042679682308,0.022957320317692025,0.9999359188595964,6.408114040359828e-05
on_shell_rho_initial_0.95,0,483,0.0,4.83,0.01,0.014932373071078682,172948065.70844975,True,0.9770426796785794,0.022957320321420577,0.9997898271777678,0.0002101728222322786
on_shell_rho_initial_0.95,0,484,0.0,4.84,0.01,0.014942147724881881,195613255.77888483,True,0.9770426796754221,0.02295732032457792,0.999572016696774,0.00042798330322603033
on_shell_rho_initial_0.95,0,485,0.0,4.8500000000000005,0.01,0.014952226294025771,220961463.72049177,True,0.977042679672739,0.022957320327260975,0.9992921120605788,0.0007078879394211736
on_shell_rho_initial_0.95,0,486,0.0,4.86,0.01,0.014962607878680851,249292521.63137898,True,0.9770426796704517,0.022957320329548354,0.9989580491907547,0.0010419508092452863
on_shell_rho_initial_0.95,0,487,0.0,4.87,0.01,0.014973291500107,280937782.6696322,True,0.9770426796684956,0.022957320331504476,0.998576363007194,0.001423636992805949
on_shell_rho_initial_0.95,0,488,0.0,4.88,0.01,0.014984276100766058,316263267.4677812,True,0.977042679666818,0.02295732033318203,0.9981523624476597,0.001847637552340328
on_shell_rho_initial_0.95,0,489,0.0,4.89,0.01,0.014995560544549468,355672513.8412934,True,0.9770426796653754,0.022957320334624623,0.9976903621529373,0.002309637847062732
on_shell_rho_initial_0.95,0,490,0.0,4.9,0.01,0.015007143616888322,399609961.66710335,True,0.9770426796641318,0.02295732033586824,0.9971938028382902,0.0028061971617098958
on_shell_rho_initial_0.95,0,491,0.0,4.91,0.01,0.01501902402486997,448564386.8064982,True,0.977042679663057,0.02295732033694294,0.9966653598726751,0.0033346401273248085
on_shell_rho_initial_0.95,0,492,0.0,4.92,0.01,0.015031200397337612,503072405.3517019,True,0.9770426796621264,0.022957320337873652,0.996107033046184,0.003892966953816062
on_shell_rho_initial_0.95,0,493,0.0,4.93,0.01,0.015043671284974013,563722009.7428845,True,0.9770426796613184,0.022957320338681544,0.9955202175337674,0.004479782466232491
on_shell_rho_initial_0.95,0,494,0.0,4.94,0.01,0.015056435160370567,631156065.4954704,True,0.977042679660616,0.022957320339384055,0.9949057588472318,0.0050942411527682705
on_shell_rho_initial_0.95,0,495,0.0,4.95,0.01,0.015069490418082938,706075676.2514477,True,0.9770426796600038,0.022957320339996166,0.9942639938041802,0.00573600619581984
on_shell_rho_initial_0.95,0,496,0.0,4.96,0.01,0.015082835374674608,789243298.0701702,True,0.9770426796594696,0.02295732034053038,0.9935947789598376,0.006405221040162374
on_shell_rho_initial_0.95,0,497,0.0,4.97,0.01,0.015096468268749597,881485450.1438338,True,0.9770426796590025,0.0229573203409975,0.9928975076238472,0.007102492376152797
on_shell_rho_initial_0.95,0,498,0.0,4.98,0.01,0.015110387260975687,983694830.0405915,True,0.9770426796585935,0.022957320341406524,0.9921711161562371,0.007828883843762907
on_shell_rho_initial_0.95,0,499,0.0,4.99,0.01,0.015124590434099512,1096831593.4294467,True,0.9770426796582348,0.022957320341765213,0.9914140801504299,0.008585919849570188
on_shell_rho_initial_0.95,0,500,0.0,5.0,0.01,0.015139075792954879,1221923503.7481427,True,0.9770426796579197,0.022957320342080218,0.9906244006872313,0.009375599312768728
on_shell_rho_initial_0.95,0,501,0.0,5.01,0.01,0.015153841264465676,1360064589.7790995,True,0.9770426796576427,0.022957320342357205,0.9897995806238767,0.01020041937612332
on_shell_rho_initial_0.95,0,502,0.0,5.0200000000000005,0.01,0.015168884697644828,1512411830.686336,True,0.9770426796573989,0.02295732034260107,0.9889365942111438,0.011063405788856206
on_shell_rho_initial_0.95,0,503,0.0,5.03,0.01,0.015184203863586767,1680178291.1885676,True,0.9770426796571839,0.02295732034281601,0.9880319509090221,0.011968049090977819
on_shell_rho_initial_0.95,0,504,0.0,5.04,0.01,0.015199796455362876,1864626204.7746153,True,0.9770426796569943,0.022957320343005728,0.9870814557982358,0.012918544201764165
on_shell_rho_initial_0.95,0,505,0.0,5.05,0.01,0.015215660088055654,2067054249.4189737,True,0.9770426796568268,0.022957320343173267,0.9860802412469571,0.013919758753042839
on_shell_rho_initial_0.95,0,506,0.0,5.0600000000000005,0.01,0.015231792298760637,2288780809.3884683,True,0.9770426796566785,0.022957320343321486,0.9850227453288339,0.014977254671166096
on_shell_rho_initial_0.95,0,507,0.0,5.07,0.01,0.015248190546533622,2531123631.8161063,True,0.9770426796565475,0.02295732034345263,0.9839025659097086,0.016097434090291372
on_shell_rho_initial_0.95,0,508,0.0,5.08,0.01,0.015264852212367463,2795373357.54123,True,0.9770426796564312,0.022957320343568805,0.9827123802287825,0.017287619771217507
on_shell_rho_initial_0.95,0,509,0.0,5.09,0.01,0.015281774599176281,3082761428.6448145,True,0.9770426796563282,0.02295732034367185,0.9814438350941361,0.01855616490586389
on_shell_rho_initial_0.95,0,510,0.0,5.1000000000000005,0.01,0.015298954931779922,3394421901.2811584,True,0.9770426796562367,0.022957320343763327,0.9800874204430163,0.01991257955698365
on_shell_rho_initial_0.95,0,511,0.0,5.11,0.01,0.015316390356881196,3731347096.8880525,True,0.9770426796561554,0.022957320343844553,0.9786323262733847,0.02136767372661535
on_shell_rho_initial_0.95,0,512,0.0,5.12,0.01,0.015334077943036295,4094337297.5865293,True,0.9770426796560832,0.02295732034391683,0.9770662901887472,0.02293370981125265
on_shell_rho_initial_0.95,0,513,0.0,5.13,0.01,0.015352014680683269,4483945529.237001,True,0.9770426796560189,0.02295732034398113,0.9753754319725508,0.024624568027449237
on_shell_rho_initial_0.95,0,514,0.0,5.14,0.01,0.015370197482142939,4900419049.530553,True,0.9770426796559615,0.02295732034403842,0.9735440825862841,0.026455917413715856
on_shell_rho_initial_0.95,0,515,0.0,5.15,0.01,0.015388623181626681,5343640099.095546,True,0.9770426796559105,0.022957320344089562,0.9715546115691582,0.028445388430841732
on_shell_rho_initial_0.95,0,516,0.0,5.16,0.01,0.015407288535261219,5813069489.516968,True,0.9770426796558648,0.022957320344135203,0.969387268607048,0.030612731392951963
on_shell_rho_initial_0.95,0,517,0.0,5.17,0.01,0.015426190221142416,6307697821.111165,True,0.9770426796558239,0.022957320344176052,0.9670200622763578,0.0329799377236422
on_shell_rho_initial_0.95,0,518,0.0,5.18,0.01,0.01544532483940012,6826010619.260013,True,0.9770426796557874,0.022957320344212655,0.9644286967807121,0.03557130321928798
on_shell_rho_initial_0.95,0,519,0.0,5.19,0.01,0.015464688912251051,7365974686.493701,True,0.9770426796557545,0.02295732034424551,0.9615866058420586,0.03841339415794139
on_shell_rho_initial_0.95,0,520,0.0,5.2,0.01,0.015484278884067285,7925053684.760792,True,0.977042679655725,0.022957320344275025,0.9584651442504108,0.04153485574958916
on_shell_rho_initial_0.95,0,521,0.0,5.21,0.01,0.015504091121538931,8500261404.395808,True,0.9770426796556984,0.02295732034430166,0.9550340113788514,0.04496598862114861
on_shell_rho_initial_0.95,0,522,0.0,5.22,0.01,0.01552412191376963,9088260850.044916,True,0.9770426796556743,0.022957320344325766,0.9512619810853219,0.04873801891467813
on_shell_rho_initial_0.95,0,523,0.0,5.23,0.01,0.015544367472429424,9685514439.168869,True,0.9770426796556524,0.022957320344347564,0.9471180540703853,0.05288194592961474
on_shell_rho_initial_0.95,0,524,0.0,5.24,0.01,0.015564823931942159,10288487241.583216,True,0.9770426796556326,0.022957320344367423,0.9425731335929444,0.057426866407055584
on_shell_rho_initial_0.95,0,525,0.0,5.25,0.01,0.01558548734968999,10893899116.253681,True,0.9770426796556144,0.02295732034438548,0.9376023044472729,0.06239769555272715
on_shell_rho_initial_0.95,0,526,0.0,5.26,0.01,0.015606353706214365,11499013215.969645,True,0.977042679655598,0.022957320344402007,0.9321877341903245,0.06781226580967555
on_shell_rho_initial_0.95,0,527,0.0,5.2700000000000005,0.01,0.015627418905502195,12101938055.900923,True,0.9770426796555829,0.022957320344417134,0.9263220892212758,0.07367791077872422
on_shell_rho_initial_0.95,0,528,0.0,5.28,0.01,0.01564867877526599,12701909328.196396,True,0.977042679655569,0.022957320344430997,0.9200121364736851,0.079987863526315
on_shell_rho_initial_0.95,0,529,0.0,5.29,0.01,0.01567012906725162,13299506541.30482,True,0.9770426796555564,0.02295732034444369,0.9132819133084846,0.08671808669151546
on_shell_rho_initial_0.95,0,530,0.0,5.3,0.01,0.015691765457606296,13896751872.414583,True,0.9770426796555447,0.022957320344455277,0.9061744934917229,0.09382550650827712
on_shell_rho_initial_0.95,0,531,0.0,5.3100000000000005,0.01,0.015713583547279555,14497036437.70645,True,0.9770426796555342,0.02295732034446581,0.8987510802462837,0.10124891975371625
on_shell_rho_initial_0.95,0,532,0.0,5.32,0.01,0.015735578862406906,15104825441.605856,True,0.9770426796555247,0.022957320344475333,0.8910860933632827,0.1089139066367173
on_shell_rho_initial_0.95,0,533,0.0,5.33,0.01,0.015757746854803772,15725112827.363113,True,0.977042679655516,0.022957320344483906,0.8832572410397496,0.11674275896025044
on_shell_rho_initial_0.95,0,534,0.0,5.34,0.01,0.01578008290247312,16362626265.685255,True,0.9770426796555085,0.022957320344491522,0.875330507341555,0.12466949265844499
on_shell_rho_initial_0.95,0,535,0.0,5.3500000000000005,0.01,0.015802582310133602,17020827349.416605,True,0.9770426796555016,0.022957320344498343,0.8673413789856704,0.13265862101432954
on_shell_rho_initial_0.95,0,536,0.0,5.36,0.01,0.01582524030982259,17700805115.983864,True,0.9770426796554955,0.02295732034450443,0.8592751317733829,0.14072486822661714
on_shell_rho_initial_0.95,0,537,0.0,5.37,0.01,0.015848052061535174,18400215930.363407,True,0.9770426796554901,0.02295732034450995,0.8510499839286101,0.14895001607139
on_shell_rho_initial_0.95,0,538,0.0,5.38,0.01,0.015871012653872495,19112469798.34818,True,0.977042679655485,0.022957320344515062,0.8425068094073931,0.1574931905926068
on_shell_rho_initial_0.95,0,539,0.0,5.39,0.01,0.015894117104807134,19826387663.23641,True,0.9770426796554801,0.022957320344519975,0.8334077923457506,0.16659220765424942
on_shell_rho_initial_0.95,0,540,0.0,5.4,0.01,0.015917360362442363,20526535664.414204,True,0.9770426796554751,0.02295732034452493,0.823444534138357,0.17655546586164286
on_shell_rho_initial_0.95,0,541,0.0,5.41,0.01,0.015940737305839846,21194371477.891376,True,0.97704267965547,0.022957320344530012,0.812254580296513,0.187745419703487
on_shell_rho_initial_0.95,0,542,0.0,5.42,0.01,0.015964242745906805,21810206853.011074,True,0.9770426796554645,0.022957320344535532,0.7994450320239249,0.20055496797607514
on_shell_rho_initial_0.95,0,543,0.0,5.43,0.01,0.015987871426333258,22355815954.769657,True,0.9770426796554585,0.022957320344541468,0.7846229411631135,0.21537705883688654
on_shell_rho_initial_0.95,0,544,0.0,5.44,0.01,0.016011618024565535,22817338356.743244,True,0.9770426796554519,0.02295732034454813,0.7674338441779752,0.23256615582202472
on_shell_rho_initial_0.95,0,545,0.0,5.45,0.01,0.016035477152859967,23187982104.87499,True,0.9770426796554446,0.022957320344555436,0.7476108352682859,0.25238916473171413
on_shell_rho_initial_0.95,0,546,0.0,5.46,0.01,0.016059443359391877,23469984751.42719,True,0.9770426796554367,0.022957320344563388,0.7250353889866477,0.27496461101335234
on_shell_rho_initial_0.95,0,547,0.0,5.47,0.01,0.016083511129419387,23675380266.58447,True,0.9770426796554281,0.022957320344571923,0.6998064850752954,0.30019351492470464
on_shell_rho_initial_0.95,0,548,0.0,5.48,0.01,0.01610767488650143,23825339940.047165,True,0.9770426796554191,0.022957320344580815,0.6723065577110121,0.327693442288988
on_shell_rho_initial_0.95,0,549,0.0,5.49,0.01,0.016131928993742224,23948184167.44732,True,0.9770426796554104,0.02295732034458971,0.6432436357643343,0.35675636423566576
on_shell_rho_initial_0.95,0,550,0.0,5.5,0.01,0.016156267755208127,24076504592.512905,True,0.9770426796554017,0.02295732034459823,0.6136446948738269,0.3863553051261731
on_shell_rho_initial_0.95,0,551,0.0,5.51,0.01,0.016180685417300143,24244084478.03341,True,0.9770426796553942,0.022957320344605806,0.5847825165178148,0.4152174834821853
on_shell_rho_initial_0.95,0,552,0.0,5.5200000000000005,0.01,0.016205176170207558,24483362610.22267,True,0.9770426796553879,0.022957320344612,0.5580395919111993,0.4419604080888006
on_shell_rho_initial_0.95,0,553,0.0,5.53,0.01,0.016229734149485527,24824018443.95799,True,0.9770426796553837,0.022957320344616314,0.5347397833260963,0.46526021667390366
on_shell_rho_initial_0.95,0,554,0.0,5.54,0.01,0.016254353437599803,25292934839.53145,True,0.9770426796553815,0.022957320344618507,0.5159952856430088,0.4840047143569912
on_shell_rho_initial_0.95,0,555,0.0,5.55,0.01,0.016279028065654934,25915467129.635807,True,0.9770426796553815,0.022957320344618455,0.502610671751351,0.497389328248649
on_shell_rho_initial_0.95,0,556,0.0,5.5600000000000005,0.01,0.016303752015115736,26717755874.23229,True,0.9770426796553837,0.022957320344616273,0.4950605223515503,0.5049394776484497
on_shell_rho_initial_0.95,0,557,0.0,5.57,0.01,0.01632851921958322,27729827282.824406,True,0.9770426796553879,0.022957320344612064,0.4935281771709799,0.50647182282902
on_shell_rho_initial_0.95,0,558,0.0,5.58,0.01,0.01635332356671409,28989382677.605225,True,0.9770426796553938,0.02295732034460625,0.4979752604128472,0.5020247395871528
on_shell_rho_initial_0.95,0,559,0.0,5.59,0.01,0.016378158900077322,30546383557.32804,True,0.9770426796554009,0.02295732034459912,0.5082086094279216,0.4917913905720784
on_shell_rho_initial_0.95,0,560,0.0,5.6000000000000005,0.01,0.016403019021260058,32468700646.98645,True,0.977042679655409,0.022957320344591057,0.523917724217508,0.47608227578249185
on_shell_rho_initial_0.95,0,561,0.0,5.61,0.01,0.01642789769190761,34849112528.104706,True,0.9770426796554175,0.022957320344582526,0.544665649870681,0.455334350129319
on_shell_rho_initial_0.95,0,562,0.0,5.62,0.01,0.01645278863584539,37813715490.5339,True,0.9770426796554261,0.022957320344573862,0.5698272759193237,0.4301727240806764
on_shell_rho_initial_0.95,0,563,0.0,5.63,0.01,0.016477685541326684,41531111162.0571,True,0.9770426796554345,0.022957320344565515,0.5984838299831349,0.40151617001686524
on_shell_rho_initial_0.95,0,564,0.0,5.64,0.01,0.016502582063275734,46220154967.3621,True,0.9770426796554421,0.022957320344557837,0.6293028571788561,0.3706971428211439
on_shell_rho_initial_0.95,0,565,0.0,5.65,0.01,0.01652747182571001,52150922831.27238,True,0.9770426796554487,0.022957320344551214,0.6604518294430012,0.3395481705569988
on_shell_rho_initial_0.95,0,566,0.0,5.66,0.01,0.01655234842409194,59627776748.1062,True,0.977042679655454,0.02295732034454593,0.6895880382837135,0.31041196171628654
on_shell_rho_initial_0.95,0,567,0.0,5.67,0.01,0.016577205427855513,68933652488.64862,True,0.9770426796554579,0.022957320344542138,0.7139021079079287,0.28609789209207137
on_shell_rho_initial_0.95,0,568,0.0,5.68,0.01,0.016602036382940034,80199228649.10281,True,0.9770426796554602,0.022957320344539806,0.7300474248618655,0.26995257513813453
on_shell_rho_initial_0.95,0,569,0.0,5.69,0.01,0.016626834814433264,93139835585.70331,True,0.977042679655461,0.022957320344538963,0.7335407324475888,0.2664592675524112
on_shell_rho_initial_0.95,0,570,0.0,5.7,0.01,0.016651594229243304,106588335428.11157,True,0.9770426796554604,0.0229573203445396,0.7166805424875986,0.2833194575124014
on_shell_rho_initial_0.95,0,571,0.0,5.71,0.01,0.016676308118853317,117815447330.27788,True,0.9770426796554578,0.022957320344542252,0.6622058650663939,0.33779413493360605
on_shell_rho_initial_0.95,0,572,0.0,5.72,0.01,0.01670096996214006,122188640202.93863,True,0.9770426796554512,0.022957320344548816,0.5235864806939862,0.47641351930601383
on_shell_rho_initial_0.95,0,573,0.0,5.73,0.01,0.016725573228249926,117678093969.64749,True,0.9770426796554356,0.022957320344564384,0.19633268607995882,0.8036673139200412
on_shell_rho_initial_0.95,0,574,0.0,5.74,0.01,0.016750111379534142,139246367278.97964,True,0.9770426796554275,0.02295732034457256,0.08732379027972385,0.9126762097202762
on_shell_rho_initial_0.95,0,575,0.0,5.75,0.01,0.0167745778745495,292388244415.00275,True,0.9770426796554526,0.022957320344547418,0.6720507141994242,0.3279492858005759
on_shell_rho_initial_0.95,0,576,0.0,5.76,0.01,0.016798966171113268,656190829304.8085,True,0.9770426796554632,0.022957320344536784,0.8997579459854883,0.10024205401451165
on_shell_rho_initial_0.95,0,577,0.0,5.7700000000000005,0.01,0.01682326972942372,1336669537121.3315,True,0.9770426796554663,0.022957320344533568,0.9650318640058152,0.03496813599418483
on_shell_rho_initial_0.95,0,578,0.0,5.78,0.01,0.01684748201520322,2513599911458.018,True,0.9770426796554676,0.022957320344532434,0.9871842287089945,0.012815771291005487
on_shell_rho_initial_0.95,0,579,0.0,5.79,0.01,0.016871596502939786,4451960885686.682,True,0.977042679655468,0.022957320344531972,0.9956642163617103,0.004335783638289667
on_shell_rho_initial_0.95,0,580,0.0,5.8,0.01,0.016895606679141938,7517402547821.156,True,0.9770426796554682,0.022957320344531774,0.9989485982636127,0.001051401736387182
on_shell_rho_initial_0.95,0,581,0.0,5.8100000000000005,0.01,0.01691950604567341,12188359062171.566,True,0.9770426796554684,0.022957320344531677,0.999951057305371,4.8942694628997314e-05
on_shell_rho_initial_0.95,0,582,0.0,5.82,0.01,0.01694328812308129,19057642222949.094,True,0.9770426796554684,0.0229573203445316,0.9998158601823931,0.00018413981760686155
on_shell_rho_initial_0.95,0,583,0.0,5.83,0.01,0.01696694645403367,28817175748920.137,True,0.9770426796554684,0.022957320344531587,0.999035450674556,0.0009645493254439955
on_shell_rho_initial_0.95,0,584,0.0,5.84,0.01,0.01699047460674325,42221094460929.62,True,0.9770426796554684,0.022957320344531528,0.9978324840569816,0.0021675159430184433
on_shell_rho_initial_0.95,0,585,0.0,5.8500000000000005,0.01,0.01701386617847828,60025742800268.64,True,0.9770426796554684,0.022957320344531552,0.9963065124728799,0.0036934875271201167
on_shell_rho_initial_0.95,0,586,0.0,5.86,0.01,0.01703711479903542,82910110996833.94,True,0.9770426796554684,0.022957320344531577,0.9944956779803047,0.0055043220196953555
on_shell_rho_initial_0.95,0,587,0.0,5.87,0.01,0.017060214134331054,111385965267597.0,True,0.9770426796554684,0.02295732034453157,0.9924045817837609,0.007595418216239038
on_shell_rho_initial_0.95,0,588,0.0,5.88,0.01,0.017083157889949654,145711861030428.9,True,0.9770426796554684,0.022957320344531552,0.9900176865504843,0.009982313449515688
on_shell_rho_initial_0.95,0,589,0.0,5.89,0.01,0.01710593981477773,185827581062282.47,True,0.9770426796554684,0.022957320344531552,0.9873061749535829,0.012693825046417133
on_shell_rho_initial_0.95,0,590,0.0,5.9,0.01,0.017128553704597094,231324119790305.44,True,0.9770426796554684,0.02295732034453157,0.9842318516445674,0.015768148355432676
on_shell_rho_initial_0.95,0,591,0.0,5.91,0.01,0.01715099340574324,281458853633554.03,True,0.9770426796554684,0.02295732034453156,0.9807498113440654,0.01925018865593473
on_shell_rho_initial_0.95,0,592,0.0,5.92,0.01,0.01717325281876726,335217090770762.9,True,0.9770426796554684,0.022957320344531552,0.9768108295583187,0.023189170441681388
on_shell_rho_initial_0.95,0,593,0.0,5.93,0.01,0.01719532590209368,391411835600984.6,True,0.9770426796554684,0.022957320344531552,0.9723640274442246,0.02763597255577542
on_shell_rho_initial_0.95,0,594,0.0,5.94,0.01,0.01721720667572628,448805811691187.44,True,0.9770426796554684,0.02295732034453157,0.9673601329662915,0.03263986703370843
on_shell_rho_initial_0.95,0,595,0.0,5.95,0.01,0.017238889224890225,506235603069471.1,True,0.9770426796554684,0.022957320344531577,0.9617554499838136,0.038244550016186506
on_shell_rho_initial_0.95,0,596,0.0,5.96,0.01,0.017260367703738337,562718148740398.56,True,0.9770426796554684,0.022957320344531552,0.9555164041981737,0.0444835958018263
on_shell_rho_initial_0.95,0,597,0.0,5.97,0.01,0.017281636339026494,617524411800116.1,True,0.9770426796554684,0.022957320344531552,0.9486242480742931,0.05137575192570691
on_shell_rho_initial_0.95,0,598,0.0,5.98,0.01,0.017302689433777736,670212381525350.4,True,0.9770426796554684,0.02295732034453156,0.9410792219132164,0.05892077808678369
on_shell_rho_initial_0.95,0,599,0.0,5.99,0.01,0.017323521370940197,720619638264648.0,True,0.9770426796554684,0.022957320344531587,0.9329032664759408,0.0670967335240592
on_shell_rho_initial_0.95,0,600,0.0,6.0,0.01,0.01734412661702931,768822610232969.1,True,0.9770426796554684,0.022957320344531535,0.9241403884942264,0.07585961150577368
on_shell_rho_initial_0.95,0,601,0.0,6.01,0.01,0.017364499725747478,815074054163487.6,True,0.9770426796554684,0.022957320344531552,0.9148541181011376,0.08514588189886249
on_shell_rho_initial_0.95,0,602,0.0,6.0200000000000005,0.01,0.01738463534157726,859731704112201.1,True,0.9770426796554684,0.02295732034453157,0.9051220243925737,0.09487797560742622
on_shell_rho_initial_0.95,0,603,0.0,6.03,0.01,0.01740452820334553,903189845014050.9,True,0.9770426796554684,0.022957320344531535,0.8950280562306836,0.10497194376931643
on_shell_rho_initial_0.95,0,604,0.0,6.04,0.01,0.017424173147767712,945822499998140.6,True,0.9770426796554684,0.022957320344531552,0.8846540395005519,0.11534596049944812
on_shell_rho_initial_0.95,0,605,0.0,6.05,0.01,0.01744356511292552,987943111708917.6,True,0.9770426796554684,0.022957320344531552,0.8740719153224734,0.12592808467752664
on_shell_rho_initial_0.95,0,606,0.0,6.0600000000000005,0.01,0.017462699141709084,1029781949804517.4,True,0.9770426796554684,0.02295732034453157,0.8633381056704341,0.1366618943295659
on_shell_rho_initial_0.95,0,607,0.0,6.07,0.01,0.017481570385271143,1071479605320164.9,True,0.9770426796554684,0.02295732034453156,0.8524907922453999,0.1475092077546001
on_shell_rho_initial_0.95,0,608,0.0,6.08,0.01,0.017500174106331895,1113093139390750.8,True,0.9770426796554684,0.022957320344531577,0.8415501728750221,0.15844982712497793
on_shell_rho_initial_0.95,0,609,0.0,6.09,0.01,0.017518505682497527,1154610708455327.8,True,0.9770426796554684,0.022957320344531552,0.8305211500474821,0.16947884995251786
on_shell_rho_initial_0.95,0,610,0.0,6.1000000000000005,0.01,0.017536560609503836,1195970577339497.8,True,0.9770426796554684,0.02295732034453156,0.8193975567700296,0.18060244322997046
on_shell_rho_initial_0.95,0,611,0.0,6.11,0.01,0.017554334504377312,1237081072149582.0,True,0.9770426796554684,0.022957320344531577,0.8081669774485917,0.19183302255140838
on_shell_rho_initial_0.95,0,612,0.0,6.12,0.01,0.01757182310855934,1277838928914689.8,True,0.9770426796554684,0.022957320344531545,0.7968153686109473,0.2031846313890527
on_shell_rho_initial_0.95,0,613,0.0,6.13,0.01,0.017589022290938096,1318144447546096.8,True,0.9770426796554684,0.022957320344531587,0.7853309560750485,0.21466904392495142
on_shell_rho_initial_0.95,0,614,0.0,6.140000000000001,0.01,0.017605928050800145,1357912708016353.5,True,0.9770426796554684,0.022957320344531577,0.7737071394995592,0.22629286050044084
on_shell_rho_initial_0.95,0,615,0.0,6.15,0.01,0.01762253652071959,1397080770617010.0,True,0.9770426796554684,0.02295732034453157,0.7619443428947551,0.23805565710524493
on_shell_rho_initial_0.95,0,616,0.0,6.16,0.01,0.017638843969343312,1435611242436698.0,True,0.9770426796554684,0.022957320344531594,0.7500508990385518,0.24994910096144812
on_shell_rho_initial_0.95,0,617,0.0,6.17,0.01,0.017654846804102137,1473492856505369.0,True,0.9770426796554684,0.022957320344531587,0.7380431185324677,0.2619568814675323
on_shell_rho_initial_0.95,0,618,0.0,6.18,0.01,0.01767054157383197,1510738817009331.2,True,0.9770426796554684,0.022957320344531577,0.7259447304589703,0.2740552695410296
on_shell_rho_initial_0.95,0,619,0.0,6.19,0.01,0.017685924971280197,1547383654557823.8,True,0.9770426796554684,0.0229573203445316,0.7137858793772874,0.28621412062271256
on_shell_rho_initial_0.95,0,620,0.0,6.2,0.01,0.017700993835535507,1583479250159318.8,True,0.9770426796554684,0.022957320344531594,0.7016018392691468,0.2983981607308532
on_shell_rho_initial_0.95,0,621,0.0,6.21,0.01,0.017715745154343203,1619090563115422.8,True,0.9770426796554684,0.022957320344531594,0.6894315895285691,0.3105684104714309
on_shell_rho_initial_0.95,0,622,0.0,6.22,0.01,0.017730176066305395,1654291462671926.0,True,0.9770426796554684,0.0229573203445316,0.6773163654833109,0.32268363451668924
on_shell_rho_initial_0.95,0,623,0.0,6.23,0.01,0.017744283862995057,1689160934021387.5,True,0.9770426796554684,0.022957320344531594,0.6652982712151262,0.3347017287848738
on_shell_rho_initial_0.95,0,624,0.0,6.24,0.01,0.017758065990950787,1723779818156237.0,True,0.9770426796554684,0.022957320344531577,0.6534190212845755,0.3465809787154245
on_shell_rho_initial_0.95,0,625,0.0,6.25,0.01,0.01777152005353407,1758228156596351.0,True,0.9770426796554684,0.022957320344531594,0.6417188533612397,0.3582811466387603
on_shell_rho_initial_0.95,0,626,0.0,6.26,0.01,0.017784643812697086,1792583145868126.8,True,0.9770426796554684,0.0229573203445316,0.630235636374123,0.3697643636258769
on_shell_rho_initial_0.95,0,627,0.0,6.2700000000000005,0.01,0.017797435190621564,1826917662204301.0,True,0.9770426796554684,0.022957320344531587,0.6190041831358506,0.38099581686414946
on_shell_rho_initial_0.95,0,628,0.0,6.28,0.01,0.017809892271224998,1861299290122963.0,True,0.9770426796554684,0.022957320344531587,0.6080557621471706,0.39194423785282945
on_shell_rho_initial_0.95,0,629,0.0,6.29,0.01,0.017822013301544138,1895789775160789.8,True,0.9770426796554684,0.02295732034453157,0.5974177946766392,0.40258220532336086
on_shell_rho_initial_0.95,0,630,0.0,6.3,0.01,0.01783379669301104,1930444818529614.2,True,0.9770426796554684,0.02295732034453161,0.5871137176298051,0.4128862823701948
on_shell_rho_initial_0.95,0,631,0.0,6.3100000000000005,0.01,0.017845241022585206,1965314135850953.5,True,0.9770426796554684,0.022957320344531594,0.5771629855234608,0.4228370144765393
on_shell_rho_initial_0.95,0,632,0.0,6.32,0.01,0.0178563450337407,2000441708902791.2,True,0.9770426796554684,0.022957320344531577,0.5675811849725169,0.4324188150274832
on_shell_rho_initial_0.95,0,633,0.0,6.33,0.01,0.01786710763734572,2035866169569945.8,True,0.9770426796554684,0.022957320344531587,0.5583802373117562,0.44161976268824377
on_shell_rho_initial_0.95,0,634,0.0,6.34,0.01,0.01787752791240035,2071621267019779.8,True,0.9770426796554684,0.022957320344531577,0.5495686636535311,0.450431336346469
on_shell_rho_initial_0.95,0,635,0.0,6.3500000000000005,0.01,0.017887605106637512,2107736378636405.8,True,0.9770426796554684,0.022957320344531587,0.5411518899768608,0.4588481100231392
on_shell_rho_initial_0.95,0,636,0.0,6.36,0.01,0.017897338636986164,2144237034032260.2,True,0.9770426796554684,0.02295732034453161,0.5331325740324807,0.46686742596751934
on_shell_rho_initial_0.95,0,637,0.0,6.37,0.01,0.017906728089900917,2181145429755219.0,True,0.9770426796554684,0.022957320344531594,0.5255109390149542,0.47448906098504584
on_shell_rho_initial_0.95,0,638,0.0,6.38,0.01,0.01791577322156252,2218480919922153.2,True,0.9770426796554684,0.0229573203445316,0.518285102253721,0.48171489774627907
on_shell_rho_initial_0.95,0,639,0.0,6.390000000000001,0.01,0.01792447395793991,2256260473558671.0,True,0.9770426796554684,0.02295732034453161,0.5114513888365135,0.4885486111634865
on_shell_rho_initial_0.95,0,640,0.0,6.4,0.01,0.01793283039469686,2294499091380629.0,True,0.9770426796554684,0.02295732034453161,0.5050046244878162,0.4949953755121838
on_shell_rho_initial_0.95,0,641,0.0,6.41,0.01,0.01794084279698703,2333210179482985.0,True,0.9770426796554684,0.022957320344531594,0.49893840372080556,0.5010615962791944
on_shell_rho_initial_0.95,0,642,0.0,6.42,0.01,0.017948511599098545,2372405880515288.5,True,0.9770426796554684,0.022957320344531577,0.49324533142463006,0.5067546685753699
on_shell_rho_initial_0.95,0,643,0.0,6.43,0.01,0.017955837403965932,2412097363366201.0,True,0.9770426796554684,0.0229573203445316,0.48791723656772173,0.5120827634322782
on_shell_rho_initial_0.95,0,644,0.0,6.44,0.01,0.01796282098254898,2452295073809385.5,True,0.9770426796554684,0.022957320344531577,0.48294535876408223,0.5170546412359178
on_shell_rho_initial_0.95,0,645,0.0,6.45,0.01,0.0179694632730782,2493008949114829.0,True,0.9770426796554684,0.022957320344531594,0.47832050923877184,0.5216794907612282
on_shell_rho_initial_0.95,0,646,0.0,6.46,0.01,0.017975765380166625,2534248599869229.5,True,0.9770426796554684,0.02295732034453156,0.47403320789484676,0.5259667921051532
on_shell_rho_initial_0.95,0,647,0.0,6.47,0.01,0.0179817285737878,2576023462342251.5,True,0.9770426796554684,0.022957320344531587,0.4700737984922876,0.5299262015077124
on_shell_rho_initial_0.95,0,648,0.0,6.48,0.01,0.017987354288120126,2618342925733283.0,True,0.9770426796554684,0.02295732034453156,0.4664325421776583,0.5335674578223417
on_shell_rho_initial_0.95,0,649,0.0,6.49,0.01,0.017992644120272627,2661216436892603.5,True,0.9770426796554684,0.022957320344531577,0.4630996939737413,0.5369003060262588
on_shell_rho_initial_0.95,0,650,0.0,6.5,0.01,0.017997599828884818,2704653583164968.5,True,0.9770426796554684,0.022957320344531594,0.4600655683490373,0.5399344316509627
on_shell_rho_initial_0.95,0,651,0.0,6.51,0.01,0.01800222333259811,2748664162217185.0,True,0.9770426796554684,0.022957320344531594,0.4573205842663863,0.5426794157336137
on_shell_rho_initial_0.95,0,652,0.0,6.5200000000000005,0.01,0.018006516708409057,2793258235338234.0,True,0.9770426796554684,0.02295732034453157,0.4548553053341721,0.5451446946658279
on_shell_rho_initial_0.95,0,653,0.0,6.53,0.01,0.018010482189890525,2838446170164866.0,True,0.9770426796554684,0.022957320344531577,0.45266046588116465,0.5473395341188354
on_shell_rho_initial_0.95,0,654,0.0,6.54,0.01,0.01801412216530435,2884238671247832.0,True,0.9770426796554684,0.0229573203445316,0.45072699029478325,0.5492730097052169
on_shell_rho_initial_0.95,0,655,0.0,6.55,0.01,0.01801743917560567,2930646801972020.0,True,0.9770426796554684,0.02295732034453156,0.449046005842975,0.5509539941570251
on_shell_rho_initial_0.95,0,656,0.0,6.5600000000000005,0.01,0.01802043591233886,2977682000500772.5,True,0.9770426796554684,0.02295732034453157,0.44760885063813277,0.5523911493618673
on_shell_rho_initial_0.95,0,657,0.0,6.57,0.01,0.01802311521542549,3025356091667768.0,True,0.9770426796554684,0.02295732034453157,0.44640707794274137,0.5535929220572586
on_shell_rho_initial_0.95,0,658,0.0,6.58,0.01,0.018025480070844434,3073681295757106.0,True,0.9770426796554684,0.02295732034453156,0.44543245759387057,0.5545675424061295
on_shell_rho_initial_0.95,0,659,0.0,6.59,0.01,0.01802753360820458,3122670233839557.0,True,0.9770426796554684,0.02295732034453156,0.44467697479016216,0.5553230252098378
on_shell_rho_initial_0.95,0,660,0.0,6.6000000000000005,0.01,0.018029279098210553,3172335927539533.0,True,0.9770426796554684,0.022957320344531552,0.4441328259523977,0.5558671740476022
on_shell_rho_initial_0.95,0,661,0.0,6.61,0.01,0.018030719950022037,3222691799242792.5,True,0.9770426796554684,0.022957320344531545,0.4437924016328792,0.5562075983671209
on_shell_rho_initial_0.95,0,662,0.0,6.62,0.01,0.01803185970857793,3273751660996556.5,True,0.9770426796554684,0.022957320344531545,0.4436482850387699,0.55635171496123
on_shell_rho_initial_0.95,0,663,0.0,6.63,0.01,0.018032702051838524,3325529699171724.0,True,0.9770426796554684,0.022957320344531552,0.4436932616094826,0.5563067383905175
on_shell_rho_initial_0.95,0,664,0.0,6.640000000000001,0.01,0.01803325078783227,3378040498307512.0,True,0.9770426796554684,0.022957320344531545,0.44392027129475653,0.5560797287052435
on_shell_rho_initial_0.95,0,665,0.0,6.65,0.01,0.018033509851787775,3431299003728977.5,True,0.9770426796554684,0.022957320344531528,0.4443224417042069,0.555677558295793
on_shell_rho_initial_0.95,0,666,0.0,6.66,0.01,0.018033483303075474,3485320544422400.5,True,0.9770426796554684,0.022957320344531552,0.44489306518083405,0.555106934819166
on_shell_rho_initial_0.95,0,667,0.0,6.67,0.01,0.018033175322087504,3540120835827750.0,True,0.9770426796554684,0.022957320344531545,0.4456255924708707,0.5543744075291294
on_shell_rho_initial_0.95,0,668,0.0,6.68,0.01,0.018032590207060467,3595715972543275.0,True,0.9770426796554684,0.022957320344531552,0.4465136239149497,0.5534863760850504
on_shell_rho_initial_0.95,0,669,0.0,6.69,0.01,0.018031732370843382,3652122415341861.5,True,0.9770426796554684,0.022957320344531552,0.447550899527736,0.5524491004722639
on_shell_rho_initial_0.95,0,670,0.0,6.7,0.01,0.018030606337613244,3709356976784376.5,True,0.9770426796554684,0.022957320344531552,0.44873128945402857,0.5512687105459715
on_shell_rho_initial_0.95,0,671,0.0,6.71,0.01,0.018029216739540527,3767436809660762.5,True,0.9770426796554684,0.022957320344531545,0.45004878603641013,0.5499512139635899
on_shell_rho_initial_0.95,0,672,0.0,6.72,0.01,0.018027568313406864,3826379402265810.0,True,0.9770426796554684,0.022957320344531552,0.4514974984030064,0.5485025015969935
on_shell_rho_initial_0.95,0,673,0.0,6.73,0.01,0.018025665897177405,3886202583856780.0,True,0.9770426796554684,0.022957320344531545,0.45307165013498363,0.5469283498650164
on_shell_rho_initial_0.95,0,674,0.0,6.74,0.01,0.018023514426529934,3946924542411720.5,True,0.9770426796554684,0.022957320344531545,0.45476558009372414,0.5452344199062759
on_shell_rho_initial_0.95,0,675,0.0,6.75,0.01,0.018021118931343144,4008563854763271.5,True,0.9770426796554684,0.02295732034453157,0.4565737458742301,0.54342625412577
on_shell_rho_initial_0.95,0,676,0.0,6.76,0.01,0.018018484532146255,4071139525935733.5,True,0.9770426796554684,0.022957320344531552,0.4584907286483161,0.5415092713516839
on_shell_rho_initial_0.95,0,677,0.0,6.7700000000000005,0.01,0.018015616436532125,4134671029948537.0,True,0.9770426796554684,0.02295732034453157,0.4605112371758643,0.5394887628241358
on_shell_rho_initial_0.95,0,678,0.0,6.78,0.01,0.018012519935536014,4199178337864433.0,True,0.9770426796554684,0.022957320344531545,0.4626301076712597,0.5373698923287403
on_shell_rho_initial_0.95,0,679,0.0,6.79,0.01,0.018009200399982113,4264681910168041.5,True,0.9770426796554684,0.022957320344531552,0.4648422948554425,0.5351577051445575
on_shell_rho_initial_0.95,0,680,0.0,6.8,0.01,0.018005663276799786,4331202619126673.0,True,0.9770426796554684,0.02295732034453157,0.46714284790888044,0.5328571520911196
on_shell_rho_initial_0.95,0,681,0.0,6.8100000000000005,0.01,0.018001914085311568,4398761774236580.0,True,0.9770426796554684,0.022957320344531552,0.4695267804640403,0.5304732195359598
on_shell_rho_initial_0.95,0,682,0.0,6.82,0.01,0.017997958413817235,4467380914116123.0,True,0.9770426796554684,0.02295732034453156,0.4719892153082716,0.5280107846917285
on_shell_rho_initial_0.95,0,683,0.0,6.83,0.01,0.017993801916028868,4537081863181484.0,True,0.9770426796554684,0.022957320344531552,0.47452551179262215,0.525474488207378
on_shell_rho_initial_0.95,0,684,0.0,6.84,0.01,0.017989450307055843,4607887328331398.0,True,0.9770426796554684,0.02295732034453156,0.4771309917325234,0.5228690082674766
on_shell_rho_initial_0.95,0,685,0.0,6.8500000000000005,0.01,0.017984909359895624,4679820498533570.0,True,0.9770426796554684,0.02295732034453157,0.47980113137176766,0.5201988686282324
on_shell_rho_initial_0.95,0,686,0.0,6.86,0.01,0.017980184901771067,4752905142629438.0,True,0.9770426796554684,0.022957320344531535,0.4825315012934333,0.5174684987065667
on_shell_rho_initial_0.95,0,687,0.0,6.87,0.01,0.01797528281048099,4827165642195291.0,True,0.9770426796554684,0.022957320344531552,0.48531776644094343,0.5146822335590565
on_shell_rho_initial_0.95,0,688,0.0,6.88,0.01,0.017970209010766985,4902627014176566.0,True,0.9770426796554684,0.022957320344531535,0.48815568367678,0.51184431632322
on_shell_rho_initial_0.95,0,689,0.0,6.890000000000001,0.01,0.017964969470699515,4979314927304041.0,True,0.9770426796554684,0.02295732034453156,0.49104109811743,0.5089589018825699
on_shell_rho_initial_0.95,0,690,0.0,6.9,0.01,0.01795957019808611,5057255716926169.0,True,0.9770426796554684,0.02295732034453157,0.4939699392411713,0.5060300607588286
on_shell_rho_initial_0.95,0,691,0.0,6.91,0.01,0.01795401723690448,5136476402794834.0,True,0.9770426796554684,0.022957320344531552,0.49693821772952945,0.5030617822704705
on_shell_rho_initial_0.95,0,692,0.0,6.92,0.01,0.01794831666376314,5217004714366090.0,True,0.9770426796554684,0.022957320344531535,0.4999420236774444,0.5000579763225556
on_shell_rho_initial_0.95,0,693,0.0,6.93,0.01,0.017942474584392083,5298869127244271.0,True,0.9770426796554684,0.022957320344531552,0.5029775265971793,0.49702247340282063
on_shell_rho_initial_0.95,0,694,0.0,6.94,0.01,0.017936497130165985,5382098912915273.0,True,0.9770426796554684,0.022957320344531552,0.5060409772235445,0.49395902277645554
on_shell_rho_initial_0.95,0,695,0.0,6.95,0.01,0.017930390454662205,5466724201230972.0,True,0.9770426796554684,0.02295732034453157,0.5091287106859874,0.4908712893140126
on_shell_rho_initial_0.95,0,696,0.0,6.96,0.01,0.017924160730255694,5552776051268596.0,True,0.9770426796554684,0.02295732034453156,0.5122371499748951,0.4877628500251049
on_shell_rho_initial_0.95,0,697,0.0,6.97,0.01,0.017917814144753057,5640286520332761.0,True,0.9770426796554684,0.022957320344531545,0.5153628079473601,0.4846371920526399
on_shell_rho_initial_0.95,0,698,0.0,6.98,0.01,0.01791135689806755,5729288713018744.0,True,0.9770426796554684,0.022957320344531552,0.5185022852191261,0.4814977147808739
on_shell_rho_initial_0.95,0,699,0.0,6.99,0.01,0.017904795198936986,5819816781718185.0,True,0.9770426796554684,0.022957320344531552,0.5216522602218746,0.47834773977812545
on_shell_rho_initial_0.95,0,700,0.0,7.0,0.01,0.01789813526168614,5911905835898897.0,True,0.9770426796554684,0.022957320344531552,0.5248094664950645,0.4751905335049355
on_shell_rho_initial_0.95,0,701,0.0,7.01,0.01,0.01789138330303534,6005591958189865.0,True,0.9770426796554684,0.022957320344531577,0.5279706144380779,0.47202938556192203
on_shell_rho_initial_0.95,0,702,0.0,7.0200000000000005,0.01,0.017884545539015494,6100911983140402.0,True,0.9770426796554684,0.022957320344531577,0.531132449329031,0.4688675506709691
on_shell_rho_initial_0.95,0,703,0.0,7.03,0.01,0.017877628181926824,6197903460644863.0,True,0.9770426796554684,0.02295732034453156,0.5342918475375681,0.46570815246243197
on_shell_rho_initial_0.95,0,704,0.0,7.04,0.01,0.017870637437246067,6296605455673002.0,True,0.9770426796554684,0.022957320344531552,0.5374456494573044,0.4625543505426956
on_shell_rho_initial_0.95,0,705,0.0,7.05,0.01,0.01786357950069594,6397057959550196.0,True,0.9770426796554684,0.02295732034453156,0.5405907613302442,0.45940923866975586
on_shell_rho_initial_0.95,0,706,0.0,7.0600000000000005,0.01,0.017856460555338752,6499301988939977.0,True,0.9770426796554684,0.022957320344531577,0.5437241127619449,0.45627588723805507
on_shell_rho_initial_0.95,0,707,0.0,7.07,0.01,0.017849286768729968,6603379577684032.0,True,0.9770426796554684,0.022957320344531587,0.5468426501992,0.45315734980080014
on_shell_rho_initial_0.95,0,708,0.0,7.08,0.01,0.01784206429013267,6709333735670357.0,True,0.9770426796554684,0.022957320344531577,0.5499433269519651,0.4500566730480349
on_shell_rho_initial_0.95,0,709,0.0,7.09,0.01,0.017834799247793943,6817208377521852.0,True,0.9770426796554684,0.022957320344531594,0.5530230906751055,0.44697690932489464
on_shell_rho_initial_0.95,0,710,0.0,7.1000000000000005,0.01,0.01782749774628393,6927048224502396.0,True,0.9770426796554684,0.022957320344531577,0.5560788692820434,0.44392113071795664
on_shell_rho_initial_0.95,0,711,0.0,7.11,0.01,0.017820165863898268,7038898683791895.0,True,0.9770426796554684,0.02295732034453157,0.5591075561598216,0.4408924438401785
on_shell_rho_initial_0.95,0,712,0.0,7.12,0.01,0.017812809650124495,7152805709364703.0,True,0.9770426796554684,0.022957320344531587,0.5621059954572963,0.43789400454270366
on_shell_rho_initial_0.95,0,713,0.0,7.13,0.01,0.017805435123172994,7268815648396467.0,True,0.9770426796554684,0.02295732034453161,0.5650709680405029,0.4349290319594971
on_shell_rho_initial_0.95,0,714,0.0,7.140000000000001,0.01,0.017798048267572763,7386975076323029.0,True,0.9770426796554684,0.022957320344531587,0.567999178439378,0.4320008215606221
on_shell_rho_initial_0.95,0,715,0.0,7.15,0.01,0.017790655031832477,7507330621052370.0,True,0.9770426796554684,0.022957320344531594,0.570887242861211,0.42911275713878905
on_shell_rho_initial_0.95,0,716,0.0,7.16,0.01,0.01778326132616695,7629928773657830.0,True,0.9770426796554684,0.022957320344531594,0.5737316778818226,0.4262683221181774
on_shell_rho_initial_0.95,0,717,0.0,7.17,0.01,0.017775873020289233,7754815677405727.0,True,0.9770426796554684,0.022957320344531577,0.5765288889353756,0.4234711110646245
on_shell_rho_initial_0.95,0,718,0.0,7.18,0.01,0.01776849594126837,7882036879010678.0,True,0.9770426796554684,0.022957320344531552,0.5792751571396462,0.4207248428603539
on_shell_rho_initial_0.95,0,719,0.0,7.19,0.01,0.017761135871452866,8011637015476729.0,True,0.9770426796554684,0.02295732034453157,0.5819666222047644,0.41803337779523564
on_shell_rho_initial_0.95,0,720,0.0,7.2,0.01,0.01775379854645966,8143659395911661.0,True,0.9770426796554684,0.022957320344531577,0.584599258226126,0.41540074177387404
on_shell_rho_initial_0.95,0,721,0.0,7.21,0.01,0.017746489653228652,8278145417803550.0,True,0.9770426796554684,0.022957320344531587,0.5871688382004578,0.4128311617995422
on_shell_rho_initial_0.95,0,722,0.0,7.22,0.01,0.017739214828142398,8415133734263576.0,True,0.9770426796554684,0.02295732034453157,0.5896708816433424,0.4103291183566576
on_shell_rho_initial_0.95,0,723,0.0,7.23,0.01,0.017731979655210766,8554659415482806.0,True,0.9770426796554684,0.022957320344531587,0.5921005656810097,0.4078994343189904
on_shell_rho_initial_0.95,0,724,0.0,7.24,0.01,0.017724789664319777,8696753047103147.0,True,0.9770426796554684,0.022957320344531577,0.5944526930706617,0.4055473069293382
on_shell_rho_initial_0.95,0,725,0.0,7.25,0.01,0.017717650329547485,8841439283102693.0,True,0.9770426796554684,0.022957320344531594,0.5967218156037022,0.4032781843962978
on_shell_rho_initial_0.95,0,726,0.0,7.26,0.01,0.01771056706754295,8988738058955311.0,True,0.9770426796554684,0.022957320344531552,0.5989020625972792,0.40109793740272087
on_shell_rho_initial_0.95,0,727,0.0,7.2700000000000005,0.01,0.017703545235963524,9138662185805326.0,True,0.9770426796554684,0.02295732034453157,0.6009871659959864,0.3990128340040135
on_shell_rho_initial_0.95,0,728,0.0,7.28,0.01,0.017696590131976442,9291216209317146.0,True,0.9770426796554684,0.02295732034453156,0.6029703825465385,0.3970296174534616
on_shell_rho_initial_0.95,0,729,0.0,7.29,0.01,0.017689706990821737,9446395022028348.0,True,0.9770426796554684,0.02295732034453156,0.6048444382105878,0.39515556178941225
on_shell_rho_initial_0.95,0,730,0.0,7.3,0.01,0.017682900984435555,9604182289919834.0,True,0.9770426796554684,0.022957320344531552,0.6066014668366881,0.39339853316331186
on_shell_rho_initial_0.95,0,731,0.0,7.3100000000000005,0.01,0.01767617722013296,9764548686667452.0,True,0.9770426796554684,0.02295732034453157,0.6082329414093629,0.3917670585906371
on_shell_rho_initial_0.95,0,732,0.0,7.32,0.01,0.01766954073934925,9927449921809900.0,True,0.9770426796554684,0.022957320344531545,0.6097295972923976,0.3902704027076024
on_shell_rho_initial_0.95,0,733,0.0,7.33,0.01,0.017662996516438715,1.0092824549222814e+16,True,0.9770426796554684,0.02295732034453156,0.6110813465382879,0.38891865346171195
on_shell_rho_initial_0.95,0,734,0.0,7.34,0.01,0.017656549457529994,1.0260591539039328e+16,True,0.9770426796554684,0.022957320344531552,0.6122771820432882,0.38772281795671176
on_shell_rho_initial_0.95,0,735,0.0,7.3500000000000005,0.01,0.01765020439943678,1.0430647595087292e+16,True,0.9770426796554684,0.02295732034453156,0.6133050697316962,0.38669493026830387
on_shell_rho_initial_0.95,0,736,0.0,7.36,0.01,0.01764396610862304,1.0602864192275164e+16,True,0.9770426796554684,0.022957320344531545,0.6141518264763443,0.38584817352365575
on_shell_rho_initial_0.95,0,737,0.0,7.37,0.01,0.01763783928022153,1.077708430489918e+16,True,0.9770426796554684,0.022957320344531577,0.6148029804665331,0.3851970195334668
on_shell_rho_initial_0.95,0,738,0.0,7.38,0.01,0.017631828537104637,1.0953118784097282e+16,True,0.9770426796554684,0.02295732034453156,0.6152426098824346,0.3847573901175654
on_shell_rho_initial_0.95,0,739,0.0,7.390000000000001,0.01,0.017625938429006522,1.1130742331392102e+16,True,0.9770426796554684,0.022957320344531552,0.6154531543091408,0.3845468456908592
on_shell_rho_initial_0.95,0,740,0.0,7.4,0.01,0.01762017343169534,1.1309689055730432e+16,True,0.9770426796554684,0.022957320344531552,0.6154151909322594,0.3845848090677406
on_shell_rho_initial_0.95,0,741,0.0,7.41,0.01,0.01761453794619319,1.1489647747936358e+16,True,0.9770426796554684,0.02295732034453157,0.6151071723235905,0.3848928276764095
on_shell_rho_initial_0.95,0,742,0.0,7.42,0.01,0.01760903629803684,1.1670256168544578e+16,True,0.9770426796554684,0.022957320344531545,0.6145051638465261,0.3854948361534739
on_shell_rho_initial_0.95,0,743,0.0,7.43,0.01,0.017603672736596063,1.185109611791036e+16,True,0.9770426796554684,0.02295732034453156,0.6135824897622999,0.3864175102377002
on_shell_rho_initial_0.95,0,744,0.0,7.44,0.01,0.01759845143442925,1.2031687019736518e+16,True,0.9770426796554684,0.02295732034453156,0.6123093466685287,0.38769065333147135
on_shell_rho_initial_0.95,0,745,0.0,7.45,0.01,0.017593376486683927,1.2211479396706366e+16,True,0.9770426796554684,0.022957320344531552,0.6106523360077172,0.3893476639922829
on_shell_rho_initial_0.95,0,746,0.0,7.46,0.01,0.017588451910539555,1.2389847927343538e+16,True,0.9770426796554684,0.022957320344531552,0.6085739166135327,0.39142608338646734
on_shell_rho_initial_0.95,0,747,0.0,7.47,0.01,0.017583681644690884,1.2566084096036434e+16,True,0.9770426796554684,0.022957320344531545,0.6060317586009533,0.3939682413990468
on_shell_rho_initial_0.95,0,748,0.0,7.48,0.01,0.017579069548870348,1.2739388523085572e+16,True,0.9770426796554684,0.022957320344531535,0.6029779781050637,0.39702202189493624
on_shell_rho_initial_0.95,0,749,0.0,7.49,0.01,0.017574619403408424,1.2908863089052536e+16,True,0.9770426796554684,0.022957320344531545,0.5993582293707885,0.40064177062921147
on_shell_rho_initial_0.95,0,750,0.0,7.5,0.01,0.017570334908830604,1.3073503024714428e+16,True,0.9770426796554684,0.022957320344531552,0.5951106257678505,0.4048893742321496
on_shell_rho_initial_0.95,0,751,0.0,7.51,0.01,0.017566219685489666,1.3232189213300224e+16,True,0.9770426796554684,0.022957320344531552,0.590164455528103,0.409835544471897
on_shell_rho_initial_0.95,0,752,0.0,7.5200000000000005,0.01,0.017562277273232254,1.338368104639427e+16,True,0.9770426796554684,0.022957320344531552,0.5844386515638752,0.4155613484361249
on_shell_rho_initial_0.95,0,753,0.0,7.53,0.01,0.017558511131098367,1.3526610312903622e+16,True,0.9770426796554684,0.02295732034453156,0.5778399675113282,0.4221600324886719
on_shell_rho_initial_0.95,0,754,0.0,7.54,0.01,0.017554924637052757,1.365947677282442e+16,True,0.9770426796554684,0.02295732034453157,0.5702608054255547,0.42973919457444526
on_shell_rho_initial_0.95,0,755,0.0,7.55,0.01,0.017551521087747095,1.3780646334933978e+16,True,0.9770426796554684,0.022957320344531577,0.5615766350541426,0.43842336494585754
on_shell_rho_initial_0.95,0,756,0.0,7.5600000000000005,0.01,0.0175483036983117,1.3888353677703204e+16,True,0.9770426796554684,0.02295732034453156,0.5516429423920797,0.44835705760792033
on_shell_rho_initial_0.95,0,757,0.0,7.57,0.01,0.0175452756021687,1.3980709203448674e+16,True,0.9770426796554684,0.02295732034453156,0.540291702037282,0.459708297962718
on_shell_rho_initial_0.95,0,758,0.0,7.58,0.01,0.017542439850878274,1.4055716105665286e+16,True,0.9770426796554684,0.022957320344531545,0.5273273202766725,0.4726726797233275
on_shell_rho_initial_0.95,0,759,0.0,7.59,0.01,0.01753979941400804,1.4111298717121126e+16,True,0.9770426796554684,0.022957320344531552,0.5125221452018759,0.48747785479812417
on_shell_rho_initial_0.95,0,760,0.0,7.6000000000000005,0.01,0.017537357179025777,1.414534750621628e+16,True,0.9770426796554684,0.02295732034453156,0.49561176060336976,0.5043882393966302
on_shell_rho_initial_0.95,0,761,0.0,7.61,0.01,0.017535115951217064,1.4155788720644104e+16,True,0.9770426796554684,0.02295732034453157,0.4762905759467697,0.5237094240532302
on_shell_rho_initial_0.95,0,762,0.0,7.62,0.01,0.017533078453623886,1.4140687818686398e+16,True,0.9770426796554684,0.02295732034453156,0.4542087772535834,0.5457912227464167
on_shell_rho_initial_0.95,0,763,0.0,7.63,0.01,0.017531247327003164,1.4098400971848012e+16,True,0.9770426796554684,0.022957320344531577,0.4289726748742253,0.5710273251257747
on_shell_rho_initial_0.95,0,764,0.0,7.640000000000001,0.01,0.017529625129804327,1.4027794457162658e+16,True,0.9770426796554684,0.022957320344531545,0.4001522258175192,0.5998477741824808
on_shell_rho_initial_0.95,0,765,0.0,7.65,0.01,0.01752821433816496,1.3928559664487826e+16,True,0.9770426796554684,0.02295732034453157,0.3673025151023027,0.6326974848976972
on_shell_rho_initial_0.95,0,766,0.0,7.66,0.01,0.01752701734592384,1.380166190823263e+16,True,0.9770426796554684,0.02295732034453157,0.3300110143776789,0.669988985622321
on_shell_rho_initial_0.95,0,767,0.0,7.67,0.01,0.017526036464650372,1.364997413379282e+16,True,0.9770426796554684,0.02295732034453157,0.28799040819655836,0.7120095918034417
on_shell_rho_initial_0.95,0,768,0.0,7.68,0.01,0.01752527392368983,1.3479160043459218e+16,True,0.9770426796554684,0.022957320344531587,0.24124814434719696,0.7587518556528029
on_shell_rho_initial_0.95,0,769,0.0,7.69,0.01,0.017524731870223676,1.3298878983569348e+16,True,0.9770426796554684,0.022957320344531545,0.19037652327467985,0.8096234767253202
on_shell_rho_initial_0.95,0,770,0.0,7.7,0.01,0.017524412369344253,1.3124371642403054e+16,True,0.9770426796554684,0.02295732034453156,0.137010888769563,0.862989111230437
on_shell_rho_initial_0.95,0,771,0.0,7.71,0.01,0.017524317404143272,1.297842025001918e+16,True,0.9770426796554684,0.02295732034453156,0.08446890113514116,0.9155310988648588
on_shell_rho_initial_0.95,0,772,0.0,7.72,0.01,0.01752444887580651,1.289350050889479e+16,True,0.9770426796554684,0.022957320344531535,0.03845002270277287,0.9615499772972271
on_shell_rho_initial_0.95,0,773,0.0,7.73,0.01,0.01752480860370945,1.2913600320824746e+16,True,0.9770426796554684,0.022957320344531535,0.0073702899276738695,0.9926297100723261
on_shell_rho_initial_0.95,0,774,0.0,7.74,0.01,0.017525398325548044,1.309474392664712e+16,True,0.9770426796554684,0.022957320344531545,0.0014984283566555176,0.9985015716433445
on_shell_rho_initial_0.95,0,775,0.0,7.75,0.01,0.01752621969745708,1.3502919236091772e+16,True,0.9770426796554684,0.022957320344531552,0.030045437726824328,0.9699545622731757
on_shell_rho_initial_0.95,0,776,0.0,7.76,0.01,0.01752727429414821,1.420870007637031e+16,True,0.9770426796554685,0.022957320344531514,0.0966327295274444,0.9033672704725556
on_shell_rho_initial_0.95,0,777,0.0,7.7700000000000005,0.01,0.017528563609053915,1.5279623115584034e+16,True,0.9770426796554684,0.022957320344531528,0.19591435966841095,0.804085640331589
on_shell_rho_initial_0.95,0,778,0.0,7.78,0.01,0.01753008905447659,1.6773446612426418e+16,True,0.9770426796554684,0.022957320344531528,0.31467592050954335,0.6853240794904567
on_shell_rho_initial_0.95,0,779,0.0,7.79,0.01,0.01753185196174257,1.873550421792262e+16,True,0.9770426796554685,0.022957320344531504,0.4372271081364331,0.5627728918635668
on_shell_rho_initial_0.95,0,780,0.0,7.8,0.01,0.017533853581361142,2.120086542652043e+16,True,0.9770426796554685,0.022957320344531504,0.5510268939276657,0.44897310607233437
on_shell_rho_initial_0.95,0,781,0.0,7.8100000000000005,0.01,0.017536095083188433,2.419931179171572e+16,True,0.9770426796554685,0.022957320344531514,0.6491439681259155,0.3508560318740845
on_shell_rho_initial_0.95,0,782,0.0,7.82,0.01,0.01753857755659626,2.7760533420956884e+16,True,0.9770426796554684,0.022957320344531518,0.729602534118653,0.2703974658813471
on_shell_rho_initial_0.95,0,783,0.0,7.83,0.01,0.017541302010646045,3.1918067178650796e+16,True,0.9770426796554685,0.022957320344531514,0.7934823971706207,0.20651760282937928
on_shell_rho_initial_0.95,0,784,0.0,7.84,0.01,0.017544269374267892,3.671175290742744e+16,True,0.9770426796554684,0.022957320344531518,0.8432073751531537,0.1567926248468464
on_shell_rho_initial_0.95,0,785,0.0,7.8500000000000005,0.01,0.01754748049644505,4.2189098570530984e+16,True,0.9770426796554684,0.022957320344531552,0.8814779389747777,0.11852206102522227
on_shell_rho_initial_0.95,0,786,0.0,7.86,0.01,0.017550936146403975,4.840602834055625e+16,True,0.9770426796554684,0.022957320344531535,0.9107576595499546,0.08924234045004552
on_shell_rho_initial_0.95,0,787,0.0,7.87,0.01,0.01755463701379936,5.542735895242893e+16,True,0.9770426796554684,0.022957320344531535,0.933096603224981,0.06690339677501905
on_shell_rho_initial_0.95,0,788,0.0,7.88,0.01,0.017558583708863967,6.332725022088881e+16,True,0.9770426796554684,0.022957320344531552,0.9501210202121099,0.049878979787890076
on_shell_rho_initial_0.95,0,789,0.0,7.890000000000001,0.01,0.017562776762630884,7.218965467383381e+16,True,0.9770426796554684,0.02295732034453156,0.9630875701337208,0.0369124298662792
on_shell_rho_initial_0.95,0,790,0.0,7.9,0.01,0.01756721662711185,8.210890678451339e+16,True,0.9770426796554684,0.022957320344531587,0.9729545718250807,0.027045428174919322
on_shell_rho_initial_0.95,0,791,0.0,7.91,0.01,0.017571903675490167,9.31904187147729e+16,True,0.9770426796554684,0.022957320344531587,0.9804484664646104,0.01955153353538961
on_shell_rho_initial_0.95,0,792,0.0,7.92,0.01,0.017576838202313188,1.0555150431348587e+17,True,0.9770426796554684,0.02295732034453157,0.9861191313921698,0.013880868607830216
on_shell_rho_initial_0.95,0,793,0.0,7.930000000000001,0.01,0.017582020423682676,1.1932233260299334e+17,True,0.9770426796554684,0.022957320344531552,0.9903833479693664,0.009616652030633653
on_shell_rho_initial_0.95,0,794,0.0,7.94,0.01,0.01758745047744384,1.3464700986990978e+17,True,0.9770426796554684,0.02295732034453157,0.9935579586321845,0.006442041367815462
on_shell_rho_initial_0.95,0,795,0.0,7.95,0.01,0.017593128423374117,1.5168479023941853e+17,True,0.9770426796554684,0.022957320344531552,0.9958847727611365,0.0041152272388633795
on_shell_rho_initial_0.95,0,796,0.0,7.96,0.01,0.017599054243372655,1.7061141527807066e+17,True,0.9770426796554684,0.02295732034453156,0.9975491393876798,0.0024508606123202384
on_shell_rho_initial_0.95,0,797,0.0,7.97,0.01,0.017605227841651572,1.9162058418506192e+17,True,0.9770426796554684,0.02295732034453156,0.9986937647656666,0.0013062352343333166
on_shell_rho_initial_0.95,0,798,0.0,7.98,0.01,0.017611649044930087,2.1492555683342074e+17,True,0.9770426796554684,0.022957320344531535,0.9994289993646291,0.0005710006353708258
on_shell_rho_initial_0.95,0,799,0.0,7.99,0.01,0.017618317602632716,2.4076089279880637e+17,True,0.9770426796554684,0.02295732034453156,0.9998405164092329,0.00015948359076710007
on_shell_rho_initial_0.95,0,800,0.0,8.0,0.01,0.017625233187092738,2.6784853556701866e+17,True,0.9770426796554684,0.022957320344531545,0.9999951612375112,4.838762488776045e-06
on_shell_rho_initial_1.05,0,0,0.0,0.0,0.01,0.01,0.0,False,1.0,0.0,1.0,0.0
on_shell_rho_initial_1.05,0,1,0.0,0.01,0.01,0.01003772673966681,0.006501466801091762,False,0.617052267733658,0.382947732266342,0.6063077425145812,0.3936922574854188
on_shell_rho_initial_1.05,0,2,0.0,0.02,0.01,0.010073311911048956,0.01287733073965668,False,0.6214131822706052,0.3785868177293948,0.6001284956341896,0.39987150436581037
on_shell_rho_initial_1.05,0,3,0.0,0.03,0.01,0.010106801877259328,0.019131145368283232,False,0.6256049962864723,0.3743950037135277,0.5939788007668646,0.4060211992331355
on_shell_rho_initial_1.05,0,4,0.0,0.04,0.01,0.010138243666107981,0.025266296431111092,False,0.6297573388441635,0.3702426611558365,0.5879850968411581,0.4120149031588419
on_shell_rho_initial_1.05,0,5,0.0,0.05,0.01,0.01016768491107769,0.03128601250593474,False,0.6338888907077388,0.3661111092922612,0.5821625955869878,0.4178374044130122
on_shell_rho_initial_1.05,0,6,0.0,0.06,0.01,0.010195173789435448,0.037193374778761674,False,0.6380039695015722,0.3619960304984278,0.5765120202821541,0.42348797971784596
on_shell_rho_initial_1.05,0,7,0.0,0.07,0.01,0.010220758958036045,0.04299132610686138,False,0.6421038123211208,0.35789618767887926,0.5710309474170714,0.42896905258292867
on_shell_rho_initial_1.05,0,8,0.0,0.08,0.01,0.01024448948734439,0.04868267943262297,False,0.646188781641542,0.353811218358458,0.5657160434846525,0.4342839565153475
on_shell_rho_initial_1.05,0,9,0.0,0.09,0.01,0.010266414794178088,0.05427012560408195,False,0.6502589479767477,0.34974105202325234,0.5605636690317383,0.4394363309682618
on_shell_rho_initial_1.05,0,10,0.0,0.1,0.01,0.010286584573635665,0.05975624065206247,False,0.6543142756003436,0.34568572439965645,0.5555700812037003,0.44442991879629967
on_shell_rho_initial_1.05,0,11,0.0,0.11,0.01,0.010305048730658118,0.06514349256860288,False,0.6583546891507182,0.3416453108492818,0.5507315142653363,0.4492684857346637
on_shell_rho_initial_1.05,0,12,0.0,0.12,0.01,0.01032185731163542,0.07043424762668953,False,0.662380099018314,0.3376199009816861,0.5460442167182402,0.45395578328175973
on_shell_rho_initial_1.05,0,13,0.0,0.13,0.01,0.010337060436448296,0.07563077627727907,False,0.6663904109753641,0.3336095890246359,0.5415044708732312,0.45849552912676883
on_shell_rho_initial_1.05,0,14,0.0,0.14,0.01,0.010350708231291673,0.08073525865608276,False,0.6703855293889475,0.32961447061105253,0.537108604484421,0.46289139551557895
on_shell_rho_initial_1.05,0,15,0.0,0.15,0.01,0.010362850762609023,0.08574978972951847,False,0.674365357755955,0.32563464224404504,0.5328529983847191,0.46714700161528094
on_shell_rho_initial_1.05,0,16,0.0,0.16,0.01,0.010373537972437648,0.09067638410657192,False,0.6783297981595766,0.3216702018404234,0.5287340918864437,0.47126590811355634
on_shell_rho_initial_1.05,0,17,0.0,0.17,0.01,0.01038281961542775,0.09551698054095084,False,0.6822787503530778,0.3177212496469222,0.524748386791554,0.47525161320844594
on_shell_rho_initial_1.05,0,18,0.0,0.18,0.01,0.01039074519777917,0.10027344614582402,False,0.6862121107915958,0.3137878892084041,0.5208924504527525,0.4791075495472475
on_shell_rho_initial_1.05,0,19,0.0,0.19,0.01,0.01039736391830283,0.10494758034159375,False,0.6901297717481827,0.3098702282518173,0.5171629181268805,0.48283708187311947
on_shell_rho_initial_1.05,0,20,0.0,0.2,0.01,0.010402724611787066,0.10954111855545139,False,0.6940316205653345,0.3059683794346654,0.513556494764899,0.48644350523510105
on_shell_rho_initial_1.05,0,21,0.0,0.21,0.01,0.010406875694840386,0.11405573568998371,False,0.6979175390559446,0.30208246094405544,0.5100699563349328,0.48993004366506726
on_shell_rho_initial_1.05,0,22,0.0,0.22,0.01,0.010409865114328416,0.118493049376721,False,0.7017874030438684,0.29821259695613156,0.5067001507416145,0.4932998492583855
on_shell_rho_initial_1.05,0,23,0.0,0.23,0.01,0.010411740298527126,0.12285462302925823,False,0.7056410820299825,0.29435891797001756,0.5034439983930407,0.4965560016069594
on_shell_rho_initial_1.05,0,24,0.0,0.24,0.01,0.01041254811106622,0.12714196870948882,False,0.7094784389664915,0.29052156103350846,0.5002984924561485,0.4997015075438514
on_shell_rho_initial_1.05,0,25,0.0,0.25,0.01,0.010412334807737442,0.1313565498194196,False,0.7132993301203042,0.2867006698796958,0.49726069883310753,0.5027393011668926
on_shell_rho_initial_1.05,0,26,0.0,0.26,0.01,0.010411145996196086,0.13549978363009146,False,0.7171036050112015,0.28289639498879837,0.494327755891018,0.5056722441089819
on_shell_rho_initial_1.05,0,27,0.0,0.27,0.01,0.010409026598601701,0.13957304365831216,False,0.7208911064120525,0.27910889358794766,0.4914968739735093,0.5085031260264907
on_shell_rho_initial_1.05,0,28,0.0,0.28,0.01,0.010406020817187528,0.1435776619010577,False,0.7246616703978823,0.27533832960211774,0.48876533471794315,0.5112346652820569
on_shell_rho_initial_1.05,0,29,0.0,0.29,0.01,0.010402172102757875,0.1475149309366951,False,0.7284151264352622,0.27158487356473787,0.48613049020289406,0.513869509797106
on_shell_rho_initial_1.05,0,30,0.0,0.3,0.01,0.01039752312608333,0.15138610590154755,False,0.7321512975048369,0.267848702495163,0.4835897619481374,0.5164102380518626
on_shell_rho_initial_1.05,0,31,0.0,0.31,0.01,0.010392115752172287,0.15519240634966594,False,0.7358700002487858,0.2641299997512142,0.4811406397850395,0.5188593602149606
on_shell_rho_initial_1.05,0,32,0.0,0.32,0.01,0.010385991017324516,0.15893501800310458,False,0.7395710451390279,0.2604289548609721,0.4787806806168979,0.5212193193831021
on_shell_rho_initial_1.05,0,33,0.0,0.33,0.01,0.010379189108969653,0.16261509439956057,False,0.7432542366638946,0.2567457633361053,0.4765075070878609,0.5234924929121391
on_shell_rho_initial_1.05,0,34,0.0,0.34,0.01,0.010371749348165697,0.16623375844368768,False,0.7469193735279258,0.25308062647207413,0.47431880617345756,0.5256811938265424
on_shell_rho_initial_1.05,0,35,0.0,0.35000000000000003,0.01,0.010363710174706267,0.16979210386796598,False,0.7505662488625255,0.24943375113747457,0.4722123277071362,0.5277876722928638
on_shell_rho_initial_1.05,0,36,0.0,0.36,0.01,0.010355109134734553,0.17329119660865078,False,0.754194650446828,0.24580534955317196,0.470185882856968,0.529814117143032
on_shell_rho_initial_1.05,0,37,0.0,0.37,0.01,0.010345982870786686,0.17673207610195274,False,0.7578043609363972,0.2421956390636027,0.46823734256293,0.53176265743707
on_shell_rho_initial_1.05,0,38,0.0,0.38,0.01,0.010336367114165754,0.18011575650520084,False,0.7613951580971297,0.23860484190287035,0.46636463594347166,0.5336353640565283
on_shell_rho_initial_1.05,0,39,0.0,0.39,0.01,0.010326296679495906,0.18344322784745148,False,0.764966815044828,0.23503318495517198,0.4645657486823914,0.5354342513176087
on_shell_rho_initial_1.05,0,40,0.0,0.4,0.01,0.010315805461440428,0.1867154571138126,False,0.7685191004907758,0.2314808995092243,0.46283872140524446,0.5371612785947555
on_shell_rho_initial_1.05,0,41,0.0,0.41000000000000003,0.01,0.010304926433399185,0.18993338926734704,False,0.7720517789905064,0.22794822100949366,0.4611816480500755,0.5388183519499246
on_shell_rho_initial_1.05,0,42,0.0,0.42,0.01,0.010293691648112259,0.19309794821221554,False,0.7755646111956626,0.2244353888043374,0.45959267423941047,0.5404073257605896
on_shell_rho_initial_1.05,0,43,0.0,0.43,0.01,0.010282132240045743,0.19621003770153123,False,0.7790573541094576,0.22094264589054238,0.45806999566021656,0.5419300043397834
on_shell_rho_initial_1.05,0,44,0.0,0.44,0.01,0.010270278429454773,0.19927054219316934,False,0.7825297613453827,0.21747023865461737,0.45661185645672087,0.5433881435432791
on_shell_rho_initial_1.05,0,45,0.0,0.45,0.01,0.010258159528038121,0.20228032765656825,False,0.7859815833876721,0.21401841661232787,0.45521654763879965,0.5447834523612003
on_shell_rho_initial_1.05,0,46,0.0,0.46,0.01,0.01024580394602612,0.20524024233328947,False,0.7894125678526792,0.21058743214732073,0.4538824055091592,0.5461175944908409
on_shell_rho_initial_1.05,0,47,0.0,0.47000000000000003,0.01,0.010233239200610523,0.2081511174541087,False,0.7928224597532769,0.20717754024672314,0.45260781011525136,0.5473921898847486
on_shell_rho_initial_1.05,0,48,0.0,0.48,0.01,0.010220491925662128,0.21101376791517837,False,0.7962110017654344,0.20378899823456575,0.4513911837277819,0.548608816272218
on_shell_rho_initial_1.05,0,49,0.0,0.49,0.01,0.010207587882568779,0.21382899291558477,False,0.7995779344954277,0.20042206550457228,0.4502309893464683,0.5497690106535317
on_shell_rho_initial_1.05,0,50,0.0,0.5,0.01,0.010194551972126858,0.21659757655852374,False,0.8029229967478262,0.1970770032521738,0.44912572923543564,0.5508742707645644
on_shell_rho_initial_1.05,0,51,0.0,0.51,0.01,0.01018140824737775,0.21932028841825088,False,0.8062459257948983,0.1937540742051017,0.4480739434908353,0.5519260565091647
on_shell_rho_initial_1.05,0,52,0.0,0.52,0.01,0.010168179927299266,0.22199788407482665,False,0.8095464576475226,0.1904535423524774,0.44707420864229597,0.5529257913577041
on_shell_rho_initial_1.05,0,53,0.0,0.53,0.01,0.010154889411275646,0.22463110561850697,False,0.8128243273264808,0.18717567267351926,0.44612513628798595,0.5538748637120141
on_shell_rho_initial_1.05,0,54,0.0,0.54,0.01,0.010141558294271838,0.22722068212555707,False,0.8160792691330674,0.1839207308669325,0.445225371762749,0.5547746282372511
on_shell_rho_initial_1.05,0,55,0.0,0.55,0.01,0.010128207382532242,0.22976733010704328,False,0.8193110169194638,0.18068898308053621,0.4443735928411768,0.5556264071588233
on_shell_rho_initial_1.05,0,56,0.0,0.56,0.01,0.010114856709861468,0.23227175393252597,False,0.8225193043614105,0.17748069563858954,0.44356850847898643,0.5564314915210136
on_shell_rho_initial_1.05,0,57,0.0,0.5700000000000001,0.01,0.01010152555434071,0.23473464622990783,False,0.8257038652300046,0.17429613476999548,0.44280885758939054,0.5571911424106095
on_shell_rho_initial_1.05,0,58,0.0,0.58,0.01,0.010088232455411154,0.23715668826294095,False,0.8288644336627379,0.17113556633726218,0.4420934078547221,0.5579065921452778
on_shell_rho_initial_1.05,0,59,0.0,0.59,0.01,0.01007499523126776,0.2395385502877128,False,0.8320007444337448,0.16799925556625508,0.44142095457362984,0.5585790454263703
on_shell_rho_initial_1.05,0,60,0.0,0.6,0.01,0.01006183099649371,0.24188089188945627,False,0.8351125332238041,0.16488746677619592,0.44079031954465553,0.5592096804553446
on_shell_rho_initial_1.05,0,61,0.0,0.61,0.01,0.010048756179878828,0.24418436230096308,False,0.8381995368902176,0.1618004631097824,0.4402003499864504,0.5597996500135496
on_shell_rho_initial_1.05,0,62,0.0,0.62,0.01,0.010035786542373994,0.24644960070373728,False,0.8412614937358498,0.15873850626415031,0.4396499174936335,0.5603500825063664
on_shell_rho_initial_1.05,0,63,0.0,0.63,0.01,0.010022937195141886,0.24867723651293935,False,0.8442981437758947,0.1557018562241052,0.4391379170260975,0.5608620829739025
on_shell_rho_initial_1.05,0,64,0.0,0.64,0.01,0.010010222617634363,0.2508678896471458,False,0.8473092290019909,0.1526907709980091,0.43866326593103183,0.5613367340689681
on_shell_rho_initial_1.05,0,65,0.0,0.65,0.01,0.009997656675580953,0.2530221707839446,False,0.850294493645727,0.14970550635427304,0.43822490300093997,0.56177509699906
on_shell_rho_initial_1.05,0,66,0.0,0.66,0.01,0.009985252639029931,0.2551406816028166,False,0.8532536844427261,0.14674631555727397,0.4378217875683384,0.5621782124316616
on_shell_rho_initial_1.05,0,67,0.0,0.67,0.01,0.009973023200239163,0.2572240150155544,False,0.8561865508924813,0.14381344910751875,0.43745289863080145,0.5625471013691986
on_shell_rho_initial_1.05,0,68,0.0,0.68,0.01,0.00996098049145136,0.259272755385467,False,0.8590928455159406,0.14090715448405944,0.4371172340084695,0.5628827659915305
on_shell_rho_initial_1.05,0,69,0.0,0.6900000000000001,0.01,0.00994913610250711,0.2612874787360996,False,0.8619723241103626,0.1380276758896373,0.4368138095333573,0.5631861904666428
on_shell_rho_initial_1.05,0,70,0.0,0.7000000000000001,0.01,0.009937501098265787,0.26326875295040025,False,0.8648247460018189,0.13517525399818103,0.4365416582707322,0.5634583417292678
on_shell_rho_initial_1.05,0,71,0.0,0.71,0.01,0.009926086035810428,0.2652171379611808,False,0.8676498742955294,0.13235012570447066,0.43629982977272297,0.563700170227277
on_shell_rho_initial_1.05,0,72,0.0,0.72,0.01,0.00991490098141722,0.2671331859336375,False,0.8704474761234225,0.12955252387657748,0.4360873893630844,0.5639126106369156
on_shell_rho_initial_1.05,0,73,0.0,0.73,0.01,0.009903955527274886,0.26901744144052014,False,0.8732173228873606,0.12678267711263935,0.4359034174504728,0.5640965825495272
on_shell_rho_initial_1.05,0,74,0.0,0.74,0.01,0.00989325880794177,0.2708704416305817,False,0.87595919049675,0.12404080950325003,0.435747008867691,0.564252991132309
on_shell_rho_initial_1.05,0,75,0.0,0.75,0.01,0.009882819516450215,0.27269271639098275,False,0.8786728596018815,0.12132714039811845,0.43561727223932806,0.5643827277606719
on_shell_rho_initial_1.05,0,76,0.0,0.76,0.01,0.009872645920126589,0.2744847885049652,False,0.8813581158260972,0.11864188417390273,0.4355133293823439,0.5644866706176561
on_shell_rho_initial_1.05,0,77,0.0,0.77,0.01,0.009862745876122484,0.2762471738050628,False,0.8840147499930937,0.1159852500069063,0.43543431473368693,0.564565685266313
on_shell_rho_initial_1.05,0,78,0.0,0.78,0.01,0.009853126846583167,0.27798038132215364,False,0.8866425583473789,0.11335744165262102,0.43537937480161626,0.5646206251983837
on_shell_rho_initial_1.05,0,79,0.0,0.79,0.01,0.009843795913483062,0.27968491343123386,False,0.8892413427690942,0.11075865723090572,0.43534766764235067,0.5646523323576493
on_shell_rho_initial_1.05,0,80,0.0,0.8,0.01,0.009834759793109306,0.2813612659944632,False,0.8918109109829071,0.10818908901709288,0.43533836236153534,0.5646616376384648
on_shell_rho_initial_1.05,0,81,0.0,0.81,0.01,0.009826024850188658,0.2830099285022067,False,0.8943510767612458,0.10564892323875416,0.4353506386408831,0.5646493613591169
on_shell_rho_initial_1.05,0,82,0.0,0.8200000000000001,0.01,0.009817597111655321,0.2846313842127221,False,0.8968616601218357,0.10313833987816426,0.43538368628996466,0.5646163137100354
on_shell_rho_initial_1.05,0,83,0.0,0.8300000000000001,0.01,0.009809482280059347,0.2862261102910352,False,0.8993424875187477,0.10065751248125236,0.4354367048217654,0.5645632951782346
on_shell_rho_initial_1.05,0,84,0.0,0.84,0.01,0.009801685746617191,0.2877945779472504,False,0.901793392024968,0.09820660797503204,0.43550890304829865,0.5644910969517014
on_shell_rho_initial_1.05,0,85,0.0,0.85,0.01,0.009794212603907872,0.2893372525743775,False,0.9042142135039197,0.09578578649608034,0.43559949869102055,0.5644005013089795
on_shell_rho_initial_1.05,0,86,0.0,0.86,0.01,0.009787067658184025,0.2908545938863897,False,0.9066047987712593,0.09339520122874068,0.43570771800793034,0.5642922819920697
on_shell_rho_initial_1.05,0,87,0.0,0.87,0.01,0.009780255441279079,0.29234705605794714,False,0.9089650017519528,0.09103499824804727,0.43583279544717174,0.5641672045528283
on_shell_rho_initial_1.05,0,88,0.0,0.88,0.01,0.009773780222237374,0.29381508786610183,False,0.9112946836293067,0.08870531637069325,0.4359739733203581,0.5640260266796419
on_shell_rho_initial_1.05,0,89,0.0,0.89,0.01,0.009767646018531292,0.2952591328328678,False,0.9135937129795921,0.08640628702040794,0.43613050148326327,0.5638694985167368
on_shell_rho_initial_1.05,0,90,0.0,0.9,0.01,0.009761856606935902,0.2966796293698465,False,0.9158619658954458,0.08413803410455412,0.43630163702879987,0.5636983629712001
on_shell_rho_initial_1.05,0,91,0.0,0.91,0.01,0.009756415534047271,0.29807701092501954,False,0.9180993260970208,0.08190067390297917,0.43648664398957443,0.5635133560104256
on_shell_rho_initial_1.05,0,92,0.0,0.92,0.01,0.009751326126449801,0.29945170613208,False,0.9203056850308877,0.07969431496911232,0.43668479304904134,0.5633152069509587
on_shell_rho_initial_1.05,0,93,0.0,0.93,0.01,0.009746591500538752,0.30080413896273156,False,0.9224809419569374,0.07751905804306256,0.43689536126074124,0.5631046387392588
on_shell_rho_initial_1.05,0,94,0.0,0.9400000000000001,0.01,0.00974221457200509,0.302134728882093,False,0.9246250040225361,0.07537499597746378,0.4371176317729755,0.5628823682270244
on_shell_rho_initial_1.05,0,95,0.0,0.9500000000000001,0.01,0.00973819806499042,0.3034438910069361,False,0.9267377863220234,0.07326221367797646,0.43735089355326784,0.5626491064467322
on_shell_rho_initial_1.05,0,96,0.0,0.96,0.01,0.009734544520920362,0.30473203626568496,False,0.928819211937641,0.07118078806235884,0.43759444110167844,0.5624055588983216
on_shell_rho_initial_1.05,0,97,0.0,0.97,0.01,0.009731256307024665,0.3059995715588007,False,0.9308692119584737,0.06913078804152634,0.43784757414180375,0.5621524258581961
on_shell_rho_initial_1.05,0,98,0.0,0.98,0.01,0.009728335624500057,0.30724689992165277,False,0.9328877254848799,0.06711227451512021,0.4381095973021102,0.5618904026978898
on_shell_rho_initial_1.05,0,99,0.0,0.99,0.01,0.009725784516385923,0.3084744206904043,False,0.9348746996215366,0.06512530037846347,0.4383798197930698,0.5616201802069302
on_shell_rho_initial_1.05,0,100,0.0,1.0,0.01,0.009723604875162564,0.3096825296675598,False,0.9368300894493203,0.06316991055067976,0.43865755505349363,0.5613424449465063
on_shell_rho_initial_1.05,0,101,0.0,1.01,0.01,0.009721798450030496,0.31087161928571794,False,0.9387538579735484,0.06124614202645154,0.43894212035333463,0.5610578796466653
on_shell_rho_initial_1.05,0,102,0.0,1.02,0.01,0.009720366853908792,0.3120420787684982,False,0.9406459760502982,0.059354023949701774,0.43923283635076377,0.5607671636492362
on_shell_rho_initial_1.05,0,103,0.0,1.03,0.01,0.009719311570149426,0.3131942942871734,False,0.942506422290513,0.05749357770948701,0.4395290265948318,0.5604709734051683
on_shell_rho_initial_1.05,0,104,0.0,1.04,0.01,0.009718633958975778,0.31432864911143604,False,0.9443351829424386,0.05566481705756142,0.4398300169663789,0.5601699830336212
on_shell_rho_initial_1.05,0,105,0.0,1.05,0.01,0.009718335263653625,0.31544552375240426,False,0.946132251752855,0.05386774824714506,0.44013513504872165,0.5598648649512784
on_shell_rho_initial_1.05,0,106,0.0,1.06,0.01,0.009718416616403207,0.31654529609513127,False,0.9478976298063211,0.05210237019367884,0.44044370941494787,0.5595562905850522
on_shell_rho_initial_1.05,0,107,0.0,1.07,0.01,0.009718879044061109,0.31762834151631836,False,0.9496313253394635,0.05036867466053654,0.4407550688105531,0.5592449311894468
on_shell_rho_initial_1.05,0,108,0.0,1.08,0.01,0.009719723473500884,0.3186950329806316,False,0.9513333535244182,0.04866664647558191,0.44106854119837563,0.5589314588016243
on_shell_rho_initial_1.05,0,109,0.0,1.09,0.01,0.009720950736819393,0.3197457411080398,False,0.9530037362175373,0.04699626378246262,0.441383452634262,0.558616547365738
on_shell_rho_initial_1.05,0,110,0.0,1.1,0.01,0.009722561576247976,0.3207808342167277,False,0.9546425016924068,0.04535749830759323,0.4416991260028596,0.5583008739971405
on_shell_rho_initial_1.05,0,111,0.0,1.11,0.01,0.009724556648874783,0.3218006783334189,False,0.95624968435582,0.04375031564417986,0.4420148795933591,0.5579851204066409
on_shell_rho_initial_1.05,0,112,0.0,1.12,0.01,0.009726936531148938,0.32280563715781624,False,0.95782532443257,0.04217467556743013,0.4423300254445999,0.5576699745554002
on_shell_rho_initial_1.05,0,113,0.0,1.1300000000000001,0.01,0.009729701723160376,0.3237960719743547,False,0.9593694676219204,0.04063053237807955,0.442643867431973,0.5573561325680271
on_shell_rho_initial_1.05,0,114,0.0,1.1400000000000001,0.01,0.009732852652716692,0.32477234150065976,False,0.9608821647281276,0.03911783527187229,0.4429556990678141,0.5570443009321858
on_shell_rho_initial_1.05,0,115,0.0,1.1500000000000001,0.01,0.009736389679217227,0.32573480166259233,False,0.9623634712677251,0.03763652873227489,0.44326480098045945,0.5567351990195407
on_shell_rho_initial_1.05,0,116,0.0,1.16,0.01,0.009740313097331471,0.32668380528430496,False,0.963813447057293,0.03618655294270693,0.4435704380366549,0.5564295619633451
on_shell_rho_initial_1.05,0,117,0.0,1.17,0.01,0.009744623140488844,0.32761970168033033,False,0.9652321557855522,0.034767844214447854,0.44387185606714186,0.5561281439328583
on_shell_rho_initial_1.05,0,118,0.0,1.18,0.01,0.009749319984186999,0.3285428361332052,False,0.9666196645714308,0.03338033542856926,0.4441682781415862,0.5558317218584138
on_shell_rho_initial_1.05,0,119,0.0,1.19,0.01,0.009754403749125845,0.32945354923563097,False,0.9679760435069464,0.03202395649305355,0.4444589003196377,0.5555410996803624
on_shell_rho_initial_1.05,0,120,0.0,1.2,0.01,0.009759874504174593,0.33035217606961764,False,0.9693013651800928,0.030698634819907297,0.44474288677860835,0.5552571132213917
on_shell_rho_initial_1.05,0,121,0.0,1.21,0.01,0.009765732269174569,0.3312390451924765,False,0.9705957041786335,0.02940429582136659,0.44501936422653227,0.5549806357734678
on_shell_rho_initial_1.05,0,122,0.0,1.22,0.01,0.009771977017543832,0.3321144774331392,False,0.9718591366151739,0.028140863384826163,0.4452874156440966,0.5547125843559033
on_shell_rho_initial_1.05,0,123,0.0,1.23,0.01,0.009778608678770765,0.33297878445346246,False,0.9730917396646409,0.026908260335359053,0.4455460732305649,0.5544539267694352
on_shell_rho_initial_1.05,0,124,0.0,1.24,0.01,0.009785627140739583,0.333832267027622,False,0.9742935911017955,0.025706408898204476,0.44579431037151024,0.5542056896284898
on_shell_rho_initial_1.05,0,125,0.0,1.25,0.01,0.009793032251911502,0.33467521301534087,False,0.9754647688597714,0.02453523114022861,0.44603103255777776,0.5539689674422222
on_shell_rho_initial_1.05,0,126,0.0,1.26,0.01,0.009800823823365265,0.33550789497359385,False,0.976605350610701,0.023394649389299034,0.4462550671058021,0.553744932894198
on_shell_rho_initial_1.05,0,127,0.0,1.27,0.01,0.009809001630698401,0.33633056736189704,False,0.9777154133818369,0.022284586618163207,0.44646515154878497,0.553534848451215
on_shell_rho_initial_1.05,0,128,0.0,1.28,0.01,0.00981756541579431,0.33714346329089195,False,0.9787950332226776,0.021204966777322375,0.44665992056376624,0.5533400794362338
on_shell_rho_initial_1.05,0,129,0.0,1.29,0.01,0.009826514888460319,0.33794679075778283,False,0.9798442849384279,0.020155715061572172,0.446837891280938,0.553162108719062
on_shell_rho_initial_1.05,0,130,0.0,1.3,0.01,0.009835849727941907,0.33874072830306673,False,0.9808632419027674,0.019136758097232483,0.44699744678862696,0.553002553211373
on_shell_rho_initial_1.05,0,131,0.0,1.31,0.01,0.009845569584318368,0.339525420009389,False,0.9818519759585694,0.018148024041430483,0.4471368175977491,0.552863182402251
on_shell_rho_initial_1.05,0,132,0.0,1.32,0.01,0.009855674079785232,0.34030096974521057,False,0.9828105574093907,0.017189442590609352,0.4472540607601922,0.5527459392398079
on_shell_rho_initial_1.05,0,133,0.0,1.33,0.01,0.009866162809828966,0.34106743453938476,False,0.9837390551027784,0.016260944897221685,0.4473470362720919,0.5526529637279081
on_shell_rho_initial_1.05,0,134,0.0,1.34,0.01,0.00987703534428509,0.3418248169477571,False,0.9846375366171877,0.015362463382812296,0.44741338042718876,0.5525866195728112
on_shell_rho_initial_1.05,0,135,0.0,1.35,0.01,0.00988829122825051,0.342573056465684,False,0.9855060686686873,0.014493931331312762,0.4474504762830837,0.5525495237169163
on_shell_rho_initial_1.05,0,136,0.0,1.36,0.01,0.009899929982966472,0.3433120197439935,False,0.9863447176784869,0.01365528232151316,0.4474554205254873,0.5525445794745126
on_shell_rho_initial_1.05,0,137,0.0,1.37,0.01,0.009911951106542293,0.34404148930698264,False,0.9871535504483822,0.012846449551617824,0.44742498591444657,0.5525750140855534
on_shell_rho_initial_1.05,0,138,0.0,1.3800000000000001,0.01,0.009924354074611515,0.3447611509436062,False,0.9879326351042225,0.012067364895777515,0.4473555795116653,0.5526444204883347
on_shell_rho_initial_1.05,0,139,0.0,1.3900000000000001,0.01,0.009937138340892705,0.3454705793266239,False,0.9886820421973371,0.011317957802662888,0.4472431955266017,0.5527568044733984
on_shell_rho_initial_1.05,0,140,0.0,1.4000000000000001,0.01,0.009950303337654837,0.34616922170365655,False,0.9894018459940607,0.010598154005939367,0.44708336217291295,0.5529166378270871
on_shell_rho_initial_1.05,0,141,0.0,1.41,0.01,0.00996384847609067,0.346856379447722,False,0.9900921259700975,0.009907874029902437,0.44687108184353774,0.5531289181564624
on_shell_rho_initial_1.05,0,142,0.0,1.42,0.01,0.00997777314660162,0.34753118724961574,False,0.9907529685231963,0.00924703147680363,0.44660076384204056,0.5533992361579594
on_shell_rho_initial_1.05,0,143,0.0,1.43,0.01,0.00999207671899776,0.34819258970050826,False,0.9913844689013575,0.008615531098642614,0.4462661487568216,0.5537338512431784
on_shell_rho_initial_1.05,0,144,0.0,1.44,0.01,0.01000675854261658,0.3488393149980308,False,0.9919867333306315,0.008013266669368557,0.44586022341005394,0.5541397765899461
on_shell_rho_initial_1.05,0,145,0.0,1.45,0.01,0.010021817946364408,0.34946984546095344,False,0.9925598813004896,0.007440118699510419,0.44537512505775817,0.5546248749422419
on_shell_rho_initial_1.05,0,146,0.0,1.46,0.01,0.01003725423868433,0.35008238449305984,False,0.9931040479372669,0.0068959520627330725,0.4448020332085373,0.5551979667914626
on_shell_rho_initial_1.05,0,147,0.0,1.47,0.01,0.010053066707454773,0.3506748195609445,False,0.993619386357515,0.006380613642484961,0.44413104699119654,0.5558689530088036
on_shell_rho_initial_1.05,0,148,0.0,1.48,0.01,0.010069254619822951,0.3512446806584176,False,0.9941060698478277,0.005893930152172355,0.44335104543878195,0.5566489545612181
on_shell_rho_initial_1.05,0,149,0.0,1.49,0.01,0.010085817221977628,0.3517890936658398,False,0.9945642936774338,0.005435706322566136,0.44244952748115085,0.5575504725188491
on_shell_rho_initial_1.05,0,150,0.0,1.5,0.01,0.010102753738845583,0.3523047282334985,False,0.9949942764107154,0.005005723589284596,0.44141242916607454,0.5585875708339255
on_shell_rho_initial_1.05,0,151,0.0,1.51,0.01,0.010120063373548741,0.35278773976825334,False,0.9953962606115307,0.004603739388469308,0.4402239171035926,0.5597760828964075
on_shell_rho_initial_1.05,0,152,0.0,1.52,0.01,0.010137745307077868,0.3532337073164233,False,0.9957705128314583,0.004229487168541672,0.43886615627706055,0.5611338437229394
on_shell_rho_initial_1.05,0,153,0.0,1.53,0.01,0.010155798697754705,0.35363756200012664,False,0.9961173213871253,0.003882678612874802,0.43731903769546254,0.5626809623045376
on_shell_rho_initial_1.05,0,154,0.0,1.54,0.01,0.010174222680644277,0.353993509635865,False,0.996436992133964,0.003563007866036039,0.43555986768858035,0.5644401323114197
on_shell_rho_initial_1.05,0,155,0.0,1.55,0.01,0.010193016366922908,0.35429494553733454,False,0.9967298410807881,0.003270158919211987,0.4335630096946025,0.5664369903053975
on_shell_rho_initial_1.05,0,156,0.0,1.56,0.01,0.010212178843180701,0.3545343612672122,False,0.9969961826989038,0.003003817301096182,0.43129947010567504,0.568700529894325
on_shell_rho_initial_1.05,0,157,0.0,1.57,0.01,0.010231709170661338,0.3547032433270406,False,0.9972363124191432,0.002763687580856843,0.42873641875494956,0.5712635812450504
on_shell_rho_initial_1.05,0,158,0.0,1.58,0.01,0.010251606384442164,0.35479196402476904,False,0.9974504812800312,0.002549518719968765,0.42583663305993474,0.5741633669400653
on_shell_rho_initial_1.05,0,159,0.0,1.59,0.01,0.010271869492557716,0.354789665168984,False,0.9976388599646162,0.0023611400353838203,0.42255785298664067,0.5774421470133593
on_shell_rho_initial_1.05,0,160,0.0,1.6,0.01,0.010292497475069894,0.3546841358410791,False,0.9978014884673283,0.002198511532671654,0.4188520319836519,0.5811479680163482
on_shell_rho_initial_1.05,0,161,0.0,1.61,0.01,0.010313489283088348,0.3544616862811594,False,0.997938206246566,0.002061793753433975,0.4146644668500981,0.5853355331499019
on_shell_rho_initial_1.05,0,162,0.0,1.62,0.01,0.010334843837744538,0.35410702104298863,False,0.9980485557935042,0.0019514442064957952,0.4099327874755535,0.5900672125244465
on_shell_rho_initial_1.05,0,163,0.0,1.6300000000000001,0.01,0.010356560029123467,0.3536031161010522,False,0.9981316498484877,0.0018683501515122268,0.4045857859065776,0.5954142140934223
on_shell_rho_initial_1.05,0,164,0.0,1.6400000000000001,0.01,0.01037863671515701,0.35293110676042466,False,0.9981859886996126,0.0018140113003874032,0.39854206417342164,0.6014579358265784
on_shell_rho_initial_1.05,0,165,0.0,1.6500000000000001,0.01,0.010401072720483183,0.35207019903209147,False,0.9982092089297346,0.0017907910702653085,0.3917084886919911,0.608291511308009
on_shell_rho_initial_1.05,0,166,0.0,1.6600000000000001,0.01,0.01042386683514904,0.35099761449697353,False,0.9981977369417044,0.0018022630582955575,0.3839784439865375,0.6160215560134624
on_shell_rho_initial_1.05,0,167,0.0,1.67,0.01,0.010447017813278276,0.34968859498973615,False,0.9981463108992259,0.0018536891007740663,0.37522991445106774,0.6247700855489323
on_shell_rho_initial_1.05,0,168,0.0,1.68,0.01,0.010470524371883592,0.34811651030610785,False,0.998047320313829,0.0019526796861710075,0.3653234659323749,0.6346765340676251
on_shell_rho_initial_1.05,0,169,0.0,1.69,0.01,0.010494385189443428,0.3462530880734786,False,0.9978898888396432,0.0021101111603567474,0.35410022487447007,0.64589977512553
on_shell_rho_initial_1.05,0,170,0.0,1.7,0.01,0.010518598904525342,0.34406885253466263,False,0.9976586029076068,0.002341397092393196,0.34138016451996717,0.6586198354800328
on_shell_rho_initial_1.05,0,171,0.0,1.71,0.01,0.010543164114355219,0.3415338525531319,False,0.9973317497745107,0.002668250225489306,0.3269611844899684,0.6730388155100316
on_shell_rho_initial_1.05,0,172,0.0,1.72,0.01,0.010568079373336078,0.33861880809808176,False,0.99687888688913,0.0031211131108700536,0.3106198832648607,0.6893801167351393
on_shell_rho_initial_1.05,0,173,0.0,1.73,0.01,0.010593343191520704,0.33529685445350044,False,0.9962575220196842,0.0037424779803157523,0.2921155808464903,0.7078844191535096
on_shell_rho_initial_1.05,0,174,0.0,1.74,0.01,0.010618954033042595,0.3315461332660847,False,0.9954086645521432,0.00459133544785688,0.27120022814057904,0.728799771859421
on_shell_rho_initial_1.05,0,175,0.0,1.75,0.01,0.010644910314510042,0.3273535717572282,False,0.9942510702719621,0.00574892972803788,0.24763855558433082,0.7523614444156692
on_shell_rho_initial_1.05,0,176,0.0,1.76,0.01,0.01067121040336835,0.32272030620479925,False,0.9926742751986382,0.00732572480136187,0.22124541306193823,0.7787545869380618
on_shell_rho_initial_1.05,0,177,0.0,1.77,0.01,0.01069785261623555,0.3176693340815178,False,0.9905312688834721,0.009468731116527854,0.19195086754158944,0.8080491324584106
on_shell_rho_initial_1.05,0,178,0.0,1.78,0.01,0.01072483521721725,0.31225608972746355,False,0.987633396658532,0.012366603341467965,0.15990782838383655,0.8400921716161635
on_shell_rho_initial_1.05,0,179,0.0,1.79,0.01,0.010752156416206641,0.3065826572598965,False,0.9837535853789651,0.016246414621034995,0.1256597380575245,0.8743402619424754
on_shell_rho_initial_1.05,0,180,0.0,1.8,0.01,0.010779814367175941,0.30081612679294495,False,0.9786500345888638,0.02134996541113615,0.09038167847009507,0.909618321529905
on_shell_rho_initial_1.05,0,181,0.0,1.81,0.01,0.01080780716642657,0.2952110063836195,False,0.9721305390273687,0.027869460972631422,0.05618611824713382,0.9438138817528661
on_shell_rho_initial_1.05,0,182,0.0,1.82,0.01,0.010836132850440187,0.29013414811627647,False,0.9641818282528067,0.035818171747193366,0.026429329654623055,0.9735706703453769
on_shell_rho_initial_1.05,0,183,0.0,1.83,0.01,0.010864789394266806,0.28608974545389615,False,0.955173819713169,0.04482618028683107,0.005866919218245817,0.9941330807817542
on_shell_rho_initial_1.05,0,184,0.0,1.84,0.01,0.010893774709674028,0.2837408963742339,False,0.9460909107450768,0.053909089254923194,0.00042987768460287597,0.9995701223153972
on_shell_rho_initial_1.05,0,185,0.0,1.85,0.01,0.010923086643219917,0.2839265661546615,False,0.9386390737703286,0.06136092622967137,0.016436263209383788,0.9835637367906163
on_shell_rho_initial_1.05,0,186,0.0,1.86,0.01,0.010952722974337581,0.2876770117489159,False,0.9349977566440838,0.06500224335591626,0.059268235552024554,0.9407317644479755
on_shell_rho_initial_1.05,0,187,0.0,1.87,0.01,0.010982681413396327,0.2962293651257229,False,0.9370685259475724,0.06293147405242772,0.13174898969728432,0.8682510103027157
on_shell_rho_initial_1.05,0,188,0.0,1.8800000000000001,0.01,0.011012959599742219,0.3110283629748284,False,0.9454012250472946,0.05459877495270543,0.23244266423293838,0.7675573357670616
on_shell_rho_initial_1.05,0,189,0.0,1.8900000000000001,0.01,0.011043555099720992,0.333670950006939,False,0.9584366452162045,0.04156335478379553,0.35427448609373724,0.6457255139062628
on_shell_rho_initial_1.05,0,190,0.0,1.9000000000000001,0.01,0.011074465404686516,0.365758735661844,False,0.9728836252904414,0.027116374709558633,0.48477343592288574,0.5152265640771142
on_shell_rho_initial_1.05,0,191,0.0,1.9100000000000001,0.01,0.011105687928998137,0.4086982185805836,False,0.9853303653667235,0.014669634633276555,0.6094280674881014,0.39057193251189853
on_shell_rho_initial_1.05,0,192,0.0,1.92,0.01,0.011137220008010382,0.46357411517239633,False,0.9938677458760438,0.0061322541239562595,0.7169032927931882,0.2830967072068118
on_shell_rho_initial_1.05,0,193,0.0,1.93,0.01,0.011169058896058811,0.531183996151287,False,0.9984177351006821,0.0015822648993179492,0.8021873232263356,0.19781267677366443
on_shell_rho_initial_1.05,0,194,0.0,1.94,0.01,0.011201201764445883,0.6121870180409288,False,0.9999498338049532,5.01661950468049e-05,0.8658723267202014,0.1341276732797986
on_shell_rho_initial_1.05,0,195,0.0,1.95,0.01,0.011233645699431048,0.7072559917682313,False,0.9996124478901681,0.0003875521098318897,0.9114943752513014,0.08850562474869864
on_shell_rho_initial_1.05,0,196,0.0,1.96,0.01,0.011266387700148747,0.8171692621697778,False,0.9983032262862616,0.0016967737137384281,0.9432656506309944,0.056734349369005614
on_shell_rho_initial_1.05,0,197,0.0,1.97,0.01,0.011299424676439821,0.9428420558233518,False,0.9965971620031793,0.0034028379968207836,0.9649209769481212,0.03507902305187878
on_shell_rho_initial_1.05,0,198,0.0,1.98,0.01,0.011332753447004925,1.0853157942355953,False,0.9948182053246405,0.005181794675359603,0.9793762130937156,0.02062378690628437
on_shell_rho_initial_1.05,0,199,0.0,1.99,0.01,0.011366370737300598,1.2457263144539663,False,0.9931293729070704,0.006870627092929607,0.9887694081097861,0.011230591890213923
on_shell_rho_initial_1.05,0,200,0.0,2.0,0.01,0.011400273177500503,1.425258603023462,False,0.9916009202742035,0.008399079725796484,0.9946190755198989,0.005380924480100971
on_shell_rho_initial_1.05,0,201,0.0,2.0100000000000002,0.01,0.011434457300489538,1.6250918685678766,False,0.9902535060810812,0.009746493918918795,0.9979867768499333,0.0020132231500666693
on_shell_rho_initial_1.05,0,202,0.0,2.02,0.01,0.011468919539871883,1.8463352708377136,False,0.9890831745754592,0.010916825424540838,0.9996088404205613,0.0003911595794387455
on_shell_rho_initial_1.05,0,203,0.0,2.0300000000000002,0.01,0.011503656227974892,2.0899538540070193,False,0.9880750255033125,0.011924974496687534,0.9999935742690274,6.42573097269735e-06
on_shell_rho_initial_1.05,0,204,0.0,2.04,0.01,0.011538663593831523,2.3566845444804017,False,0.9872103580901405,0.012789641909859562,0.999490008463857,0.0005099915361429599
on_shell_rho_initial_1.05,0,205,0.0,2.05,0.01,0.011573937761248376,2.6469435000718566,False,0.9864702106898733,0.0135297893101267,0.9983355581859642,0.0016644418140357594
on_shell_rho_initial_1.05,0,206,0.0,2.06,0.01,0.01160947474691645,2.960728208616537,False,0.9858369711439872,0.014163028856012729,0.996688799095465,0.0033112009045349806
on_shell_rho_initial_1.05,0,207,0.0,2.07,0.01,0.011645270458474766,3.2975197656328006,False,0.9852949872024648,0.014705012797535114,0.9946519677160219,0.00534803228397798
on_shell_rho_initial_1.05,0,208,0.0,2.08,0.01,0.011681320692628509,3.656194384497057,False,0.984830677790304,0.015169322209696082,0.9922864388962693,0.007713561103730635
on_shell_rho_initial_1.05,0,209,0.0,2.09,0.01,0.011717621133334473,4.034955915947659,False,0.9844324127158354,0.015567587284164634,0.9896234506303991,0.010376549369600894
on_shell_rho_initial_1.05,0,210,0.0,2.1,0.01,0.011754167350027392,4.431304742033566,False,0.9840902984413789,0.01590970155862116,0.9866716482984756,0.013328351701524353
on_shell_rho_initial_1.05,0,211,0.0,2.11,0.01,0.011790954795826892,4.842060301139055,False,0.9837959396045577,0.01620406039544222,0.9834225741211006,0.01657742587889937
on_shell_rho_initial_1.05,0,212,0.0,2.12,0.01,0.011827978805777203,5.263454523918291,False,0.9835422094432562,0.016457790556743748,0.979854946297285,0.020145053702715087
on_shell_rho_initial_1.05,0,213,0.0,2.13,0.01,0.011865234595292777,5.691310436735554,False,0.9833230431090653,0.016676956890934718,0.9759383835289005,0.024061616471099577
on_shell_rho_initial_1.05,0,214,0.0,2.14,0.01,0.011902717258480425,6.121311873968626,False,0.983133258826193,0.016866741173807074,0.9716371071006163,0.028362892899383697
on_shell_rho_initial_1.05,0,215,0.0,2.15,0.01,0.011940421766590412,6.549355909732193,False,0.9829684076751233,0.017031592324876645,0.9669140254664003,0.033085974533599766
on_shell_rho_initial_1.05,0,216,0.0,2.16,0.01,0.011978342966553429,6.971959148486878,False,0.9828246511312825,0.017175348868717525,0.9617353987984626,0.038264601201537456
on_shell_rho_initial_1.05,0,217,0.0,2.17,0.01,0.012016475579541733,7.386663619851057,False,0.9826986651676646,0.017301334832335463,0.9560759233088555,0.04392407669114442
on_shell_rho_initial_1.05,0,218,0.0,2.18,0.01,0.012054814199574725,7.792362110008335,False,0.9825875696095071,0.017412430390492863,0.9499235054323334,0.050076494567666656
on_shell_rho_initial_1.05,0,219,0.0,2.19,0.01,0.012093353292298336,8.18944426335222,False,0.9824888807090095,0.01751111929099046,0.9432822280925354,0.056717771907464645
on_shell_rho_initial_1.05,0,220,0.0,2.2,0.01,0.012132087193742105,8.57966363498089,False,0.9824004834785424,0.017599516521457612,0.9361712914865965,0.0638287085134035
on_shell_rho_initial_1.05,0,221,0.0,2.21,0.01,0.012171010109196592,8.965654833096371,False,0.9823206177660015,0.01767938223399853,0.9286174825394309,0.07138251746056914
on_shell_rho_initial_1.05,0,222,0.0,2.22,0.01,0.012210116112228801,9.350097012353732,False,0.9822478693822572,0.01775213061774294,0.9206396642168323,0.07936033578316774
on_shell_rho_initial_1.05,0,223,0.0,2.23,0.01,0.012249399143696868,9.73462554297973,False,0.9821811558251192,0.017818844174880777,0.9122262914776835,0.08777370852231652
on_shell_rho_initial_1.05,0,224,0.0,2.24,0.01,0.012288853010876103,10.118724199002138,False,0.9821196962321954,0.017880303767804542,0.9033106163990196,0.09668938360098049
on_shell_rho_initial_1.05,0,225,0.0,2.25,0.01,0.01232847138680033,10.498949555758779,False,0.9820629583367086,0.01793704166329131,0.8937516736977782,0.10624832630222168
on_shell_rho_initial_1.05,0,226,0.0,2.2600000000000002,0.01,0.012368247809564081,10.868893735256508,False,0.9820105813468608,0.017989418653139157,0.8833306049831093,0.11666939501689073
on_shell_rho_initial_1.05,0,227,0.0,2.27,0.01,0.012408175681824153,11.22021806208358,False,0.9819622822886156,0.01803771771138436,0.8717706968813572,0.12822930311864272
on_shell_rho_initial_1.05,0,228,0.0,2.2800000000000002,0.01,0.012448248270411529,11.544840373454397,False,0.9819177631108741,0.01808223688912587,0.858786541001304,0.14121345899869608
on_shell_rho_initial_1.05,0,229,0.0,2.29,0.01,0.01248845870597851,11.837945648242856,False,0.9818766431787788,0.018123356821221327,0.844163578064303,0.15583642193569694
on_shell_rho_initial_1.05,0,230,0.0,2.3000000000000003,0.01,0.012528799982913837,12.101016170846904,False,0.9818384422070655,0.018161557792934463,0.8278619660482196,0.17213803395178034
on_shell_rho_initial_1.05,0,231,0.0,2.31,0.01,0.012569264959274877,12.343752923840857,False,0.9818026259538654,0.018197374046134588,0.8101232292491254,0.18987677075087459
on_shell_rho_initial_1.05,0,232,0.0,2.32,0.01,0.012609846356902873,12.58381232674439,False,0.9817686991722739,0.018231300827726126,0.7915333898914101,0.20846661010859002
on_shell_rho_initial_1.05,0,233,0.0,2.33,0.01,0.01265053676167929,12.843839378261338,False,0.9817362966709617,0.01826370332903819,0.7729762988748543,0.22702370112514564
on_shell_rho_initial_1.05,0,234,0.0,2.34,0.01,0.0126913286239128,13.146205236275911,False,0.981705213683227,0.018294786316772907,0.755428743278851,0.24457125672114893
on_shell_rho_initial_1.05,0,235,0.0,2.35,0.01,0.012732214258865313,13.506761062556295,False,0.9816753594227332,0.018324640577266866,0.7396283909230416,0.26037160907695833
on_shell_rho_initial_1.05,0,236,0.0,2.36,0.01,0.0127731858474871,13.929397986951894,False,0.9816466870341746,0.018353312965825406,0.7257497111242232,0.2742502888757768
on_shell_rho_initial_1.05,0,237,0.0,2.37,0.01,0.012814235437255347,14.40308113784407,False,0.9816191701458327,0.01838082985416725,0.7132553581772196,0.28674464182278037
on_shell_rho_initial_1.05,0,238,0.0,2.38,0.01,0.01285535494322237,14.902423278951511,False,0.9815928290412315,0.018407170958768523,0.700996129007825,0.299003870992175
on_shell_rho_initial_1.05,0,239,0.0,2.39,0.01,0.012896536149123335,15.391892098347903,False,0.9815677432697137,0.01843225673028626,0.6874842671164884,0.31251573288351153
on_shell_rho_initial_1.05,0,240,0.0,2.4,0.01,0.012937770708857993,15.832569930424006,False,0.9815440053696894,0.018455994630310526,0.671189561143574,0.32881043885642613
on_shell_rho_initial_1.05,0,241,0.0,2.41,0.01,0.01297905014797519,16.18942135535639,False,0.981521636925229,0.018478363074770975,0.6507452718973984,0.3492547281026016
on_shell_rho_initial_1.05,0,242,0.0,2.42,0.01,0.013020365865388022,16.436819528507854,False,0.9815005191632222,0.01849948083677777,0.6250347635492961,0.37496523645070395
on_shell_rho_initial_1.05,0,243,0.0,2.43,0.01,0.01306170913531156,16.560829981442527,False,0.9814803669917042,0.018519633008295854,0.5931842288376344,0.4068157711623656
on_shell_rho_initial_1.05,0,244,0.0,2.44,0.01,0.013103071109281819,16.55805133977292,False,0.9814607360667458,0.018539263933254283,0.5544939878520394,0.4455060121479607
on_shell_rho_initial_1.05,0,245,0.0,2.45,0.01,0.013144442818600784,16.43198546788987,False,0.9814410271074294,0.01855897289257055,0.5083244565083268,0.4916755434916732
on_shell_rho_initial_1.05,0,246,0.0,2.46,0.01,0.013185815176664234,16.18848394083781,False,0.9814204398858738,0.01857956011412624,0.4539407203361257,0.5460592796638742
on_shell_rho_initial_1.05,0,247,0.0,2.47,0.01,0.013227178981765123,15.831814265478837,False,0.9813978130950957,0.018602186904904287,0.3903319454683625,0.6096680545316375
on_shell_rho_initial_1.05,0,248,0.0,2.48,0.01,0.013268524919851366,15.362858057017288,False,0.9813712377576286,0.018628762242371467,0.31610001781584746,0.6838999821841526
on_shell_rho_initial_1.05,0,249,0.0,2.49,0.01,0.013309843567740476,14.782015022772587,False,0.981337210235103,0.018662789764897044,0.22982348107728096,0.7701765189227191
on_shell_rho_initial_1.05,0,250,0.0,2.5,0.01,0.013351125396382547,14.103968577844793,False,0.9812888868734337,0.01871111312656622,0.13249626471714712,0.8675037352828529
on_shell_rho_initial_1.05,0,251,0.0,2.5100000000000002,0.01,0.01339236077432785,13.405329224783046,False,0.981213299008491,0.018786700991509052,0.03775609376855753,0.9622439062314425
on_shell_rho_initial_1.05,0,252,0.0,2.52,0.01,0.0134335399714628,12.957614843896714,False,0.9810929651235997,0.018907034876400365,0.0036467169737776357,0.9963532830262224
on_shell_rho_initial_1.05,0,253,0.0,2.5300000000000002,0.01,0.01347465316293414,13.503576857978022,False,0.9809409225993304,0.0190590774006696,0.16371882268449806,0.8362811773155019
on_shell_rho_initial_1.05,0,254,0.0,2.54,0.01,0.013515690433323369,16.42267453486906,False,0.980857320886926,0.019142679113073963,0.5399284751668335,0.46007152483316643
on_shell_rho_initial_1.05,0,255,0.0,2.5500000000000003,0.01,0.01355664178094981,23.1217578911678,False,0.9808897154016096,0.019110284598390433,0.8540311603685905,0.1459688396314095
on_shell_rho_initial_1.05,0,256,0.0,2.56,0.01,0.013597497122458835,34.23837105930794,False,0.9809554775910018,0.019044522408998284,0.9822790022592394,0.017720997740760643
on_shell_rho_initial_1.05,0,257,0.0,2.57,0.01,0.01363824629760271,48.98717404384976,False,0.9810047147654647,0.01899528523453531,0.9954600695517671,0.0045399304482329214
on_shell_rho_initial_1.05,0,258,0.0,2.58,0.01,0.013678879074235052,62.78451667332999,False,0.9810325217214382,0.01896747827856184,0.9209117985110014,0.07908820148899869
on_shell_rho_initial_1.05,0,259,0.0,2.59,0.01,0.01371938515350103,64.74330067805482,False,0.9810478151355255,0.01895218486447444,0.5462247673365043,0.45377523266349573
on_shell_rho_initial_1.05,0,260,0.0,2.6,0.01,0.013759754175269662,100.10020833675225,False,0.9811154669270126,0.01888453307298738,0.1977098180775188,0.8022901819224812
on_shell_rho_initial_1.05,0,261,0.0,2.61,0.01,0.013799975723742457,394.5661808258211,False,0.9811153023415949,0.018884697658405076,0.816849911732461,0.18315008826753904
on_shell_rho_initial_1.05,0,262,0.0,2.62,0.01,0.013840039333285363,1245.6359837550247,False,0.9811106955487651,0.018889304451234976,0.9424535150561391,0.057546484943860936
on_shell_rho_initial_1.05,0,263,0.0,2.63,0.01,0.013879934494458844,3327.1297092180394,False,0.9811092211316066,0.01889077886839341,0.9776419921455287,0.022358007854471257
on_shell_rho_initial_1.05,0,264,0.0,2.64,0.01,0.013919650660265917,8014.48516182909,False,0.9811087236673925,0.018891276332607468,0.9907983367537241,0.009201663246275932
on_shell_rho_initial_1.05,0,265,0.0,2.65,0.01,0.013959177252548909,17899.540258350873,False,0.9811085433390662,0.018891456660933854,0.9964446333555234,0.0035553666444765493
on_shell_rho_initial_1.05,0,266,0.0,2.66,0.01,0.013998503668632449,37544.445556417435,False,0.9811084742282168,0.01889152577178326,0.998932313957602,0.0010676860423980083
on_shell_rho_initial_1.05,0,267,0.0,2.67,0.01,0.014037619288129645,74428.31941492537,False,0.9811084465645246,0.018891553435475484,0.9998741664140568,0.00012583358594328673
on_shell_rho_initial_1.05,0,268,0.0,2.68,0.01,0.014076513479913875,139907.86138862156,False,0.9811084351005774,0.018891564899422595,0.9999530886021967,4.6911397803350806e-05
on_shell_rho_initial_1.05,0,269,0.0,2.69,0.01,0.014115175609297563,249829.77437146727,False,0.9811084302190256,0.018891569780974414,0.9994810185757949,0.0005189814242051819
on_shell_rho_initial_1.05,0,270,0.0,2.7,0.01,0.014153595045352357,424275.37399920705,False,0.9811084281000596,0.018891571899940354,0.998602068484996,0.0013979315150039935
on_shell_rho_initial_1.05,0,271,0.0,2.71,0.01,0.014191761168430224,685909.3322132053,False,0.9811084271719177,0.01889157282808235,0.9973751537339469,0.002624846266053011
on_shell_rho_initial_1.05,0,272,0.0,2.72,0.01,0.014229663377771897,1056668.252471376,False,0.9811084267677681,0.01889157323223198,0.9958102145380204,0.004189785461979537
on_shell_rho_initial_1.05,0,273,0.0,2.73,0.01,0.014267291099336747,1553090.1174754929,False,0.9811084265971124,0.018891573402887683,0.9938847092028824,0.0061152907971176096
on_shell_rho_initial_1.05,0,274,0.0,2.74,0.01,0.014304633793731392,2181305.474304863,False,0.9811084265305396,0.0188915734694604,0.991551194273736,0.008448805726264042
on_shell_rho_initial_1.05,0,275,0.0,2.75,0.01,0.014341680964277825,2933262.017290201,False,0.9811084265093815,0.018891573490618558,0.9887409677828173,0.011259032217182715
on_shell_rho_initial_1.05,0,276,0.0,2.7600000000000002,0.01,0.014378422165178458,3785774.852565588,False,0.9811084265067457,0.018891573493254335,0.9853666347672351,0.01463336523276493
on_shell_rho_initial_1.05,0,277,0.0,2.77,0.01,0.014414847009834142,4703305.985457283,False,0.9811084265102982,0.01889157348970175,0.9813258065094003,0.018674193490599688
on_shell_rho_initial_1.05,0,278,0.0,2.7800000000000002,0.01,0.014450945179227799,5644149.612796585,False,0.9811084265144966,0.01889157348550335,0.9765080735178859,0.023491926482114123
on_shell_rho_initial_1.05,0,279,0.0,2.79,0.01,0.014486706430432724,6568429.758137485,False,0.9811084265170302,0.018891573482969725,0.9708072101990216,0.029192789800978405
on_shell_rho_initial_1.05,0,280,0.0,2.8000000000000003,0.01,0.014522120605118325,7445585.726774104,False,0.9811084265171705,0.01889157348282954,0.9641395488479767,0.03586045115202326
on_shell_rho_initial_1.05,0,281,0.0,2.81,0.01,0.014557177638233198,8259180.72749322,False,0.9811084265149955,0.01889157348500454,0.9564668551751055,0.04353314482489437
on_shell_rho_initial_1.05,0,282,0.0,2.82,0.01,0.014591867566654872,9007847.785070134,False,0.9811084265110068,0.01889157348899313,0.9478178593537151,0.0521821406462848
on_shell_rho_initial_1.05,0,283,0.0,2.83,0.01,0.014626180537917989,9702535.538147489,False,0.9811084265059073,0.018891573494092706,0.9382986748374044,0.061701325162595626
on_shell_rho_initial_1.05,0,284,0.0,2.84,0.01,0.01466010681896712,10361358.052967593,False,0.9811084265004362,0.01889157349956378,0.9280825293547037,0.07191747064529627
on_shell_rho_initial_1.05,0,285,0.0,2.85,0.01,0.014693636804906148,11003871.140328087,False,0.9811084264952333,0.01889157350476674,0.9173766221565299,0.08262337784347004
on_shell_rho_initial_1.05,0,286,0.0,2.86,0.01,0.014726761027771014,11646406.604022201,False,0.9811084264907397,0.0188915735092603,0.9063761247409899,0.09362387525901011
on_shell_rho_initial_1.05,0,287,0.0,2.87,0.01,0.014759470165285964,12299415.950849771,False,0.9811084264871592,0.018891573512840747,0.8952240504701878,0.1047759495298123
on_shell_rho_initial_1.05,0,288,0.0,2.88,0.01,0.014791755049574931,12966965.597381886,False,0.9811084264844822,0.018891573515517953,0.8839931728183414,0.11600682718165854
on_shell_rho_initial_1.05,0,289,0.0,2.89,0.01,0.014823606675819946,13647898.133077174,False,0.9811084264825544,0.01889157351744564,0.8726941586216843,0.1273058413783157
on_shell_rho_initial_1.05,0,290,0.0,2.9,0.01,0.014855016210956798,14337875.045816138,True,0.9811084264811619,0.018891573518838103,0.8613016663561587,0.13869833364384127
on_shell_rho_initial_1.05,0,291,0.0,2.91,0.01,0.014885975002153362,15031531.402675636,True,0.9811084264800992,0.018891573519900787,0.8497850998529907,0.15021490014700928
on_shell_rho_initial_1.05,0,292,0.0,2.92,0.01,0.014916474585321164,15724190.500077734,True,0.9811084264792123,0.01889157352078765,0.8381330413564096,0.16186695864359035
on_shell_rho_initial_1.05,0,293,0.0,2.93,0.01,0.014946506693461233,16412875.831925562,True,0.9811084264784135,0.018891573521586488,0.8263661371982147,0.17363386280178536
on_shell_rho_initial_1.05,0,294,0.0,2.94,0.01,0.014976063264924403,17096613.58624823,True,0.9811084264776757,0.01889157352232429,0.814538194076906,0.18546180592309397
on_shell_rho_initial_1.05,0,295,0.0,2.95,0.01,0.015005136451542379,17776185.9969081,True,0.9811084264770159,0.01889157352298416,0.8027282337391242,0.19727176626087586
on_shell_rho_initial_1.05,0,296,0.0,2.96,0.01,0.015033718626585842,18453563.88113071,True,0.9811084264764746,0.01889157352352539,0.7910273880530339,0.20897261194696617
on_shell_rho_initial_1.05,0,297,0.0,2.97,0.01,0.015061802392594066,19131236.37314325,True,0.9811084264760981,0.018891573523901882,0.7795244912394022,0.22047550876059788
on_shell_rho_initial_1.05,0,298,0.0,2.98,0.01,0.015089380588998303,19811600.401314907,True,0.9811084264759238,0.018891573524076204,0.7682934924681646,0.23170650753183544
on_shell_rho_initial_1.05,0,299,0.0,2.99,0.01,0.015116446299599526,20496503.13200203,True,0.9811084264759722,0.018891573524027806,0.7573847112360809,0.24261528876391908
on_shell_rho_initial_1.05,0,300,0.0,3.0,0.01,0.015142992859792996,21186968.904496763,True,0.981108426476244,0.018891573523756047,0.7468207150802856,0.2531792849197144
on_shell_rho_initial_1.05,0,301,0.0,3.0100000000000002,0.01,0.015169013863613589,21883098.48723236,True,0.9811084264767206,0.018891573523279484,0.7365965396778803,0.26340346032211964
on_shell_rho_initial_1.05,0,302,0.0,3.02,0.01,0.015194503170531748,22584104.308108717,True,0.9811084264773678,0.018891573522632158,0.726683224309945,0.273316775690055
on_shell_rho_initial_1.05,0,303,0.0,3.0300000000000002,0.01,0.015219454911987448,23288437.07485354,True,0.9811084264781409,0.018891573521859,0.7170333313013803,0.28296666869861975
on_shell_rho_initial_1.05,0,304,0.0,3.04,0.01,0.015243863497729711,23993961.606719688,True,0.9811084264789893,0.01889157352101067,0.7075871725749728,0.29241282742502717
on_shell_rho_initial_1.05,0,305,0.0,3.0500000000000003,0.01,0.01526772362180936,24698147.679068126,True,0.9811084264798606,0.018891573520139402,0.6982787366202373,0.3017212633797627
on_shell_rho_initial_1.05,0,306,0.0,3.06,0.01,0.015291030268332945,25398251.513039064,True,0.9811084264807045,0.018891573519295428,0.6890406935608516,0.3109593064391483
on_shell_rho_initial_1.05,0,307,0.0,3.0700000000000003,0.01,0.015313778716926222,26091472.93860885,True,0.9811084264814753,0.018891573518524562,0.6798081902234621,0.32019180977653783
on_shell_rho_initial_1.05,0,308,0.0,3.08,0.01,0.015335964547862938,26775080.970724702,True,0.9811084264821329,0.018891573517867133,0.6705214138791225,0.3294785861208774
on_shell_rho_initial_1.05,0,309,0.0,3.09,0.01,0.015357583646888509,27446506.239116445,True,0.9811084264826431,0.018891573517356857,0.6611270663645334,0.33887293363546644
on_shell_rho_initial_1.05,0,310,0.0,3.1,0.01,0.015378632209769682,28103402.462964796,True,0.9811084264829787,0.018891573517021348,0.6515789640423959,0.3484210359576041
on_shell_rho_initial_1.05,0,311,0.0,3.11,0.01,0.015399106746424845,28743681.2816597,True,0.9811084264831177,0.018891573516882303,0.6418380011445907,0.35816199885540934
on_shell_rho_initial_1.05,0,312,0.0,3.12,0.01,0.015419004084764987,29365525.688622296,True,0.9811084264830439,0.018891573516956122,0.6318716860722913,0.3681283139277086
on_shell_rho_initial_1.05,0,313,0.0,3.13,0.01,0.015438321374180611,29967387.360712945,True,0.9811084264827451,0.018891573517254873,0.6216534253303468,0.37834657466965327
on_shell_rho_initial_1.05,0,314,0.0,3.14,0.01,0.015457056088660489,30547972.725450024,True,0.9811084264822131,0.018891573517786916,0.6111616888320681,0.3888383111679318
on_shell_rho_initial_1.05,0,315,0.0,3.15,0.01,0.015475206029537707,31106221.910172958,True,0.9811084264814423,0.018891573518557782,0.6003791495662417,0.39962085043375833
on_shell_rho_initial_1.05,0,316,0.0,3.16,0.01,0.015492769327879834,31641283.901684538,True,0.9811084264804292,0.01889157351957078,0.5892918577865548,0.4107081422134453
on_shell_rho_initial_1.05,0,317,0.0,3.17,0.01,0.015509744446527989,32152490.423685383,True,0.9811084264791724,0.018891573520827622,0.5778884873951204,0.4221115126048795
on_shell_rho_initial_1.05,0,318,0.0,3.18,0.01,0.015526130181702784,32639330.36164017,True,0.9811084264776712,0.018891573522328852,0.5661596765809316,0.4338403234190685
on_shell_rho_initial_1.05,0,319,0.0,3.19,0.01,0.015541925664269797,33101425.996837948,True,0.9811084264759256,0.01889157352407445,0.5540974679220324,0.44590253207796754
on_shell_rho_initial_1.05,0,320,0.0,3.2,0.01,0.015557130360608868,33538511.799016036,True,0.9811084264739361,0.01889157352606383,0.5416948495199203,0.4583051504800797
on_shell_rho_initial_1.05,0,321,0.0,3.21,0.01,0.015571744073097773,33950416.18741511,True,0.9811084264717036,0.018891573528296405,0.5289453942116783,0.4710546057883217
on_shell_rho_initial_1.05,0,322,0.0,3.22,0.01,0.015585766940214756,34337046.4163483,True,0.9811084264692285,0.018891573530771578,0.5158429913928294,0.48415700860717065
on_shell_rho_initial_1.05,0,323,0.0,3.23,0.01,0.015599199436255165,34698376.573975205,True,0.9811084264665112,0.018891573533488828,0.5023816645913856,0.49761833540861444
on_shell_rho_initial_1.05,0,324,0.0,3.24,0.01,0.015612042370658986,35034438.56790196,True,0.981108426463552,0.018891573536447888,0.4885554696117123,0.5114445303882876
on_shell_rho_initial_1.05,0,325,0.0,3.25,0.01,0.015624296886946954,35345315.88041045,True,0.9811084264603513,0.01889157353964866,0.4743584729535511,0.525641527046449
on_shell_rho_initial_1.05,0,326,0.0,3.2600000000000002,0.01,0.01563596446129586,35631139.887032524,True,0.9811084264569087,0.018891573543091345,0.45978480479233125,0.5402151952076688
on_shell_rho_initial_1.05,0,327,0.0,3.27,0.01,0.01564704690072384,35892088.550593734,True,0.9811084264532238,0.018891573546776085,0.4448287832422921,0.555171216757708
on_shell_rho_initial_1.05,0,328,0.0,3.2800000000000002,0.01,0.015657546340929626,36128387.197647646,True,0.9811084264492969,0.018891573550703204,0.42948511994929095,0.5705148800507092
on_shell_rho_initial_1.05,0,329,0.0,3.29,0.01,0.015667465243727488,36340311.231021754,True,0.9811084264451272,0.01889157355487276,0.41374920347136457,0.5862507965286354
on_shell_rho_initial_1.05,0,330,0.0,3.3000000000000003,0.01,0.015676806394116092,36528190.616482854,True,0.9811084264407155,0.01889157355928457,0.39761747362870886,0.6023825263712912
on_shell_rho_initial_1.05,0,331,0.0,3.31,0.01,0.01568557289701846,36692416.039199606,True,0.9811084264360621,0.018891573563937884,0.38108789024427653,0.6189121097557234
on_shell_rho_initial_1.05,0,332,0.0,3.3200000000000003,0.01,0.015693768173688394,36833446.5750647,True,0.9811084264311689,0.01889157356883113,0.3641605074068621,0.6358394925931378
on_shell_rho_initial_1.05,0,333,0.0,3.33,0.01,0.01570139595777884,36951818.7708265,True,0.9811084264260385,0.018891573573961602,0.3468381652916786,0.6531618347083215
on_shell_rho_initial_1.05,0,334,0.0,3.34,0.01,0.01570846029106822,37048157.07960792,True,0.9811084264206749,0.018891573579325097,0.32912731451539223,0.6708726854846078
on_shell_rho_initial_1.05,0,335,0.0,3.35,0.01,0.01571496551884089,37123185.658016376,True,0.9811084264150847,0.018891573584915337,0.311038991226101,0.6889610087738991
on_shell_rho_initial_1.05,0,336,0.0,3.36,0.01,0.015720916284918268,37177741.53530792,True,0.9811084264092764,0.018891573590723614,0.29258996821198185,0.7074100317880182
on_shell_rho_initial_1.05,0,337,0.0,3.37,0.01,0.015726317526375235,37212788.66040394,True,0.981108426403262,0.018891573596738084,0.2738041310687861,0.7261958689312139
on_shell_rho_initial_1.05,0,338,0.0,3.38,0.01,0.015731174468260674,37229434.74321117,True,0.9811084263970571,0.01889157360294294,0.2547139537747409,0.7452860462252591
on_shell_rho_initial_1.05,0,339,0.0,3.39,0.01,0.01573549261767944,37228947.30071805,True,0.9811084263906821,0.01889157360931795,0.2353623110184192,0.7646376889815808
on_shell_rho_initial_1.05,0,340,0.0,3.4,0.01,0.015739277757781944,37212772.21669976,True,0.9811084263841628,0.018891573615837154,0.21580444608775196,0.784195553912248
on_shell_rho_initial_1.05,0,341,0.0,3.41,0.01,0.015742535941443033,37182553.020026736,True,0.9811084263775319,0.01889157362246811,0.19611019651982683,0.8038898034801732
on_shell_rho_initial_1.05,0,342,0.0,3.42,0.01,0.01574527348469493,37140151.243485406,True,0.9811084263708292,0.01889157362917071,0.1763664366358606,0.8236335633641394
on_shell_rho_initial_1.05,0,343,0.0,3.43,0.01,0.01574749695995533,37087667.76750313,True,0.981108426364104,0.01889157363589596,0.15667970016687266,0.8433202998331273
on_shell_rho_initial_1.05,0,344,0.0,3.44,0.01,0.015749213189056085,37027464.73866487,True,0.9811084263574154,0.018891573642584716,0.1371789210495884,0.8628210789504115
on_shell_rho_initial_1.05,0,345,0.0,3.45,0.01,0.015750429236078396,36962187.62645089,True,0.9811084263508335,0.01889157364916656,0.11801818947406248,0.8819818105259375
on_shell_rho_initial_1.05,0,346,0.0,3.46,0.01,0.015751152399999867,36894786.89236547,True,0.9811084263444417,0.018891573655558335,0.09937937436915334,0.9006206256308468
on_shell_rho_initial_1.05,0,347,0.0,3.47,0.01,0.01575139020715929,36828538.64172712,True,0.9811084263383365,0.01889157366166343,0.08147440821168991,0.9185255917883101
on_shell_rho_initial_1.05,0,348,0.0,3.48,0.01,0.01575115040354475,36767063.50853633,True,0.9811084263326294,0.018891573667370667,0.06454696643188161,0.9354530335681184
on_shell_rho_initial_1.05,0,349,0.0,3.49,0.01,0.015750440946910617,36714342.87095134,True,0.9811084263274457,0.01889157367255425,0.048873204677804045,0.951126795322196
on_shell_rho_initial_1.05,0,350,0.0,3.5,0.01,0.01574926999872902,36674730.81535892,True,0.9811084263229264,0.01889157367707372,0.03476115099479431,0.9652388490052057
on_shell_rho_initial_1.05,0,351,0.0,3.5100000000000002,0.01,0.015747645916030634,36652956.591942325,True,0.9811084263192246,0.018891573680775417,0.022548291019191077,0.977451708980809
on_shell_rho_initial_1.05,0,352,0.0,3.52,0.01,0.01574557724357715,36654133.12011909,True,0.981108426316506,0.018891573683494093,0.012596681584438612,0.9874033184155614
on_shell_rho_initial_1.05,0,353,0.0,3.5300000000000002,0.01,0.015743072705352003,36683739.26051162,True,0.9811084263149432,0.018891573685056843,0.005285458000983176,0.9947145419990169
on_shell_rho_initial_1.05,0,354,0.0,3.54,0.01,0.015740141196206155,36747601.48203327,True,0.9811084263147124,0.018891573685287513,0.001000137222625373,0.9989998627773746
on_shell_rho_initial_1.05,0,355,0.0,3.5500000000000003,0.01,0.01573679177347241,36851862.305539764,True,0.9811084263159867,0.01889157368401324,0.00011869656032251184,0.9998813034396774
on_shell_rho_initial_1.05,0,356,0.0,3.56,0.01,0.015733033648504948,37002934.61071896,True,0.981108426318928,0.018891573681071982,0.0029945908004061447,0.9970054091995939
on_shell_rho_initial_1.05,0,357,0.0,3.5700000000000003,0.01,0.01572887617819638,37207442.88771865,True,0.9811084263236786,0.018891573676321362,0.009937315633520032,0.99006268436648
on_shell_rho_initial_1.05,0,358,0.0,3.58,0.01,0.015724328856483085,37472151.38467813,True,0.981108426330352,0.01889157366964803,0.021191624588924696,0.9788083754110753
on_shell_rho_initial_1.05,0,359,0.0,3.59,0.01,0.01571940130584916,37803880.63398249,True,0.981108426339023,0.018891573660977087,0.0369169945829194,0.9630830054170806
on_shell_rho_initial_1.05,0,360,0.0,3.6,0.01,0.01571410326883901,38209415.05088402,True,0.9811084263497196,0.018891573650280432,0.05716932363438489,0.9428306763656151
on_shell_rho_initial_1.05,0,361,0.0,3.61,0.01,0.01570844459958838,38695405.43597533,True,0.981108426362417,0.018891573637582978,0.08188701443397539,0.9181129855660246
on_shell_rho_initial_1.05,0,362,0.0,3.62,0.01,0.015702435255382924,39268271.09192658,True,0.9811084263770338,0.018891573622966246,0.11088345051087645,0.8891165494891234
on_shell_rho_initial_1.05,0,363,0.0,3.63,0.01,0.0156960852882534,39934106.64979801,True,0.9811084263934317,0.018891573606568318,0.1438473605688032,0.8561526394311968
on_shell_rho_initial_1.05,0,364,0.0,3.64,0.01,0.015689404836615864,40698597.55466474,True,0.9811084264114202,0.018891573588579874,0.18035172888487677,0.8196482711151233
on_shell_rho_initial_1.05,0,365,0.0,3.65,0.01,0.015682404116988506,41566945.84706927,True,0.9811084264307635,0.01889157356923655,0.21987091245305798,0.780129087546942
on_shell_rho_initial_1.05,0,366,0.0,3.66,0.01,0.015675093415916844,42543833.16270851,True,0.9811084264511919,0.018891573548808074,0.26180460683595885,0.7381953931640413
on_shell_rho_initial_1.05,0,367,0.0,3.67,0.01,0.015667483081793304,43633380.80098584,True,0.9811084264724146,0.01889157352758538,0.3055063831039516,0.6944936168960484
on_shell_rho_initial_1.05,0,368,0.0,3.68,0.01,0.01565958351686835,44839147.67381924,True,0.9811084264941329,0.018891573505867156,0.3503139737732136,0.6496860262267865
on_shell_rho_initial_1.05,0,369,0.0,3.69,0.01,0.015651405169361674,46164144.251977555,True,0.9811084265160538,0.018891573483946256,0.3955784946460566,0.6044215053539433
on_shell_rho_initial_1.05,0,370,0.0,3.7,0.01,0.01564295852568544,47610865.09962864,True,0.9811084265379016,0.0188915734620983,0.4406901656266489,0.559309834373351
on_shell_rho_initial_1.05,0,371,0.0,3.71,0.01,0.01563425410279541,49181336.88040194,True,0.9811084265594278,0.018891573440572258,0.48509875796385454,0.5149012420361454
on_shell_rho_initial_1.05,0,372,0.0,3.72,0.01,0.015625302440676902,50877177.52782615,True,0.9811084265804161,0.018891573419583894,0.5283278403326798,0.4716721596673203
on_shell_rho_initial_1.05,0,373,0.0,3.73,0.01,0.01561611409497219,52699662.623060085,True,0.9811084266006878,0.01889157339931224,0.5699827091798274,0.4300172908201727
on_shell_rho_initial_1.05,0,374,0.0,3.74,0.01,0.015606699629755215,54649795.26873403,True,0.9811084266201016,0.01889157337989845,0.6097525506362268,0.3902474493637732
on_shell_rho_initial_1.05,0,375,0.0,3.75,0.01,0.015597069610459311,56728376.20175336,True,0.981108426638553,0.018891573361446944,0.6474078248300059,0.3525921751699941
on_shell_rho_initial_1.05,0,376,0.0,3.7600000000000002,0.01,0.015587234596962884,58936071.366436064,True,0.9811084266559719,0.018891573344028207,0.6827940787726535,0.3172059212273466
on_shell_rho_initial_1.05,0,377,0.0,3.77,0.01,0.015577205136837658,61273474.55489439,True,0.9811084266723175,0.018891573327682574,0.7158234138125454,0.2841765861874545
on_shell_rho_initial_1.05,0,378,0.0,3.7800000000000002,0.01,0.015566991758763644,63741162.68062084,True,0.9811084266875755,0.018891573312424567,0.746464718868041,0.25353528113195906
on_shell_rho_initial_1.05,0,379,0.0,3.79,0.01,0.01555660496611734,66339740.462697886,True,0.9811084267017525,0.018891573298247574,0.774733630312055,0.22526636968794495
on_shell_rho_initial_1.05,0,380,0.0,3.8000000000000003,0.01,0.015546055230772108,69069892.36533815,True,0.9811084267148719,0.018891573285128145,0.8006827061459245,0.19931729385407562
on_shell_rho_initial_1.05,0,381,0.0,3.81,0.01,0.015535352987041251,71932415.6389988,True,0.98110842672697,0.01889157327303004,0.8243926182288263,0.17560738177117377
on_shell_rho_initial_1.05,0,382,0.0,3.8200000000000003,0.01,0.01552450862581652,74928254.31399506,True,0.9811084267380923,0.01889157326190772,0.8459642780067189,0.15403572199328114
on_shell_rho_initial_1.05,0,383,0.0,3.83,0.01,0.015513532488896914,78058526.69585606,True,0.9811084267482905,0.018891573251709523,0.8655121447614674,0.1344878552385326
on_shell_rho_initial_1.05,0,384,0.0,3.84,0.01,0.015502434863504123,81324547.75928985,True,0.98110842675762,0.01889157324238001,0.8831587207441294,0.11684127925587057
on_shell_rho_initial_1.05,0,385,0.0,3.85,0.01,0.015491225976989757,84727848.14913592,True,0.981108426766138,0.018891573233862057,0.8990301370702418,0.10096986292975817
on_shell_rho_initial_1.05,0,386,0.0,3.86,0.01,0.015479915991735333,88270190.07548012,True,0.9811084267739016,0.01889157322609834,0.9132527229020589,0.08674727709794107
on_shell_rho_initial_1.05,0,387,0.0,3.87,0.01,0.015468515000245493,91953580.99423929,True,0.9811084267809674,0.01889157321903266,0.9259504247028125,0.07404957529718748
on_shell_rho_initial_1.05,0,388,0.0,3.88,0.01,0.015457033020434776,95780285.86663313,True,0.9811084267873894,0.018891573212610625,0.9372429381671429,0.06275706183285705
on_shell_rho_initial_1.05,0,389,0.0,3.89,0.01,0.015445479991107717,99752838.59811133,True,0.9811084267932196,0.018891573206780334,0.9472444221725627,0.05275557782743721
on_shell_rho_initial_1.05,0,390,0.0,3.9,0.01,0.015433865767631913,103874052.98710757,True,0.9811084267985073,0.01889157320149276,0.9560626766398127,0.04393732336018719
on_shell_rho_initial_1.05,0,391,0.0,3.91,0.01,0.015422200117803283,108147033.09557009,True,0.9811084268032981,0.018891573196701917,0.9637986818879954,0.03620131811200461
on_shell_rho_initial_1.05,0,392,0.0,3.92,0.01,0.015410492717902525,112575182.37975104,True,0.981108426807635,0.018891573192364983,0.970546413277091,0.029453586722908983
on_shell_rho_initial_1.05,0,393,0.0,3.93,0.01,0.015398753148941475,117162210.1290589,True,0.9811084268115577,0.01889157318844229,0.9763928604098018,0.02360713959019819
on_shell_rho_initial_1.05,0,394,0.0,3.94,0.01,0.01538699089309784,121912134.4587381,True,0.9811084268151028,0.018891573184897297,0.981418207583522,0.01858179241647802
on_shell_rho_initial_1.05,0,395,0.0,3.95,0.01,0.01537521533033736,126829289.11156267,True,0.9811084268183037,0.01889157318169627,0.9856960850671066,0.014303914932893354
on_shell_rho_initial_1.05,0,396,0.0,3.96,0.01,0.015363435735221571,131918333.90887122,True,0.9811084268211916,0.018891573178808446,0.9892939080234716,0.010706091976528305
on_shell_rho_initial_1.05,0,397,0.0,3.97,0.01,0.015351661273898684,137184263.00484824,True,0.9811084268237945,0.01889157317620558,0.992273276888389,0.007726723111610977
on_shell_rho_initial_1.05,0,398,0.0,3.98,0.01,0.01533990100127131,142632410.63219017,True,0.9811084268261381,0.018891573173862017,0.9946903546183588,0.005309645381641217
on_shell_rho_initial_1.05,0,399,0.0,3.99,0.01,0.015328163858340451,148268456.98808688,True,0.9811084268282457,0.018891573171754224,0.9965962728168933,0.0034037271831066315
on_shell_rho_initial_1.05,0,400,0.0,4.0,0.01,0.015316458669723596,154098433.2752086,True,0.9811084268301391,0.018891573169860856,0.9980375249352701,0.0019624750647298734
on_shell_rho_initial_1.05,0,401,0.0,4.01,0.01,0.015304794141343392,160128724.75880757,True,0.9811084268318375,0.01889157316816255,0.999056345310079,0.0009436546899210164
on_shell_rho_initial_1.05,0,402,0.0,4.0200000000000005,0.01,0.015293178858283114,166366072.0271525,True,0.9811084268333584,0.01889157316664153,0.9996910690829259,0.0003089309170741045
on_shell_rho_initial_1.05,0,403,0.0,4.03,0.01,0.015281621282805231,172817570.66376826,True,0.9811084268347183,0.018891573165281766,0.9999764698271473,2.353017285273432e-05
on_shell_rho_initial_1.05,0,404,0.0,4.04,0.01,0.015270129752529149,179490669.50263616,True,0.9811084268359315,0.01889157316406864,0.9999440730683593,5.592693164072099e-05
on_shell_rho_initial_1.05,0,405,0.0,4.05,0.01,0.01525871247876417,186393167.54187083,True,0.9811084268370112,0.018891573162988885,0.999622444973641,0.0003775550263591414
on_shell_rho_initial_1.05,0,406,0.0,4.0600000000000005,0.01,0.015247377544993737,193533209.38871062,True,0.9811084268379696,0.01889157316203038,0.9990374562755074,0.0009625437244924636
on_shell_rho_initial_1.05,0,407,0.0,4.07,0.01,0.015236132905506903,200919278.74585277,True,0.9811084268388179,0.018891573161182125,0.9982125220777018,0.0017874779222980602
on_shell_rho_initial_1.05,0,408,0.0,4.08,0.01,0.015224986384172922,208560188.9423912,True,0.9811084268395659,0.018891573160434116,0.9971688185398135,0.002831181460186509
on_shell_rho_initial_1.05,0,409,0.0,4.09,0.01,0.015213945673354972,216465068.71750033,True,0.9811084268402228,0.018891573159777228,0.9959254776002434,0.004074522399756537
on_shell_rho_initial_1.05,0,410,0.0,4.1,0.01,0.015203018332958895,224643340.3751073,True,0.9811084268407969,0.01889157315920315,0.9944997608611754,0.0055002391388245695
on_shell_rho_initial_1.05,0,411,0.0,4.11,0.01,0.01519221178961289,233104685.9142977,True,0.9811084268412957,0.01889157315870422,0.992907213536431,0.007092786463569142
on_shell_rho_initial_1.05,0,412,0.0,4.12,0.01,0.015181533335974185,241858997.9454234,True,0.9811084268417264,0.018891573158273528,0.9911617966974144,0.008838203302585555
on_shell_rho_initial_1.05,0,413,0.0,4.13,0.01,0.01517099013015449,250916330.45173964,True,0.9811084268420953,0.018891573157904677,0.9892759893305534,0.010724010669446652
on_shell_rho_initial_1.05,0,414,0.0,4.14,0.01,0.015160589195238603,260286826.9677759,True,0.9811084268424082,0.01889157315759188,0.9872609290640952,0.012739070935904758
on_shell_rho_initial_1.05,0,415,0.0,4.15,0.01,0.015150337418960358,269980702.3262145,True,0.9811084268426702,0.01889157315732971,0.9851264587708092,0.014873541229190768
on_shell_rho_initial_1.05,0,416,0.0,4.16,0.01,0.015140241553460814,280008149.69959307,True,0.9811084268428867,0.018891573157113307,0.9828812109833819,0.017118789016618036
on_shell_rho_initial_1.05,0,417,0.0,4.17,0.01,0.01513030821514958,290379242.2831318,True,0.9811084268430619,0.018891573156938114,0.980532664265208,0.01946733573479199
on_shell_rho_initial_1.05,0,418,0.0,4.18,0.01,0.015120543884667418,301103824.62035143,True,0.9811084268432001,0.018891573156799932,0.978087183718395,0.02191281628160499
on_shell_rho_initial_1.05,0,419,0.0,4.19,0.01,0.015110954906943155,312191384.4148748,True,0.9811084268433051,0.018891573156694902,0.9755500494147017,0.024449950585298214
on_shell_rho_initial_1.05,0,420,0.0,4.2,0.01,0.015101547491340349,323650902.6349617,True,0.9811084268433805,0.018891573156619466,0.9729254713578817,0.02707452864211829
on_shell_rho_initial_1.05,0,421,0.0,4.21,0.01,0.01509232771188914,335490679.4224246,True,0.9811084268434297,0.018891573156570262,0.9702165908803729,0.029783409119627006
on_shell_rho_initial_1.05,0,422,0.0,4.22,0.01,0.015083301507598916,347718133.11117405,True,0.9811084268434558,0.018891573156544224,0.9674254681032427,0.03257453189675728
on_shell_rho_initial_1.05,0,423,0.0,4.23,0.01,0.015074474682847424,360339569.2018953,True,0.9811084268434616,0.018891573156538412,0.9645530549600244,0.03544694503997558
on_shell_rho_initial_1.05,0,424,0.0,4.24,0.01,0.01506585290784215,373359915.8936275,True,0.9811084268434498,0.018891573156550243,0.9615991527203984,0.0384008472796015
on_shell_rho_initial_1.05,0,425,0.0,4.25,0.01,0.015057441719149882,386782422.03355116,True,0.981108426843423,0.01889157315657704,0.9585623526650051,0.04143764733499495
on_shell_rho_initial_1.05,0,426,0.0,4.26,0.01,0.015049246520290455,400608312.58516157,True,0.9811084268433835,0.018891573156616527,0.9554399578869915,0.04456004211300839
on_shell_rho_initial_1.05,0,427,0.0,4.2700000000000005,0.01,0.015041272582390927,414836395.6744186,True,0.9811084268433337,0.018891573156666338,0.952227883379771,0.04777211662022905
on_shell_rho_initial_1.05,0,428,0.0,4.28,0.01,0.015033525044896334,429462613.76428705,True,0.9811084268432756,0.018891573156724437,0.948920530594476,0.05107946940552396
on_shell_rho_initial_1.05,0,429,0.0,4.29,0.01,0.015026008916333542,444479530.3748899,True,0.9811084268432113,0.018891573156788733,0.9455106308356561,0.054489369164343895
on_shell_rho_initial_1.05,0,430,0.0,4.3,0.01,0.015018729075124417,459875762.0335094,True,0.9811084268431428,0.01889157315685725,0.9419890404608855,0.05801095953911455
on_shell_rho_initial_1.05,0,431,0.0,4.3100000000000005,0.01,0.015011690270434721,475635294.7638587,True,0.981108426843072,0.018891573156928052,0.9383445360072054,0.06165546399279475
on_shell_rho_initial_1.05,0,432,0.0,4.32,0.01,0.015004897123073848,491736788.1259422,True,0.9811084268430007,0.018891573156999332,0.9345635104243777,0.06543648957562224
on_shell_rho_initial_1.05,0,433,0.0,4.33,0.01,0.01499835412643046,508152751.81613183,True,0.9811084268429308,0.018891573157069227,0.9306296289365327,0.06937037106346733
on_shell_rho_initial_1.05,0,434,0.0,4.34,0.01,0.014992065647439295,524848614.3104439,True,0.9811084268428641,0.01889157315713594,0.926523408323446,0.0734765916765538
on_shell_rho_initial_1.05,0,435,0.0,4.3500000000000005,0.01,0.01498603592758094,541781701.8604083,True,0.9811084268428025,0.01889157315719756,0.9222216893704027,0.07777831062959724
on_shell_rho_initial_1.05,0,436,0.0,4.36,0.01,0.014980269083909111,558900098.2539876,True,0.9811084268427478,0.018891573157252206,0.9176969897509867,0.08230301024901332
on_shell_rho_initial_1.05,0,437,0.0,4.37,0.01,0.014974769110102093,576141379.3420625,True,0.981108426842702,0.018891573157297916,0.9129167001652008,0.08708329983479923
on_shell_rho_initial_1.05,0,438,0.0,4.38,0.01,0.014969539877535352,593431214.647456,True,0.9811084268426674,0.018891573157332604,0.907842079773753,0.09215792022624704
on_shell_rho_initial_1.05,0,439,0.0,4.39,0.01,0.014964585136372303,610681830.0030556,True,0.981108426842646,0.018891573157353975,0.9024269932219515,0.0975730067780486
on_shell_rho_initial_1.05,0,440,0.0,4.4,0.01,0.014959908516670395,627790329.4421617,True,0.9811084268426404,0.01889157315735961,0.8966163118304493,0.10338368816955065
on_shell_rho_initial_1.05,0,441,0.0,4.41,0.01,0.014955513529499862,644636879.3760929,True,0.9811084268426533,0.018891573157346655,0.8903438753147757,0.10965612468522444
on_shell_rho_initial_1.05,0,442,0.0,4.42,0.01,0.014951403568072508,661082767.0868642,True,0.981108426842688,0.018891573157311995,0.8835298730042298,0.11647012699577014
on_shell_rho_initial_1.05,0,443,0.0,4.43,0.01,0.014947581908878082,676968356.9332948,True,0.981108426842748,0.018891573157252043,0.876077452173668,0.12392254782633196
on_shell_rho_initial_1.05,0,444,0.0,4.44,0.01,0.014944051712825977,692110987.4705713,True,0.9811084268428376,0.018891573157162365,0.8678682872752079,0.13213171272479204
on_shell_rho_initial_1.05,0,445,0.0,4.45,0.01,0.01494081602638993,706302878.238488,True,0.981108426842962,0.01889157315703796,0.8587567408029408,0.1412432591970591
on_shell_rho_initial_1.05,0,446,0.0,4.46,0.01,0.014937877782753737,719309159.6281927,True,0.9811084268431275,0.018891573156872548,0.8485620968000339,0.15143790319996603
on_shell_rho_initial_1.05,0,447,0.0,4.47,0.01,0.014935239802955969,730866275.6920935,True,0.9811084268433415,0.01889157315665843,0.8370581132292664,0.16294188677073362
on_shell_rho_initial_1.05,0,448,0.0,4.48,0.01,0.014932904797026691,740680824.5192071,True,0.9811084268436139,0.018891573156386166,0.8239589426863569,0.17604105731364308
on_shell_rho_initial_1.05,0,449,0.0,4.49,0.01,0.014930875365119625,748429428.5957165,True,0.9811084268439564,0.01889157315604366,0.8088998997438622,0.19110010025613774
on_shell_rho_initial_1.05,0,450,0.0,4.5,0.01,0.014929153998638452,753760661.7348803,True,0.9811084268443844,0.018891573155615536,0.7914109435891823,0.20858905641081768
on_shell_rho_initial_1.05,0,451,0.0,4.51,0.01,0.01492774308134986,756299496.8636241,True,0.981108426844918,0.018891573155082015,0.7708802837699071,0.22911971623009297
on_shell_rho_initial_1.05,0,452,0.0,4.5200000000000005,0.01,0.014926644890490162,755656733.1706532,True,0.9811084268455827,0.01889157315441721,0.7465042320138657,0.25349576798613416
on_shell_rho_initial_1.05,0,453,0.0,4.53,0.01,0.014925861597857791,751446100.568571,True,0.9811084268464129,0.018891573153587117,0.7172191664692859,0.28278083353071404
on_shell_rho_initial_1.05,0,454,0.0,4.54,0.01,0.014925395270890264,743314085.3384956,True,0.9811084268474529,0.018891573152547057,0.6816124097948992,0.3183875902051007
on_shell_rho_initial_1.05,0,455,0.0,4.55,0.01,0.014925247873724533,730990836.153326,True,0.9811084268487615,0.018891573151238523,0.637815429512731,0.36218457048726893
on_shell_rho_initial_1.05,0,456,0.0,4.5600000000000005,0.01,0.014925421268239595,714376281.4762661,True,0.9811084268504132,0.018891573149586772,0.5834056737632632,0.41659432623673687
on_shell_rho_initial_1.05,0,457,0.0,4.57,0.01,0.014925917215080355,693685201.0069814,True,0.9811084268524976,0.018891573147502446,0.5154108051258615,0.4845891948741385
on_shell_rho_initial_1.05,0,458,0.0,4.58,0.01,0.014926737374661846,669689765.7800714,True,0.981108426855104,0.018891573144895875,0.4306879492003393,0.5693120507996609
on_shell_rho_initial_1.05,0,459,0.0,4.59,0.01,0.014927883308152999,644115608.3379176,True,0.9811084268582729,0.01889157314172704,0.3273640159741045,0.6726359840258954
on_shell_rho_initial_1.05,0,460,0.0,4.6000000000000005,0.01,0.01492935647843916,620247994.2407975,True,0.9811084268618661,0.018891573138133926,0.208715431301572,0.791284568698428
on_shell_rho_initial_1.05,0,461,0.0,4.61,0.01,0.014931158251062721,603714771.0658118,True,0.9811084268653232,0.018891573134676792,0.09086888474077771,0.9091311152592223
on_shell_rho_initial_1.05,0,462,0.0,4.62,0.01,0.014933289895141293,603074358.1780419,True,0.9811084268674353,0.018891573132564836,0.010625327938264978,0.9893746720617351
on_shell_rho_initial_1.05,0,463,0.0,4.63,0.01,0.014935752584261514,629244012.6956571,True,0.9811084268667128,0.0188915731332871,0.01561422276596109,0.9843857772340389
on_shell_rho_initial_1.05,0,464,0.0,4.64,0.01,0.014938547397327107,692936917.5599723,True,0.9811084268627245,0.018891573137275474,0.1232138332356622,0.8767861667643377
on_shell_rho_initial_1.05,0,465,0.0,4.65,0.01,0.014941675319409061,801507483.5744288,True,0.9811084268568466,0.018891573143153397,0.2943462765718639,0.7056537234281361
on_shell_rho_initial_1.05,0,466,0.0,4.66,0.01,0.01494513724255216,958215553.1737938,True,0.9811084268509911,0.018891573149008918,0.47020722130668885,0.5297927786933112
on_shell_rho_initial_1.05,0,467,0.0,4.67,0.01,0.014948933966560463,1164147103.4656465,True,0.9811084268462154,0.01889157315378462,0.6163187266341883,0.38368127336581176
on_shell_rho_initial_1.05,0,468,0.0,4.68,0.01,0.014953066199757233,1420375318.6410666,True,0.9811084268426864,0.01889157315731361,0.7256770407944976,0.2743229592055024
on_shell_rho_initial_1.05,0,469,0.0,4.69,0.01,0.014957534559713666,1729057253.761131,True,0.9811084268401844,0.018891573159815614,0.803923484108445,0.19607651589155486
on_shell_rho_initial_1.05,0,470,0.0,4.7,0.01,0.014962339573947084,2093715816.6640887,True,0.9811084268384298,0.018891573161570148,0.859135318276737,0.14086468172326316
on_shell_rho_initial_1.05,0,471,0.0,4.71,0.01,0.014967481680589144,2519210133.255376,True,0.9811084268371943,0.018891573162805743,0.8981431454880519,0.1018568545119481
on_shell_rho_initial_1.05,0,472,0.0,4.72,0.01,0.014972961229024837,3011657570.9396286,True,0.9811084268363144,0.018891573163685598,0.9259232111834931,0.07407678881650695
on_shell_rho_initial_1.05,0,473,0.0,4.73,0.01,0.014978778480502974,3578392234.227238,True,0.9811084268356791,0.018891573164320847,0.9459115762480288,0.054088423751971315
on_shell_rho_initial_1.05,0,474,0.0,4.74,0.01,0.014984933608719001,4227973947.658496,True,0.9811084268352138,0.0188915731647862,0.9604428929587723,0.03955710704122777
on_shell_rho_initial_1.05,0,475,0.0,4.75,0.01,0.014991426700370982,4970242447.1607,True,0.9811084268348681,0.018891573165131976,0.9711046425873536,0.028895357412646337
on_shell_rho_initial_1.05,0,476,0.0,4.76,0.01,0.014998257755689724,5816409429.249715,True,0.9811084268346076,0.018891573165392302,0.97898557495176,0.021014425048240082
on_shell_rho_initial_1.05,0,477,0.0,4.7700000000000005,0.01,0.015005426688943462,6779181620.18234,True,0.9811084268344094,0.018891573165590734,0.9848414291070188,0.015158570892981197
on_shell_rho_initial_1.05,0,478,0.0,4.78,0.01,0.01501293332887263,7872917054.483371,True,0.9811084268342563,0.018891573165743736,0.9892039717645051,0.01079602823549485
on_shell_rho_initial_1.05,0,479,0.0,4.79,0.01,0.015020777419134584,9113806798.207836,True,0.9811084268341371,0.018891573165862915,0.9924524395201457,0.007547560479854283
on_shell_rho_initial_1.05,0,480,0.0,4.8,0.01,0.015028958618712188,10520085761.831596,True,0.9811084268340433,0.018891573165956674,0.9948608500401364,0.0051391499598635315
on_shell_rho_initial_1.05,0,481,0.0,4.8100000000000005,0.01,0.015037476502286812,12112276489.015747,True,0.9811084268339689,0.018891573166031024,0.9966296828200738,0.0033703171799262443
on_shell_rho_initial_1.05,0,482,0.0,4.82,0.01,0.015046330560597345,13913464554.018614,True,0.9811084268339094,0.01889157316609054,0.9979073033832407,0.002092696616759281
on_shell_rho_initial_1.05,0,483,0.0,4.83,0.01,0.015055520200763568,15949611603.048437,True,0.9811084268338615,0.018891573166138483,0.99880467961847,0.0011953203815299426
on_shell_rho_initial_1.05,0,484,0.0,4.84,0.01,0.01506504474657664,18249909270.237587,True,0.9811084268338227,0.01889157316617738,0.9994056122494334,0.0005943877505666506
on_shell_rho_initial_1.05,0,485,0.0,4.8500000000000005,0.01,0.015074903438759463,20847178385.118893,True,0.9811084268337908,0.01889157316620911,0.9997739376967736,0.0002260623032263755
on_shell_rho_initial_1.05,0,486,0.0,4.86,0.01,0.01508509543519983,23778318482.599934,True,0.9811084268337649,0.01889157316623519,0.9999586612937817,4.133870621821959e-05
on_shell_rho_initial_1.05,0,487,0.0,4.87,0.01,0.015095619811159207,27084813273.86422,True,0.9811084268337433,0.018891573166256698,0.9999976578139407,2.3421860593659527e-06
on_shell_rho_initial_1.05,0,488,0.0,4.88,0.01,0.015106475559460202,30813298497.95554,True,0.9811084268337253,0.018891573166274604,0.9999203681378269,7.963186217303475e-05
on_shell_rho_initial_1.05,0,489,0.0,4.89,0.01,0.015117661590655718,35016199445.72945,True,0.9811084268337106,0.018891573166289453,0.9997497843257267,0.0002502156742733419
on_shell_rho_initial_1.05,0,490,0.0,4.9,0.01,0.015129176733182937,39752446496.00211,True,0.981108426833698,0.018891573166301922,0.9995039246955326,0.0004960753044673338
on_shell_rho_initial_1.05,0,491,0.0,4.91,0.01,0.015141019733505323,45088269525.59621,True,0.9811084268336875,0.018891573166312403,0.9991969465758003,0.0008030534241997475
on_shell_rho_initial_1.05,0,492,0.0,4.92,0.01,0.015153189256166955,51098090173.62053,True,0.9811084268336787,0.01889157316632125,0.9988399861721504,0.001160013827849483
on_shell_rho_initial_1.05,0,493,0.0,4.93,0.01,0.015165683883795439,57865543462.23935,True,0.9811084268336713,0.018891573166328744,0.9984417656781113,0.0015582343218887885
on_shell_rho_initial_1.05,0,494,0.0,4.94,0.01,0.015178502117239962,65484545344.93791,True,0.9811084268336648,0.018891573166335104,0.9980091130230089,0.001990886976991114
on_shell_rho_initial_1.05,0,495,0.0,4.95,0.01,0.015191642375563698,74060536179.56711,True,0.9811084268336595,0.018891573166340526,0.9975473183674556,0.0024526816325443727
on_shell_rho_initial_1.05,0,496,0.0,4.96,0.01,0.015205102996067057,83711828275.11119,True,0.981108426833655,0.018891573166345137,0.997060424201474,0.002939575798525923
on_shell_rho_initial_1.05,0,497,0.0,4.97,0.01,0.01521888223428215,94571087530.88493,True,0.981108426833651,0.018891573166349096,0.9965514483643064,0.003448551635693522
on_shell_rho_initial_1.05,0,498,0.0,4.98,0.01,0.015232978263942357,106786950817.87001,True,0.9811084268336475,0.018891573166352517,0.9960225560033655,0.0039774439966344865
on_shell_rho_initial_1.05,0,499,0.0,4.99,0.01,0.015247389176931195,120525778998.18866,True,0.9811084268336446,0.01889157316635545,0.9954751911132854,0.004524808886714599
on_shell_rho_initial_1.05,0,500,0.0,5.0,0.01,0.015262112983215094,135973540744.76434,True,0.981108426833642,0.018891573166357985,0.9949101755550563,0.0050898244449437335
on_shell_rho_initial_1.05,0,501,0.0,5.01,0.01,0.015277147610764368,153337815823.39886,True,0.9811084268336397,0.018891573166360167,0.9943277815692448,0.0056722184307551335
on_shell_rho_initial_1.05,0,502,0.0,5.0200000000000005,0.01,0.01529249090546718,172849898244.79324,True,0.981108426833638,0.018891573166362075,0.9937277823178488,0.00627221768215122
on_shell_rho_initial_1.05,0,503,0.0,5.03,0.01,0.015308140631041052,194766968939.23022,True,0.9811084268336362,0.018891573166363737,0.9931094839950743,0.006890516004925737
on_shell_rho_initial_1.05,0,504,0.0,5.04,0.01,0.015324094468946777,219374293878.3529,True,0.9811084268336349,0.018891573166365173,0.992471742128663,0.007528257871337038
on_shell_rho_initial_1.05,0,505,0.0,5.05,0.01,0.015340350018309613,246987348349.8787,True,0.9811084268336336,0.01889157316636642,0.991812981120752,0.008187018879247993
on_shell_rho_initial_1.05,0,506,0.0,5.0600000000000005,0.01,0.01535690479578717,277953709605.9296,True,0.9811084268336325,0.018891573166367526,0.9911312338762958,0.00886876612370429
on_shell_rho_initial_1.05,0,507,0.0,5.07,0.01,0.01537375623524655,312655065769.2104,True,0.9811084268336316,0.01889157316636843,0.9904239758327917,0.009576024167208172
on_shell_rho_initial_1.05,0,508,0.0,5.08,0.01,0.015390901687823434,351508234335.9989,True,0.9811084268336308,0.018891573166369285,0.9896882379476254,0.010311762052374556
on_shell_rho_initial_1.05,0,509,0.0,5.09,0.01,0.01540833842173741,394965954208.4329,True,0.9811084268336301,0.018891573166370006,0.9889205030288909,0.011079496971109083
on_shell_rho_initial_1.05,0,510,0.0,5.1000000000000005,0.01,0.015426063622137144,443516665906.8898,True,0.9811084268336293,0.01889157316637064,0.9881166528344156,0.011883347165584321
on_shell_rho_initial_1.05,0,511,0.0,5.11,0.01,0.015444074390959414,497683096483.96875,True,0.9811084268336288,0.018891573166371203,0.9872719018105693,0.012728098189430626
on_shell_rho_initial_1.05,0,512,0.0,5.12,0.01,0.015462367746791413,558019296772.6665,True,0.9811084268336283,0.018891573166371693,0.9863807117025646,0.013619288297435327
on_shell_rho_initial_1.05,0,513,0.0,5.13,0.01,0.015480940624732238,625105708747.1038,True,0.9811084268336279,0.01889157316637212,0.9854366865482406,0.014563313451759386
on_shell_rho_initial_1.05,0,514,0.0,5.14,0.01,0.01549978987624938,699541783698.5007,True,0.9811084268336275,0.018891573166372504,0.9844324476342227,0.015567552365777372
on_shell_rho_initial_1.05,0,515,0.0,5.15,0.01,0.015518912269034943,781935573527.4551,True,0.9811084268336272,0.018891573166372824,0.983359501408545,0.01664049859145505
on_shell_rho_initial_1.05,0,516,0.0,5.16,0.01,0.01553830448690297,872889942335.8649,True,0.9811084268336268,0.01889157316637314,0.9822080593331171,0.017791940666882992
on_shell_rho_initial_1.05,0,517,0.0,5.17,0.01,0.01555796312967161,972984742463.0592,True,0.9811084268336266,0.018891573166373396,0.9809668586497343,0.019033141350265608
on_shell_rho_initial_1.05,0,518,0.0,5.18,0.01,0.015577884713050057,1082754761698.6632,True,0.9811084268336263,0.018891573166373604,0.9796229384160918,0.020377061583908174
on_shell_rho_initial_1.05,0,519,0.0,5.19,0.01,0.015598065668538929,1202663210995.8071,True,0.9811084268336262,0.018891573166373802,0.9781613942194073,0.02183860578059276
on_shell_rho_initial_1.05,0,520,0.0,5.2,0.01,0.015618502343368671,1333070953036.4998,True,0.9811084268336261,0.018891573166373982,0.97656511447166,0.023434885528340044
on_shell_rho_initial_1.05,0,521,0.0,5.21,0.01,0.015639191000451247,1474202244021.0173,True,0.9811084268336259,0.018891573166374114,0.9748144928709561,0.025185507129043862
on_shell_rho_initial_1.05,0,522,0.0,5.22,0.01,0.015660127818317087,1626108380649.8506,True,0.9811084268336258,0.018891573166374236,0.9728871296274102,0.027112870372589786
on_shell_rho_initial_1.05,0,523,0.0,5.23,0.01,0.015681308891043313,1788631451403.9104,True,0.9811084268336256,0.018891573166374385,0.9707575529983121,0.029242447001687863
on_shell_rho_initial_1.05,0,524,0.0,5.24,0.01,0.015702730228328805,1961371584114.7087,True,0.9811084268336256,0.018891573166374454,0.968396991496763,0.03160300850323709
on_shell_rho_initial_1.05,0,525,0.0,5.25,0.01,0.01572438775547965,2143662218610.0432,True,0.9811084268336254,0.01889157316637454,0.9657732460091207,0.03422675399087927
on_shell_rho_initial_1.05,0,526,0.0,5.26,0.01,0.015746277313442025,2334558944665.1953,True,0.9811084268336253,0.018891573166374655,0.9628507454808666,0.03714925451913333
on_shell_rho_initial_1.05,0,527,0.0,5.2700000000000005,0.01,0.01576839465888714,2532848265976.962,True,0.9811084268336253,0.01889157316637468,0.9595909069801434,0.040409093019856596
on_shell_rho_initial_1.05,0,528,0.0,5.28,0.01,0.015790735464328746,2737082925192.8477,True,0.9811084268336252,0.018891573166374753,0.9559529461842711,0.04404705381572899
on_shell_rho_initial_1.05,0,529,0.0,5.29,0.01,0.015813295318217086,2945649486330.8213,True,0.9811084268336252,0.018891573166374798,0.9518953239247391,0.0481046760752609
on_shell_rho_initial_1.05,0,530,0.0,5.3,0.01,0.01583606972511309,3156871278366.076,True,0.9811084268336252,0.01889157316637485,0.9473780445092784,0.05262195549072164
on_shell_rho_initial_1.05,0,531,0.0,5.3100000000000005,0.01,0.015859054105910677,3369145470504.9263,True,0.9811084268336251,0.018891573166374905,0.942365967573963,0.057634032426037034
on_shell_rho_initial_1.05,0,532,0.0,5.32,0.01,0.015882243798045356,3581106166356.3306,True,0.9811084268336251,0.018891573166374964,0.9368331727719883,0.06316682722801178
on_shell_rho_initial_1.05,0,533,0.0,5.33,0.01,0.015905634055784136,3791796573389.712,True,0.981108426833625,0.018891573166375,0.9307681262021725,0.06923187379782753
on_shell_rho_initial_1.05,0,534,0.0,5.34,0.01,0.015929220050540437,4000823493257.0557,True,0.981108426833625,0.018891573166375037,0.9241788871065508,0.07582111289344907
on_shell_rho_initial_1.05,0,535,0.0,5.3500000000000005,0.01,0.015952996871207898,4208458306741.0146,True,0.9811084268336249,0.018891573166375082,0.9170968947178157,0.08290310528218435
on_shell_rho_initial_1.05,0,536,0.0,5.36,0.01,0.015976959524592167,4415643582787.003,True,0.9811084268336249,0.018891573166375106,0.9095771097641452,0.09042289023585479
on_shell_rho_initial_1.05,0,537,0.0,5.37,0.01,0.016001102935836654,4623866675051.761,True,0.9811084268336249,0.018891573166375113,0.9016918622258594,0.0983081377741407
on_shell_rho_initial_1.05,0,538,0.0,5.38,0.01,0.016025421948928507,4834875319946.176,True,0.9811084268336249,0.018891573166375176,0.8935161872646482,0.10648381273535172
on_shell_rho_initial_1.05,0,539,0.0,5.39,0.01,0.016049911327259695,5050237150119.464,True,0.9811084268336248,0.018891573166375193,0.885104245979234,0.11489575402076609
on_shell_rho_initial_1.05,0,540,0.0,5.4,0.01,0.0160745657541808,5270784932550.624,True,0.9811084268336248,0.018891573166375193,0.8764595543310458,0.12354044566895418
on_shell_rho_initial_1.05,0,541,0.0,5.41,0.01,0.01609937983369991,5496038205953.23,True,0.9811084268336248,0.01889157316637524,0.8675051241235132,0.13249487587648673
on_shell_rho_initial_1.05,0,542,0.0,5.42,0.01,0.016124348091165967,5723738118599.792,True,0.9811084268336248,0.01889157316637525,0.8580616556292002,0.14193834437079983
on_shell_rho_initial_1.05,0,543,0.0,5.43,0.01,0.01614946497403637,5949661468175.258,True,0.9811084268336248,0.01889157316637524,0.8478411590929752,0.15215884090702483
on_shell_rho_initial_1.05,0,544,0.0,5.44,0.01,0.016174724852724896,6167870389508.658,True,0.9811084268336248,0.018891573166375256,0.8364603330590543,0.16353966694094574
on_shell_rho_initial_1.05,0,545,0.0,5.45,0.01,0.016200122021448875,6371489538452.052,True,0.9811084268336248,0.0188915731663753,0.8234747563866368,0.17652524361336328
on_shell_rho_initial_1.05,0,546,0.0,5.46,0.01,0.016225650699205056,6553978130000.656,True,0.9811084268336248,0.018891573166375308,0.8084337762103935,0.19156622378960647
on_shell_rho_initial_1.05,0,547,0.0,5.47,0.01,0.0162513050307776,6710700597663.422,True,0.9811084268336246,0.01889157316637534,0.7909569754153966,0.20904302458460344
on_shell_rho_initial_1.05,0,548,0.0,5.48,0.01,0.016277079087823783,6840446068133.455,True,0.9811084268336246,0.018891573166375332,0.7708331134752748,0.2291668865247251
on_shell_rho_initial_1.05,0,549,0.0,5.49,0.01,0.016302966870017532,6946469852160.284,True,0.9811084268336246,0.01889157316637537,0.7481360850252835,0.2518639149747164
on_shell_rho_initial_1.05,0,550,0.0,5.5,0.01,0.01632896230624101,7036690848929.817,True,0.9811084268336246,0.018891573166375398,0.7233357415609795,0.2766642584390205
on_shell_rho_initial_1.05,0,551,0.0,5.51,0.01,0.01635505925590762,7122894631897.417,True,0.9811084268336246,0.01889157316637539,0.6973580675728108,0.3026419324271893
on_shell_rho_initial_1.05,0,552,0.0,5.5200000000000005,0.01,0.01638125151032626,7219103654737.602,True,0.9811084268336245,0.018891573166375433,0.671536331254214,0.3284636687457861
on_shell_rho_initial_1.05,0,553,0.0,5.53,0.01,0.016407532794095188,7339560450637.28,True,0.9811084268336245,0.018891573166375433,0.647417306695452,0.35258269330454794
on_shell_rho_initial_1.05,0,554,0.0,5.54,0.01,0.016433896766656252,7496877637455.192,True,0.9811084268336245,0.01889157316637547,0.6264525475903172,0.3735474524096829
on_shell_rho_initial_1.05,0,555,0.0,5.55,0.01,0.016460337023818175,7700785965253.296,True,0.9811084268336245,0.01889157316637548,0.6096792282964832,0.3903207717035167
on_shell_rho_initial_1.05,0,556,0.0,5.5600000000000005,0.01,0.01648684709947189,7957646034709.122,True,0.9811084268336245,0.01889157316637547,0.5975182856150064,0.4024817143849937
on_shell_rho_initial_1.05,0,557,0.0,5.57,0.01,0.016513420467323358,8270651780606.656,True,0.9811084268336245,0.01889157316637547,0.5897632917364286,0.41023670826357145
on_shell_rho_initial_1.05,0,558,0.0,5.58,0.01,0.016540050542682302,8640551054851.49,True,0.9811084268336245,0.018891573166375464,0.585740990142328,0.414259009857672
on_shell_rho_initial_1.05,0,559,0.0,5.59,0.01,0.016566730684382112,9066715665616.494,True,0.9811084268336245,0.018891573166375433,0.5845581284132707,0.4154418715867294
on_shell_rho_initial_1.05,0,560,0.0,5.6000000000000005,0.01,0.016593454196718916,9548433037618.986,True,0.9811084268336245,0.018891573166375426,0.5853404910409594,0.41465950895904063
on_shell_rho_initial_1.05,0,561,0.0,5.61,0.01,0.01662021433158855,10086331481007.303,True,0.9811084268336245,0.01889157316637542,0.5874046711754425,0.4125953288245577
on_shell_rho_initial_1.05,0,562,0.0,5.62,0.01,0.01664700429054468,10683910905801.816,True,0.9811084268336246,0.01889157316637541,0.59034785315813,0.40965214684187007
on_shell_rho_initial_1.05,0,563,0.0,5.63,0.01,0.01667381722707928,11349248198905.092,True,0.9811084268336246,0.01889157316637537,0.5940705320716172,0.4059294679283829
on_shell_rho_initial_1.05,0,564,0.0,5.64,0.01,0.016700646248847335,12097056623580.361,True,0.9811084268336246,0.018891573166375377,0.5987538082511001,0.40124619174889986
on_shell_rho_initial_1.05,0,565,0.0,5.65,0.01,0.016727484420174313,12951344656786.879,True,0.9811084268336246,0.018891573166375346,0.6048004004718306,0.3951995995281695
on_shell_rho_initial_1.05,0,566,0.0,5.66,0.01,0.016754324764414852,13948824559477.365,True,0.9811084268336246,0.018891573166375346,0.6127236891006853,0.38727631089931464
on_shell_rho_initial_1.05,0,567,0.0,5.67,0.01,0.016781160266564437,15142726226295.137,True,0.9811084268336246,0.01889157316637536,0.6229383122280018,0.3770616877719982
on_shell_rho_initial_1.05,0,568,0.0,5.68,0.01,0.016807983875848163,16605201377199.674,True,0.9811084268336246,0.018891573166375346,0.6353808911622842,0.36461910883771576
on_shell_rho_initial_1.05,0,569,0.0,5.69,0.01,0.01683478850849087,18422894810148.87,True,0.9811084268336246,0.01889157316637534,0.64889048450436,0.35110951549563996
on_shell_rho_initial_1.05,0,570,0.0,5.7,0.01,0.01686156705046403,20672521304215.895,True,0.9811084268336246,0.018891573166375353,0.6603012937363859,0.33969870626361404
on_shell_rho_initial_1.05,0,571,0.0,5.71,0.01,0.016888312360386383,23349432028542.016,True,0.9811084268336246,0.018891573166375353,0.6630608663172238,0.3369391336827761
on_shell_rho_initial_1.05,0,572,0.0,5.72,0.01,0.016915017272467473,26205238127147.566,True,0.9811084268336246,0.01889157316637534,0.6441503012175297,0.35584969878247036
on_shell_rho_initial_1.05,0,573,0.0,5.73,0.01,0.016941674599556793,28468974730211.035,True,0.9811084268336246,0.01889157316637536,0.5738017878415632,0.4261982121584369
on_shell_rho_initial_1.05,0,574,0.0,5.74,0.01,0.016968277136242473,28784443138511.562,True,0.9811084268336246,0.01889157316637539,0.37059214702004917,0.6294078529799508
on_shell_rho_initial_1.05,0,575,0.0,5.75,0.01,0.016994817662044446,29004878903256.535,True,0.9811084268336245,0.018891573166375457,0.005792971618552244,0.9942070283814478
on_shell_rho_initial_1.05,0,576,0.0,5.76,0.01,0.01702128894468963,53231683799447.125,True,0.9811084268336245,0.018891573166375443,0.5063459091808604,0.49365409081913963
on_shell_rho_initial_1.05,0,577,0.0,5.7700000000000005,0.01,0.017047683743425485,137197938238847.86,True,0.9811084268336246,0.01889157316637539,0.874541659183168,0.12545834081683202
on_shell_rho_initial_1.05,0,578,0.0,5.78,0.01,0.017073994812449596,320819980204544.5,True,0.9811084268336246,0.01889157316637539,0.9626736591064108,0.03732634089358928
on_shell_rho_initial_1.05,0,579,0.0,5.79,0.01,0.017100214904380594,678635717419590.5,True,0.9811084268336246,0.018891573166375384,0.9877690594488188,0.012230940551181235
on_shell_rho_initial_1.05,0,580,0.0,5.8,0.01,0.017126336773816257,1332775174006698.8,True,0.9811084268336246,0.01889157316637539,0.9962718760105715,0.0037281239894284388
on_shell_rho_initial_1.05,0,581,0.0,5.8100000000000005,0.01,0.017152353180920017,2467147666575952.0,True,0.9811084268336246,0.018891573166375377,0.9992473525751521,0.0007526474248479059
on_shell_rho_initial_1.05,0,582,0.0,5.82,0.01,0.017178256895119474,4340122698253478.5,True,0.9811084268336246,0.01889157316637541,0.99999475300183,5.246998169977557e-06
on_shell_rho_initial_1.05,0,583,0.0,5.83,0.01,0.017204040698845614,7289159287058811.0,True,0.9811084268336246,0.018891573166375377,0.9996758433779228,0.00032415662207717133
on_shell_rho_initial_1.05,0,584,0.0,5.84,0.01,0.01722969739130849,1.1720409605168014e+16,True,0.9811084268336246,0.018891573166375377,0.9987461598323593,0.001253840167640796
on_shell_rho_initial_1.05,0,585,0.0,5.8500000000000005,0.01,0.017255219792361796,1.807758272209525e+16,True,0.9811084268336246,0.018891573166375377,0.9973913283187299,0.0026086716812701123
on_shell_rho_initial_1.05,0,586,0.0,5.86,0.01,0.017280600746392694,2.678851369167497e+16,True,0.9811084268336246,0.018891573166375346,0.9956797071151181,0.004320292884881859
on_shell_rho_initial_1.05,0,587,0.0,5.87,0.01,0.01730583312630179,3.819471060018351e+16,True,0.9811084268336246,0.018891573166375384,0.9936216680594901,0.006378331940509821
on_shell_rho_initial_1.05,0,588,0.0,5.88,0.01,0.01733090983745659,5.247682385964842e+16,True,0.9811084268336245,0.018891573166375412,0.991194589731097,0.008805410268903122
on_shell_rho_initial_1.05,0,589,0.0,5.89,0.01,0.01735582382176811,6.959444382970907e+16,True,0.9811084268336246,0.018891573166375384,0.9883542430474819,0.011645756952518092
on_shell_rho_initial_1.05,0,590,0.0,5.9,0.01,0.017380568061742395,8.925890499162429e+16,True,0.9811084268336246,0.01889157316637539,0.9850407641388245,0.014959235861175495
on_shell_rho_initial_1.05,0,591,0.0,5.91,0.01,0.017405135584625215,1.1095144654307445e+17,True,0.9811084268336246,0.018891573166375398,0.981182893273378,0.018817106726621947
on_shell_rho_initial_1.05,0,592,0.0,5.92,0.01,0.017429519466512187,1.3398749088948965e+17,True,0.9811084268336246,0.018891573166375398,0.9767024957597382,0.023297504240261793
on_shell_rho_initial_1.05,0,593,0.0,5.93,0.01,0.017453712836536708,1.5761472394678944e+17,True,0.9811084268336246,0.01889157316637541,0.9715205936243312,0.028479406375668783
on_shell_rho_initial_1.05,0,594,0.0,5.94,0.01,0.01747770888106434,1.8112285021209027e+17,True,0.9811084268336246,0.01889157316637539,0.9655655824901395,0.034434417509860614
on_shell_rho_initial_1.05,0,595,0.0,5.95,0.01,0.01750150084789655,2.0393991728438538e+17,True,0.9811084268336246,0.018891573166375398,0.9587835413084326,0.04121645869156742
on_shell_rho_initial_1.05,0,596,0.0,5.96,0.01,0.017525082050523264,2.2569482345434282e+17,True,0.9811084268336246,0.018891573166375384,0.9511494581034289,0.048850541896571106
on_shell_rho_initial_1.05,0,597,0.0,5.97,0.01,0.017548445872315296,2.462359564572324e+17,True,0.9811084268336246,0.018891573166375384,0.942676951652947,0.05732304834705303
on_shell_rho_initial_1.05,0,598,0.0,5.98,0.01,0.017571585770803415,2.6560794362325395e+17,True,0.9811084268336246,0.01889157316637537,0.9334231764397551,0.0665768235602449
on_shell_rho_initial_1.05,0,599,0.0,5.99,0.01,0.01759449528189728,2.8399825363459885e+17,True,0.9811084268336246,0.018891573166375377,0.9234858898366543,0.07651411016334574
on_shell_rho_initial_1.05,0,600,0.0,6.0,0.01,0.01761716802416103,3.016702991771238e+17,True,0.9811084268336246,0.018891573166375353,0.9129915768381303,0.0870084231618697
on_shell_rho_initial_1.05,0,601,0.0,6.01,0.01,0.01763959770299802,3.1889928986773875e+17,True,0.9811084268336246,0.018891573166375353,0.9020766427328282,0.09792335726717183
on_shell_rho_initial_1.05,0,602,0.0,6.0200000000000005,0.01,0.0176617781148214,3.35922703429481e+17,True,0.9811084268336246,0.018891573166375377,0.8908666233049476,0.10913337669505234
on_shell_rho_initial_1.05,0,603,0.0,6.03,0.01,0.017683703151356086,3.529110795521312e+17,True,0.9811084268336246,0.01889157316637537,0.8794593544401019,0.12054064555989807
on_shell_rho_initial_1.05,0,604,0.0,6.04,0.01,0.017705366803797484,3.6995904569702394e+17,True,0.9811084268336246,0.018891573166375377,0.8679164170309562,0.13208358296904385
on_shell_rho_initial_1.05,0,605,0.0,6.05,0.01,0.01772676316684235,3.870924405658839e+17,True,0.9811084268336246,0.018891573166375384,0.8562640775302979,0.14373592246970215
on_shell_rho_initial_1.05,0,606,0.0,6.0600000000000005,0.01,0.017747886442888158,4.042854846584589e+17,True,0.9811084268336246,0.018891573166375384,0.8445017170119682,0.15549828298803178
on_shell_rho_initial_1.05,0,607,0.0,6.07,0.01,0.017768730946060216,4.2148194370933446e+17,True,0.9811084268336246,0.01889157316637537,0.8326141819594285,0.16738581804057157
on_shell_rho_initial_1.05,0,608,0.0,6.08,0.01,0.017789291106242472,4.3861542528528954e+17,True,0.9811084268336246,0.01889157316637536,0.8205844016078772,0.17941559839212276
on_shell_rho_initial_1.05,0,609,0.0,6.09,0.01,0.017809561473050916,4.556256824625159e+17,True,0.9811084268336246,0.01889157316637539,0.8084037038152774,0.19159629618472263
on_shell_rho_initial_1.05,0,610,0.0,6.1000000000000005,0.01,0.017829536719730636,4.724695124273729e+17,True,0.9811084268336246,0.018891573166375377,0.7960785790879621,0.20392142091203797
on_shell_rho_initial_1.05,0,611,0.0,6.11,0.01,0.017849211647021097,4.8912620494656115e+17,True,0.9811084268336246,0.01889157316637537,0.7836337141337625,0.21636628586623743
on_shell_rho_initial_1.05,0,612,0.0,6.12,0.01,0.0178685811869238,5.055983883449843e+17,True,0.9811084268336246,0.01889157316637537,0.7711118028423052,0.22888819715769484
on_shell_rho_initial_1.05,0,613,0.0,6.13,0.01,0.017887640406435854,5.2190954893444486e+17,True,0.9811084268336246,0.018891573166375353,0.7585709327894504,0.24142906721054963
on_shell_rho_initial_1.05,0,614,0.0,6.140000000000001,0.01,0.017906384511173767,5.380995668043478e+17,True,0.9811084268336246,0.018891573166375377,0.7460804291808677,0.2539195708191323
on_shell_rho_initial_1.05,0,615,0.0,6.15,0.01,0.01792480884892978,5.542194401598569e+17,True,0.9811084268336246,0.018891573166375398,0.7337159625013971,0.2662840374986028
on_shell_rho_initial_1.05,0,616,0.0,6.16,0.01,0.017942908913146555,5.703260839872116e+17,True,0.9811084268336246,0.01889157316637537,0.7215546022801851,0.27844539771981486
on_shell_rho_initial_1.05,0,617,0.0,6.17,0.01,0.0179606803462767,5.864777773674001e+17,True,0.9811084268336246,0.018891573166375398,0.7096703340837074,0.2903296659162926
on_shell_rho_initial_1.05,0,618,0.0,6.18,0.01,0.017978118943079015,6.027305567000237e+17,True,0.9811084268336246,0.018891573166375377,0.6981303906494704,0.30186960935052964
on_shell_rho_initial_1.05,0,619,0.0,6.19,0.01,0.017995220653796076,6.191356378132768e+17,True,0.9811084268336246,0.01889157316637537,0.6869925806803263,0.31300741931967374
on_shell_rho_initial_1.05,0,620,0.0,6.2,0.01,0.01801198158721288,6.357378047698424e+17,True,0.9811084268336246,0.018891573166375353,0.676303655133968,0.32369634486603194
on_shell_rho_initial_1.05,0,621,0.0,6.21,0.01,0.018028398013633838,6.525746207616141e+17,True,0.9811084268336246,0.018891573166375353,0.6660986434011171,0.3339013565988828
on_shell_rho_initial_1.05,0,622,0.0,6.22,0.01,0.018044466367723756,6.696762823093684e+17,True,0.9811084268336246,0.018891573166375384,0.6564010051742827,0.3435989948257174
on_shell_rho_initial_1.05,0,623,0.0,6.23,0.01,0.018060183251221534,6.870659369385219e+17,True,0.9811084268336246,0.01889157316637536,0.647223409723746,0.352776590276254
on_shell_rho_initial_1.05,0,624,0.0,6.24,0.01,0.018075545435566553,7.04760304259452e+17,True,0.9811084268336246,0.018891573166375353,0.6385689484982515,0.3614310515017484
on_shell_rho_initial_1.05,0,625,0.0,6.25,0.01,0.018090549864375208,7.227704690950202e+17,True,0.9811084268336246,0.01889157316637537,0.630432590432158,0.36956740956784184
on_shell_rho_initial_1.05,0,626,0.0,6.26,0.01,0.01810519365576917,7.411027453752956e+17,True,0.9811084268336246,0.01889157316637536,0.6228027259979433,0.37719727400205666
on_shell_rho_initial_1.05,0,627,0.0,6.2700000000000005,0.01,0.018119474104601335,7.59759538748429e+17,True,0.9811084268336246,0.01889157316637537,0.6156626847980086,0.3843373152019914
on_shell_rho_initial_1.05,0,628,0.0,6.28,0.01,0.01813338868453254,7.787401606599726e+17,True,0.9811084268336246,0.018891573166375346,0.6089921389244156,0.39100786107558444
on_shell_rho_initial_1.05,0,629,0.0,6.29,0.01,0.018146935049957364,7.980415652538423e+17,True,0.9811084268336246,0.01889157316637537,0.6027683411891385,0.39723165881086153
on_shell_rho_initial_1.05,0,630,0.0,6.3,0.01,0.018160111037788165,8.17658994780014e+17,True,0.9811084268336246,0.01889157316637536,0.5969671759472462,0.40303282405275376
on_shell_rho_initial_1.05,0,631,0.0,6.3100000000000005,0.01,0.01817291466911222,8.375865300633751e+17,True,0.9811084268336246,0.01889157316637537,0.5915640185261801,0.4084359814738199
on_shell_rho_initial_1.05,0,632,0.0,6.32,0.01,0.018185344150689356,8.57817549155178e+17,True,0.9811084268336246,0.01889157316637537,0.5865344093729736,0.41346559062702637
on_shell_rho_initial_1.05,0,633,0.0,6.33,0.01,0.018197397876274765,8.783451004120044e+17,True,0.9811084268336246,0.018891573166375377,0.5818545624912668,0.41814543750873323
on_shell_rho_initial_1.05,0,634,0.0,6.34,0.01,0.018209074427820847,8.991621990566062e+17,True,0.9811084268336246,0.01889157316637536,0.5775017302717288,0.4224982697282711
on_shell_rho_initial_1.05,0,635,0.0,6.3500000000000005,0.01,0.018220372576507857,9.202620575087649e+17,True,0.9811084268336246,0.018891573166375346,0.5734544484229567,0.4265455515770434
on_shell_rho_initial_1.05,0,636,0.0,6.36,0.01,0.018231291283621182,9.416382592350723e+17,True,0.9811084268336246,0.018891573166375346,0.5696926820050069,0.43030731799499305
on_shell_rho_initial_1.05,0,637,0.0,6.37,0.01,0.018241829701270036,9.632848852983223e+17,True,0.9811084268336246,0.018891573166375353,0.5661978946428309,0.4338021053571692
on_shell_rho_initial_1.05,0,638,0.0,6.38,0.01,0.01825198717294603,9.851966019069619e+17,True,0.9811084268336246,0.01889157316637537,0.5629530593135817,0.43704694068641814
on_shell_rho_initial_1.05,0,639,0.0,6.390000000000001,0.01,0.018261763233920376,1.007368716436665e+18,True,0.9811084268336246,0.018891573166375353,0.5599426259712614,0.44005737402873857
on_shell_rho_initial_1.05,0,640,0.0,6.4,0.01,0.018271157611480238,1.0297972085153318e+18,True,0.9811084268336246,0.018891573166375346,0.5571524558628882,0.4428475441371118
on_shell_rho_initial_1.05,0,641,0.0,6.41,0.01,0.018280170225010318,1.0524787413645795e+18,True,0.9811084268336246,0.018891573166375353,0.5545697391382685,0.44543026086173154
on_shell_rho_initial_1.05,0,642,0.0,6.42,0.01,0.01828880118590162,1.0754106578519374e+18,True,0.9811084268336246,0.018891573166375346,0.5521828974105175,0.4478171025894825
on_shell_rho_initial_1.05,0,643,0.0,6.43,0.01,0.018297050797321055,1.0985909652735424e+18,True,0.9811084268336246,0.018891573166375353,0.549981481243439,0.45001851875656096
on_shell_rho_initial_1.05,0,644,0.0,6.44,0.01,0.018304919553789347,1.1220183118226857e+18,True,0.9811084268336246,0.01889157316637536,0.5479560650974619,0.4520439349025382
on_shell_rho_initial_1.05,0,645,0.0,6.45,0.01,0.018312408140609172,1.1456919566808059e+18,True,0.9811084268336246,0.018891573166375346,0.5460981435513625,0.45390185644863745
on_shell_rho_initial_1.05,0,646,0.0,6.46,0.01,0.01831951743314563,1.1696117359943437e+18,True,0.9811084268336246,0.018891573166375353,0.5444000319272145,0.45559996807278547
on_shell_rho_initial_1.05,0,647,0.0,6.47,0.01,0.018326248495953868,1.1937780267616207e+18,True,0.9811084268336246,0.01889157316637536,0.5428547729249713,0.45714522707502875
on_shell_rho_initial_1.05,0,648,0.0,6.48,0.01,0.01833260258174885,1.2181917100493855e+18,True,0.9811084268336246,0.018891573166375346,0.5414560503113943,0.4585439496886057
on_shell_rho_initial_1.05,0,649,0.0,6.49,0.01,0.018338581130212365,1.2428541343114043e+18,True,0.9811084268336246,0.01889157316637536,0.5401981099724164,0.45980189002758365
on_shell_rho_initial_1.05,0,650,0.0,6.5,0.01,0.018344185766632444,1.2677670788387617e+18,True,0.9811084268336246,0.018891573166375353,0.539075687985412,0.460924312014588
on_shell_rho_initial_1.05,0,651,0.0,6.51,0.01,0.01834941830037066,1.292932717014419e+18,True,0.9811084268336246,0.018891573166375384,0.5380839399485653,0.4619160600514347
on_shell_rho_initial_1.05,0,652,0.0,6.5200000000000005,0.01,0.018354280723218954,1.318353580205828e+18,True,0.9811084268336246,0.01889157316637537,0.5372183749084417,0.46278162509155824
on_shell_rho_initial_1.05,0,653,0.0,6.53,0.01,0.01835877520770187,1.3440325238020293e+18,True,0.9811084268336246,0.018891573166375353,0.5364748259148987,0.46352517408510124
on_shell_rho_initial_1.05,0,654,0.0,6.54,0.01,0.01836290410504907,1.3699726980831867e+18,True,0.9811084268336246,0.018891573166375353,0.5358493771432551,0.46415062285674485
on_shell_rho_initial_1.05,0,655,0.0,6.55,0.01,0.01836666994319156,1.3961775186693018e+18,True,0.9811084268336246,0.01889157316637536,0.5353383431886922,0.4646616568113077
on_shell_rho_initial_1.05,0,656,0.0,6.5600000000000005,0.01,0.01837007542451576,1.4226506414105805e+18,True,0.9811084268336246,0.018891573166375346,0.5349382256858252,0.4650617743141748
on_shell_rho_initial_1.05,0,657,0.0,6.57,0.01,0.01837312342350043,1.4493959371569843e+18,True,0.9811084268336246,0.018891573166375353,0.5346456819301841,0.46535431806981575
on_shell_rho_initial_1.05,0,658,0.0,6.58,0.01,0.01837581698424065,1.4764174666411185e+18,True,0.9811084268336246,0.018891573166375346,0.5344574971649543,0.4655425028350458
on_shell_rho_initial_1.05,0,659,0.0,6.59,0.01,0.018378159317857603,1.5037194569739264e+18,True,0.9811084268336246,0.018891573166375353,0.5343705607947582,0.46562943920524186
on_shell_rho_initial_1.05,0,660,0.0,6.6000000000000005,0.01,0.018380153799793218,1.5313062811166057e+18,True,0.9811084268336246,0.01889157316637534,0.5343818469335858,0.46561815306641413
on_shell_rho_initial_1.05,0,661,0.0,6.61,0.01,0.018381803966988776,1.559182441398849e+18,True,0.9811084268336246,0.018891573166375346,0.5344883994461564,0.4655116005538436
on_shell_rho_initial_1.05,0,662,0.0,6.62,0.01,0.018383113514946467,1.587352557642761e+18,True,0.9811084268336246,0.018891573166375346,0.534687321207504,0.46531267879249594
on_shell_rho_initial_1.05,0,663,0.0,6.63,0.01,0.01838408629467323,1.6158213595690624e+18,True,0.9811084268336246,0.018891573166375384,0.5349757668920406,0.4650242331079594
on_shell_rho_initial_1.05,0,664,0.0,6.640000000000001,0.01,0.018384726309506043,1.644593681772378e+18,True,0.9811084268336246,0.01889157316637536,0.5353509378867994,0.4646490621132006
on_shell_rho_initial_1.05,0,665,0.0,6.65,0.01,0.01838503771181798,1.6736744574675612e+18,True,0.9811084268336246,0.01889157316637536,0.5358100771192232,0.4641899228807768
on_shell_rho_initial_1.05,0,666,0.0,6.66,0.01,0.018385024799604476,1.703068704247638e+18,True,0.9811084268336246,0.018891573166375346,0.5363504604708511,0.4636495395291489
on_shell_rho_initial_1.05,0,667,0.0,6.67,0.01,0.018384692012949167,1.7327815046766292e+18,True,0.9811084268336246,0.018891573166375353,0.536969344166445,0.4630306558335549
on_shell_rho_initial_1.05,0,668,0.0,6.68,0.01,0.018384043930661502,1.7628179875691336e+18,True,0.9811084268336246,0.018891573166375346,0.53766399362305,0.46233600637695005
on_shell_rho_initial_1.05,0,669,0.0,6.69,0.01,0.018383085266836317,1.7931833328368282e+18,True,0.9811084268336246,0.018891573166375353,0.5384317602976928,0.46156823970230715
on_shell_rho_initial_1.05,0,670,0.0,6.7,0.01,0.018381820866838774,1.8238828062956961e+18,True,0.9811084268336246,0.018891573166375346,0.5392699574943607,0.46073004250563937
on_shell_rho_initial_1.05,0,671,0.0,6.71,0.01,0.018380255703662217,1.8549217400180815e+18,True,0.9811084268336246,0.018891573166375332,0.5401759388009816,0.45982406119901836
on_shell_rho_initial_1.05,0,672,0.0,6.72,0.01,0.01837839487408727,1.8863055349714688e+18,True,0.9811084268336246,0.018891573166375346,0.5411470764867535,0.45885292351324647
on_shell_rho_initial_1.05,0,673,0.0,6.73,0.01,0.018376243594786894,1.9180396633706624e+18,True,0.9811084268336246,0.01889157316637532,0.5421807624624215,0.45781923753757836
on_shell_rho_initial_1.05,0,674,0.0,6.74,0.01,0.018373807198380953,1.9501296707272236e+18,True,0.9811084268336246,0.01889157316637536,0.5432744090386813,0.45672559096131865
on_shell_rho_initial_1.05,0,675,0.0,6.75,0.01,0.01837109112944402,1.9825811791319724e+18,True,0.9811084268336246,0.01889157316637536,0.5444254501545351,0.45557454984546497
on_shell_rho_initial_1.05,0,676,0.0,6.76,0.01,0.018368100940469895,2.015399893156206e+18,True,0.9811084268336246,0.01889157316637534,0.5456313435931968,0.4543686564068032
on_shell_rho_initial_1.05,0,677,0.0,6.7700000000000005,0.01,0.018364842287796335,2.048591609398703e+18,True,0.9811084268336246,0.018891573166375346,0.5468895744150827,0.4531104255849174
on_shell_rho_initial_1.05,0,678,0.0,6.78,0.01,0.018361320927493537,2.0821622300053453e+18,True,0.9811084268336246,0.018891573166375346,0.548197659530653,0.451802340469347
on_shell_rho_initial_1.05,0,679,0.0,6.79,0.01,0.018357542711219636,2.1161177793571505e+18,True,0.9811084268336246,0.018891573166375315,0.549553152855015,0.4504468471449849
on_shell_rho_initial_1.05,0,680,0.0,6.8,0.01,0.018353513582046708,2.1504644213923036e+18,True,0.9811084268336246,0.01889157316637534,0.5509536499093463,0.44904635009065375
on_shell_rho_initial_1.05,0,681,0.0,6.8100000000000005,0.01,0.018349239570260426,2.1852084725564867e+18,True,0.9811084268336246,0.018891573166375346,0.5523967899975785,0.4476032100024215
on_shell_rho_initial_1.05,0,682,0.0,6.82,0.01,0.018344726789136633,2.2203564040877496e+18,True,0.9811084268336246,0.018891573166375346,0.5538802508358174,0.4461197491641827
on_shell_rho_initial_1.05,0,683,0.0,6.83,0.01,0.018339981430707208,2.2559148534055672e+18,True,0.9811084268336246,0.018891573166375353,0.5554017085135865,0.44459829148641344
on_shell_rho_initial_1.05,0,684,0.0,6.84,0.01,0.018335009761643668,2.2918906067879675e+18,True,0.9811084268336246,0.01889157316637534,0.5569589267014922,0.44304107329850784
on_shell_rho_initial_1.05,0,685,0.0,6.8500000000000005,0.01,0.01832981811897709,2.3282906664861266e+18,True,0.9811084268336246,0.018891573166375332,0.5585496989879587,0.4414503010120413
on_shell_rho_initial_1.05,0,686,0.0,6.86,0.01,0.018324412905870342,2.365122266996119e+18,True,0.9811084268336246,0.018891573166375332,0.5601718629595464,0.4398281370404536
on_shell_rho_initial_1.05,0,687,0.0,6.87,0.01,0.01831880058742091,2.4023928849064576e+18,True,0.9811084268336246,0.018891573166375353,0.5618233095360684,0.43817669046393165
on_shell_rho_initial_1.05,0,688,0.0,6.88,0.01,0.018312987686462192,2.440110260501285e+18,True,0.9811084268336246,0.01889157316637534,0.5635019784038425,0.43649802159615747
on_shell_rho_initial_1.05,0,689,0.0,6.890000000000001,0.01,0.018306980779383333,2.4782824169969065e+18,True,0.9811084268336246,0.01889157316637534,0.5652058582625289,0.434794141737471
on_shell_rho_initial_1.05,0,690,0.0,6.9,0.01,0.01830078649197131,2.516917679413746e+18,True,0.9811084268336246,0.01889157316637534,0.5669329865548116,0.4330670134451883
on_shell_rho_initial_1.05,0,691,0.0,6.91,0.01,0.0182944114952789,2.556024694652179e+18,True,0.9811084268336246,0.01889157316637534,0.5686814491880287,0.4313185508119713
on_shell_rho_initial_1.05,0,692,0.0,6.92,0.01,0.01828786250152192,2.5956124541009833e+18,True,0.9811084268336246,0.018891573166375332,0.57044938066145,0.4295506193385499
on_shell_rho_initial_1.05,0,693,0.0,6.93,0.01,0.018281146260008995,2.635690319667132e+18,True,0.9811084268336246,0.01889157316637534,0.5722349647631637,0.42776503523683623
on_shell_rho_initial_1.05,0,694,0.0,6.94,0.01,0.018274269553107222,2.676268053249323e+18,True,0.9811084268336246,0.018891573166375353,0.5740364357369142,0.42596356426308574
on_shell_rho_initial_1.05,0,695,0.0,6.95,0.01,0.018267239192246494,2.717355848375542e+18,True,0.9811084268336246,0.01889157316637534,0.5758520794235747,0.42414792057642514
on_shell_rho_initial_1.05,0,696,0.0,6.96,0.01,0.018260062013965586,2.7589643607537167e+18,True,0.9811084268336246,0.018891573166375353,0.5776802334262829,0.42231976657371706
on_shell_rho_initial_1.05,0,697,0.0,6.97,0.01,0.01825274487600259,2.80110473174941e+18,True,0.9811084268336246,0.018891573166375353,0.5795192847306445,0.42048071526935543
on_shell_rho_initial_1.05,0,698,0.0,6.98,0.01,0.018245294653432415,2.843788600550408e+18,True,0.9811084268336246,0.01889157316637534,0.5813676600923184,0.41863233990768156
on_shell_rho_initial_1.05,0,699,0.0,6.99,0.01,0.01823771823485764,2.8870281334675487e+18,True,0.9811084268336246,0.018891573166375346,0.58322379897927,0.41677620102073
on_shell_rho_initial_1.05,0,700,0.0,7.0,0.01,0.018230022518683883,2.9308359913973704e+18,True,0.9811084268336246,0.018891573166375346,0.585086210502779,0.4149137894972209
on_shell_rho_initial_1.05,0,701,0.0,7.01,0.01,0.018222214409408553,2.9752254415799905e+18,True,0.9811084268336246,0.01889157316637534,0.5869534218084519,0.4130465781915481
on_shell_rho_initial_1.05,0,702,0.0,7.0200000000000005,0.01,0.018214300813989268,3.02021035672929e+18,True,0.9811084268336246,0.018891573166375332,0.5888239949111718,0.41117600508882823
on_shell_rho_initial_1.05,0,703,0.0,7.03,0.01,0.01820628863827362,3.065805234953554e+18,True,0.9811084268336246,0.018891573166375353,0.5906965220789033,0.40930347792109656
on_shell_rho_initial_1.05,0,704,0.0,7.04,0.01,0.01819818478349088,3.1120252255982756e+18,True,0.9811084268336246,0.01889157316637532,0.592569619279821,0.4074303807201791
on_shell_rho_initial_1.05,0,705,0.0,7.05,0.01,0.018189996142810208,3.158886147803112e+18,True,0.9811084268336246,0.018891573166375332,0.5944419209019186,0.4055580790980814
on_shell_rho_initial_1.05,0,706,0.0,7.0600000000000005,0.01,0.01818172959796718,3.2064045045372595e+18,True,0.9811084268336246,0.018891573166375346,0.596312073499497,0.403687926500503
on_shell_rho_initial_1.05,0,707,0.0,7.07,0.01,0.01817339201595992,3.254597493676942e+18,True,0.9811084268336246,0.018891573166375315,0.5981787290819742,0.4018212709180257
on_shell_rho_initial_1.05,0,708,0.0,7.08,0.01,0.01816499024581655,3.3034830175283717e+18,True,0.9811084268336246,0.018891573166375315,0.6000405383951911,0.3999594616048088
on_shell_rho_initial_1.05,0,709,0.0,7.09,0.01,0.018156531115434905,3.3530796919636055e+18,True,0.9811084268336246,0.018891573166375332,0.6018961444278446,0.3981038555721554
on_shell_rho_initial_1.05,0,710,0.0,7.1000000000000005,0.01,0.018148021428495906,3.403406855484772e+18,True,0.9811084268336246,0.01889157316637534,0.6037441762604392,0.39625582373956075
on_shell_rho_initial_1.05,0,711,0.0,7.11,0.01,0.018139467961451376,3.4544845774205573e+18,True,0.9811084268336246,0.018891573166375332,0.6055832430489567,0.39441675695104333
on_shell_rho_initial_1.05,0,712,0.0,7.12,0.01,0.018130877460587322,3.5063336626432625e+18,True,0.9811084268336246,0.018891573166375332,0.6074119275919235,0.39258807240807647
on_shell_rho_initial_1.05,0,713,0.0,7.13,0.01,0.018122256639163333,3.55897564755092e+18,True,0.9811084268336246,0.01889157316637534,0.6092287784969946,0.39077122150300536
on_shell_rho_initial_1.05,0,714,0.0,7.140000000000001,0.01,0.018113612174628792,3.6124327783954964e+18,True,0.9811084268336246,0.018891573166375346,0.6110322994182482,0.3889677005817518
on_shell_rho_initial_1.05,0,715,0.0,7.15,0.01,0.01810495070591634,3.666727958266926e+18,True,0.9811084268336246,0.01889157316637534,0.6128209331090887,0.3871790668909114
on_shell_rho_initial_1.05,0,716,0.0,7.16,0.01,0.018096278830813096,3.721884694024239e+18,True,0.9811084268336246,0.018891573166375332,0.6145930298224669,0.3854069701775332
on_shell_rho_initial_1.05,0,717,0.0,7.17,0.01,0.018087603103410295,3.7779270020731244e+18,True,0.9811084268336246,0.01889157316637534,0.6163468397325934,0.38365316026740665
on_shell_rho_initial_1.05,0,718,0.0,7.18,0.01,0.018078930031633755,3.8348792963959306e+18,True,0.9811084268336246,0.01889157316637534,0.6180805332752615,0.38191946672473853
on_shell_rho_initial_1.05,0,719,0.0,7.19,0.01,0.018070266074850978,3.8927664874472284e+18,True,0.9811084268336246,0.018891573166375346,0.6197921446677268,0.38020785533227314
on_shell_rho_initial_1.05,0,720,0.0,7.2,0.01,0.018061617641555575,3.951613759382332e+18,True,0.9811084268336246,0.01889157316637534,0.6214795807465959,0.3785204192534041
on_shell_rho_initial_1.05,0,721,0.0,7.21,0.01,0.01805299108712997,4.011446466587108e+18,True,0.9811084268336246,0.018891573166375346,0.623140594154331,0.376859405845669
on_shell_rho_initial_1.05,0,722,0.0,7.22,0.01,0.018044392711686133,4.072289985591403e+18,True,0.9811084268336246,0.018891573166375346,0.6247727632079972,0.3752272367920028
on_shell_rho_initial_1.05,0,723,0.0,7.23,0.01,0.018035828757983683,4.1341695333468175e+18,True,0.9811084268336246,0.018891573166375332,0.6263734689702156,0.37362653102978444
on_shell_rho_initial_1.05,0,724,0.0,7.24,0.01,0.01802730540942488,4.197109951012223e+18,True,0.9811084268336246,0.018891573166375315,0.6279398697665971,0.37206013023340284
on_shell_rho_initial_1.05,0,725,0.0,7.25,0.01,0.018018828788125833,4.2611354517170365e+18,True,0.9811084268336246,0.018891573166375332,0.6294688735475102,0.37053112645248976
on_shell_rho_initial_1.05,0,726,0.0,7.26,0.01,0.01801040495306312,4.326269331080882e+18,True,0.9811084268336246,0.018891573166375332,0.6309571082857963,0.3690428917142038
on_shell_rho_initial_1.05,0,727,0.0,7.2700000000000005,0.01,0.018002039898295134,4.3925336382531886e+18,True,0.9811084268336248,0.018891573166375287,0.6324008905578222,0.3675991094421778
on_shell_rho_initial_1.05,0,728,0.0,7.28,0.01,0.017993739551257232,4.459948804418373e+18,True,0.9811084268336248,0.018891573166375308,0.6337961922110259,0.3662038077889741
on_shell_rho_initial_1.05,0,729,0.0,7.29,0.01,0.01798550977112986,4.5285332240971423e+18,True,0.9811084268336248,0.018891573166375308,0.635138604751351,0.36486139524864913
on_shell_rho_initial_1.05,0,730,0.0,7.3,0.01,0.017977356347278615,4.5983027817946414e+18,True,0.9811084268336248,0.018891573166375308,0.6364233007626734,0.3635766992373267
on_shell_rho_initial_1.05,0,731,0.0,7.3100000000000005,0.01,0.017969284997765404,4.669270313349993e+18,True,0.9811084268336248,0.0188915731663753,0.6376449911522022,0.3623550088477978
on_shell_rho_initial_1.05,0,732,0.0,7.32,0.01,0.017961301367929526,4.741444986287363e+18,True,0.9811084268336246,0.01889157316637532,0.638797876462846,0.36120212353715403
on_shell_rho_initial_1.05,0,733,0.0,7.33,0.01,0.01795341102903772,4.814831576993097e+18,True,0.9811084268336246,0.018891573166375315,0.6398755897425968,0.3601244102574032
on_shell_rho_initial_1.05,0,734,0.0,7.34,0.01,0.017945619477002076,4.889429613674152e+18,True,0.9811084268336246,0.018891573166375332,0.6408711275574128,0.35912887244258723
on_shell_rho_initial_1.05,0,735,0.0,7.3500000000000005,0.01,0.017937932131164694,4.96523243273661e+18,True,0.9811084268336246,0.01889157316637534,0.6417767611651621,0.3582232388348379
on_shell_rho_initial_1.05,0,736,0.0,7.36,0.01,0.017930354333141628,5.042226106889072e+18,True,0.9811084268336246,0.01889157316637532,0.6425839555508572,0.35741604444914277
on_shell_rho_initial_1.05,0,737,0.0,7.37,0.01,0.01792289134572587,5.120388120327321e+18,True,0.9811084268336248,0.0188915731663753,0.6432833259571583,0.35671667404284174
on_shell_rho_initial_1.05,0,738,0.0,7.38,0.01,0.017915548351872864,5.199686554106226e+18,True,0.9811084268336246,0.018891573166375315,0.6438645066917971,0.356135493308203
on_shell_rho_initial_1.05,0,739,0.0,7.390000000000001,0.01,0.017908330453728735,5.280078365019536e+18,True,0.9811084268336248,0.018891573166375308,0.6443160579409024,0.3556839420590977
on_shell_rho_initial_1.05,0,740,0.0,7.4,0.01,0.017901242671722432,5.361507810212986e+18,True,0.9811084268336248,0.018891573166375308,0.6446253308236614,0.35537466917633864
on_shell_rho_initial_1.05,0,741,0.0,7.41,0.01,0.017894289943715423,5.443904659507267e+18,True,0.9811084268336246,0.018891573166375346,0.6447783219974704,0.35522167800252963
on_shell_rho_initial_1.05,0,742,0.0,7.42,0.01,0.017887477124207133,5.527182206377143e+18,True,0.9811084268336246,0.01889157316637532,0.6447595065567605,0.3552404934432395
on_shell_rho_initial_1.05,0,743,0.0,7.43,0.01,0.017880808983594603,5.611235064933608e+18,True,0.9811084268336246,0.01889157316637534,0.6445516454201499,0.35544835457985
on_shell_rho_initial_1.05,0,744,0.0,7.44,0.01,0.01787429020748475,5.695936740252975e+18,True,0.9811084268336246,0.018891573166375332,0.6441355627789754,0.35586443722102457
on_shell_rho_initial_1.05,0,745,0.0,7.45,0.01,0.017867925396057638,5.78113695893916e+18,True,0.9811084268336246,0.018891573166375315,0.6434898881613446,0.35651011183865544
on_shell_rho_initial_1.05,0,746,0.0,7.46,0.01,0.01786171906347929,5.866658748528275e+18,True,0.9811084268336246,0.018891573166375332,0.642590756165627,0.3574092438343729
on_shell_rho_initial_1.05,0,747,0.0,7.47,0.01,0.017855675637362404,5.952295252458979e+18,True,0.9811084268336246,0.01889157316637532,0.6414114552389816,0.3585885447610185
on_shell_rho_initial_1.05,0,748,0.0,7.48,0.01,0.01784979945827359,6.037806270508578e+18,True,0.9811084268336246,0.01889157316637532,0.6399220144041993,0.3600779855958008
on_shell_rho_initial_1.05,0,749,0.0,7.49,0.01,0.01784409477928553,6.122914509419867e+18,True,0.9811084268336246,0.01889157316637532,0.6380887141886308,0.3619112858113692
on_shell_rho_initial_1.05,0,750,0.0,7.5,0.01,0.017838565765572734,6.207301534310546e+18,True,0.9811084268336246,0.01889157316637532,0.6358735039289662,0.36412649607103376
on_shell_rho_initial_1.05,0,751,0.0,7.51,0.01,0.01783321649404932,6.290603476176636e+18,True,0.9811084268336246,0.018891573166375315,0.6332333019901384,0.3667666980098615
on_shell_rho_initial_1.05,0,752,0.0,7.5200000000000005,0.01,0.017828050953045058,6.372406504853296e+18,True,0.9811084268336246,0.01889157316637534,0.6301191622179397,0.3698808377820602
on_shell_rho_initial_1.05,0,753,0.0,7.53,0.01,0.017823073042015133,6.452241728421313e+18,True,0.9811084268336246,0.018891573166375332,0.6264753017240254,0.3735246982759746
on_shell_rho_initial_1.05,0,754,0.0,7.54,0.01,0.017818286571296988,6.529580867725765e+18,True,0.9811084268336246,0.01889157316637534,0.6222378915867497,0.37776210841325036
on_shell_rho_initial_1.05,0,755,0.0,7.55,0.01,0.017813695261893466,6.603831013110329e+18,True,0.9811084268336246,0.018891573166375346,0.6173336317907792,0.38266636820922095
on_shell_rho_initial_1.05,0,756,0.0,7.5600000000000005,0.01,0.017809302745293847,6.674330023587316e+18,True,0.9811084268336246,0.01889157316637534,0.6116780094026891,0.38832199059731093
on_shell_rho_initial_1.05,0,757,0.0,7.57,0.01,0.017805112563326685,6.740342236367532e+18,True,0.9811084268336246,0.01889157316637536,0.6051731957717048,0.39482680422829514
on_shell_rho_initial_1.05,0,758,0.0,7.58,0.01,0.017801128168042666,6.801054912047487e+18,True,0.9811084268336246,0.01889157316637536,0.597705498382147,0.40229450161785296
on_shell_rho_initial_1.05,0,759,0.0,7.59,0.01,0.01779735292162603,6.855575934809352e+18,True,0.9811084268336246,0.018891573166375346,0.5891422764760598,0.41085772352394023
on_shell_rho_initial_1.05,0,760,0.0,7.6000000000000005,0.01,0.017793790096333244,6.902933487910425e+18,True,0.9811084268336246,0.018891573166375353,0.5793282203463531,0.42067177965364694
on_shell_rho_initial_1.05,0,761,0.0,7.61,0.01,0.017790442874457604,6.942078731623067e+18,True,0.9811084268336246,0.018891573166375346,0.5680808920098759,0.43191910799012406
on_shell_rho_initial_1.05,0,762,0.0,7.62,0.01,0.017787314348318508,6.971892936408028e+18,True,0.9811084268336246,0.01889157316637532,0.5551854416879769,0.4448145583120231
on_shell_rho_initial_1.05,0,763,0.0,7.63,0.01,0.017784407520274118,6.991201132682888e+18,True,0.9811084268336246,0.01889157316637534,0.5403884709413553,0.45961152905864466
on_shell_rho_initial_1.05,0,764,0.0,7.640000000000001,0.01,0.017781725302756388,6.998795211603107e+18,True,0.9811084268336246,0.018891573166375332,0.5233911494235642,0.4766088505764358
on_shell_rho_initial_1.05,0,765,0.0,7.65,0.01,0.01777927051832721,6.993470675463951e+18,True,0.9811084268336246,0.01889157316637534,0.5038419832096458,0.4961580167903542
on_shell_rho_initial_1.05,0,766,0.0,7.66,0.01,0.01777704589975474,6.974083066754922e+18,True,0.9811084268336246,0.018891573166375346,0.4813302184788054,0.5186697815211947
on_shell_rho_initial_1.05,0,767,0.0,7.67,0.01,0.017775054090108818,6.939633036464047e+18,True,0.9811084268336246,0.018891573166375346,0.4553820068106391,0.5446179931893609
on_shell_rho_initial_1.05,0,768,0.0,7.68,0.01,0.017773297642871055,6.889393117068043e+18,True,0.9811084268336246,0.018891573166375346,0.42546364885939153,0.5745363511406084
on_shell_rho_initial_1.05,0,769,0.0,7.69,0.01,0.017771779022046994,6.823090310501137e+18,True,0.9811084268336246,0.018891573166375332,0.39100017696374456,0.6089998230362554
on_shell_rho_initial_1.05,0,770,0.0,7.7,0.01,0.017770500602317517,6.741179834393488e+18,True,0.9811084268336246,0.018891573166375332,0.35142474312763244,0.6485752568723676
on_shell_rho_initial_1.05,0,771,0.0,7.71,0.01,0.01776946466918611,6.645234554753884e+18,True,0.9811084268336246,0.018891573166375346,0.30628616799899805,0.6937138320010019
on_shell_rho_initial_1.05,0,772,0.0,7.72,0.01,0.017768673419145363,6.53850392641865e+18,True,0.9811084268336246,0.018891573166375353,0.2554608727009393,0.7445391272990607
on_shell_rho_initial_1.05,0,773,0.0,7.73,0.01,0.01776812895985428,6.42669393663669e+18,True,0.9811084268336246,0.018891573166375346,0.19953867029610603,0.8004613297038938
on_shell_rho_initial_1.05,0,774,0.0,7.74,0.01,0.017767833310324194,6.319013612746743e+18,True,0.9811084268336246,0.018891573166375353,0.14046426752658694,0.859535732473413
on_shell_rho_initial_1.05,0,775,0.0,7.75,0.01,0.01776778840111281,6.229480268186964e+18,True,0.9811084268336246,0.018891573166375353,0.08246502192939041,0.9175349780706096
on_shell_rho_initial_1.05,0,776,0.0,7.76,0.01,0.017767996074525873,6.178328337131651e+18,True,0.9811084268336246,0.018891573166375353,0.03306193963691645,0.9669380603630836
on_shell_rho_initial_1.05,0,777,0.0,7.7700000000000005,0.01,0.017768458084825946,6.193076987446487e+18,True,0.9811084268336246,0.018891573166375353,0.0034064468251632737,0.9965935531748368
on_shell_rho_initial_1.05,0,778,0.0,7.78,0.01,0.01776917609844792,6.308434937080956e+18,True,0.9811084268336246,0.018891573166375346,0.006495084556994314,0.9935049154430057
on_shell_rho_initial_1.05,0,779,0.0,7.79,0.01,0.01777015169422095,6.564108075988199e+18,True,0.9811084268336246,0.018891573166375353,0.05214779655723447,0.9478522034427656
on_shell_rho_initial_1.05,0,780,0.0,7.8,0.01,0.01777138636359645,7.000346736710117e+18,True,0.9811084268336246,0.018891573166375353,0.14055090550180777,0.8594490944981923
on_shell_rho_initial_1.05,0,781,0.0,7.8100000000000005,0.01,0.01777288151088207,7.652778447045548e+18,True,0.9811084268336246,0.01889157316637536,0.25979261936400583,0.7402073806359942
on_shell_rho_initial_1.05,0,782,0.0,7.82,0.01,0.017774638453481217,8.549212489652711e+18,True,0.9811084268336246,0.018891573166375353,0.3908887829692688,0.6091112170307312
on_shell_rho_initial_1.05,0,783,0.0,7.83,0.01,0.017776658422114892,9.709978742498675e+18,True,0.9811084268336246,0.018891573166375353,0.5163485512446265,0.4836514487553735
on_shell_rho_initial_1.05,0,784,0.0,7.84,0.01,0.01777894256106043,1.1150941488333267e+19,True,0.9811084268336246,0.018891573166375346,0.6255079390084993,0.3744920609915007
on_shell_rho_initial_1.05,0,785,0.0,7.8500000000000005,0.01,0.01778149192839557,1.2887136830546794e+19,True,0.9811084268336246,0.01889157316637534,0.7146951620515688,0.2853048379484312
on_shell_rho_initial_1.05,0,786,0.0,7.86,0.01,0.017784307496233782,1.493561974075325e+19,True,0.9811084268336246,0.018891573166375332,0.7847526176869163,0.21524738231308368
on_shell_rho_initial_1.05,0,787,0.0,7.87,0.01,0.017787390150970268,1.7317201836791763e+19,True,0.9811084268336246,0.018891573166375353,0.8385275947814411,0.1614724052185589
on_shell_rho_initial_1.05,0,788,0.0,7.88,0.01,0.017790740693523557,2.005736248782342e+19,True,0.9811084268336246,0.018891573166375346,0.8792945625999725,0.12070543740002744
on_shell_rho_initial_1.05,0,789,0.0,7.890000000000001,0.01,0.01779435983957345,2.318671187158385e+19,True,0.9811084268336246,0.01889157316637534,0.9100210691038783,0.0899789308961218
on_shell_rho_initial_1.05,0,790,0.0,7.9,0.01,0.01779824821979613,2.674127970785381e+19,True,0.9811084268336246,0.01889157316637534,0.9331342420669402,0.06686575793305978
on_shell_rho_initial_1.05,0,791,0.0,7.91,0.01,0.01780240638009732,3.0762784104726192e+19,True,0.9811084268336246,0.01889157316637534,0.9505199828854081,0.04948001711459193
on_shell_rho_initial_1.05,0,792,0.0,7.92,0.01,0.017806834781844492,3.5298955390612206e+19,True,0.9811084268336248,0.0188915731663753,0.9636057306203322,0.03639426937966779
on_shell_rho_initial_1.05,0,793,0.0,7.930000000000001,0.01,0.01781153380209901,4.040394737742782e+19,True,0.9811084268336246,0.018891573166375346,0.9734584595806127,0.02654154041938725
on_shell_rho_initial_1.05,0,794,0.0,7.94,0.01,0.017816503733849416,4.6138849418464395e+19,True,0.9811084268336248,0.018891573166375308,0.9808720188844933,0.0191279811155067
on_shell_rho_initial_1.05,0,795,0.0,7.95,0.01,0.0178217447862469,5.257230585709813e+19,True,0.9811084268336246,0.01889157316637534,0.9864370607435174,0.013562939256482586
on_shell_rho_initial_1.05,0,796,0.0,7.96,0.01,0.01782725708484416,5.978124326301955e+19,True,0.9811084268336246,0.018891573166375315,0.9905942504140294,0.009405749585970626
on_shell_rho_initial_1.05,0,797,0.0,7.97,0.01,0.017833040671815948,6.785170643747153e+19,True,0.9811084268336246,0.018891573166375315,0.9936737645157413,0.006326235484258695
on_shell_rho_initial_1.05,0,798,0.0,7.98,0.01,0.017839095506117123,7.687986045277735e+19,True,0.9811084268336246,0.01889157316637534,0.9959243584589336,0.00407564154106633
on_shell_rho_initial_1.05,0,799,0.0,7.99,0.01,0.01784542146375895,8.697303948416872e+19,True,0.9811084268336246,0.01889157316637532,0.9975343737215959,0.0024656262784041134
on_shell_rho_initial_1.05,0,800,0.0,8.0,0.01,0.017852018338009614,9.75966537634126e+19,True,0.9811084268336246,0.01889157316637532,0.9986342774612716,0.0013657225387284048
alignment_0.8,0,0,0.0,0.0,0.01,0.01,0.0,False,1.0,0.0,1.0,0.0
alignment_0.8,0,1,0.0,0.01,0.01,0.01003520794400882,0.006141494021734479,False,0.6107008970076324,0.3892991029923676,0.6000373792205638,0.39996262077943623
alignment_0.8,0,2,0.0,0.02,0.01,0.010068506807394292,0.012170827129990137,False,0.6150729582441775,0.38492704175582243,0.5939381030220956,0.40606189697790457
alignment_0.8,0,3,0.0,0.03,0.01,0.010099935868545224,0.01809097836785283,False,0.6192979465265023,0.3807020534734977,0.5878791359320304,0.4121208640679696
alignment_0.8,0,4,0.0,0.04,0.01,0.01012953500478344,0.02390479280498058,False,0.6234887080751751,0.3765112919248249,0.5819705431527894,0.4180294568472106
alignment_0.8,0,5,0.0,0.05,0.01,0.010157344644965602,0.02961498963009148,False,0.6276605127756949,0.3723394872243051,0.5762245448764888,0.42377545512351117
alignment_0.8,0,6,0.0,0.06,0.01,0.010183405719813278,0.03522416961704493,False,0.6318167638179405,0.36818323618205956,0.5706413750684876,0.42935862493151244
alignment_0.8,0,7,0.0,0.07,0.01,0.010207759610376075,0.04073482207698314,False,0.6359583852232026,0.36404161477679736,0.5652187193681385,0.4347812806318615
alignment_0.8,0,8,0.0,0.08,0.01,0.010230448095013146,0.04614933133858992,False,0.6400856103062501,0.35991438969374995,0.5599535301923393,0.4400464698076607
alignment_0.8,0,9,0.0,0.09,0.01,0.010251513295262464,0.051469982794541964,False,0.6441984452495246,0.3558015547504755,0.554842509214361,0.44515749078563915
alignment_0.8,0,10,0.0,0.1,0.01,0.010270997620943084,0.05669896854854187,False,0.6482968145606806,0.3517031854393194,0.549882268002983,0.45011773199701693
alignment_0.8,0,11,0.0,0.11,0.01,0.010288943714821827,0.061838392693979574,False,0.6523806125757233,0.34761938742427667,0.5450693923075722,0.45493060769242777
alignment_0.8,0,12,0.0,0.12,0.01,0.010305394397158676,0.06689027625227381,False,0.6564497229129153,0.34355027708708474,0.5404004724613483,0.4595995275386518
alignment_0.8,0,13,0.0,0.13,0.01,0.010320392610417542,0.07185656179629621,False,0.6605040258237268,0.3394959741762733,0.535872120160123,0.464127879839877
alignment_0.8,0,14,0.0,0.14,0.01,0.010333981364423667,0.07673911778193154,False,0.664543400652273,0.33545659934772704,0.5314809790359742,0.4685190209640257
alignment_0.8,0,15,0.0,0.15,0.01,0.010346203682205894,0.0815397426087694,False,0.6685677262545346,0.3314322737454654,0.5272237320360603,0.4727762679639397
alignment_0.8,0,16,0.0,0.16,0.01,0.010357102546763626,0.08626016842908425,False,0.6725768805837382,0.32742311941626173,0.5230971069442425,0.4769028930557575
alignment_0.8,0,17,0.0,0.17,0.01,0.010366720848971432,0.09090206472264425,False,0.676570739977267,0.3234292600227329,0.5190978806938069,0.48090211930619314
alignment_0.8,0,18,0.0,0.18,0.01,0.010375101336804709,0.09546704165344584,False,0.6805491783847647,0.31945082161523525,0.515222882809905,0.48477711719009503
alignment_0.8,0,19,0.0,0.19,0.01,0.010382286566072211,0.0999566532231588,False,0.684512066645903,0.315487933354097,0.5114689981783729,0.4885310018216271
alignment_0.8,0,20,0.0,0.2,0.01,0.01038831885279162,0.10437240023492424,False,0.6884592718615068,0.31154072813849326,0.5078331692631826,0.49216683073681744
alignment_0.8,0,21,0.0,0.21,0.01,0.01039324022735403,0.10871573308007282,False,0.6923906568692793,0.30760934313072075,0.5043123978541745,0.49568760214582563
alignment_0.8,0,22,0.0,0.22,0.01,0.010397092390586601,0.11298805435937033,False,0.6963060798237264,0.3036939201762736,0.5009037464081931,0.49909625359180687
alignment_0.8,0,23,0.0,0.23,0.01,0.010399916671816644,0.11719072134955075,False,0.700205393872713,0.2997946061272871,0.4976043390329665,0.5023956609670335
alignment_0.8,0,24,0.0,0.24,0.01,0.01040175398901528,0.12132504832507107,False,0.7040884469179078,0.2959115530820922,0.49441136215219145,0.5055886378478085
alignment_0.8,0,25,0.0,0.25,0.01,0.010402644811089544,0.12539230874429907,False,0.7079550814490371,0.292044918550963,0.49132206488802976,0.5086779351119702
alignment_0.8,0,26,0.0,0.26,0.01,0.010402629122365531,0.12939373730870715,False,0.7118051344413391,0.2881948655586609,0.48833375919185124,0.5116662408081488
alignment_0.8,0,27,0.0,0.27,0.01,0.01040174638930814,0.13333053190298896,False,0.715638437304888,0.28436156269511204,0.48544381974917833,0.5145561802508217
alignment_0.8,0,28,0.0,0.28,0.01,0.010400035529482848,0.13720385542346908,False,0.7194548158784185,0.2805451841215815,0.4826496836853147,0.5173503163146852
alignment_0.8,0,29,0.0,0.29,0.01,0.010397534882792662,0.14101483750168792,False,0.7232540904618897,0.2767459095381103,0.4799488500961659,0.5200511499038342
alignment_0.8,0,30,0.0,0.3,0.01,0.010394282184964018,0.1447645761295277,False,0.7270360758793551,0.27296392412064485,0.4773388794228674,0.5226611205771327
alignment_0.8,0,31,0.0,0.31,0.01,0.01039031454328528,0.14845413919181089,False,0.7308005815679499,0.26919941843205003,0.47481739269066103,0.525182607309339
alignment_0.8,0,32,0.0,0.32,0.01,0.010385668414559719,0.152084565911932,False,0.7345474116897857,0.2654525883102143,0.4723820706308277,0.5276179293691723
alignment_0.8,0,33,0.0,0.33,0.01,0.01038037958525833,0.15565686821569658,False,0.7382763652619927,0.2617236347380073,0.47003065270036687,0.5299693472996331
alignment_0.8,0,34,0.0,0.34,0.01,0.010374483153808218,0.1591720320181516,False,0.7419872363011051,0.2580127636988949,0.46776093601335483,0.5322390639866451
alignment_0.8,0,35,0.0,0.35000000000000003,0.01,0.01036801351498225,0.1626310184379452,False,0.745679813981907,0.2543201860180931,0.46557077420016546,0.5344292257998345
alignment_0.8,0,36,0.0,0.36,0.01,0.01036100434634229,0.16603476494344238,False,0.7493538828080263,0.2506461171919736,0.46345807620581586,0.5365419237941841
alignment_0.8,0,37,0.0,0.37,0.01,0.010353488596657889,0.16938418643452036,False,0.7530092227915504,0.2469907772084497,0.46142080503725225,0.5385791949627478
alignment_0.8,0,38,0.0,0.38,0.01,0.01034549847624828,0.17268017626372514,False,0.7566456096410503,0.24335439035894965,0.4594569764704125,0.5405430235295875
alignment_0.8,0,39,0.0,0.39,0.01,0.010337065449167314,0.17592360720028152,False,0.7602628149577194,0.23973718504228064,0.4575646577268887,0.5424353422731113
alignment_0.8,0,40,0.0,0.4,0.01,0.010328220227169876,0.17911533234020308,False,0.7638606064382132,0.23613939356178673,0.45574196612759443,0.5442580338724057
alignment_0.8,0,41,0.0,0.41000000000000003,0.01,0.010318992765393664,0.18225618596554197,False,0.7674387480819337,0.23256125191806637,0.4539870677288021,0.5460129322711978
alignment_0.8,0,42,0.0,0.42,0.01,0.010309412259613945,0.18534698435558003,False,0.7709970004032377,0.22900299959676226,0.45229817594861066,0.5477018240513893
alignment_0.8,0,43,0.0,0.43,0.01,0.010299507145093553,0.18838852655279262,False,0.7745351206500607,0.2254648793499393,0.45067355019148836,0.5493264498085116
alignment_0.8,0,44,0.0,0.44,0.01,0.010289305096867998,0.19138159508601307,False,0.7780528630256607,0.2219471369743394,0.44911149447283405,0.5508885055271661
alignment_0.8,0,45,0.0,0.45,0.01,0.010278833031416927,0.19432695665320848,False,0.7815499789136879,0.21845002108631192,0.44761035604863125,0.5523896439513687
alignment_0.8,0,46,0.0,0.46,0.01,0.01026811710963363,0.19722536276610378,False,0.785026217106585,0.21497378289341504,0.44616852405460194,0.553831475945398
alignment_0.8,0,47,0.0,0.47000000000000003,0.01,0.010257182741008258,0.20007755035880895,False,0.7884813240377385,0.2115186759622616,0.44478442815912395,0.5552155718408761
alignment_0.8,0,48,0.0,0.48,0.01,0.010246054588953408,0.20288424236243577,False,0.7919150440164754,0.2080849559835246,0.4434565372321135,0.5565434627678865
alignment_0.8,0,49,0.0,0.49,0.01,0.010234756577210272,0.2056461482475985,False,0.7953271194645237,0.20467288053547633,0.4421833580309055,0.5578166419690944
alignment_0.8,0,50,0.0,0.5,0.01,0.010223311897195992,0.20836396453647554,False,0.7987172911537032,0.20128270884629684,0.4409634339056991,0.559036566094301
alignment_0.8,0,51,0.0,0.51,0.01,0.010211743016267306,0.2110383752862884,False,0.8020852984471679,0.19791470155283208,0.4397953435293234,0.5602046564706765
alignment_0.8,0,52,0.0,0.52,0.01,0.010200071686839842,0.2136700525457337,False,0.8054308795425544,0.19456912045744554,0.43867769965120945,0.5613223003487906
alignment_0.8,0,53,0.0,0.53,0.01,0.010188318956245238,0.21625965678584336,False,0.8087537717158277,0.19124622828417234,0.4376091478756234,0.5623908521243767
alignment_0.8,0,54,0.0,0.54,0.01,0.010176505177284271,0.21880783730670436,False,0.8120537115659368,0.18794628843406314,0.43658836546568763,0.5634116345343123
alignment_0.8,0,55,0.0,0.55,0.01,0.010164650019398452,0.22131523262141675,False,0.8153304352608173,0.18466956473918275,0.4356140601750078,0.5643859398249923
alignment_0.8,0,56,0.0,0.56,0.01,0.010152772480395903,0.2237824708186158,False,0.8185836787848902,0.18141632121510978,0.434684969108057,0.565315030891943
alignment_0.8,0,57,0.0,0.5700000000000001,0.01,0.010140890898675717,0.2262101699047671,False,0.8218131781874539,0.17818682181254605,0.43379985760934225,0.5662001423906577
alignment_0.8,0,58,0.0,0.58,0.01,0.010129022965903246,0.22859893812735496,False,0.8250186698306178,0.17498133016938222,0.4329575181801076,0.5670424818198925
alignment_0.8,0,59,0.0,0.59,0.01,0.01011718574006484,0.23094937428005896,False,0.8281998906362097,0.1718001093637904,0.4321567694222685,0.5678432305777315
alignment_0.8,0,60,0.0,0.6,0.01,0.01010539565877692,0.23326206799088267,False,0.8313565783333313,0.1686434216666687,0.43139645501278895,0.568603544987211
alignment_0.8,0,61,0.0,0.61,0.01,0.010093668552963975,0.23553759999468418,False,0.8344884717082606,0.16551152829173943,0.43067544271015973,0.5693245572898403
alignment_0.8,0,62,0.0,0.62,0.01,0.010082019660711178,0.23777654239051804,False,0.837595310851862,0.16240468914813805,0.4299926233875561,0.5700073766124438
alignment_0.8,0,63,0.0,0.63,0.01,0.010070463641305972,0.23997945888498765,False,0.8406768374064273,0.15932316259357276,0.42934691009487436,0.5706530899051255
alignment_0.8,0,64,0.0,0.64,0.01,0.010059014589414198,0.24214690502236527,False,0.8437327948114353,0.15626720518856474,0.42873723714930334,0.5712627628506968
alignment_0.8,0,65,0.0,0.65,0.01,0.010047686049348073,0.24427942840239097,False,0.8467629285486751,0.1532370714513248,0.4281625592550341,0.571837440744966
alignment_0.8,0,66,0.0,0.66,0.01,0.010036491029389787,0.24637756888658358,False,0.8497669863868561,0.1502330136131439,0.4276218506523554,0.5723781493476445
alignment_0.8,0,67,0.0,0.67,0.01,0.010025442016139483,0.24844185879382305,False,0.8527447186252068,0.1472552813747931,0.4271141042954489,0.5728858957045512
alignment_0.8,0,68,0.0,0.68,0.01,0.010014550988861603,0.25047282308583996,False,0.855695878334603,0.14430412166539705,0.42663833105670307,0.573361668943297
alignment_0.8,0,69,0.0,0.6900000000000001,0.01,0.01000382943380576,0.25247097954330844,False,0.8586202215952699,0.14137977840473015,0.4261935589557565,0.5738064410442435
alignment_0.8,0,70,0.0,0.7000000000000001,0.01,0.009993288358397499,0.25443683893306945,False,0.8615175077320221,0.1384824922679779,0.4257788324152475,0.5742211675847525
alignment_0.8,0,71,0.0,0.71,0.01,0.009982938305367136,0.25637090516772604,False,0.8643874995502572,0.13561250044974282,0.42539321154737336,0.5746067884526267
alignment_0.8,0,72,0.0,0.72,0.01,0.009972789366782284,0.25827367545785995,False,0.8672299635689333,0.13277003643106655,0.42503577146587773,0.5749642285341223
alignment_0.8,0,73,0.0,0.73,0.01,0.009962851197912397,0.26014564045731947,False,0.8700446702491892,0.12995532975081076,0.4247056016213408,0.5752943983786593
alignment_0.8,0,74,0.0,0.74,0.01,0.009953133030940392,0.26198728440232655,False,0.8728313942196771,0.12716860578032282,0.4244018051610955,0.5755981948389045
alignment_0.8,0,75,0.0,0.75,0.01,0.009943643688492767,0.26379908524492707,False,0.875589914498316,0.12441008550168407,0.42412349831330387,0.5758765016866961
alignment_0.8,0,76,0.0,0.76,0.01,0.009934391596972526,0.2655815147814169,False,0.8783200147107556,0.12167998528924436,0.42386980979555605,0.5761301902044439
alignment_0.8,0,77,0.0,0.77,0.01,0.009925384799682123,0.26733503877633574,False,0.8810214833055997,0.11897851669440036,0.4236398802480453,0.5763601197519548
alignment_0.8,0,78,0.0,0.78,0.01,0.00991663096972621,0.2690601170825287,False,0.8836941137657899,0.11630588623421001,0.4234328616903695,0.5765671383096306
alignment_0.8,0,79,0.0,0.79,0.01,0.009908137422686604,0.2707572037576305,False,0.8863377048146389,0.1136622951853611,0.42324791699936914,0.5767520830006309
alignment_0.8,0,80,0.0,0.8,0.01,0.009899911129064133,0.272426747177201,False,0.8889520606144785,0.1110479393855215,0.4230842194042495,0.5769157805957505
alignment_0.8,0,81,0.0,0.81,0.01,0.00989195872645707,0.27406919014507386,False,0.8915369909586204,0.10846300904137963,0.4229409519997498,0.5770590480002501
alignment_0.8,0,82,0.0,0.8200000000000001,0.01,0.009884286531425127,0.27568497000173037,False,0.8940923114605305,0.10590768853946957,0.42281730728475597,0.5771826927152439
alignment_0.8,0,83,0.0,0.8300000000000001,0.01,0.009876900551184425,0.2772745187317099,False,0.8966178437396165,0.1033821562603835,0.4227124867242375,0.5772875132757624
alignment_0.8,0,84,0.0,0.84,0.01,0.009869806494975824,0.27883826306889975,False,0.8991134155962521,0.10088658440374786,0.42262570032264707,0.577374299677353
alignment_0.8,0,85,0.0,0.85,0.01,0.009863009785172268,0.2803766246009601,False,0.9015788611797604,0.09842113882023965,0.42255616621412895,0.577443833785871
alignment_0.8,0,86,0.0,0.86,0.01,0.0098565155681068,0.28189001987301626,False,0.9040140211483114,0.09598597885168861,0.4225031102676262,0.5774968897323739
alignment_0.8,0,87,0.0,0.87,0.01,0.00985032872461867,0.2833788604910354,False,0.9064187428206546,0.09358125717934535,0.4224657657063298,0.5775342342936702
alignment_0.8,0,88,0.0,0.88,0.01,0.009844453880317216,0.2848435532253262,False,0.9087928803199281,0.091207119680072,0.42244337274157423,0.5775566272584259
alignment_0.8,0,89,0.0,0.89,0.01,0.009838895415564384,0.28628450011450907,False,0.9111362947092094,0.08886370529079048,0.42243517822023074,0.5775648217797693
alignment_0.8,0,90,0.0,0.9,0.01,0.009833657475177816,0.28770209857012335,False,0.9134488541177728,0.08655114588222719,0.42244043528314823,0.5775595647168518
alignment_0.8,0,91,0.0,0.91,0.01,0.009828743977857409,0.28909674148169195,False,0.915730433855717,0.08426956614428303,0.4224584030293099,0.57754159697069
alignment_0.8,0,92,0.0,0.92,0.01,0.00982415862533913,0.2904688173216797,False,0.9179809165137294,0.08201908348627068,0.42248834617786596,0.5775116538221341
alignment_0.8,0,93,0.0,0.93,0.01,0.009819904911264247,0.2918187102505807,False,0.920200192048808,0.07979980795119203,0.42252953472773347,0.5774704652722665
alignment_0.8,0,94,0.0,0.9400000000000001,0.01,0.009815986129723115,0.2931468002243012,False,0.9223881578644083,0.0776118421355918,0.42258124363093313,0.5774187563690669
alignment_0.8,0,95,0.0,0.9500000000000001,0.01,0.009812405383608214,0.2944534631024101,False,0.9245447188789554,0.07545528112104462,0.42264275246710553,0.5773572475328945
alignment_0.8,0,96,0.0,0.96,0.01,0.009809165592651815,0.29573907075608874,False,0.9266697875763382,0.07333021242366178,0.42271334510244046,0.5772866548975596
alignment_0.8,0,97,0.0,0.97,0.01,0.009806269501207082,0.2970039911758133,False,0.928763284040871,0.071236715959129,0.42279230933591494,0.5772076906640851
alignment_0.8,0,98,0.0,0.98,0.01,0.009803719685765244,0.2982485885784495,False,0.9308251359763102,0.06917486402368983,0.4228789365285428,0.5771210634714572
alignment_0.8,0,99,0.0,0.99,0.01,0.009801518562211795,0.29947322351320316,False,0.9328552787085412,0.0671447212914588,0.42297252121117496,0.5770274787888251
alignment_0.8,0,100,0.0,1.0,0.01,0.009799668392826928,0.30067825296597006,False,0.9348536551722902,0.06514634482770977,0.4230723606676063,0.5769276393323937
alignment_0.8,0,101,0.0,1.01,0.01,0.009798171293035762,0.3018640304613741,False,0.9368202158817321,0.0631797841182678,0.42317775448816464,0.5768222455118354
alignment_0.8,0,102,0.0,1.02,0.01,0.009797029237914237,0.30303090616129097,False,0.938754918883834,0.06124508111616598,0.42328800408578215,0.5767119959142178
alignment_0.8,0,103,0.0,1.03,0.01,0.009796244068456906,0.30417922695777166,False,0.94065772969163,0.05934227030837,0.4234024121613481,0.5765975878386519
alignment_0.8,0,104,0.0,1.04,0.01,0.009795817497613064,0.30530933655713244,False,0.9425286211927107,0.05747137880728932,0.4235202820981899,0.5764797179018101
alignment_0.8,0,105,0.0,1.05,0.01,0.009795751116095538,0.30642157555137955,False,0.944367573529809,0.055632426470190906,0.42364091726766767,0.5763590827323324
alignment_0.8,0,106,0.0,1.06,0.01,0.009796046397919932,0.3075162814822588,False,0.9461745739706161,0.0538254260293839,0.4237636202751957,0.5762363797248042
alignment_0.8,0,107,0.0,1.07,0.01,0.009796704705765371,0.30859378889109285,False,0.9479496167604581,0.05205038323954185,0.42388769212626864,0.5761123078737314
alignment_0.8,0,108,0.0,1.08,0.01,0.009797727296114897,0.309654429349347,False,0.9496927029485872,0.05030729705141289,0.4240124312710035,0.5759875687289965
alignment_0.8,0,109,0.0,1.09,0.01,0.009799115324175071,0.31069853146643095,False,0.9514038401893089,0.0485961598106911,0.4241371325127191,0.5758628674872808
alignment_0.8,0,110,0.0,1.1,0.01,0.009800869848593184,0.3117264208698125,False,0.953083042519135,0.04691695748086502,0.42426108576575483,0.5757389142342451
alignment_0.8,0,111,0.0,1.11,0.01,0.009802991835971286,0.31273842015276554,False,0.9547303301108577,0.045269669889142244,0.4243835746425087,0.5756164253574912
alignment_0.8,0,112,0.0,1.12,0.01,0.00980548216518282,0.31373484878430424,False,0.9563457290062586,0.043654270993741404,0.4245038748502182,0.5754961251497819
alignment_0.8,0,113,0.0,1.1300000000000001,0.01,0.009808341631497804,0.3147160229751362,False,0.957929270829249,0.042070729170751026,0.42462125237555726,0.5753787476244427
alignment_0.8,0,114,0.0,1.1400000000000001,0.01,0.009811570950522545,0.3156822554920983,False,0.9594809924802321,0.04051900751976782,0.4247349614286893,0.5752650385713106
alignment_0.8,0,115,0.0,1.1500000000000001,0.01,0.009815170761960033,0.3166338554113161,False,0.9610009358105477,0.03899906418945237,0.4248442421078907,0.5751557578921093
alignment_0.8,0,116,0.0,1.16,0.01,0.0098191416331971,0.31757112779701246,False,0.9624891472730257,0.03751085272697438,0.42494831773022734,0.5750516822697727
alignment_0.8,0,117,0.0,1.17,0.01,0.009823484062724649,0.318494373289058,False,0.963945677543501,0.036054322456499005,0.42504639176190756,0.5749536082380924
alignment_0.8,0,118,0.0,1.18,0.01,0.00982819848337515,0.31940388759228727,False,0.9653705811274397,0.03462941887256034,0.4251376443359741,0.5748623556640259
alignment_0.8,0,119,0.0,1.19,0.01,0.00983328526538309,0.3202999608709745,False,0.9667639159790068,0.03323608402099319,0.42522122838926296,0.5747787716107371
alignment_0.8,0,120,0.0,1.2,0.01,0.009838744719332573,0.321182877001455,False,0.9681257430984509,0.03187425690154913,0.4252962652574151,0.5747037347425848
alignment_0.8,0,121,0.0,1.21,0.01,0.00984457709891996,0.3220529126810699,False,0.9694561261219512,0.030543873878048872,0.4253618396730575,0.5746381603269425
alignment_0.8,0,122,0.0,1.22,0.01,0.009850782603576995,0.32291033636353234,False,0.9707551309068094,0.029244869093190462,0.42541699410318884,0.5745830058968111
alignment_0.8,0,123,0.0,1.23,0.01,0.009857361380946934,0.3237554069992103,False,0.9720228251190022,0.027977174880997865,0.42546072234859317,0.5745392776514068
alignment_0.8,0,124,0.0,1.24,0.01,0.009864313529218328,0.32458837255385087,False,0.9732592778303495,0.026740722169650472,0.425491962322265,0.574508037677735
alignment_0.8,0,125,0.0,1.25,0.01,0.009871639099321223,0.32540946827758127,False,0.9744645591349449,0.025535440865055093,0.4255095879216778,0.5744904120783223
alignment_0.8,0,126,0.0,1.26,0.01,0.009879338096990545,0.32621891469176756,False,0.9756387397935775,0.02436126020642248,0.4255123998938469,0.5744876001061531
alignment_0.8,0,127,0.0,1.27,0.01,0.009887410484701481,0.3270169152554854,False,0.976781890913051,0.023218109086948942,0.425499115568988,0.574500884431012
alignment_0.8,0,128,0.0,1.28,0.01,0.009895856183481745,0.327803653664636,False,0.9778940836638743,0.022105916336125665,0.42546835730382093,0.574531642696179
alignment_0.8,0,129,0.0,1.29,0.01,0.009904675074605632,0.32857929072683845,False,0.9789753890367483,0.021024610963251672,0.42541863943385344,0.5745813605661465
alignment_0.8,0,130,0.0,1.3,0.01,0.009913867001171929,0.32934396074507155,False,0.9800258776428459,0.019974122357154105,0.4253483535308721,0.5746516464691278
alignment_0.8,0,131,0.0,1.31,0.01,0.009923431769532675,0.33009776739939856,False,0.9810456196153334,0.018954380384666625,0.42525575197450793,0.5747442480254921
alignment_0.8,0,132,0.0,1.32,0.01,0.009933369150653439,0.33084077906668885,False,0.9820346846210555,0.01796531537894457,0.4251389296294418,0.5748610703705582
alignment_0.8,0,133,0.0,1.33,0.01,0.009943678881342378,0.3315730234043452,False,0.9829931419304899,0.017006858069510102,0.4249958031219748,0.5750041968780251
alignment_0.8,0,134,0.0,1.34,0.01,0.009954360665380557,0.3322944812415018,False,0.9839210606344848,0.016078939365515146,0.42482408773039915,0.5751759122696009
alignment_0.8,0,135,0.0,1.35,0.01,0.009965414174553237,0.3330050796068432,False,0.9848185099751435,0.015181490024856442,0.42462127141395933,0.5753787285860407
alignment_0.8,0,136,0.0,1.36,0.01,0.00997683904957867,0.3337046837973307,False,0.9856855598094761,0.014314440190523914,0.42438458564092846,0.5756154143590715
alignment_0.8,0,137,0.0,1.37,0.01,0.009988634900937769,0.33439308838236725,False,0.9865222812285814,0.013477718771418646,0.42411097267449877,0.5758890273255013
alignment_0.8,0,138,0.0,1.3800000000000001,0.01,0.010000801309608192,0.33507000702727907,False,0.987328747353974,0.012671252646026029,0.4237970489388953,0.5762029510611048
alignment_0.8,0,139,0.0,1.3900000000000001,0.01,0.01001333782770631,0.33573506100893913,False,0.9881050343293675,0.011894965670632432,0.42343906403355003,0.57656093596645
alignment_0.8,0,140,0.0,1.4000000000000001,0.01,0.01002624397904067,0.33638776627856315,False,0.9888512225192767,0.011148777480723331,0.42303285488209247,0.5769671451179075
alignment_0.8,0,141,0.0,1.41,0.01,0.010039519259580618,0.33702751890786203,False,0.9895673979177766,0.010432602082223399,0.42257379440064624,0.5774262055993538
alignment_0.8,0,142,0.0,1.42,0.01,0.010053163137843789,0.33765357872269297,False,0.9902536537574153,0.009746346242584794,0.42205673391881066,0.5779432660811894
alignment_0.8,0,143,0.0,1.43,0.01,0.010067175055206372,0.33826505089162334,False,0.9909100922936336,0.009089907706366392,0.4214759383949244,0.5785240616050755
alignment_0.8,0,144,0.0,1.44,0.01,0.01008155442614002,0.33886086518939995,False,0.9915368267227496,0.008463173277250423,0.4208250132215347,0.5791749867784654
alignment_0.8,0,145,0.0,1.45,0.01,0.010096300638376155,0.33943975271170385,False,0.9921339832274623,0.007866016772537697,0.4200968215925941,0.5799031784074059
alignment_0.8,0,146,0.0,1.46,0.01,0.010111413052901768,0.34000021967962785,False,0.9927017031563017,0.007298296843698317,0.41928339181713964,0.5807166081828603
alignment_0.8,0,147,0.0,1.47,0.01,0.010126891004004698,0.34054051916196,False,0.9932401455412082,0.00675985445879182,0.41837581492913617,0.5816241850708639
alignment_0.8,0,148,0.0,1.48,0.01,0.010142733799196313,0.34105861832402,False,0.9937494892306539,0.006250510769346189,0.41736412671351525,0.5826358732864847
alignment_0.8,0,149,0.0,1.49,0.01,0.010158940719055057,0.3415521626792665,False,0.9942299350526749,0.0057700649473250995,0.4162371756479527,0.5837628243520473
alignment_0.8,0,150,0.0,1.5,0.01,0.010175511017026052,0.34201843638612556,False,0.9946817076641143,0.005318292335885663,0.41498247362223695,0.585017526377763
alignment_0.8,0,151,0.0,1.51,0.01,0.010192443919148367,0.3424543181332712,False,0.9951050568281777,0.004894943171822318,0.413586026473773,0.586413973526227
alignment_0.8,0,152,0.0,1.52,0.01,0.010209738623712598,0.3428562323474494,False,0.9955002578581226,0.004499742141877409,0.412032141544408,0.587967858455592
alignment_0.8,0,153,0.0,1.53,0.01,0.010227394300851662,0.34322009543843557,False,0.9958676108639561,0.004132389136043805,0.4103032090504359,0.5896967909495642
alignment_0.8,0,154,0.0,1.54,0.01,0.010245410092067676,0.34354125684110176,False,0.9962074383133164,0.0037925616866836616,0.40837945356205535,0.5916205464379446
alignment_0.8,0,155,0.0,1.55,0.01,0.010263785109697991,0.34381443468290007,False,0.9965200802514655,0.003479919748534424,0.40623865129375053,0.5937613487062494
alignment_0.8,0,156,0.0,1.56,0.01,0.0102825184363235,0.34403364599465464,False,0.996805886304351,0.003194113695649012,0.4038558081830435,0.5961441918169565
alignment_0.8,0,157,0.0,1.57,0.01,0.010301609124122538,0.34419213150654887,False,0.997065203296516,0.0029347967034839516,0.4012027928746297,0.5987972071253703
alignment_0.8,0,158,0.0,1.58,0.01,0.010321056194173792,0.3442822752193107,False,0.9972983569248812,0.0027016430751187676,0.3982479176885922,0.6017520823114078
alignment_0.8,0,159,0.0,1.59,0.01,0.01034085863571184,0.34429551916869805,False,0.9975056254120535,0.0024943745879465167,0.39495545950368904,0.605044540496311
alignment_0.8,0,160,0.0,1.6,0.01,0.010361015405339086,0.3442222740710772,False,0.9976872023611406,0.0023127976388594177,0.39128511116567544,0.6087148888343246
alignment_0.8,0,161,0.0,1.61,0.01,0.010381525426198038,0.344051827112269,False,0.9978431451112065,0.002156854888793456,0.3871913530585601,0.6128086469414399
alignment_0.8,0,162,0.0,1.62,0.01,0.010402387587094475,0.34377225193065053,False,0.9979733040419261,0.002026695958073994,0.38262274064029206,0.617377259359708
alignment_0.8,0,163,0.0,1.6300000000000001,0.01,0.010423600741326705,0.343370313942698,False,0.9980772252561678,0.0019227747438321575,0.377521090258135,0.622478909741865
alignment_0.8,0,164,0.0,1.6400000000000001,0.01,0.010445163705833947,0.34283139654889416,False,0.9981540198748119,0.0018459801251881384,0.37182058661389844,0.6281794133861015
alignment_0.8,0,165,0.0,1.6500000000000001,0.01,0.0104670752601397,0.34213943706090544,False,0.9982021854053374,0.001797814594662642,0.36544677775652074,0.6345532222434792
alignment_0.8,0,166,0.0,1.6600000000000001,0.01,0.010489334145226438,0.34127688677324414,False,0.9982193633413818,0.0017806366586181521,0.35831547653364554,0.6416845234663545
alignment_0.8,0,167,0.0,1.67,0.01,0.01051193906241288,0.3402247133633336,False,0.9982020109019514,0.001797989098048695,0.35033160182957823,0.6496683981704218
alignment_0.8,0,168,0.0,1.68,0.01,0.01053488867217748,0.33896246201632896,False,0.9981449558921648,0.0018550441078352177,0.34138800842954037,0.6586119915704597
alignment_0.8,0,169,0.0,1.69,0.01,0.010558181592931443,0.33746840280479345,False,0.9980407933346255,0.0019592066653744203,0.3313644094720182,0.6686355905279818
alignment_0.8,0,170,0.0,1.7,0.01,0.010581816399744893,0.33571980163090254,False,0.9978790684625168,0.002120931537483161,0.3201265746463862,0.6798734253536138
alignment_0.8,0,171,0.0,1.71,0.01,0.010605791623029902,0.33369336590138193,False,0.9976451732000597,0.0023548267999403297,0.30752611596775936,0.6924738840322407
alignment_0.8,0,172,0.0,1.72,0.01,0.01063010574718437,0.3313659348099019,False,0.9973188632077442,0.0026811367922557326,0.2934013788124204,0.7065986211875797
alignment_0.8,0,173,0.0,1.73,0.01,0.010654757209200859,0.3287155090579438,False,0.9968722834181851,0.0031277165818149287,0.27758028085484227,0.7224197191451578
alignment_0.8,0,174,0.0,1.74,0.01,0.010679744397244876,0.325722747648612,False,0.9962673810745438,0.0037326189254562126,0.25988644595108845,0.7401135540489117
alignment_0.8,0,175,0.0,1.75,0.01,0.010705065649207136,0.3223731014867478,False,0.9954526081822717,0.004547391817728272,0.24015074414167903,0.759849255858321
alignment_0.8,0,176,0.0,1.76,0.01,0.010730719251234826,0.31865980508774105,False,0.9943589155583414,0.005641084441658462,0.21823146262479898,0.7817685373752009
alignment_0.8,0,177,0.0,1.77,0.01,0.010756703436246963,0.3145880064271674,False,0.9928953079419176,0.007104692058082431,0.19404785496288407,0.805952145037116
alignment_0.8,0,178,0.0,1.78,0.01,0.010783016382439387,0.31018037490178096,False,0.9909448272431197,0.009055172756880274,0.16763366594422405,0.8323663340557759
alignment_0.8,0,179,0.0,1.79,0.01,0.010809656211753794,0.30548460831098945,False,0.9883630394201981,0.011636960579801889,0.13921900519833805,0.8607809948016619
alignment_0.8,0,180,0.0,1.8,0.01,0.010836620987879523,0.30058297347100466,False,0.9849831244342868,0.015016875565713194,0.10934854197906088,0.890651458020939
alignment_0.8,0,181,0.0,1.81,0.01,0.01086390871487823,0.29560438174104153,False,0.9806350445495391,0.019364955450460918,0.07904044613280806,0.920959553867192
alignment_0.8,0,182,0.0,1.82,0.01,0.010891517335594772,0.2907385711188454,False,0.9751897538907459,0.024810246109254,0.049975324420674656,0.9500246755793254
alignment_0.8,0,183,0.0,1.83,0.01,0.010919444729911097,0.28625158592448385,False,0.9686405725006876,0.0313594274993124,0.0246761186877106,0.9753238813122894
alignment_0.8,0,184,0.0,1.84,0.01,0.010947688713039076,0.28250114826679623,False,0.9612256890759203,0.038774310924079715,0.0065983988929130275,0.9934016011070869
alignment_0.8,0,185,0.0,1.85,0.01,0.010976247033795286,0.2799501191222827,False,0.9535687320700477,0.0464312679299523,1.617775914493922e-05,0.999983822240855
alignment_0.8,0,186,0.0,1.86,0.01,0.011005117372858773,0.2791771309141077,False,0.9467667487579102,0.05323325124208967,0.00960375815803726,0.9903962418419628
alignment_0.8,0,187,0.0,1.87,0.01,0.011034297341012796,0.28088530419024105,False,0.9423103780557324,0.057689621944267674,0.03970374709655014,0.9602962529034498
alignment_0.8,0,188,0.0,1.8800000000000001,0.01,0.01106378447737169,0.2859104249214368,False,0.9417332857824112,0.058266714217588736,0.09337757868510478,0.9066224213148952
alignment_0.8,0,189,0.0,1.8900000000000001,0.01,0.011093576247594012,0.29522464681198346,False,0.946005013773989,0.053994986226010955,0.1713504857078248,0.8286495142921751
alignment_0.8,0,190,0.0,1.9000000000000001,0.01,0.011123670042083256,0.30991942325718574,False,0.9548924736773824,0.04510752632261766,0.2709554291954466,0.7290445708045534
alignment_0.8,0,191,0.0,1.9100000000000001,0.01,0.011154063174177397,0.33114247180360873,False,0.9667153875005424,0.033284612499457564,0.38546906766230693,0.6145309323376931
alignment_0.8,0,192,0.0,1.92,0.01,0.011184752878328699,0.35997992235031157,False,0.9788679122704791,0.021132087729520858,0.5047610080046844,0.49523899199531557
alignment_0.8,0,193,0.0,1.93,0.01,0.01121573630826701,0.39732205346947125,False,0.9889466949188623,0.01105330508113775,0.6178710447398079,0.382128955260192
alignment_0.8,0,194,0.0,1.94,0.01,0.011247010535181116,0.4437851586727467,False,0.9956957054279105,0.004304294572089573,0.7163865319314443,0.2836134680685558
alignment_0.8,0,195,0.0,1.95,0.01,0.011278572545908385,0.4997293876507835,False,0.9991270960965607,0.0008729039034393011,0.7963644817367944,0.2036355182632056
alignment_0.8,0,196,0.0,1.96,0.01,0.011310419241085409,0.5653419778873587,False,0.9999971170263333,2.8829736665829164e-06,0.8579091128442138,0.14209088715578613
alignment_0.8,0,197,0.0,1.97,0.01,0.011342547433323516,0.640724349104888,False,0.9992226983246946,0.000777301675305445,0.9034797874808944,0.09652021251910557
alignment_0.8,0,198,0.0,1.98,0.01,0.01137495384540416,0.7259448760007108,False,0.9975594721163327,0.0024405278836673707,0.9363020319574769,0.0636979680425231
alignment_0.8,0,199,0.0,1.99,0.01,0.011407635108480474,0.8210526316100493,False,0.9955211314817726,0.004478868518227398,0.9594333295091828,0.04056667049081723
alignment_0.8,0,200,0.0,2.0,0.01,0.011440587760270526,0.9260633912024727,False,0.9934151272331935,0.006584872766806472,0.9753962650120845,0.024603734987915404
alignment_0.8,0,201,0.0,2.0100000000000002,0.01,0.011473808243228852,1.0409302959615405,False,0.9914061503949626,0.008593849605037507,0.9861284283813119,0.013871571618688213
alignment_0.8,0,202,0.0,2.02,0.01,0.01150729290280498,1.1655079471087717,False,0.9895707182894207,0.010429281710579363,0.9930610495872172,0.006938950412782853
alignment_0.8,0,203,0.0,2.0300000000000002,0.01,0.011541037985728055,1.299515539871752,False,0.9879349969243,0.01206500307569999,0.99722833038637,0.0027716696136300062
alignment_0.8,0,204,0.0,2.04,0.01,0.011575039638243438,1.4425028663571993,False,0.9864983791834142,0.013501620816585808,0.9993677231190575,0.0006322768809423709
alignment_0.8,0,205,0.0,2.05,0.01,0.01160929390440248,1.5938228567048347,False,0.9852472678341595,0.014752732165840443,0.9999999503271171,4.9672882811985516e-08
alignment_0.8,0,206,0.0,2.06,0.01,0.01164379672440393,1.7526144249661428,False,0.9841627525821822,0.015837247417817828,0.99948894100051,0.000511058999490102
alignment_0.8,0,207,0.0,2.07,0.01,0.011678543932972098,1.91779999548884,False,0.98322468269709,0.01677531730291,0.9980854058013675,0.0019145941986324945
alignment_0.8,0,208,0.0,2.08,0.01,0.011713531257727785,2.088102219524873,False,0.9824136894553365,0.017586310544663447,0.9959581578314801,0.0040418421685198365
alignment_0.8,0,209,0.0,2.09,0.01,0.011748754317562681,2.262083974395955,False,0.9817120783788594,0.018287921621140495,0.9932166857194684,0.006783314280531469
alignment_0.8,0,210,0.0,2.1,0.01,0.011784208621204948,2.4382144580193117,False,0.9811041198817421,0.018895880118257834,0.9899277043336817,0.010072295666318298
alignment_0.8,0,211,0.0,2.11,0.01,0.011819889565687339,2.614961584246781,False,0.9805760364547225,0.019423963545277537,0.9861277130250486,0.01387228697495134
alignment_0.8,0,212,0.0,2.12,0.01,0.01185579243490663,2.7909066982211814,False,0.9801158523376398,0.0198841476623603,0.9818330329742552,0.018166967025744832
alignment_0.8,0,213,0.0,2.13,0.01,0.011891912398259845,2.964872125070757,False,0.9797131962182879,0.020286803781712097,0.9770483133849669,0.022951686615033093
alignment_0.8,0,214,0.0,2.14,0.01,0.01192824450932496,3.136045499151328,False,0.9793591054672054,0.020640894532794687,0.9717740253900493,0.028225974609950646
alignment_0.8,0,215,0.0,2.15,0.01,0.011964783704546475,3.304078262907656,False,0.9790458565484439,0.020954143451556117,0.9660129410497009,0.03398705895029904
alignment_0.8,0,216,0.0,2.16,0.01,0.012001524802081472,3.4691310926107564,False,0.9787668313337051,0.021233168666294894,0.959774990748392,0.040225009251608004
alignment_0.8,0,217,0.0,2.17,0.01,0.012038462500649676,3.631838361966011,False,0.978516419145581,0.02148358085441909,0.9530793119554002,0.04692068804459981
alignment_0.8,0,218,0.0,2.18,0.01,0.012075591378451569,3.7931700347053225,False,0.9782899461682751,0.02171005383172475,0.9459519488598536,0.05404805114014645
alignment_0.8,0,219,0.0,2.19,0.01,0.01211290589220958,3.954184603784496,False,0.9780836177073184,0.02191638229268147,0.9384178869125481,0.0615821130874519
alignment_0.8,0,220,0.0,2.2,0.01,0.012150400376273815,4.115691356998512,False,0.9778944557790763,0.02210554422092372,0.9304872204584388,0.06951277954156122
alignment_0.8,0,221,0.0,2.21,0.01,0.012188069041722066,4.2778724523379985,False,0.9777202153577176,0.022279784642282384,0.9221372172141158,0.07786278278588432
alignment_0.8,0,222,0.0,2.22,0.01,0.012225905975705425,4.4399493717742216,False,0.9775592674055096,0.022440732594490507,0.9132942807336708,0.08670571926632915
alignment_0.8,0,223,0.0,2.23,0.01,0.012263905140779319,4.6000031735044535,False,0.9774104459560295,0.02258955404397047,0.9038214586915363,0.09617854130846372
alignment_0.8,0,224,0.0,2.24,0.01,0.012302060374345104,4.755061472342828,False,0.9772728668693734,0.022727133130626555,0.8935173849233226,0.10648261507667747
alignment_0.8,0,225,0.0,2.25,0.01,0.012340365388236256,4.901532287127704,False,0.9771457382433008,0.022854261756699246,0.8821315773415309,0.11786842265846907
alignment_0.8,0,226,0.0,2.2600000000000002,0.01,0.0123788137683767,5.0359889771789526,False,0.9770281942720134,0.0229718057279866,0.8693995602299669,0.1306004397700331
alignment_0.8,0,227,0.0,2.27,0.01,0.012417398974503498,5.156197932126877,False,0.9769191925488995,0.023080807451100572,0.8550996627189648,0.14490033728103527
alignment_0.8,0,228,0.0,2.2800000000000002,0.01,0.012456114340131262,5.262157660665525,False,0.9768175138673546,0.02318248613264545,0.8391301649418533,0.1608698350581467
alignment_0.8,0,229,0.0,2.29,0.01,0.012494953072511014,5.356833528280799,False,0.9767218829519467,0.023278117048053302,0.82159730128717,0.17840269871282996
alignment_0.8,0,230,0.0,2.3000000000000003,0.01,0.012533908252779473,5.446276477539887,False,0.9766311826900829,0.023368817309917158,0.8028892956785318,0.1971107043214682
alignment_0.8,0,231,0.0,2.31,0.01,0.012572972836215494,5.538940640277562,False,0.9765446692776071,0.02345533072239289,0.7836935166313239,0.21630648336867608
alignment_0.8,0,232,0.0,2.32,0.01,0.012612139652621037,5.644242558585979,False,0.976462054254214,0.023537945745786014,0.7649096020006565,0.23509039799934356
alignment_0.8,0,233,0.0,2.33,0.01,0.012651401406852792,5.770650685045829,False,0.9763833676191077,0.023616632380892316,0.7474424504256849,0.25255754957431503
alignment_0.8,0,234,0.0,2.34,0.01,0.012690750679504564,5.923753587904141,False,0.9763086667279558,0.02369133327204421,0.7319258833595453,0.26807411664045455
alignment_0.8,0,235,0.0,2.35,0.01,0.01273017992769966,6.1047667477124135,False,0.9762377947213896,0.02376220527861039,0.7184887540369519,0.28151124596304816
alignment_0.8,0,236,0.0,2.36,0.01,0.012769681486085274,6.30982272329106,False,0.9761703594719623,0.023829640528037616,0.7066715369289144,0.29332846307108557
alignment_0.8,0,237,0.0,2.37,0.01,0.01280924756789887,6.530212234133428,False,0.9761059056044303,0.02389409439556964,0.6955221280046282,0.3044778719953719
alignment_0.8,0,238,0.0,2.38,0.01,0.01284887026623459,6.753527596280934,False,0.9760440955644324,0.023955904435567582,0.6838045457310246,0.31619545426897544
alignment_0.8,0,239,0.0,2.39,0.01,0.012888541555581919,6.965426080745398,False,0.9759847487459483,0.024015251254051715,0.6702136832462392,0.3297863167537609
alignment_0.8,0,240,0.0,2.4,0.01,0.012928253293281625,7.151542688531083,False,0.9759277329738398,0.024072267026160086,0.6535163566348278,0.3464836433651723
alignment_0.8,0,241,0.0,2.41,0.01,0.012967997221387926,7.2990364951897675,False,0.9758727960817332,0.02412720391826685,0.6325924296969169,0.36740757030308313
alignment_0.8,0,242,0.0,2.42,0.01,0.013007764968529833,7.397392052219451,False,0.975819410394302,0.024180589605698015,0.6063864507808281,0.39361354921917197
alignment_0.8,0,243,0.0,2.43,0.01,0.013047548052052424,7.438355190084653,False,0.9757666306763089,0.02423336932369114,0.5737868053076106,0.4262131946923894
alignment_0.8,0,244,0.0,2.44,0.01,0.013087337880348545,7.415151011134375,False,0.9757128900442347,0.024287109955765312,0.5334362713304343,0.4665637286695658
alignment_0.8,0,245,0.0,2.45,0.01,0.01312712575523414,7.321345515038609,False,0.975655575866924,0.024344424133076033,0.48346202192172055,0.5165379780782794
alignment_0.8,0,246,0.0,2.46,0.01,0.013166902874680938,7.149936610988184,False,0.9755900734540978,0.024409926545902298,0.4211213691904404,0.5788786308095597
alignment_0.8,0,247,0.0,2.47,0.01,0.013206660335519553,6.893804369543317,False,0.975507592464649,0.02449240753535104,0.34249069270966565,0.6575093072903344
alignment_0.8,0,248,0.0,2.48,0.01,0.013246389136630328,6.550374607280985,False,0.97539025951946,0.02460974048054004,0.24303457347573593,0.7569654265242641
alignment_0.8,0,249,0.0,2.49,0.01,0.013286080182026086,6.13863103033442,False,0.9752011185345821,0.024798881465417776,0.12317390148084399,0.876826098519156
alignment_0.8,0,250,0.0,2.5,0.01,0.013325724284285974,5.750561214014853,False,0.9748753757728108,0.025124624227189238,0.014962266715787159,0.9850377332842128
alignment_0.8,0,251,0.0,2.5100000000000002,0.01,0.01336531216812991,5.675092821157468,False,0.9743929040527829,0.025607095947217152,0.051066168498065195,0.9489338315019347
alignment_0.8,0,252,0.0,2.52,0.01,0.013404834474198811,6.5231620184087715,False,0.9740492597117257,0.0259507402882743,0.3815362666998179,0.6184637333001821
alignment_0.8,0,253,0.0,2.5300000000000002,0.01,0.013444281763062662,8.972410831383357,False,0.9741407923634904,0.02585920763650956,0.7622613549451599,0.2377386450548401
alignment_0.8,0,254,0.0,2.54,0.01,0.013483644519331624,13.363721036138598,False,0.9743895206943813,0.025610479305618772,0.9487111860506799,0.05128881394932006
alignment_0.8,0,255,0.0,2.5500000000000003,0.01,0.013522913156042132,19.748847926394934,False,0.9745810275396768,0.025418972460323198,0.9988171870463187,0.0011828129536812398
alignment_0.8,0,256,0.0,2.56,0.01,0.013562078019194993,27.65763950534366,False,0.9746983360224502,0.025301663977549904,0.9852610594709001,0.014738940529099942
alignment_0.8,0,257,0.0,2.57,0.01,0.013601129392511853,35.09086145737956,False,0.9747650413974756,0.02523495860252445,0.914883092982854,0.08511690701714607
alignment_0.8,0,258,0.0,2.58,0.01,0.013640057502347367,37.34030439382437,False,0.9748068057505426,0.0251931942494575,0.6583393456365504,0.34166065436344956
alignment_0.8,0,259,0.0,2.59,0.01,0.013678852522814857,41.044391079529916,False,0.9749343643544112,0.025065635645588853,0.00232761810081548,0.9976723818991845
alignment_0.8,0,260,0.0,2.6,0.01,0.013717504581111246,129.92214137244716,False,0.9749593152016255,0.025040684798374516,0.6941293943792999,0.3058706056207002
alignment_0.8,0,261,0.0,2.61,0.01,0.013756003762968946,402.5825904326109,False,0.9749390107511202,0.025060989248879825,0.9117990885580392,0.08820091144196084
alignment_0.8,0,262,0.0,2.62,0.01,0.01379434011836199,1040.3513522240714,False,0.9749323395121113,0.0250676604878887,0.9669743670646783,0.03302563293532168
alignment_0.8,0,263,0.0,2.63,0.01,0.013832503667341471,2405.6922306056663,False,0.9749300295352172,0.02506997046478271,0.9863188715975565,0.013681128402443479
alignment_0.8,0,264,0.0,2.64,0.01,0.013870484406066056,5152.029539259986,False,0.9749291523870068,0.025070847612993157,0.9944049505909237,0.005595049409076296
alignment_0.8,0,265,0.0,2.65,0.01,0.01390827231298446,10387.309868976063,False,0.974928795788597,0.025071204211403013,0.9980231448563229,0.0019768551436770377
alignment_0.8,0,266,0.0,2.66,0.01,0.013945857355203083,19880.26867692284,False,0.9749286431394025,0.025071356860597527,0.9995606151438353,0.000439384856164698
alignment_0.8,0,267,0.0,2.67,0.01,0.013983229495017273,36279.979864806926,False,0.9749285750368077,0.02507142496319235,0.9999972153635515,2.7846364485910618e-06
alignment_0.8,0,268,0.0,2.68,0.01,0.014020378696559243,63288.75992074785,False,0.9749285435835031,0.025071456416496843,0.9997767392392369,0.00022326076076296367
alignment_0.8,0,269,0.0,2.69,0.01,0.014057294932644637,105698.00524457904,False,0.9749285286194048,0.025071471380595064,0.9991104500702738,0.0008895499297262179
alignment_0.8,0,270,0.0,2.7,0.01,0.014093968191724236,169183.1763513357,False,0.9749285213165314,0.02507147868346861,0.9980972965489552,0.0019027034510447824
alignment_0.8,0,271,0.0,2.71,0.01,0.014130388485007035,259777.48682798602,False,0.9749285176752837,0.025071482324716305,0.9967760962925881,0.003223903707411899
alignment_0.8,0,272,0.0,2.72,0.01,0.014166545853650878,383016.1506869815,False,0.974928515828025,0.025071484171974995,0.9951496475650881,0.004850352434912025
alignment_0.8,0,273,0.0,2.73,0.01,0.014202430376144647,542856.4997899317,False,0.9749285148785012,0.025071485121498822,0.9931962601340374,0.006803739865962517
alignment_0.8,0,274,0.0,2.74,0.01,0.014238032175752221,740600.2950645442,False,0.9749285143857706,0.025071485614229488,0.9908753927169184,0.009124607283081588
alignment_0.8,0,275,0.0,2.75,0.01,0.014273341428099556,974120.4230336038,False,0.9749285141279307,0.02507148587206938,0.9881306038581658,0.011869396141834293
alignment_0.8,0,276,0.0,2.7600000000000002,0.01,0.014308348368784717,1237676.3740263793,False,0.9749285139910274,0.025071486008972535,0.9848916920723133,0.015108307927686675
alignment_0.8,0,277,0.0,2.77,0.01,0.01434304330116789,1522474.1177239364,False,0.9749285139155289,0.025071486084470965,0.9810773871386445,0.018922612861355517
alignment_0.8,0,278,0.0,2.7800000000000002,0.01,0.014377416604151665,1817917.8088040175,False,0.9749285138699539,0.02507148613004604,0.9765998344431349,0.02340016555686512
alignment_0.8,0,279,0.0,2.79,0.01,0.014411458740103323,2113285.556221247,False,0.9749285138376177,0.025071486162382257,0.9713719572603681,0.028628042739631872
alignment_0.8,0,280,0.0,2.8000000000000003,0.01,0.014445160262732855,2399422.7703506425,False,0.9749285138098542,0.025071486190145664,0.9653183394878699,0.03468166051213009
alignment_0.8,0,281,0.0,2.81,0.01,0.01447851182510591,2670039.5292762793,False,0.9749285137824887,0.025071486217511325,0.9583891909041848,0.041610809095815285
alignment_0.8,0,282,0.0,2.82,0.01,0.0145115041876397,2922324.656411737,False,0.974928513753952,0.02507148624604815,0.9505751530463565,0.049424846953643485
alignment_0.8,0,283,0.0,2.83,0.01,0.014544128226123932,3156797.5475830114,False,0.974928513724213,0.02507148627578701,0.941918638273682,0.05808136172631786
alignment_0.8,0,284,0.0,2.84,0.01,0.01457637493975348,3376530.608822348,False,0.9749285136941009,0.025071486305899088,0.9325162701559617,0.06748372984403828
alignment_0.8,0,285,0.0,2.85,0.01,0.014608235459156071,3586019.65456762,False,0.9749285136648086,0.02507148633519145,0.9225084354942713,0.07749156450572862
alignment_0.8,0,286,0.0,2.86,0.01,0.014639701054397767,3790020.3489489984,False,0.974928513637507,0.025071486362492987,0.9120564183721231,0.08794358162787691
alignment_0.8,0,287,0.0,2.87,0.01,0.01467076314295717,3992612.7086806693,False,0.97492851361307,0.02507148638693007,0.901313327370091,0.0986866726299091
alignment_0.8,0,288,0.0,2.88,0.01,0.014701413297671436,4196640.959483281,False,0.9749285135919304,0.02507148640806955,0.8903985644492919,0.10960143555070806
alignment_0.8,0,289,0.0,2.89,0.01,0.014731643254599438,4403550.95431617,False,0.9749285135740753,0.02507148642592472,0.8793841848072185,0.12061581519278157
alignment_0.8,0,290,0.0,2.9,0.01,0.014761444920810992,4613550.726266268,True,0.9749285135591447,0.025071486440855367,0.8682961353929411,0.1317038646070588
alignment_0.8,0,291,0.0,2.91,0.01,0.014790810382172498,4825969.191002629,True,0.9749285135465853,0.025071486453414782,0.8571273544092007,0.14287264559079924
alignment_0.8,0,292,0.0,2.92,0.01,0.014819731910907696,5039682.322103831,True,0.9749285135358017,0.025071486464198267,0.8458564258633171,0.15414357413668278
alignment_0.8,0,293,0.0,2.93,0.01,0.014848201973153142,5253501.7546598585,True,0.9749285135262713,0.02507148647372871,0.8344654509432592,0.16553454905674087
alignment_0.8,0,294,0.0,2.94,0.01,0.014876213236347767,5466461.324621663,True,0.9749285135176085,0.025071486482391495,0.8229530137455939,0.17704698625440612
alignment_0.8,0,295,0.0,2.95,0.01,0.014903758576459692,5677977.916215529,True,0.9749285135095839,0.02507148649041614,0.8113406366639015,0.1886593633360984
alignment_0.8,0,296,0.0,2.96,0.01,0.014930831085154965,5887895.035483302,True,0.9749285135021093,0.02507148649789079,0.7996730576608209,0.2003269423391792
alignment_0.8,0,297,0.0,2.97,0.01,0.01495742407669944,6096436.9100054065,True,0.9749285134952039,0.02507148650479614,0.7880137577538243,0.21198624224617565
alignment_0.8,0,298,0.0,2.98,0.01,0.014983531094743291,6304108.058416124,True,0.9749285134889537,0.02507148651104627,0.7764375560652894,0.22356244393471048
alignment_0.8,0,299,0.0,2.99,0.01,0.015009145918909018,6511571.230040723,True,0.9749285134834724,0.025071486516527495,0.7650220851194152,0.23497791488058486
alignment_0.8,0,300,0.0,3.0,0.01,0.015034262571161167,6719529.225353909,True,0.9749285134788692,0.02507148652113068,0.7538396776519719,0.2461603223480281
alignment_0.8,0,301,0.0,3.0100000000000002,0.01,0.015058875322001418,6928626.870829528,True,0.9749285134752261,0.025071486524773916,0.742950786472997,0.25704921352700305
alignment_0.8,0,302,0.0,3.02,0.01,0.015082978696393733,7139380.804272209,True,0.9749285134725846,0.025071486527415383,0.732399564886637,0.26760043511336296
alignment_0.8,0,303,0.0,3.0300000000000002,0.01,0.01510656747948698,7352138.064581298,True,0.9749285134709418,0.02507148652905828,0.7222117841941497,0.27778821580585034
alignment_0.8,0,304,0.0,3.04,0.01,0.015129636722082422,7567060.174717856,True,0.9749285134702514,0.02507148652974845,0.712394873323559,0.287605126676441
alignment_0.8,0,305,0.0,3.0500000000000003,0.01,0.01515218174582007,7784127.216541493,True,0.9749285134704317,0.025071486529568296,0.702939618343423,0.29706038165657694
alignment_0.8,0,306,0.0,3.06,0.01,0.015174198148139275,8003155.819804617,True,0.9749285134713722,0.025071486528627746,0.6938229580551983,0.3061770419448016
alignment_0.8,0,307,0.0,3.0700000000000003,0.01,0.01519568180694502,8223825.447898997,True,0.9749285134729451,0.025071486527054904,0.6850113099610425,0.31498869003895746
alignment_0.8,0,308,0.0,3.08,0.01,0.015216628884959522,8445708.34151436,True,0.9749285134750127,0.025071486524987138,0.6764639589502214,0.3235360410497787
alignment_0.8,0,309,0.0,3.09,0.01,0.015237035833821772,8668299.65227955,True,0.9749285134774367,0.0250714865225633,0.6681361751917426,0.3318638248082574
alignment_0.8,0,310,0.0,3.1,0.01,0.015256899397862936,8891045.425251186,True,0.9749285134800821,0.02507148651991787,0.6599818526162844,0.3400181473837156
alignment_0.8,0,311,0.0,3.11,0.01,0.015276216617555696,9113367.032036996,True,0.9749285134828234,0.025071486517176573,0.6519555820020403,0.34804441799795977
alignment_0.8,0,312,0.0,3.12,0.01,0.015294984832668479,9334681.40446093,True,0.9749285134855465,0.02507148651445351,0.6440141575349423,0.3559858424650577
alignment_0.8,0,313,0.0,3.13,0.01,0.015313201685118369,9554416.958137054,True,0.97492851348815,0.02507148651184991,0.6361175689268203,0.3638824310731797
alignment_0.8,0,314,0.0,3.14,0.01,0.015330865121424541,9772025.444835706,True,0.9749285134905465,0.025071486509453473,0.6282295614836625,0.3717704385163376
alignment_0.8,0,315,0.0,3.15,0.01,0.015347973394886813,9986990.185557494,True,0.9749285134926612,0.02507148650733889,0.6203178573167274,0.37968214268327255
alignment_0.8,0,316,0.0,3.16,0.01,0.015364525067408628,10198831.240172295,True,0.9749285134944314,0.025071486505568584,0.612354125030176,0.38764587496982383
alignment_0.8,0,317,0.0,3.17,0.01,0.015380519010974827,10407108.090439456,True,0.974928513495806,0.02507148650419395,0.6043137763086652,0.3956862236913347
alignment_0.8,0,318,0.0,3.18,0.01,0.015395954408778598,10611420.389186611,True,0.9749285134967433,0.02507148650325669,0.5961756534859939,0.40382434651400617
alignment_0.8,0,319,0.0,3.19,0.01,0.0154108307560072,10811407.2742203,True,0.97492851349721,0.02507148650278998,0.5879216575129884,0.4120783424870116
alignment_0.8,0,320,0.0,3.2,0.01,0.01542514786029576,11006745.67203334,True,0.9749285134971799,0.025071486502820095,0.5795363530108886,0.42046364698911143
alignment_0.8,0,321,0.0,3.21,0.01,0.015438905841809044,11197147.942529779,True,0.9749285134966327,0.02507148650336738,0.5710065772619383,0.4289934227380617
alignment_0.8,0,322,0.0,3.22,0.01,0.015452105132975793,11382359.151143948,True,0.9749285134955525,0.025071486504447498,0.5623210695536622,0.4376789304463377
alignment_0.8,0,323,0.0,3.23,0.01,0.015464746477890506,11562154.18502631,True,0.9749285134939275,0.025071486506072473,0.5534701316957479,0.4465298683042522
alignment_0.8,0,324,0.0,3.24,0.01,0.01547683093135459,11736334.874660889,True,0.9749285134917487,0.025071486508251237,0.5444453251820572,0.4555546748179427
alignment_0.8,0,325,0.0,3.25,0.01,0.015488359857581142,11904727.237085458,True,0.9749285134890092,0.025071486510990802,0.5352392076678062,0.4647607923321938
alignment_0.8,0,326,0.0,3.2600000000000002,0.01,0.015499334928561757,12067178.919819038,True,0.9749285134857035,0.02507148651429637,0.5258451081163923,0.47415489188360777
alignment_0.8,0,327,0.0,3.27,0.01,0.015509758122094838,12223556.895605994,True,0.9749285134818277,0.025071486518172304,0.5162569390215314,0.4837430609784687
alignment_0.8,0,328,0.0,3.2800000000000002,0.01,0.015519631719475466,12373745.436166376,True,0.974928513477378,0.02507148652262206,0.5064690434626916,0.49353095653730844
alignment_0.8,0,329,0.0,3.29,0.01,0.01552895830284774,12517644.369823476,True,0.974928513472351,0.025071486527648987,0.49647607740398314,0.5035239225960167
alignment_0.8,0,330,0.0,3.3000000000000003,0.01,0.015537740752263917,12655167.632939262,True,0.974928513466744,0.02507148653325598,0.48627291926478805,0.5137270807352119
alignment_0.8,0,331,0.0,3.31,0.01,0.015545982242408983,12786242.102718234,True,0.9749285134605539,0.025071486539446235,0.4758546072299093,0.5241453927700908
alignment_0.8,0,332,0.0,3.3200000000000003,0.01,0.015553686239040014,12910806.689741328,True,0.9749285134537771,0.02507148654622291,0.4652163031530678,0.5347836968469322
alignment_0.8,0,333,0.0,3.33,0.01,0.01556085649509612,13028811.678725848,True,0.9749285134464104,0.02507148655358954,0.4543532791362511,0.545646720863749
alignment_0.8,0,334,0.0,3.34,0.01,0.015567497046509927,13140218.303782273,True,0.9749285134384504,0.025071486561549623,0.44326092919240767,0.5567390708075923
alignment_0.8,0,335,0.0,3.35,0.01,0.015573612207755322,13244998.550143452,True,0.974928513429893,0.02507148657010703,0.4319348020475585,0.5680651979524415
alignment_0.8,0,336,0.0,3.36,0.01,0.015579206567132787,13343135.154348612,True,0.9749285134207343,0.025071486579265737,0.4203706552463465,0.5796293447536535
alignment_0.8,0,337,0.0,3.37,0.01,0.01558428498179387,13434621.780428454,True,0.9749285134109703,0.025071486589029707,0.4085645300993786,0.5914354699006213
alignment_0.8,0,338,0.0,3.38,0.01,0.015588852572506614,13519463.356851965,True,0.9749285134005973,0.025071486599402677,0.3965128479558414,0.6034871520441587
alignment_0.8,0,339,0.0,3.39,0.01,0.01559291471816396,13597676.56921021,True,0.9749285133896117,0.02507148661038825,0.38421252946572093,0.615787470534279
alignment_0.8,0,340,0.0,3.4,0.01,0.015596477050037277,13669290.518258287,True,0.9749285133780107,0.025071486621989332,0.37166114005748635,0.6283388599425137
alignment_0.8,0,341,0.0,3.41,0.01,0.01559954544577745,13734347.517329453,True,0.9749285133657919,0.025071486634208145,0.35885707500262715,0.6411429249973729
alignment_0.8,0,342,0.0,3.42,0.01,0.01560212602326423,13792904.005604582,True,0.9749285133529543,0.025071486647045768,0.3457997823566219,0.6542002176433781
alignment_0.8,0,343,0.0,3.43,0.01,0.01560422513444304,13845031.890259562,True,0.9749285133394981,0.025071486660501813,0.33248995071317267,0.6675100492868273
alignment_0.8,0,344,0.0,3.44,0.01,0.015605849358616015,13890819.425401565,True,0.974928513325426,0.025071486674573953,0.3189298382391118,0.6810701617608883
alignment_0.8,0,345,0.0,3.45,0.01,0.015607005495814357,13930372.75051811,True,0.9749285133107426,0.025071486689257464,0.30512355610044684,0.6948764438995533
alignment_0.8,0,346,0.0,3.46,0.01,0.01560770055990129,13963817.307214316,True,0.9749285132954553,0.025071486704544774,0.29107744221684234,0.7089225577831577
alignment_0.8,0,347,0.0,3.47,0.01,0.015607941771540157,13991299.47637918,True,0.9749285132795754,0.02507148672042466,0.2768004763453967,0.7231995236546033
alignment_0.8,0,348,0.0,3.48,0.01,0.015607736551043078,14012988.390053535,True,0.9749285132631186,0.025071486736881476,0.2623047520958093,0.7376952479041906
alignment_0.8,0,349,0.0,3.49,0.01,0.015607092511108268,14029077.896411998,True,0.9749285132461054,0.02507148675389457,0.24760600941336192,0.7523939905866381
alignment_0.8,0,350,0.0,3.5,0.01,0.015606017449453892,14039788.663605006,True,0.9749285132285629,0.0250714867714371,0.23272423037385587,0.7672757696261442
alignment_0.8,0,351,0.0,3.5100000000000002,0.01,0.015604519341356373,14045370.415115917,True,0.974928513210525,0.025071486789474982,0.21768430118199275,0.7823156988180072
alignment_0.8,0,352,0.0,3.52,0.01,0.015602606332100645,14046104.29905135,True,0.9749285131920341,0.02507148680796593,0.2025167433347927,0.7974832566652073
alignment_0.8,0,353,0.0,3.5300000000000002,0.01,0.015600286729350123,14042305.407720363,True,0.9749285131731421,0.025071486826857878,0.18725851694254492,0.8127414830574551
alignment_0.8,0,354,0.0,3.54,0.01,0.015597568995443433,14034325.480919614,True,0.9749285131539123,0.025071486846087697,0.17195389916054346,0.8280461008394565
alignment_0.8,0,355,0.0,3.5500000000000003,0.01,0.015594461739625276,14022555.847050015,True,0.9749285131344204,0.025071486865579556,0.15665544012383206,0.843344559876168
alignment_0.8,0,356,0.0,3.56,0.01,0.015590973710218147,14007430.56350384,True,0.9749285131147567,0.025071486885243296,0.1414250018541568,0.8585749981458433
alignment_0.8,0,357,0.0,3.5700000000000003,0.01,0.015587113786780077,13989428.768821783,True,0.9749285130950275,0.02507148690497248,0.12633489995811428,0.8736651000418858
alignment_0.8,0,358,0.0,3.58,0.01,0.015582890972637726,13969080.427471466,True,0.9749285130753576,0.025071486924642505,0.11146883411984113,0.8885311658801589
alignment_0.8,0,359,0.0,3.59,0.01,0.015578314386869305,13946967.48019436,True,0.9749285130558912,0.025071486944108743,0.09692306684103419,0.9030769331589658
alignment_0.8,0,360,0.0,3.6,0.01,0.01557339325650944,13923727.764015673,True,0.9749285130367953,0.025071486963204763,0.08280741795934794,0.917192582040652
alignment_0.8,0,361,0.0,3.61,0.01,0.015568136908818305,13900058.738316126,True,0.9749285130182597,0.025071486981740384,0.06924617898586329,0.9307538210141367
alignment_0.8,0,362,0.0,3.62,0.01,0.015562554763550042,13876720.74647191,True,0.9749285130004997,0.02507148699950037,0.056378856445267966,0.9436211435547319
alignment_0.8,0,363,0.0,3.63,0.01,0.01555665632527217,13854540.250349844,True,0.974928512983757,0.025071487016242965,0.044360634342018986,0.955639365657981
alignment_0.8,0,364,0.0,3.64,0.01,0.015550451175744667,13834412.795143997,True,0.9749285129683005,0.0250714870316995,0.03336245311072313,0.9666375468892769
alignment_0.8,0,365,0.0,3.65,0.01,0.015543948966366886,13817305.56450371,True,0.9749285129544255,0.025071487045574475,0.0235705776864825,0.9764294223135174
alignment_0.8,0,366,0.0,3.66,0.01,0.015537159410700056,13804259.3764685,True,0.9749285129424534,0.025071487057546558,0.015185515438574538,0.9848144845614255
alignment_0.8,0,367,0.0,3.67,0.01,0.015530092277072792,13796389.963388737,True,0.974928512932729,0.025071487067271008,0.008420139555501652,0.9915798604444983
alignment_0.8,0,368,0.0,3.68,0.01,0.015522757381276606,13794888.373643316,True,0.9749285129256168,0.02507148707438332,0.0034968782909203903,0.9965031217090796
alignment_0.8,0,369,0.0,3.69,0.01,0.015515164579357853,13801020.326535648,True,0.9749285129214952,0.02507148707850478,0.000643848632841195,0.9993561513671588
alignment_0.8,0,370,0.0,3.7,0.01,0.015507323760512424,13816124.340107251,True,0.9749285129207502,0.02507148707924972,8.984741287497638e-05,0.999910152587125
alignment_0.8,0,371,0.0,3.71,0.01,0.015499244840088744,13841608.379812362,True,0.974928512923765,0.0250714870762349,0.0020581655990016263,0.9979418344009983
alignment_0.8,0,372,0.0,3.72,0.01,0.015490937752707844,13878943.509513825,True,0.9749285129309093,0.0250714870690907,0.006759264824877149,0.9932407351751229
alignment_0.8,0,373,0.0,3.73,0.01,0.015482412445604297,13929659.704588179,True,0.9749285129425259,0.025071487057474067,0.014382495528348149,0.9856175044716519
alignment_0.8,0,374,0.0,3.74,0.01,0.015473678872008663,13995335.977888951,True,0.9749285129589171,0.02507148704108286,0.02508715651341856,0.9749128434865815
alignment_0.8,0,375,0.0,3.75,0.01,0.01546474698466769,14077589.771544782,True,0.9749285129803291,0.02507148701967088,0.038993316421294645,0.9610066835787054
alignment_0.8,0,376,0.0,3.7600000000000002,0.01,0.015455626729546012,14178065.979248723,True,0.9749285130069373,0.025071486993062733,0.05617294204799222,0.9438270579520077
alignment_0.8,0,377,0.0,3.77,0.01,0.015446328039663046,14298423.61218556,True,0.9749285130388322,0.02507148696116777,0.07664197540336719,0.9233580245966327
alignment_0.8,0,378,0.0,3.7800000000000002,0.01,0.015436860829085824,14440321.761638934,True,0.9749285130760086,0.025071486923991457,0.1003540529377069,0.8996459470622931
alignment_0.8,0,379,0.0,3.79,0.01,0.01542723498708104,14605405.038968733,True,0.9749285131183563,0.025071486881643727,0.12719653045069473,0.8728034695493052
alignment_0.8,0,380,0.0,3.8000000000000003,0.01,0.01541746037242934,14795289.053026486,True,0.9749285131656572,0.025071486834342748,0.15698937307624902,0.8430106269237511
alignment_0.8,0,381,0.0,3.81,0.01,0.015407546807904342,15011546.54818378,True,0.9749285132175859,0.02507148678241407,0.1894872798231392,0.8105127201768608
alignment_0.8,0,382,0.0,3.8200000000000003,0.01,0.015397504074918607,15255694.848294254,True,0.9749285132737163,0.025071486726283662,0.2243851521126758,0.7756148478873243
alignment_0.8,0,383,0.0,3.83,0.01,0.015387341908338393,15529185.20511872,True,0.9749285133335334,0.025071486666466657,0.2613267149195225,0.7386732850804776
alignment_0.8,0,384,0.0,3.84,0.01,0.015377069991468633,15833394.541679064,True,0.9749285133964493,0.025071486603550804,0.2999157978581814,0.7000842021418185
alignment_0.8,0,385,0.0,3.85,0.01,0.015366697951209273,16169619.892429028,True,0.9749285134618232,0.025071486538176865,0.3397295265182048,0.6602704734817952
alignment_0.8,0,386,0.0,3.86,0.01,0.015356235353383782,16539075.591076221,True,0.9749285135289832,0.025071486471016712,0.38033250041551053,0.6196674995844895
alignment_0.8,0,387,0.0,3.87,0.01,0.015345691698240268,16942892.698294636,True,0.9749285135972492,0.025071486402750847,0.4212909898242307,0.5787090101757693
alignment_0.8,0,388,0.0,3.88,0.01,0.015335076416130279,17382120.73150711,True,0.9749285136659527,0.025071486334047235,0.4621862726415917,0.5378137273584084
alignment_0.8,0,389,0.0,3.89,0.01,0.015324398863378061,17857736.29250232,True,0.9749285137344587,0.025071486265541294,0.502626180494214,0.4973738195057859
alignment_0.8,0,390,0.0,3.9,0.01,0.015313668318296681,18370647.844982985,True,0.9749285138021799,0.025071486197820125,0.5422547030158359,0.45774529698416405
alignment_0.8,0,391,0.0,3.91,0.01,0.015302893977393438,18921706.738727864,True,0.97492851386859,0.025071486131409963,0.5807587598388033,0.41924124016119674
alignment_0.8,0,392,0.0,3.92,0.01,0.015292084951743395,19511717.53138195,True,0.9749285139332322,0.025071486066767793,0.6178724405799332,0.382127559420067
alignment_0.8,0,393,0.0,3.93,0.01,0.015281250263534447,20141449.382270318,True,0.9749285139957231,0.02507148600427695,0.6533787463628931,0.346621253637107
alignment_0.8,0,394,0.0,3.94,0.01,0.015270398842783025,20811647.691611487,True,0.9749285140557535,0.025071485944246418,0.6871091337561577,0.31289086624384227
alignment_0.8,0,395,0.0,3.95,0.01,0.015259539524218433,21523045.540773533,True,0.9749285141130871,0.02507148588691289,0.7189412693651177,0.28105873063488224
alignment_0.8,0,396,0.0,3.96,0.01,0.0152486810443337,22276374.656709824,True,0.9749285141675548,0.025071485832445176,0.7487954430284567,0.2512045569715433
alignment_0.8,0,397,0.0,3.97,0.01,0.015237832038600655,23072375.701978534,True,0.9749285142190496,0.02507148578095045,0.7766300811460914,0.2233699188539085
alignment_0.8,0,398,0.0,3.98,0.01,0.015227001038846692,23911807.762975607,True,0.9749285142675187,0.025071485732481264,0.8024367594967204,0.19756324050327953
alignment_0.8,0,399,0.0,3.99,0.01,0.015216196470790724,24795456.948823668,True,0.9749285143129566,0.025071485687043333,0.8262350518941264,0.17376494810587362
alignment_0.8,0,400,0.0,4.0,0.01,0.015205426651735484,25724144.017426778,True,0.9749285143553971,0.025071485644602896,0.8480674790854524,0.15193252091454756
alignment_0.8,0,401,0.0,4.01,0.01,0.01519469978841343,26698730.9083696,True,0.9749285143949058,0.025071485605094132,0.8679947503784092,0.1320052496215909
alignment_0.8,0,402,0.0,4.0200000000000005,0.01,0.015184023974983224,27720125.967234552,True,0.9749285144315739,0.025071485568426127,0.8860914256552628,0.11390857434473706
alignment_0.8,0,403,0.0,4.03,0.01,0.01517340719117384,28789287.489840705,True,0.9749285144655112,0.025071485534488867,0.9024420704101557,0.09755792958984438
alignment_0.8,0,404,0.0,4.04,0.01,0.015162857300573167,29907224.978107657,True,0.9749285144968415,0.025071485503158474,0.9171379332190097,0.0828620667809903
alignment_0.8,0,405,0.0,4.05,0.01,0.015152382049057932,31074997.95741271,True,0.974928514525698,0.02507148547430211,0.9302741746149359,0.06972582538506401
alignment_0.8,0,406,0.0,4.0600000000000005,0.01,0.01514198906335384,32293714.84019564,True,0.9749285145522185,0.02507148544778143,0.9419475435800473,0.058052456419952866
alignment_0.8,0,407,0.0,4.07,0.01,0.015131685849728902,33564533.00213166,True,0.9749285145765438,0.025071485423456132,0.9522544877208916,0.04774551227910836
alignment_0.8,0,408,0.0,4.08,0.01,0.01512147979283365,34888657.37833854,True,0.9749285145988139,0.02507148540118605,0.9612898158141273,0.03871018418587271
alignment_0.8,0,409,0.0,4.09,0.01,0.01511137815464957,36267334.66542312,True,0.9749285146191666,0.025071485380833262,0.9691455074951252,0.03085449250487484
alignment_0.8,0,410,0.0,4.1,0.01,0.0151013880735639,37701846.78379669,True,0.9749285146377361,0.025071485362263793,0.9759099096867084,0.024090090313291495
alignment_0.8,0,411,0.0,4.11,0.01,0.015091516563562772,39193502.88138089,True,0.9749285146546517,0.025071485345348275,0.98166715877609,0.01833284122390997
alignment_0.8,0,412,0.0,4.12,0.01,0.015081770513538456,40743629.31830824,True,0.9749285146700368,0.025071485329963245,0.9864967993241368,0.013503200675863159
alignment_0.8,0,413,0.0,4.13,0.01,0.015072156686706579,42353557.49769036,True,0.974928514684009,0.025071485315991127,0.9904735597008739,0.00952644029912604
alignment_0.8,0,414,0.0,4.14,0.01,0.015062681720129069,44024609.39781577,True,0.9749285146966792,0.025071485303320862,0.9936672502534247,0.006332749746575247
alignment_0.8,0,415,0.0,4.15,0.01,0.015053352124338911,45758080.61729044,True,0.9749285147081523,0.025071485291847762,0.9961427543669129,0.0038572456330871452
alignment_0.8,0,416,0.0,4.16,0.01,0.015044174283062492,47555220.71656973,True,0.9749285147185264,0.02507148528147362,0.9979600878154699,0.0020399121845301594
alignment_0.8,0,417,0.0,4.17,0.01,0.015035154453035682,49417210.54507902,True,0.9749285147278934,0.025071485272106595,0.9991745057983931,0.0008254942016069905
alignment_0.8,0,418,0.0,4.18,0.01,0.01502629876390971,51345136.16661259,True,0.9749285147363391,0.025071485263660823,0.9998366410815555,0.00016335891844451622
alignment_0.8,0,419,0.0,4.19,0.01,0.015017613218242996,53339958.83426385,True,0.9749285147439435,0.02507148525605652,0.9999926596732875,7.340326712358031e-06
alignment_0.8,0,420,0.0,4.2,0.01,0.015009103691575203,55402480.287656225,True,0.9749285147507808,0.025071485249219167,0.9996844231346387,0.0003155768653612902
alignment_0.8,0,421,0.0,4.21,0.01,0.01500077593257982,57533302.36203612,True,0.9749285147569203,0.025071485243079696,0.9989496485608774,0.0010503514391226553
alignment_0.8,0,422,0.0,4.22,0.01,0.014992635563291726,59732779.78070367,True,0.9749285147624261,0.0250714852375739,0.9978220583818627,0.002177941618137349
alignment_0.8,0,423,0.0,4.23,0.01,0.014984688079405332,62000967.60888211,True,0.974928514767358,0.025071485232642042,0.9963315088531292,0.003668491146870743
alignment_0.8,0,424,0.0,4.24,0.01,0.014976938850626322,64337558.40841246,True,0.9749285147717712,0.025071485228228788,0.9945041107495551,0.005495889250444867
alignment_0.8,0,425,0.0,4.25,0.01,0.014969393121103718,66741820.75433268,True,0.9749285147757174,0.025071485224282573,0.9923623067427152,0.007637693257284889
alignment_0.8,0,426,0.0,4.26,0.01,0.014962056009914668,69212521.96350867,True,0.9749285147792445,0.025071485220755536,0.9899249253357633,0.010075074664236773
alignment_0.8,0,427,0.0,4.2700000000000005,0.01,0.014954932511601852,71747840.74585544,True,0.974928514782397,0.025071485217603013,0.9872071977551804,0.012792802244819535
alignment_0.8,0,428,0.0,4.28,0.01,0.014948027496764793,74345270.47701554,True,0.9749285147852166,0.02507148521478337,0.9842207287032936,0.01577927129670638
alignment_0.8,0,429,0.0,4.29,0.01,0.014941345712699478,77001510.20889887,True,0.9749285147877425,0.025071485212257504,0.9809734169991918,0.01902658300080821
alignment_0.8,0,430,0.0,4.3,0.01,0.014934891784082784,79712342.18910539,True,0.9749285147900112,0.025071485209988788,0.9774693162586048,0.02253068374139524
alignment_0.8,0,431,0.0,4.3100000000000005,0.01,0.014928670213698316,82472494.56044333,True,0.9749285147920574,0.025071485207942588,0.9737084240170713,0.026291575982928774
alignment_0.8,0,432,0.0,4.32,0.01,0.014922685383200317,85275487.84019928,True,0.9749285147939141,0.025071485206085955,0.9696863846302297,0.030313615369770272
alignment_0.8,0,433,0.0,4.33,0.01,0.014916941553912473,88113463.83938421,True,0.9749285147956125,0.02507148520438755,0.9653940867480733,0.034605913251926725
alignment_0.8,0,434,0.0,4.34,0.01,0.014911442867658537,90976995.68625164,True,0.9749285147971831,0.025071485202816792,0.9608171304206907,0.03918286957930918
alignment_0.8,0,435,0.0,4.3500000000000005,0.01,0.014906193347621862,93854877.72646748,True,0.9749285147986559,0.02507148520134415,0.9559351308811643,0.04406486911883573
alignment_0.8,0,436,0.0,4.36,0.01,0.014901196899230952,96733894.19994645,True,0.9749285148000598,0.025071485199940156,0.9507208153734701,0.049279184626529866
alignment_0.8,0,437,0.0,4.37,0.01,0.014896457311068366,99598565.87944607,True,0.9749285148014246,0.02507148519857528,0.9451388544976844,0.05486114550231554
alignment_0.8,0,438,0.0,4.38,0.01,0.014891978255800369,102430874.19777437,True,0.9749285148027806,0.025071485197219318,0.9391443493098167,0.0608556506901832
alignment_0.8,0,439,0.0,4.39,0.01,0.01488776329112484,105209962.99115357,True,0.9749285148041592,0.025071485195840678,0.9326808670146819,0.06731913298531807
alignment_0.8,0,440,0.0,4.4,0.01,0.014883815860735068,107911822.9162263,True,0.9749285148055943,0.02507148519440574,0.9256778678433513,0.07432213215664883
alignment_0.8,0,441,0.0,4.41,0.01,0.014880139295294198,110508957.17193814,True,0.9749285148071225,0.025071485192877597,0.9180473397502398,0.0819526602497603
alignment_0.8,0,442,0.0,4.42,0.01,0.014876736813414868,112970017.44569606,True,0.9749285148087847,0.02507148519121528,0.909679412783261,0.09032058721673897
alignment_0.8,0,443,0.0,4.43,0.01,0.014873611522656356,115259486.11337985,True,0.9749285148106283,0.025071485189371752,0.9004363753848402,0.09956362461515984
alignment_0.8,0,444,0.0,4.44,0.01,0.01487076642052075,117337338.58691162,True,0.9749285148127079,0.02507148518729197,0.8901447751077838,0.10985522489221614
alignment_0.8,0,445,0.0,4.45,0.01,0.014868204395455472,119158775.44274461,True,0.9749285148150898,0.02507148518491025,0.8785846359170814,0.12141536408291864
alignment_0.8,0,446,0.0,4.46,0.01,0.014865928227856729,120674048.72553235,True,0.9749285148178538,0.025071485182146268,0.8654747125888049,0.1345252874111952
alignment_0.8,0,447,0.0,4.47,0.01,0.014863940591071913,121828460.13958326,True,0.9749285148210998,0.02507148517890025,0.850452116613001,0.14954788338699898
alignment_0.8,0,448,0.0,4.48,0.01,0.0148622440523991,122562649.96848182,True,0.9749285148249541,0.02507148517504588,0.8330439298602287,0.16695607013977123
alignment_0.8,0,449,0.0,4.49,0.01,0.014860841074082054,122813367.07710135,True,0.9749285148295793,0.02507148517042073,0.8126274144743598,0.18737258552564012
alignment_0.8,0,450,0.0,4.5,0.01,0.014859734014299028,122515029.58795397,True,0.9749285148351869,0.025071485164813088,0.7883741430693001,0.21162585693069985
alignment_0.8,0,451,0.0,4.51,0.01,0.014858925128143984,121602586.3238028,True,0.9749285148420563,0.025071485157943715,0.7591720922130535,0.24082790778694657
alignment_0.8,0,452,0.0,4.5200000000000005,0.01,0.014858416568598772,120016532.52012824,True,0.9749285148505578,0.025071485149442265,0.72351963839378,0.27648036160622
alignment_0.8,0,453,0.0,4.53,0.01,0.014858210387494965,117711529.17606796,True,0.9749285148611816,0.02507148513881848,0.6793903459636088,0.32060965403639125
alignment_0.8,0,454,0.0,4.54,0.01,0.01485830853646413,114671111.40816772,True,0.9749285148745642,0.025071485125435743,0.6240890515678623,0.3759109484321376
alignment_0.8,0,455,0.0,4.55,0.01,0.014858712867875086,110932758.68864107,True,0.9749285148914864,0.025071485108513574,0.5541905599240475,0.4458094400759524
alignment_0.8,0,456,0.0,4.5600000000000005,0.01,0.014859425135749133,106630247.76885232,True,0.9749285149127622,0.02507148508723773,0.46585533707952237,0.5341446629204777
alignment_0.8,0,457,0.0,4.57,0.01,0.014860446996669259,102063942.76252507,True,0.9749285149388188,0.025071485061181207,0.35632201833638383,0.6436779816636162
alignment_0.8,0,458,0.0,4.58,0.01,0.01486178001066356,97809641.4744266,True,0.9749285149685484,0.025071485031451554,0.2283086767364605,0.7716913232635395
alignment_0.8,0,459,0.0,4.59,0.01,0.01486342564207541,94859177.75046603,True,0.9749285149970439,0.025071485002955998,0.09928443322611046,0.9007155667738896
alignment_0.8,0,460,0.0,4.6000000000000005,0.01,0.014865385260416022,94717531.22501656,True,0.9749285150135453,0.025071484986454753,0.011209767428987036,0.9887902325710131
alignment_0.8,0,461,0.0,4.61,0.01,0.014867660141195225,99265079.02083652,True,0.9749285150053486,0.02507148499465143,0.01782508122507578,0.9821749187749242
alignment_0.8,0,462,0.0,4.62,0.01,0.014870251466730213,110249071.01081985,True,0.974928514970439,0.02507148502956092,0.1343333372781689,0.8656666627218311
alignment_0.8,0,463,0.0,4.63,0.01,0.014873160326931988,128738517.57782273,True,0.9749285149223132,0.025071485077686834,0.31231529218547577,0.6876847078145242
alignment_0.8,0,464,0.0,4.64,0.01,0.014876387720069321,155095487.28460637,True,0.9749285148766813,0.025071485123318665,0.4888304542410123,0.5111695457589878
alignment_0.8,0,465,0.0,4.65,0.01,0.014879934553510105,189378310.49446803,True,0.9749285148407842,0.02507148515921581,0.6317438735789449,0.36825612642105515
alignment_0.8,0,466,0.0,4.66,0.01,0.014883801644440073,231702185.3413893,True,0.9749285148149043,0.025071485185095742,0.7370355674607703,0.2629644325392298
alignment_0.8,0,467,0.0,4.67,0.01,0.01488798972055887,282389054.87409055,True,0.9749285147968529,0.025071485203147045,0.8117731440285604,0.18822685597143962
alignment_0.8,0,468,0.0,4.68,0.01,0.014892499420753545,341989974.74383426,True,0.9749285147843313,0.02507148521566866,0.86436443440196,0.13563556559804013
alignment_0.8,0,469,0.0,4.69,0.01,0.01489733129574958,411268409.7604304,True,0.9749285147755802,0.02507148522441985,0.9015419054232834,0.09845809457671653
alignment_0.8,0,470,0.0,4.7,0.01,0.014902485808729622,491182355.3596674,True,0.9749285147693837,0.025071485230616294,0.928087319002049,0.07191268099795109
alignment_0.8,0,471,0.0,4.71,0.01,0.014907963335909321,582875340.5576075,True,0.9749285147649303,0.025071485235069697,0.9472605377505019,0.05273946224949816
alignment_0.8,0,472,0.0,4.72,0.01,0.014913764167128134,687675796.4591202,True,0.9749285147616813,0.025071485238318713,0.9612625540861234,0.038737445913876685
alignment_0.8,0,473,0.0,4.73,0.01,0.014919888506378766,807104107.0213661,True,0.9749285147592768,0.025071485240723192,0.9715865397445793,0.02841346025542062
alignment_0.8,0,474,0.0,4.74,0.01,0.014926336472332493,942885095.9446069,True,0.9749285147574736,0.025071485242526486,0.979256637540967,0.020743362459032966
alignment_0.8,0,475,0.0,4.75,0.01,0.014933108098835088,1096965247.7175696,True,0.9749285147561045,0.025071485243895464,0.9849849608712914,0.015015039128708583
alignment_0.8,0,476,0.0,4.76,0.01,0.014940203335372987,1271534057.7578928,True,0.9749285147550537,0.02507148524494636,0.9892738740358703,0.010726125964129613
alignment_0.8,0,477,0.0,4.7700000000000005,0.01,0.01494762204751107,1469049257.915579,True,0.9749285147542388,0.02507148524576124,0.9924828741001269,0.00751712589987297
alignment_0.8,0,478,0.0,4.78,0.01,0.014955364017303631,1692265886.8543348,True,0.974928514753601,0.02507148524639896,0.9948727537413087,0.005127246258691374
alignment_0.8,0,479,0.0,4.79,0.01,0.014963428943679998,1944269325.6757112,True,0.9749285147530977,0.025071485246902267,0.9966351298958469,0.0033648701041530493
alignment_0.8,0,480,0.0,4.8,0.01,0.014971816442806414,2228512533.152043,True,0.9749285147526975,0.02507148524730255,0.9979124588868098,0.0020875411131902584
alignment_0.8,0,481,0.0,4.8100000000000005,0.01,0.014980526048425829,2548857807.6352825,True,0.9749285147523769,0.025071485247623173,0.9988117927274746,0.001188207272525394
alignment_0.8,0,482,0.0,4.82,0.01,0.014989557212177238,2909623487.65646,True,0.9749285147521183,0.025071485247881678,0.9994143635238484,0.0005856364761516246
alignment_0.8,0,483,0.0,4.83,0.01,0.014998909303896395,3315636089.3888464,True,0.9749285147519087,0.025071485248091295,0.9997823494177671,0.00021765058223297232
alignment_0.8,0,484,0.0,4.84,0.01,0.015008581611899535,3772287580.216462,True,0.9749285147517377,0.02507148524826229,0.999963708754111,3.62912458889127e-05
alignment_0.8,0,485,0.0,4.8500000000000005,0.01,0.01501857334318333,4285600325.058216,True,0.9749285147515976,0.025071485248402456,0.9999956912130763,4.308786923662091e-06
alignment_0.8,0,486,0.0,4.86,0.01,0.015028883623630775,4862299363.656158,True,0.9749285147514821,0.025071485248517912,0.9999073870691522,9.26129308478438e-05
alignment_0.8,0,487,0.0,4.87,0.01,0.015039511498245575,5509888895.397103,True,0.9749285147513865,0.025071485248613478,0.9997216147657236,0.0002783852342763428
alignment_0.8,0,488,0.0,4.88,0.01,0.01505045593130718,6236740339.977435,True,0.974928514751307,0.025071485248692887,0.9994563325224235,0.0005436674775764496
alignment_0.8,0,489,0.0,4.89,0.01,0.01506171580653546,7052187354.42683,True,0.9749285147512409,0.025071485248759184,0.9991256971210465,0.0008743028789535849
alignment_0.8,0,490,0.0,4.9,0.01,0.01507328992722689,7966630163.210701,True,0.9749285147511854,0.02507148524881463,0.9987408673785474,0.001259132621452558
alignment_0.8,0,491,0.0,4.91,0.01,0.015085177016365059,8991649362.249588,True,0.9749285147511387,0.02507148524886131,0.9983106175165954,0.0016893824834045134
alignment_0.8,0,492,0.0,4.92,0.01,0.015097375716708595,10140129452.382843,True,0.9749285147510993,0.025071485248900644,0.9978418078434176,0.0021581921565824434
alignment_0.8,0,493,0.0,4.93,0.01,0.015109884590859397,11426392159.166794,True,0.9749285147510661,0.02507148524893393,0.9973397472667105,0.0026602527332895078
alignment_0.8,0,494,0.0,4.94,0.01,0.015122702121314353,12866339342.113405,True,0.9749285147510378,0.025071485248962164,0.9968084729502535,0.0031915270497464435
alignment_0.8,0,495,0.0,4.95,0.01,0.01513582671050362,14477604950.466768,True,0.9749285147510137,0.025071485248986197,0.9962509659310896,0.003749034068910465
alignment_0.8,0,496,0.0,4.96,0.01,0.015149256680818736,16279715058.399961,True,0.9749285147509934,0.025071485249006674,0.9956693167344095,0.004330683265590443
alignment_0.8,0,497,0.0,4.97,0.01,0.015162990274633763,18294254454.357082,True,0.9749285147509759,0.0250714852490242,0.9950648515782712,0.00493514842172885
alignment_0.8,0,498,0.0,4.98,0.01,0.01517702565432287,20545037505.47051,True,0.9749285147509607,0.025071485249039266,0.9944382272476529,0.005561772752347097
alignment_0.8,0,499,0.0,4.99,0.01,0.015191360902277242,23058271369.142708,True,0.9749285147509478,0.025071485249052176,0.9937895407806445,0.00621045921935537
alignment_0.8,0,500,0.0,5.0,0.01,0.015205994020779153,25862727674.813473,True,0.9749285147509367,0.025071485249063333,0.9931183389739426,0.006881661026057427
alignment_0.8,0,501,0.0,5.01,0.01,0.015220922931931329,28989904011.693012,True,0.9749285147509271,0.025071485249072947,0.9924236163622804,0.0075763836377196634
alignment_0.8,0,502,0.0,5.0200000000000005,0.01,0.015236145477720143,32474141595.141293,True,0.9749285147509188,0.025071485249081243,0.9917039128728874,0.008296087127112654
alignment_0.8,0,503,0.0,5.03,0.01,0.015251659419911913,36352740107.72966,True,0.9749285147509116,0.025071485249088428,0.9909572644143669,0.00904273558563313
alignment_0.8,0,504,0.0,5.04,0.01,0.015267462439984607,40666015796.291885,True,0.9749285147509053,0.025071485249094694,0.9901812023579174,0.0098187976420826
alignment_0.8,0,505,0.0,5.05,0.01,0.015283552139057723,45457301138.33186,True,0.9749285147508999,0.025071485249100106,0.9893727319931495,0.010627268006850503
alignment_0.8,0,506,0.0,5.0600000000000005,0.01,0.015299926037819054,50772865043.57663,True,0.9749285147508951,0.025071485249104863,0.9885282972552865,0.011471702744713517
alignment_0.8,0,507,0.0,5.07,0.01,0.015316581576446917,56661730636.17156,True,0.974928514750891,0.025071485249109,0.9876437311883567,0.01235626881164333
alignment_0.8,0,508,0.0,5.08,0.01,0.015333516114526395,63175363783.223976,True,0.9749285147508875,0.02507148524911259,0.9867141913257064,0.013285808674293687
alignment_0.8,0,509,0.0,5.09,0.01,0.015350726930958026,70367199200.9468,True,0.9749285147508844,0.02507148524911569,0.9857340850036364,0.014265914996363545
alignment_0.8,0,510,0.0,5.1000000000000005,0.01,0.015368211223873421,78291967632.51303,True,0.9749285147508815,0.025071485249118453,0.9846969887076056,0.015303011292394413
alignment_0.8,0,511,0.0,5.11,0.01,0.015385966110569707,87004809178.79343,True,0.9749285147508792,0.02507148524912087,0.9835955176762314,0.016404482323768524
alignment_0.8,0,512,0.0,5.12,0.01,0.015403988627427975,96560106309.63225,True,0.9749285147508769,0.025071485249123025,0.9824212240584476,0.01757877594155245
alignment_0.8,0,513,0.0,5.13,0.01,0.015422275729833181,107010038952.38126,True,0.9749285147508752,0.025071485249124875,0.981164438705716,0.018835561294283962
alignment_0.8,0,514,0.0,5.14,0.01,0.01544082429210506,118402817875.07895,True,0.9749285147508735,0.025071485249126498,0.9798141100099886,0.020185889990011394
alignment_0.8,0,515,0.0,5.15,0.01,0.015459631107452354,130780595813.66661,True,0.974928514750872,0.02507148524912797,0.9783576239486245,0.021642376051375516
alignment_0.8,0,516,0.0,5.16,0.01,0.015478692887934895,144177074099.03677,True,0.9749285147508708,0.025071485249129236,0.9767806024550962,0.023219397544903795
alignment_0.8,0,517,0.0,5.17,0.01,0.015498006264417283,158614851014.12585,True,0.9749285147508696,0.025071485249130363,0.9750666836689501,0.024933316331049955
alignment_0.8,0,518,0.0,5.18,0.01,0.015517567786505638,174102595066.87067,True,0.9749285147508686,0.025071485249131373,0.9731972973639957,0.02680270263600422
alignment_0.8,0,519,0.0,5.19,0.01,0.015537373922581709,190632187376.96597,True,0.9749285147508677,0.02507148524913226,0.9711514491612065,0.028848550838793532
alignment_0.8,0,520,0.0,5.2,0.01,0.015557421059811038,208176050048.6008,True,0.974928514750867,0.025071485249133038,0.9689055246280246,0.03109447537197542
alignment_0.8,0,521,0.0,5.21,0.01,0.015577705504144647,226684935374.48126,True,0.9749285147508663,0.025071485249133742,0.9664331498606923,0.03356685013930772
alignment_0.8,0,522,0.0,5.22,0.01,0.015598223480363684,246086529583.0492,True,0.9749285147508655,0.02507148524913438,0.9637051550899541,0.0362948449100458
alignment_0.8,0,523,0.0,5.23,0.01,0.015618971132161116,266285288614.5816,True,0.9749285147508651,0.025071485249134964,0.9606897097169239,0.039310290283076116
alignment_0.8,0,524,0.0,5.24,0.01,0.015639944522229603,287163967973.9919,True,0.9749285147508646,0.02507148524913542,0.9573527107063329,0.04264728929366721
alignment_0.8,0,525,0.0,5.25,0.01,0.01566113963233203,308587289461.6441,True,0.9749285147508641,0.0250714852491359,0.9536585411465,0.04634145885350014
alignment_0.8,0,526,0.0,5.26,0.01,0.01568255236348076,330408095074.08417,True,0.9749285147508637,0.025071485249136313,0.9495713473350068,0.0504286526649932
alignment_0.8,0,527,0.0,5.2700000000000005,0.01,0.01570417853609568,352476173233.4259,True,0.9749285147508633,0.025071485249136726,0.9450569642888017,0.054943035711198324
alignment_0.8,0,528,0.0,5.28,0.01,0.015726013890186876,374649601299.82684,True,0.974928514750863,0.02507148524913707,0.940085616955471,0.05991438304452903
alignment_0.8,0,529,0.0,5.29,0.01,0.015748054085595767,396808002271.99384,True,0.9749285147508625,0.025071485249137403,0.9346354263345842,0.0653645736654158
alignment_0.8,0,530,0.0,5.3,0.01,0.015770294702257832,418866538065.68866,True,0.9749285147508623,0.025071485249137708,0.9286965582866321,0.07130344171336797
alignment_0.8,0,531,0.0,5.3100000000000005,0.01,0.01579273124047243,440788806566.89624,True,0.9749285147508621,0.025071485249137982,0.9222755405472741,0.07772445945272585
alignment_0.8,0,532,0.0,5.32,0.01,0.015815359121268243,462596205858.0195,True,0.9749285147508618,0.025071485249138218,0.9153988169022105,0.08460118309778944
alignment_0.8,0,533,0.0,5.33,0.01,0.01583817368675677,484370908616.5225,True,0.9749285147508616,0.025071485249138475,0.9081141011566626,0.09188589884333749
alignment_0.8,0,534,0.0,5.34,0.01,0.015861170200543225,506249576059.9069,True,0.9749285147508614,0.02507148524913866,0.9004877048854272,0.0995122951145728
alignment_0.8,0,535,0.0,5.3500000000000005,0.01,0.015884343848203586,528405534519.87213,True,0.9749285147508612,0.025071485249138853,0.8925960516849735,0.10740394831502639
alignment_0.8,0,536,0.0,5.36,0.01,0.015907689737759374,551018477503.2529,True,0.974928514750861,0.025071485249139026,0.8845104053476808,0.11548959465231913
alignment_0.8,0,537,0.0,5.37,0.01,0.015931202900217795,574232959382.3561,True,0.9749285147508607,0.02507148524913916,0.8762755160148807,0.12372448398511932
alignment_0.8,0,538,0.0,5.38,0.01,0.01595487829019203,598109829654.9382,True,0.9749285147508607,0.025071485249139276,0.8678851472294761,0.13211485277052387
alignment_0.8,0,539,0.0,5.39,0.01,0.015978710786516564,622577958743.8481,True,0.9749285147508606,0.025071485249139384,0.8592594258216665,0.14074057417833358
alignment_0.8,0,540,0.0,5.4,0.01,0.016002695192953706,647396548598.0042,True,0.9749285147508606,0.025071485249139436,0.850229564971406,0.14977043502859408
alignment_0.8,0,541,0.0,5.41,0.01,0.01602682623894915,672139903978.1483,True,0.9749285147508605,0.025071485249139554,0.8405343316282557,0.1594656683717443
alignment_0.8,0,542,0.0,5.42,0.01,0.016051098580391023,696215736840.8567,True,0.9749285147508603,0.025071485249139654,0.8298301712126739,0.17016982878732606
alignment_0.8,0,543,0.0,5.43,0.01,0.01607550680050988,718923856440.2379,True,0.9749285147508603,0.02507148524913976,0.8177146859662326,0.18228531403376735
alignment_0.8,0,544,0.0,5.44,0.01,0.016100045410768198,739554241387.098,True,0.9749285147508601,0.02507148524913989,0.8037625681480312,0.19623743185196876
alignment_0.8,0,545,0.0,5.45,0.01,0.016124708851840804,757513082007.7344,True,0.9749285147508598,0.025071485249140057,0.7875743051150207,0.2124256948849793
alignment_0.8,0,546,0.0,5.46,0.01,0.016149491494645396,772454903226.3379,True,0.9749285147508597,0.025071485249140255,0.7688395528694785,0.23116044713052147
alignment_0.8,0,547,0.0,5.47,0.01,0.01617438764142802,784391981907.7269,True,0.9749285147508596,0.025071485249140477,0.7474162979606271,0.25258370203937286
alignment_0.8,0,548,0.0,5.48,0.01,0.016199391526930482,793752656396.1995,True,0.9749285147508593,0.02507148524914071,0.723420881728377,0.2765791182716229
alignment_0.8,0,549,0.0,5.49,0.01,0.016224497319618274,801369391522.9229,True,0.974928514750859,0.02507148524914098,0.6973117703257873,0.3026882296742127
alignment_0.8,0,550,0.0,5.5,0.01,0.01624969912295236,808395159493.3723,True,0.9749285147508587,0.025071485249141216,0.6699352893512256,0.3300647106487744
alignment_0.8,0,551,0.0,5.51,0.01,0.01627499097677126,816167531798.7126,True,0.9749285147508585,0.025071485249141438,0.6424951238828169,0.35750487611718296
alignment_0.8,0,552,0.0,5.5200000000000005,0.01,0.016300366858677865,826055930317.1241,True,0.9749285147508584,0.025071485249141642,0.6164222001680822,0.38357779983191786
alignment_0.8,0,553,0.0,5.53,0.01,0.01632582068553932,839331629490.7253,True,0.9749285147508583,0.02507148524914176,0.5931605383420291,0.40683946165797097
alignment_0.8,0,554,0.0,5.54,0.01,0.016351346315109958,857089749003.5164,True,0.9749285147508583,0.025071485249141823,0.57392943308426,0.4260705669157399
alignment_0.8,0,555,0.0,5.55,0.01,0.016376937547582023,880233468657.1387,True,0.9749285147508583,0.02507148524914176,0.5595414145143787,0.44045858548562133
alignment_0.8,0,556,0.0,5.5600000000000005,0.01,0.016402588127357356,909513409952.3676,True,0.9749285147508583,0.02507148524914169,0.550332498584391,0.44966750141560885
alignment_0.8,0,557,0.0,5.57,0.01,0.016428291744767738,945607747564.2181,True,0.9749285147508585,0.02507148524914152,0.5462119118469295,0.4537880881530705
alignment_0.8,0,558,0.0,5.58,0.01,0.016454042037986557,989231701388.4368,True,0.9749285147508587,0.025071485249141306,0.5467949196006371,0.4532050803993629
alignment_0.8,0,559,0.0,5.59,0.01,0.016479832594935163,1041273396252.2131,True,0.974928514750859,0.025071485249141084,0.551564687200914,0.448435312799086
alignment_0.8,0,560,0.0,5.6000000000000005,0.01,0.016505656955277212,1102961661420.2415,True,0.9749285147508592,0.025071485249140803,0.5600154989755847,0.43998450102441544
alignment_0.8,0,561,0.0,5.61,0.01,0.016531508612514997,1176078092219.7021,True,0.9749285147508594,0.025071485249140508,0.5717468507836477,0.4282531492163522
alignment_0.8,0,562,0.0,5.62,0.01,0.01655738101608075,1263230497248.3533,True,0.9749285147508597,0.025071485249140255,0.5864936150268961,0.41350638497310394
alignment_0.8,0,563,0.0,5.63,0.01,0.016583267573691593,1368205723124.7695,True,0.9749285147508601,0.025071485249139932,0.604085660492761,0.395914339507239
alignment_0.8,0,564,0.0,5.64,0.01,0.016609161653528777,1496407395473.761,True,0.9749285147508603,0.025071485249139654,0.624332417453669,0.375667582546331
alignment_0.8,0,565,0.0,5.65,0.01,0.016635056586690216,1655339259586.234,True,0.9749285147508606,0.02507148524913942,0.6468312264455965,0.3531687735544033
alignment_0.8,0,566,0.0,5.66,0.01,0.016660945669598033,1854975426237.6418,True,0.974928514750861,0.02507148524913914,0.6707141107005621,0.3292858892994379
alignment_0.8,0,567,0.0,5.67,0.01,0.016686822166583192,2107595840854.753,True,0.9749285147508611,0.02507148524913896,0.6943764835091684,0.30562351649083164
alignment_0.8,0,568,0.0,5.68,0.01,0.01671267931244799,2426145718737.534,True,0.9749285147508612,0.025071485249138766,0.7152396836554084,0.2847603163445917
alignment_0.8,0,569,0.0,5.69,0.01,0.016738510315165208,2819265589480.061,True,0.9749285147508614,0.02507148524913866,0.729490481861221,0.27050951813877894
alignment_0.8,0,570,0.0,5.7,0.01,0.01676430835861941,3279756472344.597,True,0.9749285147508614,0.02507148524913859,0.7313565904525766,0.26864340954742344
alignment_0.8,0,571,0.0,5.71,0.01,0.016790066605446637,3761939598098.2065,True,0.9749285147508614,0.025071485249138572,0.7104506812006086,0.28954931879939133
alignment_0.8,0,572,0.0,5.72,0.01,0.01681577819992143,4146574680338.4116,True,0.9749285147508614,0.025071485249138676,0.6423827494131266,0.35761725058687344
alignment_0.8,0,573,0.0,5.73,0.01,0.016841436270924406,4231466023074.2783,True,0.9749285147508611,0.025071485249138943,0.45660923505837503,0.543390764941625
alignment_0.8,0,574,0.0,5.74,0.01,0.01686703393498841,4120285456461.6646,True,0.9749285147508603,0.02507148524913962,0.05458435867661523,0.9454156413233847
alignment_0.8,0,575,0.0,5.75,0.01,0.0168925642993935,6511362724096.938,True,0.9749285147508607,0.02507148524913923,0.3614667601977212,0.6385332398022788
alignment_0.8,0,576,0.0,5.76,0.01,0.0169180204653438,16040036969112.299,True,0.9749285147508616,0.025071485249138457,0.8233014124595707,0.17669858754042927
alignment_0.8,0,577,0.0,5.7700000000000005,0.01,0.016943395531196868,36719204212270.234,True,0.9749285147508616,0.025071485249138274,0.9455404822465162,0.0544595177534837
alignment_0.8,0,578,0.0,5.78,0.01,0.016968682595776902,75811191953609.22,True,0.9749285147508618,0.025071485249138218,0.9810586879854276,0.01894131201457247
alignment_0.8,0,579,0.0,5.79,0.01,0.016993874761734033,145118314932469.38,True,0.9749285147508618,0.025071485249138183,0.993473760121363,0.006526239878637026
alignment_0.8,0,580,0.0,5.8,0.01,0.0170189651389339,262123291072969.84,True,0.9749285147508618,0.025071485249138183,0.9981715666104389,0.0018284333895611108
alignment_0.8,0,581,0.0,5.8100000000000005,0.01,0.017043946847970524,451176706761030.9,True,0.9749285147508618,0.025071485249138166,0.9997791350800503,0.00022086491994961145
alignment_0.8,0,582,0.0,5.82,0.01,0.017068813023681084,744196762603251.5,True,0.9749285147508618,0.02507148524913816,0.9999487448125951,5.125518740488827e-05
alignment_0.8,0,583,0.0,5.83,0.01,0.017093556818733542,1180351133049147.5,True,0.9749285147508618,0.025071485249138194,0.9993449596857217,0.0006550403142783931
alignment_0.8,0,584,0.0,5.84,0.01,0.017118171407241034,1804231849798604.2,True,0.9749285147508618,0.0250714852491382,0.9982542842564499,0.0017457157435500064
alignment_0.8,0,585,0.0,5.8500000000000005,0.01,0.017142649988456,2662233641790700.0,True,0.9749285147508618,0.025071485249138183,0.9968006494142226,0.0031993505857773686
alignment_0.8,0,586,0.0,5.86,0.01,0.017166985790487897,3797234424227495.5,True,0.9749285147508618,0.025071485249138194,0.995030293364466,0.004969706635533922
alignment_0.8,0,587,0.0,5.87,0.01,0.01719117207406734,5242191518447674.0,True,0.9749285147508618,0.025071485249138183,0.9929481201907091,0.007051879809290816
alignment_0.8,0,588,0.0,5.88,0.01,0.01721520213632285,7013764955339464.0,True,0.9749285147508618,0.0250714852491382,0.9905343828049161,0.009465617195083766
alignment_0.8,0,589,0.0,5.89,0.01,0.017239069314636916,9107370983327148.0,True,0.9749285147508618,0.025071485249138183,0.9877528980975793,0.012247101902420728
alignment_0.8,0,590,0.0,5.9,0.01,0.017262766990489894,1.1494999185962186e+16,True,0.9749285147508618,0.025071485249138176,0.9845556333085824,0.015444366691417598
alignment_0.8,0,591,0.0,5.91,0.01,0.017286288593376675,1.4126644327862274e+16,True,0.9749285147508618,0.025071485249138176,0.9808859693579278,0.01911403064207224
alignment_0.8,0,592,0.0,5.92,0.01,0.017309627604665458,1.693541111382913e+16,True,0.9749285147508618,0.02507148524913821,0.9766819308227681,0.023318069177231907
alignment_0.8,0,593,0.0,5.93,0.01,0.01733277756157685,1.9845470516521576e+16,True,0.9749285147508618,0.025071485249138183,0.9718801516484783,0.028119848351521714
alignment_0.8,0,594,0.0,5.94,0.01,0.017355732061097588,2.2781354517498124e+16,True,0.9749285147508618,0.0250714852491382,0.9664210273026095,0.03357897269739053
alignment_0.8,0,595,0.0,5.95,0.01,0.017378484763950187,2.5676783317308196e+16,True,0.9749285147508618,0.025071485249138218,0.9602551093720361,0.03974489062796384
alignment_0.8,0,596,0.0,5.96,0.01,0.017401029398562088,2.848140225999696e+16,True,0.9749285147508618,0.025071485249138218,0.9533503036651231,0.04664969633487694
alignment_0.8,0,597,0.0,5.97,0.01,0.01742335976499362,3.1164382155312628e+16,True,0.9749285147508618,0.0250714852491382,0.9456988341081977,0.05430116589180231
alignment_0.8,0,598,0.0,5.98,0.01,0.017445469738937784,3.3714609012865424e+16,True,0.9749285147508618,0.025071485249138194,0.9373223891071042,0.06267761089289589
alignment_0.8,0,599,0.0,5.99,0.01,0.017467353275659032,3.613792659304916e+16,True,0.9749285147508618,0.0250714852491382,0.9282736936327374,0.07172630636726265
alignment_0.8,0,600,0.0,6.0,0.01,0.017489004413953277,3.845240932334156e+16,True,0.9749285147508618,0.02507148524913821,0.9186331835830497,0.08136681641695023
alignment_0.8,0,601,0.0,6.01,0.01,0.017510417280046552,4.068284588419197e+16,True,0.9749285147508618,0.0250714852491382,0.9085005819720832,0.09149941802791689
alignment_0.8,0,602,0.0,6.0200000000000005,0.01,0.017531586091496843,4.285551900204301e+16,True,0.9749285147508618,0.025071485249138176,0.8979827304321722,0.10201726956782767
alignment_0.8,0,603,0.0,6.03,0.01,0.017552505161152088,4.499406405818545e+16,True,0.9749285147508618,0.025071485249138183,0.8871803372037079,0.11281966279629206
alignment_0.8,0,604,0.0,6.04,0.01,0.017573168900935927,4.711680131770367e+16,True,0.9749285147508618,0.025071485249138176,0.8761766495398056,0.1238233504601945
alignment_0.8,0,605,0.0,6.05,0.01,0.017593571825673917,4.9235576949755544e+16,True,0.9749285147508618,0.025071485249138176,0.8650305227746891,0.134969477225311
alignment_0.8,0,606,0.0,6.0600000000000005,0.01,0.01761370855689876,5.135588027391626e+16,True,0.9749285147508618,0.02507148524913821,0.8537748404340438,0.14622515956595614
alignment_0.8,0,607,0.0,6.07,0.01,0.017633573826562447,5.347786211653036e+16,True,0.9749285147508618,0.0250714852491382,0.8424197647666088,0.15758023523339107
alignment_0.8,0,608,0.0,6.08,0.01,0.01765316248073974,5.559784661581547e+16,True,0.9749285147508618,0.0250714852491382,0.8309592398133385,0.16904076018666148
alignment_0.8,0,609,0.0,6.09,0.01,0.01767246948326861,5.7709976266066216e+16,True,0.9749285147508618,0.025071485249138183,0.8193788394442596,0.18062116055574048
alignment_0.8,0,610,0.0,6.1000000000000005,0.01,0.017691489919306497,5.9807721268111784e+16,True,0.9749285147508618,0.025071485249138194,0.8076633154770676,0.19233668452293243
alignment_0.8,0,611,0.0,6.11,0.01,0.01771021899886226,6.188508774741315e+16,True,0.9749285147508618,0.0250714852491382,0.7958027373271722,0.20419726267282787
alignment_0.8,0,612,0.0,6.12,0.01,0.01772865206022613,6.393745402271766e+16,True,0.9749285147508618,0.0250714852491382,0.7837967236737514,0.21620327632624853
alignment_0.8,0,613,0.0,6.13,0.01,0.017746784573348294,6.5962037007661016e+16,True,0.9749285147508618,0.025071485249138194,0.7716566997246227,0.2283433002753773
alignment_0.8,0,614,0.0,6.140000000000001,0.01,0.01776461214314805,6.7958038882397256e+16,True,0.9749285147508618,0.02507148524913821,0.7594064105888776,0.24059358941112247
alignment_0.8,0,615,0.0,6.15,0.01,0.01778213051270624,6.992654885081695e+16,True,0.9749285147508618,0.025071485249138166,0.747081060007411,0.25291893999258896
alignment_0.8,0,616,0.0,6.16,0.01,0.017799335566409683,7.187028080527653e+16,True,0.9749285147508618,0.02507148524913821,0.7347254676386145,0.26527453236138554
alignment_0.8,0,617,0.0,6.17,0.01,0.017816223332980576,7.379322125250806e+16,True,0.9749285147508618,0.025071485249138218,0.7223916327268413,0.2776083672731588
alignment_0.8,0,618,0.0,6.18,0.01,0.01783278998841362,7.570024816914136e+16,True,0.9749285147508618,0.025071485249138218,0.7101360306689625,0.28986396933103753
alignment_0.8,0,619,0.0,6.19,0.01,0.017849031858841125,7.75967651794254e+16,True,0.9749285147508618,0.02507148524913821,0.6980169132557623,0.3019830867442376
alignment_0.8,0,620,0.0,6.2,0.01,0.017864945423251146,7.94883796382343e+16,True,0.9749285147508618,0.02507148524913821,0.6860918180069064,0.3139081819930936
alignment_0.8,0,621,0.0,6.21,0.01,0.017880527316130445,8.138063965255136e+16,True,0.9749285147508618,0.02507148524913821,0.674415427856487,0.32558457214351305
alignment_0.8,0,622,0.0,6.22,0.01,0.0178957743299921,8.327883464915157e+16,True,0.9749285147508618,0.025071485249138194,0.6630378660590874,0.3369621339409127
alignment_0.8,0,623,0.0,6.23,0.01,0.01791068341777203,8.518785682541253e+16,True,0.9749285147508618,0.0250714852491382,0.6520034571361701,0.34799654286382986
alignment_0.8,0,624,0.0,6.24,0.01,0.017925251695114826,8.71121163638313e+16,True,0.9749285147508618,0.025071485249138218,0.6413499454301028,0.358650054569897
alignment_0.8,0,625,0.0,6.25,0.01,0.017939476442568516,8.90555011492616e+16,True,0.9749285147508618,0.025071485249138176,0.6311081334117892,0.3688918665882108
alignment_0.8,0,626,0.0,6.26,0.01,0.01795335510760269,9.102137115370706e+16,True,0.9749285147508618,0.025071485249138194,0.621301872164609,0.37869812783539103
alignment_0.8,0,627,0.0,6.2700000000000005,0.01,0.017966885306528887,9.30125781256682e+16,True,0.9749285147508618,0.02507148524913821,0.6119483378921542,0.38805166210784586
alignment_0.8,0,628,0.0,6.28,0.01,0.01798006482629168,9.503150244718562e+16,True,0.9749285147508618,0.025071485249138218,0.6030585189402763,0.39694148105972377
alignment_0.8,0,629,0.0,6.29,0.01,0.017992891626119487,9.708010042792608e+16,True,0.9749285147508618,0.02507148524913821,0.594637841851473,0.40536215814852705
alignment_0.8,0,630,0.0,6.3,0.01,0.01800536383903193,9.915995671126205e+16,True,0.9749285147508618,0.025071485249138218,0.5866868751911192,0.4133131248088808
alignment_0.8,0,631,0.0,6.3100000000000005,0.01,0.018017479773215755,1.0127233782987437e+17,True,0.9749285147508618,0.025071485249138218,0.5792020616760911,0.420797938323909
alignment_0.8,0,632,0.0,6.32,0.01,0.018029237913279664,1.0341824419497526e+17,True,0.9749285147508618,0.02507148524913823,0.5721764400419438,0.4278235599580563
alignment_0.8,0,633,0.0,6.33,0.01,0.018040636921338095,1.0559845871596286e+17,True,0.9749285147508618,0.025071485249138253,0.5656003238571661,0.4343996761428338
alignment_0.8,0,634,0.0,6.34,0.01,0.018051675637957225,1.0781359088898688e+17,True,0.9749285147508618,0.0250714852491382,0.5594619222228899,0.4405380777771101
alignment_0.8,0,635,0.0,6.3500000000000005,0.01,0.01806235308296759,1.1006411587158403e+17,True,0.9749285147508618,0.02507148524913821,0.5537478907228824,0.44625210927711756
alignment_0.8,0,636,0.0,6.36,0.01,0.01807266845612348,1.123504084602464e+17,True,0.9749285147508618,0.025071485249138194,0.5484438083312914,0.45155619166870853
alignment_0.8,0,637,0.0,6.37,0.01,0.018082621137615256,1.1467277212234997e+17,True,0.9749285147508618,0.025071485249138218,0.5435345795655476,0.4564654204344523
alignment_0.8,0,638,0.0,6.38,0.01,0.01809221068843247,1.170314633810736e+17,True,0.9749285147508618,0.02507148524913821,0.5390047667988637,0.46099523320113633
alignment_0.8,0,639,0.0,6.390000000000001,0.01,0.018101436850578544,1.1942671196148867e+17,True,0.9749285147508618,0.025071485249138218,0.5348388586212001,0.46516114137879994
alignment_0.8,0,640,0.0,6.4,0.01,0.018110299547137894,1.2185873718929722e+17,True,0.9749285147508618,0.025071485249138183,0.531021481000601,0.4689785189993989
alignment_0.8,0,641,0.0,6.41,0.01,0.018118798882196977,1.243277611662377e+17,True,0.9749285147508618,0.02507148524913821,0.5275375564923661,0.47246244350763394
alignment_0.8,0,642,0.0,6.42,0.01,0.01812693514060854,1.2683401906991046e+17,True,0.9749285147508618,0.025071485249138218,0.5243724246408654,0.4756275753591346
alignment_0.8,0,643,0.0,6.43,0.01,0.01813470878761505,1.293777670616097e+17,True,0.9749285147508618,0.025071485249138218,0.5215119231509034,0.4784880768490965
alignment_0.8,0,644,0.0,6.44,0.01,0.018142120468324092,1.3195928817864045e+17,True,0.9749285147508618,0.02507148524913821,0.5189424422151363,0.48105755778486375
alignment_0.8,0,645,0.0,6.45,0.01,0.018149171007025747,1.3457889654754835e+17,True,0.9749285147508618,0.02507148524913823,0.5166509539119905,0.4833490460880096
alignment_0.8,0,646,0.0,6.46,0.01,0.01815586140637223,1.3723694018149787e+17,True,0.9749285147508618,0.0250714852491382,0.5146250231606619,0.4853749768393381
alignment_0.8,0,647,0.0,6.47,0.01,0.018162192846418086,1.3993380265808483e+17,True,0.9749285147508618,0.02507148524913821,0.5128528047683799,0.48714719523162003
alignment_0.8,0,648,0.0,6.48,0.01,0.018168166683518453,1.4266990392977915e+17,True,0.9749285147508618,0.02507148524913821,0.511323030248559,0.48867696975144115
alignment_0.8,0,649,0.0,6.49,0.01,0.018173784449083182,1.4544570045291286e+17,True,0.9749285147508618,0.02507148524913821,0.5100249873164194,0.4899750126835806
alignment_0.8,0,650,0.0,6.5,0.01,0.018179047848184648,1.4826168475169395e+17,True,0.9749285147508618,0.025071485249138235,0.5089484941590088,0.4910515058409912
alignment_0.8,0,651,0.0,6.51,0.01,0.018183958758017316,1.5111838449147376e+17,True,0.9749285147508618,0.02507148524913821,0.5080838683723926,0.49191613162760733
alignment_0.8,0,652,0.0,6.5200000000000005,0.01,0.01818851922622245,1.54016361276773e+17,True,0.9749285147508618,0.025071485249138246,0.5074218851178411,0.4925781148821589
alignment_0.8,0,653,0.0,6.53,0.01,0.01819273146915433,1.5695620884834832e+17,True,0.9749285147508618,0.02507148524913823,0.5069537655310137,0.4930462344689864
alignment_0.8,0,654,0.0,6.54,0.01,0.018196597869890155,1.5993855180591e+17,True,0.9749285147508618,0.02507148524913823,0.5066711187174054,0.4933288812825946
alignment_0.8,0,655,0.0,6.55,0.01,0.018200120976252662,1.6296404356143907e+17,True,0.9749285147508618,0.02507148524913821,0.5065659313903175,0.4934340686096826
alignment_0.8,0,656,0.0,6.5600000000000005,0.01,0.018203303498614647,1.6603336502733472e+17,True,0.9749285147508618,0.02507148524913821,0.5066305314617426,0.4933694685382573
alignment_0.8,0,657,0.0,6.57,0.01,0.01820614830758266,1.6914722300628563e+17,True,0.9749285147508618,0.025071485249138218,0.5068575583789814,0.4931424416210186
alignment_0.8,0,658,0.0,6.58,0.01,0.018208658431579147,1.7230634824012205e+17,True,0.9749285147508618,0.0250714852491382,0.5072399355935406,0.49276006440645925
alignment_0.8,0,659,0.0,6.59,0.01,0.01821083705432295,1.755114933539829e+17,True,0.9749285147508618,0.025071485249138194,0.5077708446527597,0.4922291553472404
alignment_0.8,0,660,0.0,6.6000000000000005,0.01,0.01821268751220788,1.7876343091439728e+17,True,0.9749285147508618,0.025071485249138183,0.5084437021093912,0.4915562978906089
alignment_0.8,0,661,0.0,6.61,0.01,0.0182142132915794,1.8206295178851955e+17,True,0.9749285147508618,0.0250714852491382,0.5092521400412509,0.4907478599587491
alignment_0.8,0,662,0.0,6.62,0.01,0.018215418025909372,1.8541086394313814e+17,True,0.9749285147508618,0.02507148524913821,0.5101899904971564,0.4898100095028437
alignment_0.8,0,663,0.0,6.63,0.01,0.018216305492868956,1.8880799174011024e+17,True,0.9749285147508618,0.025071485249138235,0.5112512736797932,0.4887487263202069
alignment_0.8,0,664,0.0,6.640000000000001,0.01,0.01821687961129964,1.9225517565567466e+17,True,0.9749285147508618,0.02507148524913821,0.5124301889991018,0.48756981100089825
alignment_0.8,0,665,0.0,6.65,0.01,0.018217144438082727,1.9575327215305738e+17,True,0.9749285147508618,0.025071485249138194,0.5137211073660315,0.48627889263396845
alignment_0.8,0,666,0.0,6.66,0.01,0.01821710416490732,1.99303153152633e+17,True,0.9749285147508618,0.025071485249138194,0.5151185620751244,0.4848814379248755
alignment_0.8,0,667,0.0,6.67,0.01,0.01821676311493712,2.0290570414488672e+17,True,0.9749285147508618,0.02507148524913821,0.5166172344455973,0.4833827655544027
alignment_0.8,0,668,0.0,6.68,0.01,0.018216125739376293,2.065618220977494e+17,True,0.9749285147508618,0.025071485249138235,0.5182118856474316,0.48178811435256835
alignment_0.8,0,669,0.0,6.69,0.01,0.018215196614196204,2.1027241256881184e+17,True,0.9749285147508618,0.02507148524913823,0.5198973824953506,0.48010261750464944
alignment_0.8,0,670,0.0,6.7,0.01,0.018213980436834334,2.1403838898068218e+17,True,0.9749285147508618,0.02507148524913821,0.521668813813534,0.4783311861864659
alignment_0.8,0,671,0.0,6.71,0.01,0.01821248202228764,2.1786068130044486e+17,True,0.9749285147508618,0.025071485249138218,0.5235213030920697,0.47647869690793027
alignment_0.8,0,672,0.0,6.72,0.01,0.018210706299635573,2.217402309211976e+17,True,0.9749285147508618,0.025071485249138235,0.525450123597741,0.474549876402259
alignment_0.8,0,673,0.0,6.73,0.01,0.018208658308355507,2.2567799183139587e+17,True,0.9749285147508618,0.025071485249138253,0.5274506620858623,0.4725493379141378
alignment_0.8,0,674,0.0,6.74,0.01,0.018206343194595923,2.296749311054972e+17,True,0.9749285147508618,0.025071485249138263,0.5295184168917424,0.47048158310825766
alignment_0.8,0,675,0.0,6.75,0.01,0.01820376620741178,2.3373202908982205e+17,True,0.9749285147508618,0.025071485249138263,0.5316489950324085,0.4683510049675916
alignment_0.8,0,676,0.0,6.76,0.01,0.01820093269496533,2.3785027953715626e+17,True,0.9749285147508618,0.025071485249138218,0.5338381092971737,0.4661618907028264
alignment_0.8,0,677,0.0,6.7700000000000005,0.01,0.018197848100695913,2.4203068994649766e+17,True,0.9749285147508618,0.025071485249138263,0.5360815762434138,0.4639184237565863
alignment_0.8,0,678,0.0,6.78,0.01,0.018194517959461847,2.4627428234407046e+17,True,0.9749285147508618,0.025071485249138235,0.5383753158045471,0.46162468419545294
alignment_0.8,0,679,0.0,6.79,0.01,0.018190947893657786,2.505820946962923e+17,True,0.9749285147508618,0.025071485249138235,0.5407153528073123,0.45928464719268763
alignment_0.8,0,680,0.0,6.8,0.01,0.0181871436093107,2.5495518304537802e+17,True,0.9749285147508618,0.025071485249138263,0.5430978203658439,0.4569021796341561
alignment_0.8,0,681,0.0,6.8100000000000005,0.01,0.018183110892157493,2.5939462430571834e+17,True,0.9749285147508618,0.025071485249138253,0.545518964482304,0.4544810355176961
alignment_0.8,0,682,0.0,6.82,0.01,0.018178855603707463,2.639015194150623e+17,True,0.9749285147508616,0.025071485249138267,0.5479751485872767,0.4520248514127233
alignment_0.8,0,683,0.0,6.83,0.01,0.01817438367729241,2.6847699619045126e+17,True,0.9749285147508618,0.025071485249138246,0.5504628559042367,0.44953714409576334
alignment_0.8,0,684,0.0,6.84,0.01,0.018169701114107293,2.7312221076543792e+17,True,0.9749285147508618,0.025071485249138253,0.5529786864900561,0.44702131350994395
alignment_0.8,0,685,0.0,6.8500000000000005,0.01,0.018164813979244288,2.778383459990229e+17,True,0.9749285147508618,0.025071485249138253,0.5555193436269764,0.4444806563730236
alignment_0.8,0,686,0.0,6.86,0.01,0.018159728397725925,2.8262661331156214e+17,True,0.9749285147508618,0.025071485249138235,0.5580815497755609,0.44191845022443915
alignment_0.8,0,687,0.0,6.87,0.01,0.018154450550710112,2.8748824492408515e+17,True,0.9749285147508618,0.025071485249138218,0.5606621888359389,0.4393378111640611
alignment_0.8,0,688,0.0,6.88,0.01,0.018148986671541134,2.924245075501053e+17,True,0.9749285147508618,0.025071485249138253,0.563258260183609,0.43674173981639103
alignment_0.8,0,689,0.0,6.890000000000001,0.01,0.0181433430417829,2.9743671138185734e+17,True,0.9749285147508618,0.025071485249138263,0.5658668306837468,0.43413316931625323
alignment_0.8,0,690,0.0,6.9,0.01,0.01813752598737906,3.025262056522406e+17,True,0.9749285147508618,0.025071485249138263,0.5684850867290328,0.4315149132709673
alignment_0.8,0,691,0.0,6.91,0.01,0.01813154187479849,3.076943824356701e+17,True,0.9749285147508618,0.025071485249138246,0.571110312308567,0.42888968769143293
alignment_0.8,0,692,0.0,6.92,0.01,0.018125397107210523,3.1294267933153466e+17,True,0.9749285147508618,0.025071485249138218,0.5737398863637307,0.42626011363626926
alignment_0.8,0,693,0.0,6.93,0.01,0.018119098120692873,3.182725818079174e+17,True,0.9749285147508618,0.025071485249138218,0.5763712789757608,0.4236287210242392
alignment_0.8,0,694,0.0,6.94,0.01,0.018112651380475284,3.2368562545708064e+17,True,0.9749285147508618,0.025071485249138246,0.5790020471368491,0.42099795286315095
alignment_0.8,0,695,0.0,6.95,0.01,0.018106063377221607,3.2918339840691654e+17,True,0.9749285147508618,0.025071485249138246,0.5816298307717491,0.41837016922825093
alignment_0.8,0,696,0.0,6.96,0.01,0.018099340623352982,3.347675441025342e+17,True,0.9749285147508616,0.025071485249138267,0.5842523494754893,0.4157476505245107
alignment_0.8,0,697,0.0,6.97,0.01,0.01809248964941467,3.404397646056659e+17,True,0.9749285147508618,0.025071485249138246,0.5868674001356381,0.4131325998643619
alignment_0.8,0,698,0.0,6.98,0.01,0.018085517000488927,3.462018244253587e+17,True,0.9749285147508618,0.025071485249138246,0.5894728553384774,0.41052714466152257
alignment_0.8,0,699,0.0,6.99,0.01,0.01807842923265608,3.520555547071125e+17,True,0.9749285147508618,0.025071485249138246,0.5920666619539561,0.4079333380460439
alignment_0.8,0,700,0.0,7.0,0.01,0.018071232909506137,3.580028572962088e+17,True,0.9749285147508618,0.02507148524913823,0.5946468388925481,0.40535316110745184
alignment_0.8,0,701,0.0,7.01,0.01,0.018063934598702706,3.640457077944728e+17,True,0.9749285147508618,0.025071485249138235,0.5972114722771956,0.40278852772280443
alignment_0.8,0,702,0.0,7.0200000000000005,0.01,0.018056540868601208,3.7018615615935226e+17,True,0.9749285147508618,0.0250714852491382,0.5997587055877397,0.4002412944122604
alignment_0.8,0,703,0.0,7.03,0.01,0.018049058284923095,3.7642632527928525e+17,True,0.9749285147508618,0.025071485249138246,0.6022867148294712,0.3977132851705288
alignment_0.8,0,704,0.0,7.04,0.01,0.01804149340749507,3.82768413188818e+17,True,0.9749285147508618,0.02507148524913823,0.6047936737047822,0.39520632629521774
alignment_0.8,0,705,0.0,7.05,0.01,0.018033852787077198,3.892146797065863e+17,True,0.9749285147508618,0.02507148524913823,0.607277847808948,0.39272215219105205
alignment_0.8,0,706,0.0,7.0600000000000005,0.01,0.018026142962200356,3.9576747530212826e+17,True,0.9749285147508618,0.025071485249138263,0.6097374899455018,0.3902625100544981
alignment_0.8,0,707,0.0,7.07,0.01,0.018018370456101048,4.024292284554292e+17,True,0.9749285147508618,0.025071485249138235,0.6121708823485994,0.3878291176514006
alignment_0.8,0,708,0.0,7.08,0.01,0.01801054177371535,4.092024464427527e+17,True,0.9749285147508618,0.025071485249138235,0.6145763184614275,0.3854236815385725
alignment_0.8,0,709,0.0,7.09,0.01,0.018002663398738655,4.1608971535950074e+17,True,0.9749285147508618,0.02507148524913823,0.6169520922871358,0.3830479077128642
alignment_0.8,0,710,0.0,7.1000000000000005,0.01,0.01799474179075386,4.23093698047309e+17,True,0.9749285147508618,0.025071485249138235,0.6192964880094971,0.380703511990503
alignment_0.8,0,711,0.0,7.11,0.01,0.017986783382428803,4.302171303403409e+17,True,0.9749285147508618,0.025071485249138253,0.6216077678675888,0.37839223213241124
alignment_0.8,0,712,0.0,7.12,0.01,0.017978794576783662,4.3746281581273363e+17,True,0.9749285147508618,0.025071485249138253,0.6238841590329545,0.37611584096704553
alignment_0.8,0,713,0.0,7.13,0.01,0.017970781744528933,4.4483361924576154e+17,True,0.9749285147508618,0.025071485249138235,0.6261238400505627,0.3738761599494373
alignment_0.8,0,714,0.0,7.140000000000001,0.01,0.017962751221474393,4.5233245899062336e+17,True,0.9749285147508618,0.025071485249138253,0.6283249273701458,0.3716750726298542
alignment_0.8,0,715,0.0,7.15,0.01,0.017954709306009564,4.599622983666334e+17,True,0.9749285147508618,0.025071485249138253,0.6304854622235434,0.3695145377764566
alignment_0.8,0,716,0.0,7.16,0.01,0.017946662256655792,4.67726136090519e+17,True,0.9749285147508618,0.025071485249138246,0.632603397926956,0.367396602073044
alignment_0.8,0,717,0.0,7.17,0.01,0.01793861628969029,4.7562699553989056e+17,True,0.9749285147508618,0.025071485249138235,0.6346765873374594,0.36532341266254076
alignment_0.8,0,718,0.0,7.18,0.01,0.01793057757684216,4.8366791234328237e+17,True,0.9749285147508618,0.02507148524913821,0.6367027698113207,0.36329723018867927
alignment_0.8,0,719,0.0,7.19,0.01,0.017922552243060413,4.918519193326033e+17,True,0.9749285147508618,0.025071485249138246,0.6386795565417771,0.3613204434582229
alignment_0.8,0,720,0.0,7.2,0.01,0.017914546364353908,5.001820273192741e+17,True,0.9749285147508618,0.025071485249138235,0.6406044124668934,0.35939558753310663
alignment_0.8,0,721,0.0,7.21,0.01,0.01790656596570312,5.086611992675706e+17,True,0.9749285147508618,0.025071485249138246,0.6424746323417808,0.35752536765821913
alignment_0.8,0,722,0.0,7.22,0.01,0.017898617019043418,5.1729231443170784e+17,True,0.9749285147508618,0.025071485249138235,0.644287307506288,0.35571269249371185
alignment_0.8,0,723,0.0,7.23,0.01,0.017890705441319647,5.260781267365355e+17,True,0.9749285147508618,0.025071485249138253,0.6460392725135901,0.35396072748641005
alignment_0.8,0,724,0.0,7.24,0.01,0.017882837092609506,5.350212249235568e+17,True,0.9749285147508618,0.025071485249138253,0.6477270607749321,0.35227293922506797
alignment_0.8,0,725,0.0,7.25,0.01,0.01787501777431549,5.4412395841685875e+17,True,0.9749285147508616,0.025071485249138267,0.6493469709039459,0.3506530290960541
alignment_0.8,0,726,0.0,7.26,0.01,0.01786725322743675,5.533884605904504e+17,True,0.9749285147508618,0.025071485249138253,0.6508949536021728,0.3491050463978272
alignment_0.8,0,727,0.0,7.2700000000000005,0.01,0.017859549130898978,5.628165529232862e+17,True,0.9749285147508618,0.025071485249138253,0.6523666166349438,0.34763338336505617
alignment_0.8,0,728,0.0,7.28,0.01,0.01785191109995518,5.724096807856279e+17,True,0.9749285147508618,0.025071485249138246,0.6537571714210442,0.3462428285789559
alignment_0.8,0,729,0.0,7.29,0.01,0.017844344684653752,5.821688392960838e+17,True,0.9749285147508618,0.025071485249138253,0.6550613873343198,0.34493861266568016
alignment_0.8,0,730,0.0,7.3,0.01,0.017836855368372716,5.920944884967697e+17,True,0.9749285147508618,0.025071485249138263,0.6562735417703386,0.34372645822966136
alignment_0.8,0,731,0.0,7.3100000000000005,0.01,0.017829448566419086,6.02186457363644e+17,True,0.9749285147508618,0.025071485249138246,0.6573873644694562,0.34261263553054383
alignment_0.8,0,732,0.0,7.32,0.01,0.017822129624692255,6.124438358941234e+17,True,0.9749285147508618,0.025071485249138263,0.658395975633294,0.3416040243667059
alignment_0.8,0,733,0.0,7.33,0.01,0.017814903818410326,6.228648543661169e+17,True,0.9749285147508616,0.02507148524913829,0.65929181725084,0.34070818274916004
alignment_0.8,0,734,0.0,7.34,0.01,0.017807776350898204,6.334467487178994e+17,True,0.9749285147508616,0.025071485249138274,0.6600665767213881,0.33993342327861176
alignment_0.8,0,735,0.0,7.3500000000000005,0.01,0.017800752352436437,6.441856107635361e+17,True,0.9749285147508616,0.025071485249138267,0.6607111014598556,0.33928889854014443
alignment_0.8,0,736,0.0,7.36,0.01,0.01779383687916949,6.550762216576337e+17,True,0.9749285147508616,0.025071485249138274,0.6612153026045189,0.3387846973954812
alignment_0.8,0,737,0.0,7.37,0.01,0.017787034912072366,6.661118664213006e+17,True,0.9749285147508616,0.025071485249138284,0.6615680453823665,0.33843195461763353
alignment_0.8,0,738,0.0,7.38,0.01,0.017780351355974385,6.772841268120945e+17,True,0.9749285147508618,0.025071485249138253,0.6617570226852824,0.33824297731471764
alignment_0.8,0,739,0.0,7.390000000000001,0.01,0.017773791038638905,6.885826487369804e+17,True,0.9749285147508616,0.025071485249138267,0.6617686074538851,0.338231392546115
alignment_0.8,0,740,0.0,7.4,0.01,0.017767358709897825,6.999948847915429e+17,True,0.9749285147508616,0.025071485249138284,0.6615876764865525,0.3384123235134475
alignment_0.8,0,741,0.0,7.41,0.01,0.017761059040837312,7.115058134038305e+17,True,0.9749285147508616,0.025071485249138267,0.6611974090424303,0.33880259095756965
alignment_0.8,0,742,0.0,7.42,0.01,0.017754896623029974,7.230976042163764e+17,True,0.9749285147508616,0.025071485249138274,0.6605790885533537,0.3394209114466463
alignment_0.8,0,743,0.0,7.43,0.01,0.017748875967828887,7.347493235453242e+17,True,0.9749285147508616,0.025071485249138274,0.6597118221319053,0.34028817786809484
alignment_0.8,0,744,0.0,7.44,0.01,0.01774300150570089,7.464365371411277e+17,True,0.9749285147508616,0.025071485249138274,0.6585722493506716,0.3414277506493285
alignment_0.8,0,745,0.0,7.45,0.01,0.017737277585610257,7.581309113069617e+17,True,0.9749285147508616,0.025071485249138267,0.6571341813100741,0.342865818689926
alignment_0.8,0,746,0.0,7.46,0.01,0.01773170847444825,7.697997760959766e+17,True,0.9749285147508618,0.025071485249138263,0.6553681811460887,0.34463181885391125
alignment_0.8,0,747,0.0,7.47,0.01,0.01772629835650655,7.814056527142432e+17,True,0.9749285147508618,0.025071485249138235,0.6532410679747948,0.3467589320252052
alignment_0.8,0,748,0.0,7.48,0.01,0.01772105133299332,7.929057463776326e+17,True,0.9749285147508618,0.025071485249138253,0.6507153284266144,0.34928467157338555
alignment_0.8,0,749,0.0,7.49,0.01,0.01771597142159025,8.042514073043217e+17,True,0.9749285147508618,0.025071485249138263,0.6477484167878546,0.35225158321214545
alignment_0.8,0,750,0.0,7.5,0.01,0.017711062556049352,8.153875641994657e+17,True,0.9749285147508618,0.025071485249138235,0.6442919205148298,0.3557080794851703
alignment_0.8,0,751,0.0,7.51,0.01,0.01770632858582798,8.262521375689391e+17,True,0.9749285147508618,0.025071485249138253,0.6402905621858748,0.3597094378141252
alignment_0.8,0,752,0.0,7.5200000000000005,0.01,0.01770177327576075,8.367754436195764e+17,True,0.9749285147508618,0.025071485249138253,0.6356810021676087,0.36431899783239136
alignment_0.8,0,753,0.0,7.53,0.01,0.017697400305767105,8.468796041066131e+17,True,0.9749285147508618,0.025071485249138263,0.6303903978692393,0.36960960213076066
alignment_0.8,0,754,0.0,7.54,0.01,0.017693213270593137,8.564779842361144e+17,True,0.9749285147508618,0.025071485249138246,0.6243346650999114,0.3756653349000886
alignment_0.8,0,755,0.0,7.55,0.01,0.01768921567958651,8.65474688609569e+17,True,0.9749285147508618,0.02507148524913823,0.6174163752737862,0.3825836247262138
alignment_0.8,0,756,0.0,7.5600000000000005,0.01,0.017685410956503167,8.737641585740369e+17,True,0.9749285147508618,0.025071485249138246,0.6095222081557328,0.3904777918442673
alignment_0.8,0,757,0.0,7.57,0.01,0.017681802439344793,8.812309504875077e+17,True,0.9749285147508618,0.025071485249138235,0.6005198640999964,0.3994801359000037
alignment_0.8,0,758,0.0,7.58,0.01,0.017678393380222153,8.877497969774924e+17,True,0.9749285147508618,0.025071485249138253,0.5902543481762115,0.4097456518237885
alignment_0.8,0,759,0.0,7.59,0.01,0.017675186945236183,8.931858816716417e+17,True,0.9749285147508618,0.025071485249138235,0.5785435862500183,0.42145641374998166
alignment_0.8,0,760,0.0,7.6000000000000005,0.01,0.017672186214404643,8.973960559421966e+17,True,0.9749285147508618,0.025071485249138235,0.5651731631891002,0.4348268368108999
alignment_0.8,0,761,0.0,7.61,0.01,0.017669394181598422,9.002305711108028e+17,True,0.9749285147508618,0.025071485249138235,0.5498902922168867,0.4501097077831134
alignment_0.8,0,762,0.0,7.62,0.01,0.017666813754506773,9.015361746519643e+17,True,0.9749285147508618,0.025071485249138246,0.532397052654441,0.46760294734555896
alignment_0.8,0,763,0.0,7.63,0.01,0.01766444775462423,9.01160930614726e+17,True,0.9749285147508618,0.02507148524913823,0.512343349403021,0.487656650596979
alignment_0.8,0,764,0.0,7.640000000000001,0.01,0.017662298917257308,8.989615468929417e+17,True,0.9749285147508618,0.025071485249138253,0.48932059175970116,0.5106794082402988
alignment_0.8,0,765,0.0,7.65,0.01,0.01766036989155006,8.948143114302418e+17,True,0.9749285147508618,0.025071485249138235,0.46285823398013065,0.5371417660198694
alignment_0.8,0,766,0.0,7.66,0.01,0.01765866324052751,8.886312180503647e+17,True,0.9749285147508618,0.025071485249138218,0.43242745102477803,0.567572548975222
alignment_0.8,0,767,0.0,7.67,0.01,0.01765718144115591,8.803835372806277e+17,True,0.9749285147508618,0.025071485249138235,0.3974601181142599,0.60253988188574
alignment_0.8,0,768,0.0,7.68,0.01,0.01765592688441919,8.701360123380593e+17,True,0.9749285147508618,0.025071485249138246,0.35739815785232587,0.6426018421476742
alignment_0.8,0,769,0.0,7.69,0.01,0.017654901875410547,8.58096037370625e+17,True,0.9749285147508618,0.025071485249138246,0.31179990985088096,0.6882000901491191
alignment_0.8,0,770,0.0,7.7,0.01,0.017654108633438564,8.446834528119756e+17,True,0.9749285147508618,0.025071485249138246,0.2605478774497543,0.7394521225502457
alignment_0.8,0,771,0.0,7.71,0.01,0.017653549292147065,8.306273980491976e+17,True,0.9749285147508618,0.025071485249138235,0.2042239372106234,0.7957760627893766
alignment_0.8,0,772,0.0,7.72,0.01,0.017653225899648108,8.170954449756763e+17,True,0.9749285147508618,0.025071485249138246,0.14472869373726718,0.8552713062627327
alignment_0.8,0,773,0.0,7.73,0.01,0.017653140418666915,8.058538035876321e+17,True,0.9749285147508616,0.025071485249138274,0.08617169740903996,0.9138283025909599
alignment_0.8,0,774,0.0,7.74,0.01,0.017653294726678693,7.994384039370644e+17,True,0.9749285147508618,0.025071485249138246,0.035838781911440167,0.9641612180885598
alignment_0.8,0,775,0.0,7.75,0.01,0.017653690616075725,8.01284444281162e+17,True,0.9749285147508616,0.025071485249138274,0.004528258554896215,0.9954717414451039
alignment_0.8,0,776,0.0,7.76,0.01,0.017654329794334712,8.157148434790344e+17,True,0.9749285147508616,0.025071485249138267,0.004905457135872196,0.9950945428641279
alignment_0.8,0,777,0.0,7.7700000000000005,0.01,0.01765521388419101,8.47675995860939e+17,True,0.9749285147508618,0.025071485249138263,0.04680644139752162,0.9531935586024783
alignment_0.8,0,778,0.0,7.78,0.01,0.01765634442382369,9.021986862460173e+17,True,0.9749285147508618,0.025071485249138263,0.1310597395801828,0.8689402604198172
alignment_0.8,0,779,0.0,7.79,0.01,0.017657722867044062,9.837628605885846e+17,True,0.9749285147508618,0.025071485249138253,0.24682047927239398,0.753179520727606
alignment_0.8,0,780,0.0,7.8,0.01,0.01765935058348781,1.0958871525386463e+18,True,0.9749285147508618,0.025071485249138253,0.3759416757576366,0.6240583242423634
alignment_0.8,0,781,0.0,7.8100000000000005,0.01,0.017661228858810395,1.2411432747257244e+18,True,0.9749285147508618,0.025071485249138218,0.5010885219558465,0.4989114780441535
alignment_0.8,0,782,0.0,7.82,0.01,0.017663358894886096,1.4215074498227904e+18,True,0.9749285147508618,0.02507148524913821,0.6111977699797995,0.3888022300202006
alignment_0.8,0,783,0.0,7.83,0.01,0.017665741810010453,1.6388053607232445e+18,True,0.9749285147508618,0.0250714852491382,0.7020330284822596,0.29796697151774054
alignment_0.8,0,784,0.0,7.84,0.01,0.017668378639106492,1.8950704509108047e+18,True,0.9749285147508618,0.025071485249138235,0.7739755537380812,0.22602444626191878
alignment_0.8,0,785,0.0,7.8500000000000005,0.01,0.017671270333934737,2.1927672539431316e+18,True,0.9749285147508618,0.025071485249138235,0.829588458998247,0.17041154100175301
alignment_0.8,0,786,0.0,7.86,0.01,0.01767441776330731,2.5349093223494927e+18,True,0.9749285147508618,0.025071485249138183,0.872007553433425,0.12799244656657496
alignment_0.8,0,787,0.0,7.87,0.01,0.017677821713306518,2.925117382319517e+18,True,0.9749285147508618,0.0250714852491382,0.9041530561500153,0.09584694384998466
alignment_0.8,0,788,0.0,7.88,0.01,0.017681482887501813,3.36765170393491e+18,True,0.9749285147508618,0.02507148524913821,0.9284528679672519,0.07154713203274811
alignment_0.8,0,789,0.0,7.890000000000001,0.01,0.01768540190712482,3.8674413002053115e+18,True,0.9749285147508618,0.025071485249138183,0.9468154452749105,0.05318455472508959
alignment_0.8,0,790,0.0,7.9,0.01,0.017689579311309343,4.430114897591074e+18,True,0.9749285147508618,0.025071485249138183,0.9606975522424724,0.039302447757527594
alignment_0.8,0,791,0.0,7.91,0.01,0.017694015557299148,5.062042850023869e+18,True,0.9749285147508618,0.0250714852491382,0.971195457885339,0.0288045421146609
alignment_0.8,0,792,0.0,7.92,0.01,0.01769871102066053,5.770389268285165e+18,True,0.9749285147508618,0.025071485249138176,0.9791293381505023,0.02087066184949768
alignment_0.8,0,793,0.0,7.930000000000001,0.01,0.017703665995494663,6.563175257593532e+18,True,0.9749285147508618,0.02507148524913821,0.9851123096818643,0.014887690318135707
alignment_0.8,0,794,0.0,7.94,0.01,0.017708880694646316,7.449353595740986e+18,True,0.9749285147508618,0.0250714852491382,0.9896037051386861,0.010396294861313903
alignment_0.8,0,795,0.0,7.95,0.01,0.01771435524990995,8.43889492654195e+18,True,0.9749285147508618,0.025071485249138218,0.9929489940863621,0.0070510059136379526
alignment_0.8,0,796,0.0,7.96,0.01,0.017720089712234533,9.542885728329157e+18,True,0.9749285147508618,0.02507148524913821,0.9954092696785939,0.004590730321406123
alignment_0.8,0,797,0.0,7.97,0.01,0.017726084051928045,1.0773638486868232e+19,True,0.9749285147508618,0.02507148524913823,0.9971828970344632,0.002817102965536779
alignment_0.8,0,798,0.0,7.98,0.01,0.017732338158863173,1.2144814703746415e+19,True,0.9749285147508618,0.02507148524913823,0.9984213895348489,0.0015786104651510893
alignment_0.8,0,799,0.0,7.99,0.01,0.017738851842685376,1.3671561572823458e+19,True,0.9749285147508618,0.02507148524913821,0.999241074210635,0.0007589257893649798
alignment_0.8,0,800,0.0,8.0,0.01,0.01774562483302472,1.5275550105419047e+19,True,0.9749285147508618,0.025071485249138253,0.9997300835456432,0.0002699164543569142
alignment_1.2,0,0,0.0,0.0,0.01,0.01,0.0,False,1.0,0.0,1.0,0.0
alignment_1.2,0,1,0.0,0.01,0.01,0.01003520794400882,0.006141494021139052,False,0.6107024023890535,0.38929759761094657,0.6000388917004068,0.3999611082995932
alignment_1.2,0,2,0.0,0.02,0.01,0.010068506807394292,0.012170827125378323,False,0.6150744556488319,0.38492554435116816,0.5939396143394773,0.40606038566052266
alignment_1.2,0,3,0.0,0.03,0.01,0.010099935868545224,0.018090978353106663,False,0.6192994297907172,0.38070057020928283,0.5878806395569206,0.41211936044307934
alignment_1.2,0,4,0.0,0.04,0.01,0.01012953500478344,0.023904792772503663,False,0.6234901722147932,0.3765098277852068,0.5819720337051536,0.41802796629484634
alignment_1.2,0,5,0.0,0.05,0.01,0.010157344644965602,0.02961498957222853,False,0.6276619532356226,0.37233804676437743,0.5762260173777615,0.42377398262223864
alignment_1.2,0,6,0.0,0.06,0.01,0.010183405719813278,0.035224169527484105,False,0.6318181761736215,0.3681818238263786,0.5706428246414759,0.4293571753585242
alignment_1.2,0,7,0.0,0.07,0.01,0.010207759610376075,0.04073482195198753,False,0.6359597650929248,0.3640402349070752,0.565220141147774,0.4347798588522261
alignment_1.2,0,8,0.0,0.08,0.01,0.010230448095013146,0.046149331177962855,False,0.640086953338157,0.35991304666184304,0.5599549193116388,0.4400450806883613
alignment_1.2,0,9,0.0,0.09,0.01,0.010251513295262464,0.05146998260228163,False,0.6441997471432871,0.355800252856713,0.5548438608258639,0.44515613917413605
alignment_1.2,0,10,0.0,0.1,0.01,0.010270997620943084,0.05669896833318274,False,0.6482980711026191,0.35170192889738106,0.5498835773143874,0.4501164226856125
alignment_1.2,0,11,0.0,0.11,0.01,0.010288943714821827,0.0618383924686461,False,0.6523818196760314,0.34761818032396863,0.5450706546200255,0.4549293453799745
alignment_1.2,0,12,0.0,0.12,0.01,0.010305394397158676,0.06689027603448866,False,0.6564508766409313,0.34354912335906873,0.5404016832062035,0.45959831679379654
alignment_1.2,0,13,0.0,0.13,0.01,0.010320392610417542,0.07185656160759428,False,0.6605051224365796,0.3394948775634205,0.5358732749292031,0.4641267250707969
alignment_1.2,0,14,0.0,0.14,0.01,0.010333981364423667,0.07673911764733055,False,0.6645444366161245,0.33545556338387544,0.5314820736044027,0.4685179263955974
alignment_1.2,0,15,0.0,0.15,0.01,0.010346203682205894,0.08153974255614457,False,0.6685686982578132,0.3314313017421868,0.5272247623768673,0.47277523762313256
alignment_1.2,0,16,0.0,0.16,0.01,0.010357102546763626,0.08626016848848791,False,0.6725777855431998,0.3274222144568003,0.5230980692355001,0.47690193076449994
alignment_1.2,0,17,0.0,0.17,0.01,0.010366720848971432,0.09090206492560393,False,0.6765715750369118,0.32342842496308816,0.5190987713181753,0.48090122868182483
alignment_1.2,0,18,0.0,0.18,0.01,0.010375101336804709,0.09546704203226543,False,0.6805499409098671,0.3194500590901329,0.5152236983488854,0.4847763016511147
alignment_1.2,0,19,0.0,0.19,0.01,0.010382286566072211,0.09995665381024152,False,0.6845127542123358,0.31548724578766424,0.5114697354013696,0.4885302645986303
alignment_1.2,0,20,0.0,0.2,0.01,0.01038831885279162,0.10437240106212915,False,0.6884598822416442,0.3115401177583558,0.5078338251126718,0.4921661748873282
alignment_1.2,0,21,0.0,0.21,0.01,0.01039324022735403,0.10871573417811096,False,0.6923911880156994,0.3076088119843007,0.5043129694282347,0.4956870305717653
alignment_1.2,0,22,0.0,0.22,0.01,0.010397092390586601,0.11298805575724272,False,0.696306529851405,0.3036934701485951,0.5009042309411053,0.4990957690588948
alignment_1.2,0,23,0.0,0.23,0.01,0.010399916671816644,0.11719072307402835,False,0.7002057610403375,0.2997942389596625,0.4976047338745354,0.5023952661254646
alignment_1.2,0,24,0.0,0.24,0.01,0.01040175398901528,0.12132505040021241,False,0.7040887296089952,0.2959112703910048,0.49441166474651194,0.5055883352534881
alignment_1.2,0,25,0.0,0.25,0.01,0.010402644811089544,0.12539231119100125,False,0.7079552781532729,0.2920447218467271,0.4913222727521455,0.5086777272478544
alignment_1.2,0,26,0.0,0.26,0.01,0.010402629122365531,0.12939374014428504,False,0.7118052437363601,0.2881947562636399,0.4883338698945397,0.5116661301054602
alignment_1.2,0,27,0.0,0.27,0.01,0.01040174638930814,0.13333053514077603,False,0.7156384578387754,0.2843615421612246,0.4854438308901608,0.5145561691098393
alignment_1.2,0,28,0.0,0.28,0.01,0.010400035529482848,0.137203859072433,False,0.7194547463531674,0.2805452536468326,0.4826495928751763,0.5173504071248238
alignment_1.2,0,29,0.0,0.29,0.01,0.010397534882792662,0.1410148415660553,False,0.7232539296177255,0.27674607038227456,0.4799486549368531,0.5200513450631469
alignment_1.2,0,30,0.0,0.3,0.01,0.010394282184964018,0.14476458060841066,False,0.7270358224800837,0.2729641775199163,0.47733857748896985,0.5226614225110302
alignment_1.2,0,31,0.0,0.31,0.01,0.01039031454328528,0.14845414407883079,False,0.7308002343872245,0.26919976561277553,0.47481698151134716,0.5251830184886528
alignment_1.2,0,32,0.0,0.32,0.01,0.010385668414559719,0.15208457119483243,False,0.7345469694983594,0.26545303050164054,0.4723815476725115,0.5276184523274885
alignment_1.2,0,33,0.0,0.33,0.01,0.01038037958525833,0.15565687387594168,False,0.7382758268157238,0.26172417318427627,0.4700300153498439,0.5299699846501561
alignment_1.2,0,34,0.0,0.34,0.01,0.010374483153808218,0.1591720380305033,False,0.7419866003298206,0.25801339967017944,0.4677601815615187,0.5322398184384812
alignment_1.2,0,35,0.0,0.35000000000000003,0.01,0.01036801351498225,0.16263102477001448,False,0.7456790791789655,0.2543209208210346,0.4655698998261156,0.5344301001738845
alignment_1.2,0,36,0.0,0.36,0.01,0.01036100434634229,0.1660347715552093,False,0.7493530478203865,0.2506469521796136,0.46345707896112764,0.5365429210388725
alignment_1.2,0,37,0.0,0.37,0.01,0.010353488596657889,0.16938419327781593,False,0.7530082862104531,0.24699171378954674,0.4614196818305187,0.5385803181694814
alignment_1.2,0,38,0.0,0.38,0.01,0.01034549847624828,0.17268018328167195,False,0.7566445699930867,0.2433554300069133,0.4594557240517717,0.5405442759482283
alignment_1.2,0,39,0.0,0.39,0.01,0.010337065449167314,0.17592361432668616,False,0.7602616706962343,0.2397383293037658,0.45756327267246394,0.542436727327536
alignment_1.2,0,40,0.0,0.4,0.01,0.010328220227169876,0.17911533949889427,False,0.7638593559348917,0.23614064406510826,0.45574044482363635,0.5442595551763637
alignment_1.2,0,41,0.0,0.41000000000000003,0.01,0.010318992765393664,0.18225619306964808,False,0.7674373896185812,0.2325626103814188,0.4539854063555234,0.5460145936444767
alignment_1.2,0,42,0.0,0.42,0.01,0.010309412259613945,0.18534699130674137,False,0.7709955321637243,0.22900446783627565,0.4522963704636262,0.5477036295363739
alignment_1.2,0,43,0.0,0.43,0.01,0.010299507145093553,0.18838853324029858,False,0.7745335407121536,0.2254664592878463,0.4506715963125109,0.5493284036874891
alignment_1.2,0,44,0.0,0.44,0.01,0.010289305096867998,0.19138160138585783,False,0.7780511693528414,0.22194883064715867,0.4491093876596886,0.5508906123403113
alignment_1.2,0,45,0.0,0.45,0.01,0.010278833031416927,0.19432696242705574,False,0.7815481693468396,0.21845183065316043,0.4476080914843996,0.5523919085156004
alignment_1.2,0,46,0.0,0.46,0.01,0.01026811710963363,0.19722536786015188,False,0.7850242893554883,0.2149757106445118,0.4461660966257623,0.5538339033742377
alignment_1.2,0,47,0.0,0.47000000000000003,0.01,0.010257182741008258,0.20007755460254711,False,0.7884792756722856,0.21152072432771446,0.4447818324345168,0.5552181675654833
alignment_1.2,0,48,0.0,0.48,0.01,0.010246054588953408,0.20288424556727708,False,0.7919128724575375,0.2080871275424625,0.44345376744058457,0.5565462325594154
alignment_1.2,0,49,0.0,0.49,0.01,0.010234756577210272,0.20564615020537827,False,0.7953248219744466,0.20467517802555332,0.4421804080375195,0.5578195919624804
alignment_1.2,0,50,0.0,0.5,0.01,0.010223311897195992,0.2083639650178058,False,0.7987148648264365,0.2012851351735634,0.4409602971864332,0.5590397028135669
alignment_1.2,0,51,0.0,0.51,0.01,0.010211743016267306,0.211038374038749,False,0.8020827401978827,0.19791725980211738,0.4397920131439745,0.5602079868560256
alignment_1.2,0,52,0.0,0.52,0.01,0.010200071686839842,0.21367004929188263,False,0.8054281860967132,0.1945718139032869,0.4386741682143714,0.5613258317856287
alignment_1.2,0,53,0.0,0.53,0.01,0.010188318956245238,0.21625965122103047,False,0.8087509395976228,0.19124906040237732,0.4376054075255108,0.5623945924744892
alignment_1.2,0,54,0.0,0.54,0.01,0.010176505177284271,0.21880782909666752,False,0.8120507370861506,0.18794926291384934,0.43658440783074887,0.5634155921692512
alignment_1.2,0,55,0.0,0.55,0.01,0.010164650019398452,0.22131522139964002,False,0.8153273145039961,0.18467268549600396,0.4356098763380502,0.5643901236619497
alignment_1.2,0,56,0.0,0.56,0.01,0.010152772480395903,0.2237824561834222,False,0.8185804075957384,0.1814195924042617,0.4346805495676274,0.5653194504323726
alignment_1.2,0,57,0.0,0.5700000000000001,0.01,0.010140890898675717,0.22621015141611855,False,0.8218097521564058,0.17819024784359416,0.4337951922381353,0.5662048077618648
alignment_1.2,0,58,0.0,0.58,0.01,0.010129022965903246,0.22859891530333187,False,0.8250150842785288,0.17498491572147126,0.43295259618015464,0.5670474038198454
alignment_1.2,0,59,0.0,0.59,0.01,0.01011718574006484,0.23094934659298672,False,0.8281961405982933,0.17180385940170667,0.43215157927688835,0.5678484207231116
alignment_1.2,0,60,0.0,0.6,0.01,0.01010539565877692,0.23326203486307992,False,0.8313526585421815,0.16864734145781846,0.4313909844348404,0.5686090155651596
alignment_1.2,0,61,0.0,0.61,0.01,0.010093668552963975,0.2355375607937724,False,0.8344843765757737,0.16551562342422627,0.43066967858618166,0.5693303214138183
alignment_1.2,0,62,0.0,0.62,0.01,0.010082019660711178,0.23777649642426535,False,0.8375910344501367,0.1624089655498633,0.4299865517176099,0.5700134482823901
alignment_1.2,0,63,0.0,0.63,0.01,0.010070463641305972,0.23997940539563453,False,0.8406723734475955,0.15932762655240454,0.42934051592776806,0.570659484072232
alignment_1.2,0,64,0.0,0.64,0.01,0.010059014589414198,0.24214684318038684,False,0.8437281366264026,0.15627186337359747,0.42873050451286965,0.5712694954871304
alignment_1.2,0,65,0.0,0.65,0.01,0.010047686049348073,0.24427935729963507,False,0.8467580690647397,0.1532419309352604,0.4281554710811075,0.5718445289188925
alignment_1.2,0,66,0.0,0.66,0.01,0.010036491029389787,0.24637748752872463,False,0.8497619181040503,0.15023808189594964,0.4276143886958831,0.5723856113041169
alignment_1.2,0,67,0.0,0.67,0.01,0.010025442016139483,0.24844176609206037,False,0.8527394335913109,0.14726056640868912,0.4271062490472923,0.5728937509527078
alignment_1.2,0,68,0.0,0.68,0.01,0.010014550988861603,0.25047271784777053,False,0.8556903681188696,0.14430963188113047,0.4266300616497698,0.5733699383502302
alignment_1.2,0,69,0.0,0.6900000000000001,0.01,0.01000382943380576,0.25247086046290007,False,0.8586144772609494,0.1413855227390506,0.426184853064167,0.573815146935833
alignment_1.2,0,70,0.0,0.7000000000000001,0.01,0.009993288358397499,0.2544367045796648,False,0.8615115198077047,0.1384884801922954,0.4257696661460462,0.5742303338539537
alignment_1.2,0,71,0.0,0.71,0.01,0.009982938305367136,0.2563707539739581,False,0.864381257999757,0.13561874200024315,0.42538355932392,0.57461644067608
alignment_1.2,0,72,0.0,0.72,0.01,0.009972789366782284,0.2582735057063815,False,0.8672234577597067,0.1327765422402934,0.4250256059023379,0.5749743940976622
alignment_1.2,0,73,0.0,0.73,0.01,0.009962851197912397,0.26014545026624636,False,0.8700378889194538,0.12996211108054628,0.4246948933879091,0.5753051066120909
alignment_1.2,0,74,0.0,0.74,0.01,0.009953133030940392,0.26198707170928015,False,0.8728243254442236,0.12717567455577644,0.42439052283930095,0.575609477160699
alignment_1.2,0,75,0.0,0.75,0.01,0.009943643688492767,0.2637988477895527,False,0.875582545653079,0.12441745434692106,0.4241116082408068,0.5758883917591932
alignment_1.2,0,76,0.0,0.76,0.01,0.009934391596972526,0.2655812500862407,False,0.8783123324361234,0.12168766756387663,0.4238572758996617,0.5761427241003383
alignment_1.2,0,77,0.0,0.77,0.01,0.009925384799682123,0.2673347441258083,False,0.8810134734684504,0.11898652653154966,0.42362666386712483,0.5763733361328752
alignment_1.2,0,78,0.0,0.78,0.01,0.00991663096972621,0.2690597895000929,False,0.8836857614202737,0.11631423857972638,0.42341892138235243,0.5765810786176476
alignment_1.2,0,79,0.0,0.79,0.01,0.009908137422686604,0.27075683998064964,False,0.8863289941618678,0.11367100583813214,0.4232332083366418,0.5767667916633582
alignment_1.2,0,80,0.0,0.8,0.01,0.009899911129064133,0.27242634362959756,False,0.8889429749614497,0.11105702503855035,0.4230686947544939,0.5769313052455062
alignment_1.2,0,81,0.0,0.81,0.01,0.00989195872645707,0.27406874290750627,False,0.8915275126766513,0.10847248732334873,0.42292456029217035,0.5770754397078296
alignment_1.2,0,82,0.0,0.8200000000000001,0.01,0.009884286531425127,0.27568447477909663,False,0.8940824219431377,0.10591757805686229,0.4227999937604482,0.5772000062395518
alignment_1.2,0,83,0.0,0.8300000000000001,0.01,0.009876900551184425,0.2772739708177166,False,0.8966075233596829,0.10339247664031719,0.422694192669355,0.577305807330645
alignment_1.2,0,84,0.0,0.84,0.01,0.009869806494975824,0.2788376573075374,False,0.8991026436631971,0.10089735633680297,0.4226063627842445,0.5773936372157555
alignment_1.2,0,85,0.0,0.85,0.01,0.009863009785172268,0.2803759553446523,False,0.901567615896977,0.09843238410302296,0.4225357176978565,0.5774642823021434
alignment_1.2,0,86,0.0,0.86,0.01,0.0098565155681068,0.28188928093722454,False,0.9040022795712502,0.0959977204287498,0.4224814784165738,0.5775185215834263
alignment_1.2,0,87,0.0,0.87,0.01,0.00985032872461867,0.2833780451050798,False,0.9064064808159713,0.09359351918402864,0.42244287296034183,0.5775571270396582
alignment_1.2,0,88,0.0,0.88,0.01,0.009844453880317216,0.28484265397917313,False,0.9087800725260515,0.09121992747394848,0.4224191359761937,0.5775808640238064
alignment_1.2,0,89,0.0,0.89,0.01,0.009838895415564384,0.286283508901261,False,0.9111229144987472,0.08887708550125295,0.4224095083644984,0.5775904916355017
alignment_1.2,0,90,0.0,0.9,0.01,0.009833657475177816,0.2877010065239553,False,0.913434873562256,0.08656512643774403,0.4224132369155748,0.5775867630844252
alignment_1.2,0,91,0.0,0.91,0.01,0.009828743977857409,0.2890955389110068,False,0.9157158236934736,0.0842841763065263,0.4224295739518417,0.5775704260481584
alignment_1.2,0,92,0.0,0.92,0.01,0.00982415862533913,0.29046749363732144,False,0.9179656461220185,0.08203435387798151,0.4224577769683192,0.5775422230316808
alignment_1.2,0,93,0.0,0.93,0.01,0.009819904911264247,0.29181725388894936,False,0.920184229421284,0.07981577057871599,0.4224971082711583,0.5775028917288417
alignment_1.2,0,94,0.0,0.9400000000000001,0.01,0.009815986129723115,0.2931451985650446,False,0.9223714695940781,0.07762853040592183,0.42254683462870696,0.5774531653712932
alignment_1.2,0,95,0.0,0.9500000000000001,0.01,0.009812405383608214,0.29445170238050616,False,0.9245272701474803,0.07547272985251982,0.42260622692376326,0.5773937730762367
alignment_1.2,0,96,0.0,0.96,0.01,0.009809165592651815,0.29573713596824835,False,0.9266515421512136,0.07334845784878646,0.4226745597917749,0.5773254402082252
alignment_1.2,0,97,0.0,0.97,0.01,0.009806269501207082,0.29700186598115474,False,0.928744204281808,0.07125579571819188,0.4227511112476044,0.5772488887523957
alignment_1.2,0,98,0.0,0.98,0.01,0.009803719685765244,0.2982462551934438,False,0.9308051828522185,0.06919481714778153,0.42283516229696305,0.5771648377030371
alignment_1.2,0,99,0.0,0.99,0.01,0.009801518562211795,0.29947066260096167,False,0.932834411826569,0.06716558817343088,0.42292599652841817,0.5770740034715818
alignment_1.2,0,100,0.0,1.0,0.01,0.009799668392826928,0.30067544352000947,False,0.9348318328204039,0.0651681671795961,0.42302289968309703,0.5769771003169031
alignment_1.2,0,101,0.0,1.01,0.01,0.009798171293035762,0.3018609496840801,False,0.9367973950863394,0.06320260491366063,0.42312515919767585,0.5768748408023242
alignment_1.2,0,102,0.0,1.02,0.01,0.009797029237914237,0.30302752933743715,False,0.9387310554841436,0.061268944515856356,0.4232320637134896,0.5767679362865105
alignment_1.2,0,103,0.0,1.03,0.01,0.009796244068456906,0.30417552732366326,False,0.940632778432802,0.05936722156719796,0.4233429025399047,0.5766570974600954
alignment_1.2,0,104,0.0,1.04,0.01,0.009795817497613064,0.3053052851662704,False,0.9425025358404511,0.05749746415954903,0.4234569650539005,0.5765430349460995
alignment_1.2,0,105,0.0,1.05,0.01,0.009795751116095538,0.30641714113792545,False,0.9443403070095333,0.05565969299046671,0.4235735400198322,0.5764264599801677
alignment_1.2,0,106,0.0,1.06,0.01,0.009796046397919932,0.30751143032315853,False,0.9461460785322371,0.05385392146776301,0.4236919148554651,0.5763080851445349
alignment_1.2,0,107,0.0,1.07,0.01,0.009796704705765371,0.3085884846683622,False,0.9479198441708353,0.052080155829164684,0.4238113748263898,0.5761886251736101
alignment_1.2,0,108,0.0,1.08,0.01,0.009797727296114897,0.3096486330145469,False,0.9496616047146884,0.05033839528531151,0.42393120213149604,0.576068797868504
alignment_1.2,0,109,0.0,1.09,0.01,0.009799115324175071,0.3106922011097395,False,0.9513713678150696,0.0486286321849304,0.42405067486667797,0.5759493251333221
alignment_1.2,0,110,0.0,1.1,0.01,0.009800869848593184,0.3117195115966242,False,0.9530491477989668,0.046950852201033275,0.4241690658537394,0.5758309341462607
alignment_1.2,0,111,0.0,1.11,0.01,0.009802991835971286,0.31273088397126236,False,0.9546949654627066,0.04530503453729342,0.42428564131673024,0.5757143586832698
alignment_1.2,0,112,0.0,1.12,0.01,0.00980548216518282,0.3137266345080349,False,0.9563088478469672,0.043691152153032715,0.42439965938848445,0.5756003406115157
alignment_1.2,0,113,0.0,1.1300000000000001,0.01,0.009808341631497804,0.31470707614531446,False,0.9578908279948206,0.042109172005179434,0.4245103684279718,0.5754896315720283
alignment_1.2,0,114,0.0,1.1400000000000001,0.01,0.009811570950522545,0.31567251832514853,False,0.9594409446935416,0.040559055306458404,0.42461700512335315,0.5753829948766469
alignment_1.2,0,115,0.0,1.1500000000000001,0.01,0.009815170761960033,0.3166232667782384,False,0.9609592421992357,0.03904075780076432,0.4247187923462804,0.5752812076537196
alignment_1.2,0,116,0.0,1.16,0.01,0.0098191416331971,0.31755962324251547,False,0.9624457699408391,0.037554230059160906,0.4248149367090778,0.5751850632909221
alignment_1.2,0,117,0.0,1.17,0.01,0.009823484062724649,0.31848188510019027,False,0.9639005821990708,0.03609941780092916,0.42490462576603144,0.5750953742339686
alignment_1.2,0,118,0.0,1.18,0.01,0.00982819848337515,0.31939034492715845,False,0.9653237377727383,0.034676262227261716,0.42498702484809575,0.5750129751519043
alignment_1.2,0,119,0.0,1.19,0.01,0.00983328526538309,0.32028528995804,False,0.9667152996561857,0.033284700343814214,0.4250612735596055,0.5749387264403945
alignment_1.2,0,120,0.0,1.2,0.01,0.009838744719332573,0.32116700142455634,False,0.9680753346984541,0.03192466530154597,0.42512648179469936,0.5748735182053007
alignment_1.2,0,121,0.0,1.21,0.01,0.00984457709891996,0.32203575376590055,False,0.9694039132559231,0.030596086744076843,0.42518172522383424,0.5748182747761658
alignment_1.2,0,122,0.0,1.22,0.01,0.009850782603576995,0.3228918136843827,False,0.9707011088412851,0.029298891158714903,0.4252260401947498,0.5747739598052501
alignment_1.2,0,123,0.0,1.23,0.01,0.009857361380946934,0.3237354390272856,False,0.9719669977748177,0.028033002225182325,0.42525841797956904,0.574741582020431
alignment_1.2,0,124,0.0,1.24,0.01,0.009864313529218328,0.32456687747141666,False,0.9732016588442208,0.026798341155779223,0.4252777982948523,0.5747222017051477
alignment_1.2,0,125,0.0,1.25,0.01,0.009871639099321223,0.3253863649853809,False,0.9744051729812988,0.02559482701870121,0.4252830620195088,0.5747169379804913
alignment_1.2,0,126,0.0,1.26,0.01,0.009879338096990545,0.3261941240408106,False,0.9755776229629589,0.0244223770370411,0.4252730230214677,0.5747269769785323
alignment_1.2,0,127,0.0,1.27,0.01,0.009887410484701481,0.3269903615386074,False,0.9767190931423398,0.023280906857660204,0.4252464189834461,0.5747535810165538
alignment_1.2,0,128,0.0,1.28,0.01,0.009895856183481745,0.32777526640846144,False,0.9778296692128956,0.022170330787104443,0.4252019010874329,0.5747980989125672
alignment_1.2,0,129,0.0,1.29,0.01,0.009904675074605632,0.32854900683108984,False,0.9789094380055696,0.02109056199443039,0.4251380223805051,0.574861977619495
alignment_1.2,0,130,0.0,1.3,0.01,0.009913867001171929,0.32931172702358896,False,0.9799584873233455,0.020041512676654587,0.4250532246424753,0.5749467753575247
alignment_1.2,0,131,0.0,1.31,0.01,0.009923431769532675,0.33006354357912926,False,0.9809769058626433,0.019023094137356762,0.4249458237638836,0.5750541762361163
alignment_1.2,0,132,0.0,1.32,0.01,0.009933369150653439,0.33080454130773335,False,0.9819647832289498,0.018035216771050248,0.42481399345032805,0.575186006549672
alignment_1.2,0,133,0.0,1.33,0.01,0.009943678881342378,0.3315347684225563,False,0.982922210002391,0.017077789997608984,0.42465574680784607,0.575344253192154
alignment_1.2,0,134,0.0,1.34,0.01,0.009954360665380557,0.33225423111187546,False,0.9838492779283865,0.016150722071613517,0.4244689158199374,0.5755310841800626
alignment_1.2,0,135,0.0,1.35,0.01,0.009965414174553237,0.33296288734420787,False,0.9847460802059803,0.015253919794019714,0.42425112829912903,0.575748871700871
alignment_1.2,0,136,0.0,1.36,0.01,0.00997683904957867,0.3336606398217291,False,0.9856127118899206,0.01438728811007939,0.42399978201403377,0.5760002179859663
alignment_1.2,0,137,0.0,1.37,0.01,0.009988634900937769,0.3343473279884468,False,0.9864492704265168,0.013550729573483251,0.4237120156921791,0.5762879843078208
alignment_1.2,0,138,0.0,1.3800000000000001,0.01,0.010000801309608192,0.33502271899005076,False,0.9872558563426104,0.012744143657389708,0.42338467656746953,0.5766153234325305
alignment_1.2,0,139,0.0,1.3900000000000001,0.01,0.01001333782770631,0.3356864974724173,False,0.9880325741044897,0.011967425895510274,0.4230142840935167,0.5769857159064833
alignment_1.2,0,140,0.0,1.4000000000000001,0.01,0.01002624397904067,0.3363382540897283,False,0.9887795331580989,0.011220466841901129,0.42259698937331724,0.5774030106266828
alignment_1.2,0,141,0.0,1.41,0.01,0.010039519259580618,0.33697747257612687,False,0.9894968491556253,0.010503150844374769,0.4221285297663579,0.5778714702336422
alignment_1.2,0,142,0.0,1.42,0.01,0.010053163137843789,0.33760351520588955,False,0.990184645363008,0.009815354636992013,0.4216041780022423,0.5783958219977577
alignment_1.2,0,143,0.0,1.43,0.01,0.010067175055206372,0.3382156064338517,False,0.9908430542315043,0.009156945768495742,0.42101868496224215,0.5789813150377577
alignment_1.2,0,144,0.0,1.44,0.01,0.01008155442614002,0.3388128144648503,False,0.9914722191031825,0.008527780896817456,0.42036621507551636,0.5796337849244837
alignment_1.2,0,145,0.0,1.45,0.01,0.010096300638376155,0.33939403055070944,False,0.9920722960533832,0.007927703946616809,0.41964027343575644,0.5803597265642435
alignment_1.2,0,146,0.0,1.46,0.01,0.010111413052901768,0.33995794568860666,False,0.992643455889863,0.007356544110136941,0.41883362412532593,0.581166375874674
alignment_1.2,0,147,0.0,1.47,0.01,0.010126891004004698,0.34050302545822814,False,0.993185886490361,0.006814113509638997,0.4179382000508705,0.5820617999491295
alignment_1.2,0,148,0.0,1.48,0.01,0.010142733799196313,0.3410274808500564,False,0.9936997948883826,0.006300205111617466,0.4169449991682221,0.5830550008317779
alignment_1.2,0,149,0.0,1.49,0.01,0.010158940719055057,0.3415292363980649,False,0.9941854094772422,0.0058145905227577855,0.41584396841903526,0.5841560315809647
alignment_1.2,0,150,0.0,1.5,0.01,0.010175511017026052,0.34200589474606935,False,0.9946429820744606,0.005357017925539448,0.41462387267009465,0.5853761273299054
alignment_1.2,0,151,0.0,1.51,0.01,0.010192443919148367,0.34245469722065797,False,0.995072789667699,0.00492721033230102,0.4132721460964384,0.5867278539035615
alignment_1.2,0,152,0.0,1.52,0.01,0.010209738623712598,0.3428724801473315,False,0.9954751356725909,0.0045248643274090755,0.41177472360700096,0.5882252763929992
alignment_1.2,0,153,0.0,1.53,0.01,0.010227394300851662,0.34325562661946263,False,0.9958503504639279,0.004149649536072108,0.4101158495612054,0.5898841504387945
alignment_1.2,0,154,0.0,1.54,0.01,0.010245410092067676,0.34360001345759206,False,0.9961987908563514,0.0038012091436485946,0.40827786059957555,0.5917221394004246
alignment_1.2,0,155,0.0,1.55,0.01,0.010263785109697991,0.3439009531408344,False,0.9965208380978459,0.003479161902154117,0.40624093889627155,0.5937590611037284
alignment_1.2,0,156,0.0,1.56,0.01,0.0102825184363235,0.34415313054982866,False,0.9968168937893055,0.0031831062106945584,0.4039828315066355,0.5960171684933645
alignment_1.2,0,157,0.0,1.57,0.01,0.010301609124122538,0.344350534441653,False,0.9970873729455556,0.0029126270544443974,0.40147853071610146,0.5985214692838986
alignment_1.2,0,158,0.0,1.58,0.01,0.010321056194173792,0.34448638366961115,False,0.9973326931488214,0.0026673068511785408,0.3986999093524592,0.6013000906475409
alignment_1.2,0,159,0.0,1.59,0.01,0.01034085863571184,0.34455304831117184,False,0.9975532583970961,0.002446741602903948,0.39561530394503036,0.6043846960549696
alignment_1.2,0,160,0.0,1.6,0.01,0.010361015405339086,0.34454196603632986,False,0.9977494357771117,0.002250564222888326,0.3921890373210645,0.6078109626789354
alignment_1.2,0,161,0.0,1.61,0.01,0.010381525426198038,0.34444355446430236,False,0.9979215224742455,0.0020784775257545484,0.3883808711356304,0.6116191288643695
alignment_1.2,0,162,0.0,1.62,0.01,0.010402387587094475,0.3442471235070143,False,0.9980697001184453,0.0019302998815546775,0.3841453837988206,0.6158546162011793
alignment_1.2,0,163,0.0,1.6300000000000001,0.01,0.010423600741326705,0.34394078089878155,False,0.9981939712800444,0.0018060287199556586,0.37943125707231823,0.6205687429276817
alignment_1.2,0,164,0.0,1.6400000000000001,0.01,0.010445163705833947,0.3435113527863414,False,0.9982940738217317,0.0017059261782682957,0.3741804887612324,0.6258195112387676
alignment_1.2,0,165,0.0,1.6500000000000001,0.01,0.0104670752601397,0.342944308164395,False,0.9983693629654439,0.0016306370345562128,0.3683274972985597,0.6316725027014403
alignment_1.2,0,166,0.0,1.6600000000000001,0.01,0.010489334145226438,0.34222369833691074,False,0.9984186504232158,0.0015813495767843322,0.36179812725800864,0.6382018727419914
alignment_1.2,0,167,0.0,1.67,0.01,0.01051193906241288,0.34133212533688884,False,0.9984399855131139,0.0015600144868861726,0.35450857248889506,0.6454914275111049
alignment_1.2,0,168,0.0,1.68,0.01,0.01053488867217748,0.3402507508155497,False,0.9984303567515658,0.0015696432484342531,0.3463642394207391,0.6536357605792609
alignment_1.2,0,169,0.0,1.69,0.01,0.010558181592931443,0.33895936573168495,False,0.9983852848655492,0.0016147151344507614,0.3372586088092117,0.6627413911907882
alignment_1.2,0,170,0.0,1.7,0.01,0.010581816399744893,0.3374365483934922,False,0.9982982674104155,0.0017017325895844922,0.32707220373045304,0.672927796269547
alignment_1.2,0,171,0.0,1.71,0.01,0.010605791623029902,0.33565994877620764,False,0.9981600208924039,0.001839979107596191,0.31567185313815854,0.6843281468618415
alignment_1.2,0,172,0.0,1.72,0.01,0.01063010574718437,0.33360675112839033,False,0.9979574478903841,0.0020425521096159444,0.30291057220693407,0.697089427793066
alignment_1.2,0,173,0.0,1.73,0.01,0.010654757209200859,0.3312543858870866,False,0.9976722343368534,0.0023277656631465918,0.2886285917988074,0.7113714082011926
alignment_1.2,0,174,0.0,1.74,0.01,0.010679744397244876,0.32858158736668525,False,0.9972789581394897,0.002721041860510304,0.27265640325258816,0.7273435967474118
alignment_1.2,0,175,0.0,1.75,0.01,0.010705065649207136,0.3255699273347044,False,0.99674257198835,0.0032574280116498765,0.25482120450362483,0.7451787954963752
alignment_1.2,0,176,0.0,1.76,0.01,0.010730719251234826,0.3222059978848689,False,0.9960151286837527,0.003984871316247173,0.2349589238708444,0.7650410761291555
alignment_1.2,0,177,0.0,1.77,0.01,0.010756703436246963,0.31848447079096287,False,0.9950316872137,0.004968312786300093,0.21293515652706202,0.787064843472938
alignment_1.2,0,178,0.0,1.78,0.01,0.010783016382439387,0.31441232523157875,False,0.9937055560795873,0.006294443920412596,0.18867994993218734,0.8113200500678127
alignment_1.2,0,179,0.0,1.79,0.01,0.010809656211753794,0.31001464025477843,False,0.9919235679382067,0.008076432061793426,0.1622434229015346,0.8377565770984655
alignment_1.2,0,180,0.0,1.8,0.01,0.010836620987879523,0.3053421541330443,False,0.9895431193915376,0.010456880608462386,0.13388057219325006,0.8661194278067499
alignment_1.2,0,181,0.0,1.81,0.01,0.01086390871487823,0.3004812423500621,False,0.9863948563395055,0.01360514366049445,0.10417459248659795,0.895825407513402
alignment_1.2,0,182,0.0,1.82,0.01,0.010891517335594772,0.29556628456411127,False,0.9822980445677248,0.017701955432275186,0.07420225247440589,0.9257977475255942
alignment_1.2,0,183,0.0,1.83,0.01,0.010919444729911097,0.2907941760884432,False,0.9770997097726037,0.022900290227396262,0.045729834913499044,0.954270165086501
alignment_1.2,0,184,0.0,1.84,0.01,0.010947688713039076,0.28644009977998836,False,0.9707507488706292,0.029249251129370893,0.021396113314383,0.9786038866856169
alignment_1.2,0,185,0.0,1.85,0.01,0.010976247033795286,0.28287265752149887,False,0.9634253924489086,0.03657460755109148,0.004790790624588112,0.9952092093754119
alignment_1.2,0,186,0.0,1.86,0.01,0.011005117372858773,0.2805659498174414,False,0.9556644585423217,0.04433554145767816,0.0002967121651238299,0.9997032878348763
alignment_1.2,0,187,0.0,1.87,0.01,0.011034297341012796,0.2801067743835224,False,0.9484743008400601,0.0515256991599399,0.012582691925815253,0.9874173080741847
alignment_1.2,0,188,0.0,1.8800000000000001,0.01,0.01106378447737169,0.282197022636286,False,0.9432665595512663,0.05673344044873367,0.04575001097944158,0.9542499890205585
alignment_1.2,0,189,0.0,1.8900000000000001,0.01,0.011093576247594012,0.2876525802623917,False,0.9415375322509731,0.05846246774902685,0.10229411853132987,0.8977058814686701
alignment_1.2,0,190,0.0,1.9000000000000001,0.01,0.011123670042083256,0.29739658103233174,False,0.9443089256763544,0.055691074323645645,0.1821087630734068,0.8178912369265932
alignment_1.2,0,191,0.0,1.9100000000000001,0.01,0.011154063174177397,0.312435696214227,False,0.9515520381146914,0.04844796188530857,0.2817383073320235,0.7182616926679765
alignment_1.2,0,192,0.0,1.92,0.01,0.011184752878328699,0.3338022197780228,False,0.9619646939795837,0.03803530602041627,0.39420828708414063,0.6057917129158593
alignment_1.2,0,193,0.0,1.93,0.01,0.01121573630826701,0.3624579900015472,False,0.9733777890574004,0.02662221094259964,0.5099954746184595,0.49000452538154043
alignment_1.2,0,194,0.0,1.94,0.01,0.011247010535181116,0.3991900102871627,False,0.9836461970676913,0.016353802932308596,0.6193342684731931,0.38066573152680705
alignment_1.2,0,195,0.0,1.95,0.01,0.011278572545908385,0.444549159532149,False,0.9914402957851021,0.008559704214897825,0.7148758855244813,0.28512411447551866
alignment_1.2,0,196,0.0,1.96,0.01,0.011310419241085409,0.4988599455106836,False,0.9964510242944955,0.0035489757055045695,0.793117330767793,0.20688266923220694
alignment_1.2,0,197,0.0,1.97,0.01,0.011342547433323516,0.5622805327186385,False,0.9990743479961443,0.0009256520038557909,0.8540364885020334,0.14596351149796663
alignment_1.2,0,198,0.0,1.98,0.01,0.01137495384540416,0.6348690462125341,False,0.9999697319512131,3.0268048786916912e-05,0.8997263615294806,0.10027363847051946
alignment_1.2,0,199,0.0,1.99,0.01,0.011407635108480474,0.7166258988643633,False,0.999763845597049,0.0002361544029509255,0.9330584170668669,0.06694158293313311
alignment_1.2,0,200,0.0,2.0,0.01,0.011440587760270526,0.8075057243065907,False,0.9989343734645225,0.001065626535477481,0.9568424021181563,0.0431575978818436
alignment_1.2,0,201,0.0,2.0100000000000002,0.01,0.011473808243228852,0.9074060306790602,False,0.9978026102330741,0.0021973897669258337,0.9734577373500852,0.026542262649914748
alignment_1.2,0,202,0.0,2.02,0.01,0.01150729290280498,1.0161424340919958,False,0.9965669417016192,0.0034330582983808713,0.9847718864739357,0.015228113526064315
alignment_1.2,0,203,0.0,2.0300000000000002,0.01,0.011541037985728055,1.1334185119975773,False,0.9953412708801875,0.004658729119812548,0.9921888852206036,0.00781111477939653
alignment_1.2,0,204,0.0,2.04,0.01,0.011575039638243438,1.2587959441468901,False,0.9941857607430458,0.005814239256954201,0.9967379502837671,0.003262049716232985
alignment_1.2,0,205,0.0,2.05,0.01,0.01160929390440248,1.3916695051910515,False,0.9931281457147209,0.006871854285279115,0.9991615346912978,0.0008384653087022827
alignment_1.2,0,206,0.0,2.06,0.01,0.01164379672440393,1.5312509106002867,False,0.9921774370495031,0.007822562950496928,0.999988794348219,1.1205651781102392e-05
alignment_1.2,0,207,0.0,2.07,0.01,0.011678543932972098,1.6765656765666337,False,0.9913323430437619,0.008667656956237946,0.999592353658935,0.0004076463410650759
alignment_1.2,0,208,0.0,2.08,0.01,0.011713531257727785,1.826467086050814,False,0.9905862772599835,0.009413722740016483,0.9982305800259377,0.0017694199740623416
alignment_1.2,0,209,0.0,2.09,0.01,0.011748754317562681,1.979670895150849,False,0.9899302538589164,0.010069746141083545,0.9960786201293681,0.003921379870631889
alignment_1.2,0,210,0.0,2.1,0.01,0.011784208621204948,2.1348132430777995,False,0.9893545086961348,0.010645491303865117,0.9932512482689594,0.006748751731040658
alignment_1.2,0,211,0.0,2.11,0.01,0.011819889565687339,2.2905319091584024,False,0.9888493679562358,0.011150632043764134,0.989820013452284,0.010179986547716026
alignment_1.2,0,212,0.0,2.12,0.01,0.01185579243490663,2.4455673568207015,False,0.9884056829062356,0.01159431709376438,0.985826582340362,0.014173417659637928
alignment_1.2,0,213,0.0,2.13,0.01,0.011891912398259845,2.598875136582362,False,0.9880150230925075,0.011984976907492385,0.9812936210761762,0.018706378923823767
alignment_1.2,0,214,0.0,2.14,0.01,0.01192824450932496,2.7497354178083295,False,0.98766974395216,0.012330256047840027,0.9762340170705475,0.02376598292945259
alignment_1.2,0,215,0.0,2.15,0.01,0.011964783704546475,2.8978396261533037,False,0.9873629985252002,0.012637001474799877,0.9706586638590186,0.02934133614098144
alignment_1.2,0,216,0.0,2.16,0.01,0.012001524802081472,3.0433300760728437,False,0.9870887335386757,0.01291126646132439,0.964582384364508,0.03541761563549184
alignment_1.2,0,217,0.0,2.17,0.01,0.012038462500649676,3.1867679336029315,False,0.9868416903923796,0.013158309607620329,0.9580269449770719,0.04197305502292816
alignment_1.2,0,218,0.0,2.18,0.01,0.012075591378451569,3.3290104267242278,False,0.9866174159815986,0.013382584018401379,0.9510197077198749,0.04898029228012504
alignment_1.2,0,219,0.0,2.19,0.01,0.01211290589220958,3.4709917298439916,False,0.9864122755756649,0.013587724424335113,0.9435866229842591,0.0564133770157409
alignment_1.2,0,220,0.0,2.2,0.01,0.012150400376273815,3.613423814223808,False,0.9862234507888594,0.013776549211140613,0.9357392975833446,0.0642607024166554
alignment_1.2,0,221,0.0,2.21,0.01,0.012188069041722066,3.7564620802385225,False,0.9860489015222501,0.013951098477749864,0.9274577666246037,0.07254223337539638
alignment_1.2,0,222,0.0,2.22,0.01,0.012225905975705425,3.899410728025105,False,0.9858872732961276,0.014112726703872404,0.9186728056792618,0.08132719432073825
alignment_1.2,0,223,0.0,2.23,0.01,0.012263905140779319,4.04056472625744,False,0.9857377420691025,0.01426225793089753,0.9092533012486702,0.09074669875132985
alignment_1.2,0,224,0.0,2.24,0.01,0.012302060374345104,4.177288184140247,False,0.9855998037545859,0.014400196245414082,0.8990045315985682,0.1009954684014318
alignment_1.2,0,225,0.0,2.25,0.01,0.012340365388236256,4.306399752297487,False,0.985473033232381,0.014526966767618957,0.887682358044203,0.11231764195579688
alignment_1.2,0,226,0.0,2.2600000000000002,0.01,0.0123788137683767,4.424868418086543,False,0.9853568524306282,0.014643147569371767,0.8750269669044072,0.1249730330955928
alignment_1.2,0,227,0.0,2.27,0.01,0.012417398974503498,4.530723519547985,False,0.9852503555771067,0.014749644422893277,0.8608182502566771,0.1391817497433228
alignment_1.2,0,228,0.0,2.2800000000000002,0.01,0.012456114340131262,4.62397411776034,False,0.9851522394327428,0.014847760567257251,0.8449517989980834,0.1550482010019166
alignment_1.2,0,229,0.0,2.29,0.01,0.012494953072511014,4.7072583260460235,False,0.9850608711091359,0.014939128890864161,0.8275264077928697,0.17247359220713038
alignment_1.2,0,230,0.0,2.3000000000000003,0.01,0.012533908252779473,4.785946784704332,False,0.9849744913511984,0.015025508648801505,0.8089187040866765,0.19108129591332357
alignment_1.2,0,231,0.0,2.31,0.01,0.012572972836215494,4.867536298938526,False,0.9848914951110939,0.015108504888906114,0.7898022573466883,0.2101977426533117
alignment_1.2,0,232,0.0,2.32,0.01,0.012612139652621037,4.960371215881001,False,0.9848106794099157,0.015189320590084274,0.7710637685607173,0.22893623143928254
alignment_1.2,0,233,0.0,2.33,0.01,0.012651401406852792,5.071948283150841,False,0.9847313528405955,0.01526864715940455,0.753599317065287,0.24640068293471304
alignment_1.2,0,234,0.0,2.34,0.01,0.012690750679504564,5.207203166048692,False,0.9846532886472851,0.015346711352714993,0.738040274428002,0.2619597255719979
alignment_1.2,0,235,0.0,2.35,0.01,0.01273017992769966,5.367187769765866,False,0.9845766109860145,0.015423389013985433,0.7245199266010934,0.27548007339890657
alignment_1.2,0,236,0.0,2.36,0.01,0.012769681486085274,5.548445164185501,False,0.9845017159896189,0.015498284010381164,0.7125888983275807,0.28741110167241934
alignment_1.2,0,237,0.0,2.37,0.01,0.01280924756789887,5.74323004226616,False,0.9844292312317414,0.015570768768258574,0.7013086544677021,0.298691345532298
alignment_1.2,0,238,0.0,2.38,0.01,0.01284887026623459,5.940529098486238,False,0.9843599391606228,0.0156400608393772,0.6894574174484552,0.3105425825515448
alignment_1.2,0,239,0.0,2.39,0.01,0.012888541555581919,6.127627916316457,False,0.9842946236979114,0.015705376302088604,0.6757423021836607,0.3242576978163391
alignment_1.2,0,240,0.0,2.4,0.01,0.012928253293281625,6.291805722300393,False,0.9842338847002237,0.015766115299776378,0.6589384652547539,0.3410615347452462
alignment_1.2,0,241,0.0,2.41,0.01,0.012967997221387926,6.421701417725865,False,0.9841779965127766,0.015822003487223398,0.6379292645419139,0.36207073545808616
alignment_1.2,0,242,0.0,2.42,0.01,0.013007764968529833,6.508017417406329,False,0.9841268455937885,0.01587315440621153,0.6116576149095985,0.3883423850904016
alignment_1.2,0,243,0.0,2.43,0.01,0.013047548052052424,6.543456249758021,False,0.9840799179599065,0.015920082040093517,0.5790048992393074,0.42099510076069246
alignment_1.2,0,244,0.0,2.44,0.01,0.013087337880348545,6.522021544729244,False,0.9840362549413569,0.015963745058643175,0.538600323153936,0.461399676846064
alignment_1.2,0,245,0.0,2.45,0.01,0.01312712575523414,6.438002701011237,False,0.9839942395147419,0.016005760485258255,0.48854710058162215,0.5114528994183779
alignment_1.2,0,246,0.0,2.46,0.01,0.013166902874680938,6.285159548910074,False,0.9839509442306084,0.01604905576939164,0.42605849210302543,0.5739415078969745
alignment_1.2,0,247,0.0,2.47,0.01,0.013206660335519553,6.057103932922118,False,0.983900394612336,0.016099605387664015,0.34712442557737977,0.6528755744226203
alignment_1.2,0,248,0.0,2.48,0.01,0.013246389136630328,5.751404840690572,False,0.9838290698800033,0.016170930119996704,0.24703601950123374,0.7529639804987663
alignment_1.2,0,249,0.0,2.49,0.01,0.013286080182026086,5.384649436017849,False,0.9837047690288678,0.01629523097113214,0.12591167820736307,0.8740883217926371
alignment_1.2,0,250,0.0,2.5,0.01,0.013325724284285974,5.038196906063595,False,0.9834571025195195,0.0165428974804806,0.015682006813661057,0.984317993186339
alignment_1.2,0,251,0.0,2.5100000000000002,0.01,0.01336531216812991,4.968813461802182,False,0.9830097017423776,0.016990298257622438,0.050867448523244034,0.949132551476756
alignment_1.2,0,252,0.0,2.52,0.01,0.013404834474198811,5.719531819631507,False,0.9825554261476926,0.01744457385230745,0.38383478559759404,0.6161652144024059
alignment_1.2,0,253,0.0,2.5300000000000002,0.01,0.013444281763062662,7.887866982326238,False,0.9824625729447554,0.01753742705524466,0.7650213980466937,0.23497860195330633
alignment_1.2,0,254,0.0,2.54,0.01,0.013483644519331624,11.769456564388385,False,0.9825907312348076,0.01740926876519252,0.9499018688616643,0.050098131138335715
alignment_1.2,0,255,0.0,2.5500000000000003,0.01,0.013522913156042132,17.408105687742832,False,0.9827244867452886,0.017275513254711463,0.9989514814753218,0.0010485185246781562
alignment_1.2,0,256,0.0,2.56,0.01,0.013562078019194993,24.389883152023785,False,0.9828142601825356,0.017185739817464376,0.9848943702217129,0.015105629778287052
alignment_1.2,0,257,0.0,2.57,0.01,0.013601129392511853,30.953244726106284,False,0.9828640184621087,0.01713598153789127,0.9141907925704246,0.08580920742957546
alignment_1.2,0,258,0.0,2.58,0.01,0.013640057502347367,32.95064986207896,False,0.9828821956314998,0.017117804368500224,0.6572523746928135,0.3427476253071865
alignment_1.2,0,259,0.0,2.59,0.01,0.013678852522814857,36.24678453281588,False,0.982966783387341,0.017033216612658948,0.0023526695953754568,0.9976473304046246
alignment_1.2,0,260,0.0,2.6,0.01,0.013717504581111246,114.63797971703264,False,0.9830398881191271,0.01696011188087289,0.6938600324062542,0.30613996759374584
alignment_1.2,0,261,0.0,2.61,0.01,0.013756003762968946,355.13806665286955,False,0.9830325741440635,0.01696742585593646,0.9117142245345031,0.08828577546549697
alignment_1.2,0,262,0.0,2.62,0.01,0.01379434011836199,917.6940244985034,False,0.9830287230687584,0.016971276931241615,0.966944611124856,0.03305538887514404
alignment_1.2,0,263,0.0,2.63,0.01,0.013832503667341471,2122.018459046671,False,0.9830272540678668,0.016972745932133236,0.9863063592518624,0.013693640748137606
alignment_1.2,0,264,0.0,2.64,0.01,0.013870484406066056,4544.467397358412,False,0.9830266806124042,0.016973319387595793,0.994399079856068,0.005600920143931996
alignment_1.2,0,265,0.0,2.65,0.01,0.01390827231298446,9162.305833547796,False,0.9830264478426721,0.016973552157327855,0.9980203523553738,0.001979647644626218
alignment_1.2,0,266,0.0,2.66,0.01,0.013945857355203083,17535.638518867807,False,0.9830263502014878,0.016973649798512236,0.9995594946981858,0.00044050530181415537
alignment_1.2,0,267,0.0,2.67,0.01,0.013983229495017273,32001.052449845898,False,0.9830263082070106,0.016973691792989395,0.9999971356295234,2.864370476561335e-06
alignment_1.2,0,268,0.0,2.68,0.01,0.014020378696559243,55824.11017102284,False,0.9830262898432234,0.01697371015677659,0.9997773878944628,0.00022261210553711628
alignment_1.2,0,269,0.0,2.69,0.01,0.014057294932644637,93230.93860113477,False,0.9830262817623772,0.016973718237622785,0.9991116628294665,0.0008883371705334635
alignment_1.2,0,270,0.0,2.7,0.01,0.014093968191724236,149227.37256335322,False,0.9830262782381558,0.016973721761844217,0.9980989854622514,0.0019010145377486426
alignment_1.2,0,271,0.0,2.71,0.01,0.014130388485007035,229134.70645609105,False,0.9830262767550404,0.016973723244959653,0.9967782165472824,0.003221783452717569
alignment_1.2,0,272,0.0,2.72,0.01,0.014166545853650878,337834.87852669077,False,0.9830262761867545,0.016973723813245453,0.9951521806061047,0.004847819393895327
alignment_1.2,0,273,0.0,2.73,0.01,0.014202430376144647,478817.9874301539,False,0.9830262760219443,0.016973723978055782,0.9931992041875795,0.0068007958124205485
alignment_1.2,0,274,0.0,2.74,0.01,0.014238032175752221,653231.774505097,False,0.9830262760266807,0.01697372397331927,0.9908787567671723,0.009121243232827692
alignment_1.2,0,275,0.0,2.75,0.01,0.014273341428099556,859199.6151456928,False,0.9830262760941196,0.016973723905880273,0.9881344031620727,0.011865596837927204
alignment_1.2,0,276,0.0,2.7600000000000002,0.01,0.014308348368784717,1091657.8554373079,False,0.9830262761762671,0.01697372382373293,0.984895944207199,0.015104055792801073
alignment_1.2,0,277,0.0,2.77,0.01,0.01434304330116789,1342849.7308230586,False,0.983026276252534,0.01697372374746597,0.9810821080779151,0.01891789192208497
alignment_1.2,0,278,0.0,2.7800000000000002,0.01,0.014377416604151665,1603429.4744774294,False,0.9830262763150884,0.016973723684911464,0.9766050345308895,0.023394965469110452
alignment_1.2,0,279,0.0,2.79,0.01,0.014411458740103323,1863940.4142491203,False,0.9830262763619987,0.016973723638001294,0.9713776373488502,0.028622362651149726
alignment_1.2,0,280,0.0,2.8000000000000003,0.01,0.014445160262732855,2116308.5146536534,False,0.9830262763940331,0.01697372360596702,0.9653244879226225,0.03467551207737751
alignment_1.2,0,281,0.0,2.81,0.01,0.01447851182510591,2354986.5989512517,False,0.9830262764131802,0.016973723586819797,0.9583957823848539,0.04160421761514616
alignment_1.2,0,282,0.0,2.82,0.01,0.0145115041876397,2577495.8592248796,False,0.9830262764219602,0.01697372357803987,0.950582150422552,0.04941784957744789
alignment_1.2,0,283,0.0,2.83,0.01,0.014544128226123932,2784295.038543351,False,0.9830262764230698,0.01697372357693013,0.941925997803912,0.05807400219608808
alignment_1.2,0,284,0.0,2.84,0.01,0.01457637493975348,2978094.5026626796,False,0.9830262764191494,0.01697372358085064,0.9325239496377062,0.06747605036229393
alignment_1.2,0,285,0.0,2.85,0.01,0.014608235459156071,3162859.852082755,False,0.9830262764125781,0.016973723587421902,0.9225164033839581,0.07748359661604182
alignment_1.2,0,286,0.0,2.86,0.01,0.014639701054397767,3342785.638333604,False,0.9830262764052956,0.016973723594704476,0.9120646613193378,0.08793533868066214
alignment_1.2,0,287,0.0,2.87,0.01,0.01467076314295717,3521470.28363115,False,0.9830262763986775,0.016973723601322536,0.9013218540538015,0.09867814594619852
alignment_1.2,0,288,0.0,2.88,0.01,0.014701413297671436,3701422.100798235,False,0.9830262763935027,0.0169737236064974,0.8904074050020439,0.10959259499795598
alignment_1.2,0,289,0.0,2.89,0.01,0.014731643254599438,3883915.979668391,False,0.9830262763900182,0.016973723609981946,0.8793933866104139,0.12060661338958606
alignment_1.2,0,290,0.0,2.9,0.01,0.014761444920810992,4069135.0740173166,True,0.9830262763880796,0.01697372361192039,0.8683057568094238,0.13169424319057618
alignment_1.2,0,291,0.0,2.91,0.01,0.014790810382172498,4256487.236647242,True,0.9830262763873215,0.0169737236126785,0.8571374579499743,0.14286254205002566
alignment_1.2,0,292,0.0,2.92,0.01,0.014819731910907696,4444980.938285878,True,0.9830262763873122,0.016973723612687848,0.8458670717514953,0.15413292824850458
alignment_1.2,0,293,0.0,2.93,0.01,0.014848201973153142,4633568.021020359,True,0.983026276387668,0.01697372361233188,0.8344766914982371,0.16552330850176292
alignment_1.2,0,294,0.0,2.94,0.01,0.014876213236347767,4821396.4092834545,True,0.9830262763881176,0.016973723611882374,0.8229648886885131,0.1770351113114869
alignment_1.2,0,295,0.0,2.95,0.01,0.014903758576459692,5007951.94682239,True,0.9830262763885198,0.01697372361148027,0.811353169332242,0.18864683066775803
alignment_1.2,0,296,0.0,2.96,0.01,0.014930831085154965,5193096.7926474335,True,0.9830262763888529,0.016973723611147108,0.7996862521247955,0.2003137478752045
alignment_1.2,0,297,0.0,2.97,0.01,0.01495742407669944,5377028.902459826,True,0.9830262763891853,0.016973723610814805,0.7880275968556594,0.21197240314434063
alignment_1.2,0,298,0.0,2.98,0.01,0.014983531094743291,5560193.420476779,True,0.9830262763896388,0.016973723610361265,0.7764520004239374,0.22354799957606264
alignment_1.2,0,299,0.0,2.99,0.01,0.015009145918909018,5743175.002122517,True,0.9830262763903557,0.016973723609644324,0.7650370731310141,0.23496292686898598
alignment_1.2,0,300,0.0,3.0,0.01,0.015034262571161167,5926593.56849423,True,0.9830262763914704,0.01697372360852955,0.7538551264781757,0.24614487352182438
alignment_1.2,0,301,0.0,3.0100000000000002,0.01,0.015058875322001418,6111017.845029725,True,0.9830262763930904,0.016973723606909685,0.7429665939516303,0.25703340604836966
alignment_1.2,0,302,0.0,3.02,0.01,0.015082978696393733,6296903.435432239,True,0.9830262763952842,0.01697372360471578,0.7324156122319299,0.26758438776807025
alignment_1.2,0,303,0.0,3.0300000000000002,0.01,0.01510656747948698,6484556.305627272,True,0.9830262763980793,0.016973723601920784,0.722227939294479,0.277772060705521
alignment_1.2,0,304,0.0,3.04,0.01,0.015129636722082422,6674118.755419534,True,0.9830262764014623,0.016973723598537677,0.7124109944028612,0.28758900559713885
alignment_1.2,0,305,0.0,3.0500000000000003,0.01,0.01515218174582007,6865573.02410545,True,0.9830262764053863,0.01697372359461373,0.7029555577391611,0.2970444422608389
alignment_1.2,0,306,0.0,3.06,0.01,0.015174198148139275,7058757.168277428,True,0.9830262764097772,0.016973723590222842,0.693838565880415,0.3061614341195849
alignment_1.2,0,307,0.0,3.0700000000000003,0.01,0.01519568180694502,7253388.256403725,True,0.9830262764145429,0.01697372358545717,0.6850264374579174,0.3149735625420826
alignment_1.2,0,308,0.0,3.08,0.01,0.015216628884959522,7449088.78818957,True,0.9830262764195808,0.0169737235804192,0.676478461398119,0.3235215386018809
alignment_1.2,0,309,0.0,3.09,0.01,0.015237035833821772,7645413.279741054,True,0.9830262764247849,0.016973723575215066,0.668149914291133,0.3318500857088669
alignment_1.2,0,310,0.0,3.1,0.01,0.015256899397862936,7841872.949593549,True,0.983026276430051,0.016973723569949008,0.6599946983266478,0.3400053016733523
alignment_1.2,0,311,0.0,3.11,0.01,0.015276216617555696,8037957.2724761255,True,0.9830262764352805,0.016973723564719472,0.6519674138569728,0.34803258614302734
alignment_1.2,0,312,0.0,3.12,0.01,0.015294984832668479,8233151.82762133,True,0.9830262764403837,0.016973723559616422,0.6440248654886346,0.35597513451136525
alignment_1.2,0,313,0.0,3.13,0.01,0.015313201685118369,8426952.344281118,True,0.9830262764452803,0.016973723554719787,0.6361270538045183,0.36387294619548166
alignment_1.2,0,314,0.0,3.14,0.01,0.015330865121424541,8618875.155402001,True,0.983026276449901,0.016973723550099042,0.6282377351180052,0.3717622648819948
alignment_1.2,0,315,0.0,3.15,0.01,0.015347973394886813,8808464.458302632,True,0.9830262764541869,0.01697372354581316,0.6203246424476517,0.3796753575523483
alignment_1.2,0,316,0.0,3.16,0.01,0.015364525067408628,8995296.872841863,True,0.9830262764580887,0.016973723541911213,0.612359455040473,0.3876405449595271
alignment_1.2,0,317,0.0,3.17,0.01,0.015380519010974827,9178983.806022188,True,0.9830262764615667,0.016973723538433332,0.6043175948571018,0.39568240514289826
alignment_1.2,0,318,0.0,3.18,0.01,0.015395954408778598,9359172.110736001,True,0.9830262764645885,0.016973723535411538,0.5961779140883815,0.4038220859116186
alignment_1.2,0,319,0.0,3.19,0.01,0.0154108307560072,9535543.478517907,True,0.9830262764671288,0.01697372353287109,0.5879223231102324,0.41207767688976765
alignment_1.2,0,320,0.0,3.2,0.01,0.01542514786029576,9707812.941297028,True,0.9830262764691686,0.01697372353083137,0.579535395553056,0.420464604446944
alignment_1.2,0,321,0.0,3.21,0.01,0.015438905841809044,9875726.79198627,True,0.983026276470693,0.016973723529307025,0.5710039773294263,0.42899602267057374
alignment_1.2,0,322,0.0,3.22,0.01,0.015452105132975793,10039060.17653324,True,0.9830262764716913,0.016973723528308667,0.5623168160288473,0.43768318397115263
alignment_1.2,0,323,0.0,3.23,0.01,0.015464746477890506,10197614.54855628,True,0.983026276472156,0.016973723527844025,0.5534642214932249,0.44653577850677506
alignment_1.2,0,324,0.0,3.24,0.01,0.01547683093135459,10351215.128894279,True,0.9830262764720816,0.01697372352791843,0.5444377630411713,0.45556223695882875
alignment_1.2,0,325,0.0,3.25,0.01,0.015488359857581142,10499708.472529026,True,0.9830262764714647,0.0169737235285354,0.5352300060081084,0.46476999399189156
alignment_1.2,0,326,0.0,3.2600000000000002,0.01,0.015499334928561757,10642960.212638695,True,0.9830262764703026,0.016973723529697362,0.5258342869539122,0.4741657130460878
alignment_1.2,0,327,0.0,3.27,0.01,0.015509758122094838,10780853.025962975,True,0.9830262764685942,0.016973723531405804,0.5162445259419228,0.48375547405807723
alignment_1.2,0,328,0.0,3.2800000000000002,0.01,0.015519631719475466,10913284.844324233,True,0.9830262764663382,0.016973723533661802,0.5064550736459404,0.49354492635405955
alignment_1.2,0,329,0.0,3.29,0.01,0.01552895830284774,11040167.316578249,True,0.9830262764635337,0.01697372353646625,0.4964605936950432,0.5035394063049569
alignment_1.2,0,330,0.0,3.3000000000000003,0.01,0.015537740752263917,11161424.52973684,True,0.98302627646018,0.01697372353981993,0.48625597228164075,0.5137440277183594
alignment_1.2,0,331,0.0,3.31,0.01,0.015545982242408983,11276991.978268404,True,0.9830262764562762,0.016973723543723847,0.47583625550059355,0.5241637444994065
alignment_1.2,0,332,0.0,3.3200000000000003,0.01,0.015553686239040014,11386815.762469305,True,0.983026276451821,0.016973723548179092,0.4651966132723187,0.5348033867276812
alignment_1.2,0,333,0.0,3.33,0.01,0.01556085649509612,11490852.0057425,True,0.9830262764468128,0.01697372355318715,0.45433232593062134,0.5456676740693787
alignment_1.2,0,334,0.0,3.34,0.01,0.015567497046509927,11589066.47865616,True,0.9830262764412504,0.016973723558749702,0.44323879588215953,0.5567612041178405
alignment_1.2,0,335,0.0,3.35,0.01,0.015573612207755322,11681434.422690148,True,0.9830262764351313,0.016973723564868703,0.43191158039123106,0.568088419608769
alignment_1.2,0,336,0.0,3.36,0.01,0.015579206567132787,11767940.548941428,True,0.9830262764284536,0.016973723571546265,0.4203464456522182,0.5796535543477819
alignment_1.2,0,337,0.0,3.37,0.01,0.01558428498179387,11848579.191970224,True,0.9830262764212154,0.0169737235787846,0.40853944168588374,0.5914605583141164
alignment_1.2,0,338,0.0,3.38,0.01,0.015588852572506614,11923354.605333185,True,0.9830262764134141,0.016973723586585908,0.39648699854084574,0.6035130014591543
alignment_1.2,0,339,0.0,3.39,0.01,0.01559291471816396,11992281.394359777,True,0.9830262764050478,0.01697372359495215,0.38418604546232266,0.6158139545376774
alignment_1.2,0,340,0.0,3.4,0.01,0.015596477050037277,12055385.094645116,True,0.9830262763961151,0.016973723603884914,0.3716341562517273,0.6283658437482728
alignment_1.2,0,341,0.0,3.41,0.01,0.01559954544577745,12112702.873324476,True,0.9830262763866148,0.016973723613385214,0.3588297341860803,0.6411702658139197
alignment_1.2,0,342,0.0,3.42,0.01,0.01560212602326423,12164284.332391582,True,0.9830262763765469,0.01697372362345312,0.34577223478206753,0.6542277652179324
alignment_1.2,0,343,0.0,3.43,0.01,0.01560422513444304,12210192.690161144,True,0.9830262763659126,0.016973723634087456,0.3324623533379151,0.667537646662085
alignment_1.2,0,344,0.0,3.44,0.01,0.015605849358616015,12250505.553988937,True,0.9830262763547145,0.016973723645285543,0.3189023537234554,0.6810976462765447
alignment_1.2,0,345,0.0,3.45,0.01,0.015607005495814357,12285316.274559177,True,0.9830262763429574,0.016973723657042607,0.30509635152174347,0.6949036484782566
alignment_1.2,0,346,0.0,3.46,0.01,0.01560770055990129,12314735.192662293,True,0.9830262763306485,0.016973723669351435,0.2910506874625065,0.7089493125374935
alignment_1.2,0,347,0.0,3.47,0.01,0.015607941771540157,12338891.080251321,True,0.9830262763177983,0.01697372368220175,0.2767743421482729,0.723225657851727
alignment_1.2,0,348,0.0,3.48,0.01,0.015607736551043078,12357932.735458426,True,0.9830262763044205,0.016973723695579552,0.2622794076790747,0.7377205923209254
alignment_1.2,0,349,0.0,3.49,0.01,0.015607092511108268,12372030.71255808,True,0.9830262762905336,0.01697372370946643,0.24758161971912812,0.7524183802808719
alignment_1.2,0,350,0.0,3.5,0.01,0.015606017449453892,12381379.174342938,True,0.9830262762761613,0.016973723723838662,0.23270095286140838,0.7672990471385915
alignment_1.2,0,351,0.0,3.5100000000000002,0.01,0.015604519341356373,12386197.860483348,True,0.9830262762613335,0.016973723738666447,0.217662282199623,0.7823377178003771
alignment_1.2,0,352,0.0,3.52,0.01,0.015602606332100645,12386734.174062347,True,0.9830262762460873,0.016973723753912765,0.2024961140951024,0.7975038859048976
alignment_1.2,0,353,0.0,3.5300000000000002,0.01,0.015600286729350123,12383265.400780948,True,0.9830262762304678,0.016973723769532174,0.18723938916673913,0.8127606108332609
alignment_1.2,0,354,0.0,3.54,0.01,0.015597568995443433,12376101.090386197,True,0.9830262762145303,0.016973723785469713,0.17193636050450323,0.8280636394954969
alignment_1.2,0,355,0.0,3.5500000000000003,0.01,0.015594461739625276,12365585.648151161,True,0.9830262761983405,0.016973723801659447,0.15663954955975687,0.8433604504402432
alignment_1.2,0,356,0.0,3.56,0.01,0.015590973710218147,12352101.102533603,True,0.983026276181977,0.01697372381802291,0.1414107852575461,0.8585892147424539
alignment_1.2,0,357,0.0,3.5700000000000003,0.01,0.015587113786780077,12336069.178499069,True,0.9830262761655323,0.01697372383446768,0.12632234623937974,0.8736776537606203
alignment_1.2,0,358,0.0,3.58,0.01,0.015582890972637726,12317956.363291714,True,0.9830262761491145,0.01697372385088546,0.11145789239961679,0.8885421076003832
alignment_1.2,0,359,0.0,3.59,0.01,0.015578314386869305,12298274.921996161,True,0.9830262761328494,0.01697372386715061,0.09691364523132669,0.9030863547686734
alignment_1.2,0,360,0.0,3.6,0.01,0.01557339325650944,12277586.356704395,True,0.9830262761168814,0.016973723883118564,0.08279938471979523,0.9172006152802047
alignment_1.2,0,361,0.0,3.61,0.01,0.015568136908818305,12256504.696308946,True,0.9830262761013759,0.01697372389862411,0.0692393669582715,0.9307606330417285
alignment_1.2,0,362,0.0,3.62,0.01,0.015562554763550042,12235699.378744554,True,0.9830262760865199,0.01697372391348005,0.05637307182507331,0.9436269281749267
alignment_1.2,0,363,0.0,3.63,0.01,0.01555665632527217,12215898.111574069,True,0.9830262760725236,0.01697372392747632,0.0443556709774277,0.9556443290225722
alignment_1.2,0,364,0.0,3.64,0.01,0.015550451175744667,12197889.497401536,True,0.9830262760596208,0.016973723940379243,0.03335811359692832,0.9666418864030716
alignment_1.2,0,365,0.0,3.65,0.01,0.015543948966366886,12182525.300911123,True,0.9830262760480685,0.0169737239519316,0.023566702512226655,0.9764332974877733
alignment_1.2,0,366,0.0,3.66,0.01,0.015537159410700056,12170722.225948611,True,0.9830262760381464,0.01697372396185368,0.015182021298903952,0.9848179787010961
alignment_1.2,0,367,0.0,3.67,0.01,0.015530092277072792,12163463.064488303,True,0.9830262760301549,0.016973723969845114,0.008417067617008377,0.9915829323829917
alignment_1.2,0,368,0.0,3.68,0.01,0.015522757381276606,12161797.074442869,True,0.983026276024412,0.016973723975588086,0.0034944526330017876,0.9965055473669983
alignment_1.2,0,369,0.0,3.69,0.01,0.015515164579357853,12166839.437401501,True,0.9830262760212478,0.016973723978752166,0.0006425442483632185,0.9993574557516368
alignment_1.2,0,370,0.0,3.7,0.01,0.015507323760512424,12179769.636863863,True,0.9830262760209996,0.01697372397900045,9.046601384478373e-05,0.9999095339861552
alignment_1.2,0,371,0.0,3.71,0.01,0.015499244840088744,12201828.533948475,True,0.9830262760240023,0.016973723975997793,0.002061916055102117,0.9979380839448979
alignment_1.2,0,372,0.0,3.72,0.01,0.015490937752707844,12234312.8008307,True,0.9830262760305796,0.016973723969420464,0.0067678434398107295,0.9932321565601893
alignment_1.2,0,373,0.0,3.73,0.01,0.015482412445604297,12278571.259115623,True,0.9830262760410325,0.01697372395896743,0.014398159697530532,0.9856018403024694
alignment_1.2,0,374,0.0,3.74,0.01,0.015473678872008663,12335996.201820096,True,0.9830262760556273,0.016973723944372743,0.025112783807710617,0.9748872161922894
alignment_1.2,0,375,0.0,3.75,0.01,0.01546474698466769,12408014.063434282,True,0.9830262760745812,0.016973723925418814,0.03903244013026762,0.9609675598697324
alignment_1.2,0,376,0.0,3.7600000000000002,0.01,0.015455626729546012,12496075.757467033,True,0.9830262760980507,0.01697372390194927,0.05622975399927482,0.9437702460007251
alignment_1.2,0,377,0.0,3.77,0.01,0.015446328039663046,12601644.92817156,True,0.9830262761261188,0.016973723873881207,0.0767212877718793,0.9232787122281207
alignment_1.2,0,378,0.0,3.7800000000000002,0.01,0.015436860829085824,12726185.572138837,True,0.9830262761587847,0.016973723841215347,0.10046121296378009,0.8995387870362199
alignment_1.2,0,379,0.0,3.79,0.01,0.01542723498708104,12871149.18809411,True,0.9830262761959568,0.0169737238040432,0.12733728551136614,0.8726627144886339
alignment_1.2,0,380,0.0,3.8000000000000003,0.01,0.01541746037242934,13037961.948421074,True,0.9830262762374492,0.016973723762550803,0.15716968816623272,0.8428303118337673
alignment_1.2,0,381,0.0,3.81,0.01,0.015407546807904342,13228012.442460466,True,0.9830262762829822,0.01697372371701774,0.18971311469763177,0.8102868853023681
alignment_1.2,0,382,0.0,3.8200000000000003,0.01,0.015397504074918607,13442640.562069764,True,0.9830262763321882,0.01697372366781176,0.22466221040437795,0.775337789595622
alignment_1.2,0,383,0.0,3.83,0.01,0.015387341908338393,13683128.059513237,True,0.9830262763846214,0.01697372361537865,0.26166018165267524,0.7383398183473248
alignment_1.2,0,384,0.0,3.84,0.01,0.015377069991468633,13950691.213104174,True,0.9830262764397718,0.016973723560228176,0.3003100842018686,0.6996899157981313
alignment_1.2,0,385,0.0,3.85,0.01,0.015366697951209273,14246475.870090093,True,0.983026276497083,0.01697372350291695,0.3401880408570668,0.6598119591429333
alignment_1.2,0,386,0.0,3.86,0.01,0.015356235353383782,14571554.91489874,True,0.9830262765559705,0.01697372344402946,0.38085746275184784,0.6191425372481523
alignment_1.2,0,387,0.0,3.87,0.01,0.015345691698240268,14926927.718268367,True,0.9830262766158415,0.016973723384158496,0.4218833024809769,0.5781166975190232
alignment_1.2,0,388,0.0,3.88,0.01,0.015335076416130279,15313521.624912111,True,0.9830262766761136,0.016973723323886365,0.46284545481638284,0.5371545451836172
alignment_1.2,0,389,0.0,3.89,0.01,0.015324398863378061,15732199.53006943,True,0.9830262767362321,0.016973723263767858,0.5033503679565544,0.4966496320434456
alignment_1.2,0,390,0.0,3.9,0.01,0.015313668318296681,16183764.07725631,True,0.983026276795684,0.016973723204315977,0.5430407091354533,0.4569592908645468
alignment_1.2,0,391,0.0,3.91,0.01,0.015302893977393438,16668967.37021726,True,0.983026276854009,0.01697372314599102,0.5816021888180334,0.4183978111819666
alignment_1.2,0,392,0.0,3.92,0.01,0.015292084951743395,17188520.07707841,True,0.9830262769108068,0.016973723089193204,0.6187678410607316,0.38123215893926843
alignment_1.2,0,393,0.0,3.93,0.01,0.015281250263534447,17743101.4881375,True,0.9830262769657412,0.01697372303425881,0.6543197919482278,0.3456802080517722
alignment_1.2,0,394,0.0,3.94,0.01,0.015270398842783025,18333369.79693668,True,0.9830262770185408,0.016973722981459216,0.6880888170472469,0.31191118295275305
alignment_1.2,0,395,0.0,3.95,0.01,0.015259539524218433,18959972.21117412,True,0.9830262770689973,0.01697372293100278,0.7199520973905346,0.2800479026094655
alignment_1.2,0,396,0.0,3.96,0.01,0.0152486810443337,19623554.647696692,True,0.9830262771169613,0.016973722883038705,0.7498296240246518,0.2501703759753483
alignment_1.2,0,397,0.0,3.97,0.01,0.015237832038600655,20324770.835009478,True,0.9830262771623378,0.016973722837662214,0.7776796951348985,0.2223203048651014
alignment_1.2,0,398,0.0,3.98,0.01,0.015227001038846692,21064290.709774435,True,0.983026277205079,0.016973722794920935,0.8034939076419946,0.19650609235800537
alignment_1.2,0,399,0.0,3.99,0.01,0.015216196470790724,21842808.029147916,True,0.9830262772451788,0.01697372275482124,0.8272919819478676,0.17270801805213248
alignment_1.2,0,400,0.0,4.0,0.01,0.015205426651735484,22661047.12467311,True,0.9830262772826649,0.016973722717335146,0.8491166861935706,0.15088331380642947
alignment_1.2,0,401,0.0,4.01,0.01,0.01519469978841343,23519768.691225324,True,0.9830262773175935,0.016973722682406524,0.8690290540369963,0.1309709459630037
alignment_1.2,0,402,0.0,4.0200000000000005,0.01,0.015184023974983224,24419774.420912087,True,0.983026277350043,0.01697372264995706,0.8871040246861441,0.11289597531385591
alignment_1.2,0,403,0.0,4.03,0.01,0.01517340719117384,25361910.15446321,True,0.9830262773801083,0.01697372261989174,0.903426578501491,0.09657342149850902
alignment_1.2,0,404,0.0,4.04,0.01,0.015162857300573167,26347067.01413745,True,0.9830262774078966,0.016973722592103415,0.9180883979169308,0.08191160208306925
alignment_1.2,0,405,0.0,4.05,0.01,0.015152382049057932,27376180.389078584,True,0.9830262774335232,0.01697372256647677,0.9311850825159372,0.06881491748406283
alignment_1.2,0,406,0.0,4.0600000000000005,0.01,0.01514198906335384,28450228.957569897,True,0.9830262774571082,0.016973722542891864,0.9428138145822228,0.05718618541777728
alignment_1.2,0,407,0.0,4.07,0.01,0.015131685849728902,29570234.773273606,True,0.9830262774787732,0.01697372252122677,0.9530714609989185,0.04692853900108148
alignment_1.2,0,408,0.0,4.08,0.01,0.01512147979283365,30737262.065876946,True,0.9830262774986404,0.01697372250135966,0.9620532286051221,0.03794677139487799
alignment_1.2,0,409,0.0,4.09,0.01,0.01511137815464957,31952412.15098597,True,0.9830262775168294,0.016973722483170663,0.969851469840938,0.03014853015906205
alignment_1.2,0,410,0.0,4.1,0.01,0.0151013880735639,33216817.69906556,True,0.9830262775334568,0.01697372246654313,0.9765548760383843,0.023445123961615744
alignment_1.2,0,411,0.0,4.11,0.01,0.015091516563562772,34531635.71998499,True,0.9830262775486354,0.016973722451364626,0.9822478977345123,0.017752102265487818
alignment_1.2,0,412,0.0,4.12,0.01,0.015081770513538456,35898038.771677434,True,0.9830262775624725,0.016973722437527525,0.987010362426556,0.012989637573443853
alignment_1.2,0,413,0.0,4.13,0.01,0.015072156686706579,37317204.27489303,True,0.9830262775750706,0.016973722424929543,0.9909172499131824,0.009082750086817621
alignment_1.2,0,414,0.0,4.14,0.01,0.015062681720129069,38790301.8075942,True,0.9830262775865259,0.016973722413474005,0.9940385906138761,0.005961409386123919
alignment_1.2,0,415,0.0,4.15,0.01,0.015053352124338911,40318478.21390746,True,0.9830262775969303,0.016973722403069692,0.9964394570546621,0.003560542945337904
alignment_1.2,0,416,0.0,4.16,0.01,0.015044174283062492,41902840.33804278,True,0.983026277606369,0.016973722393631104,0.9981800237718716,0.0018199762281283457
alignment_1.2,0,417,0.0,4.17,0.01,0.015035154453035682,43544435.11055192,True,0.9830262776149217,0.016973722385078282,0.9993156749191513,0.0006843250808486648
alignment_1.2,0,418,0.0,4.18,0.01,0.01502629876390971,45244226.64721229,True,0.9830262776226635,0.016973722377336437,0.9998971429028349,0.00010285709716506799
alignment_1.2,0,419,0.0,4.19,0.01,0.015017613218242996,47003069.87873485,True,0.983026277629664,0.01697372237033602,0.9999706644011108,2.9335598889193265e-05
alignment_1.2,0,420,0.0,4.2,0.01,0.015009103691575203,48821680.07267301,True,0.9830262776359877,0.016973722364012234,0.9995781427977654,0.0004218572022346549
alignment_1.2,0,421,0.0,4.21,0.01,0.01500077593257982,50700597.359777346,True,0.9830262776416951,0.016973722358304882,0.9987573080037714,0.0012426919962285864
alignment_1.2,0,422,0.0,4.22,0.01,0.014992635563291726,52640145.27418859,True,0.9830262776468419,0.016973722353158055,0.9975418657240537,0.002458134275946283
alignment_1.2,0,423,0.0,4.23,0.01,0.014984688079405332,54640384.61860335,True,0.9830262776514803,0.01697372234851979,0.9959616247953742,0.004038375204625808
alignment_1.2,0,424,0.0,4.24,0.01,0.014976938850626322,56701058.260733046,True,0.9830262776556581,0.016973722344341875,0.9940426170551467,0.005957382944853287
alignment_1.2,0,425,0.0,4.25,0.01,0.014969393121103718,58821537.188133575,True,0.9830262776594205,0.016973722340579516,0.9918071723685239,0.008192827631476128
alignment_1.2,0,426,0.0,4.26,0.01,0.014962056009914668,61000752.67466266,True,0.983026277662809,0.016973722337191032,0.9892739702442559,0.010726029755744071
alignment_1.2,0,427,0.0,4.2700000000000005,0.01,0.014954932511601852,63237119.614914425,True,0.9830262776658624,0.01697372233413759,0.9864580536314412,0.013541946368558795
alignment_1.2,0,428,0.0,4.28,0.01,0.014948027496764793,65528451.65187127,True,0.983026277668617,0.016973722331382935,0.9833707957077142,0.016629204292285798
alignment_1.2,0,429,0.0,4.29,0.01,0.014941345712699478,67871865.56439434,True,0.9830262776711068,0.016973722328893236,0.9800198156774619,0.019980184322538033
alignment_1.2,0,430,0.0,4.3,0.01,0.014934891784082784,70263673.84623021,True,0.9830262776733634,0.016973722326636614,0.9764088335265659,0.02359116647343414
alignment_1.2,0,431,0.0,4.3100000000000005,0.01,0.014928670213698316,72699264.32253739,True,0.983026277675417,0.016973722324583027,0.9725374519299763,0.02746254807002372
alignment_1.2,0,432,0.0,4.32,0.01,0.014922685383200317,75172965.59084624,True,0.983026277677296,0.016973722322703957,0.9684008503934924,0.031599149606507594
alignment_1.2,0,433,0.0,4.33,0.01,0.014916941553912473,77677897.13214552,True,0.9830262776790278,0.016973722320972145,0.9639893721107932,0.0360106278892069
alignment_1.2,0,434,0.0,4.34,0.01,0.014911442867658537,80205802.94812536,True,0.9830262776806388,0.016973722319361274,0.9592879782063471,0.04071202179365286
alignment_1.2,0,435,0.0,4.3500000000000005,0.01,0.014906193347621862,82746867.68485624,True,0.9830262776821543,0.016973722317845677,0.9542755359311758,0.045724464068824223
alignment_1.2,0,436,0.0,4.36,0.01,0.014901196899230952,85289514.32738157,True,0.9830262776836,0.016973722316400007,0.9489238965931192,0.0510761034068809
alignment_1.2,0,437,0.0,4.37,0.01,0.014896457311068366,87820182.81668705,True,0.9830262776850013,0.016973722314998742,0.943196703977463,0.056803296022536996
alignment_1.2,0,438,0.0,4.38,0.01,0.014891978255800369,90323089.26259133,True,0.9830262776863842,0.01697372231361583,0.93704785363561,0.06295214636438999
alignment_1.2,0,439,0.0,4.39,0.01,0.01488776329112484,92779965.9838399,True,0.983026277687776,0.016973722312224084,0.930419494868944,0.06958050513105594
alignment_1.2,0,440,0.0,4.4,0.01,0.014883815860735068,95169786.996549,True,0.9830262776892056,0.016973722310794505,0.9232394168083016,0.07676058319169834
alignment_1.2,0,441,0.0,4.41,0.01,0.014880139295294198,97468477.94039793,True,0.9830262776907046,0.016973722309295388,0.9154176342808563,0.08458236571914368
alignment_1.2,0,442,0.0,4.42,0.01,0.014876736813414868,99648600.92079034,True,0.9830262776923085,0.016973722307691407,0.9068419445587416,0.09315805544125841
alignment_1.2,0,443,0.0,4.43,0.01,0.014873611522656356,101679081.76817936,True,0.9830262776940579,0.016973722305941963,0.897371876124994,0.10262812387500601
alignment_1.2,0,444,0.0,4.44,0.01,0.01487076642052075,103524921.8098832,True,0.9830262776960004,0.016973722303999666,0.8868307146980454,0.11316928530195461
alignment_1.2,0,445,0.0,4.45,0.01,0.014868204395455472,105146973.95852673,True,0.9830262776981924,0.016973722301807652,0.8749946430065663,0.1250053569934338
alignment_1.2,0,446,0.0,4.46,0.01,0.014865928227856729,106501805.53033432,True,0.9830262777007035,0.01697372229929647,0.8615779282725189,0.13842207172748117
alignment_1.2,0,447,0.0,4.47,0.01,0.014863940591071913,107541717.60108235,True,0.9830262777036205,0.016973722296379543,0.8462125207051546,0.1537874792948454
alignment_1.2,0,448,0.0,4.48,0.01,0.0148622440523991,108215027.41295066,True,0.9830262777070529,0.01697372229294705,0.8284197402949004,0.17158025970509957
alignment_1.2,0,449,0.0,4.49,0.01,0.014860841074082054,108466783.94374791,True,0.9830262777111426,0.016973722288857372,0.8075707856809485,0.1924292143190514
alignment_1.2,0,450,0.0,4.5,0.01,0.014859734014299028,108240192.42201379,True,0.9830262777160746,0.0169737222839254,0.782831643180671,0.21716835681932908
alignment_1.2,0,451,0.0,4.51,0.01,0.014858925128143984,107479200.52080968,True,0.9830262777220937,0.01697372227790629,0.7530869496793549,0.24691305032064514
alignment_1.2,0,452,0.0,4.5200000000000005,0.01,0.014858416568598772,106133000.45719118,True,0.9830262777295261,0.016973722270473883,0.7168377646135161,0.2831622353864838
alignment_1.2,0,453,0.0,4.53,0.01,0.014858210387494965,104163720.84821971,True,0.9830262777388054,0.016973722261194615,0.6720741152590999,0.3279258847409002
alignment_1.2,0,454,0.0,4.54,0.01,0.01485830853646413,101559477.50397575,True,0.9830262777504979,0.016973722249502006,0.6161464427094646,0.38385355729053533
alignment_1.2,0,455,0.0,4.55,0.01,0.014858712867875086,98356478.00281832,True,0.9830262777653057,0.016973722234694205,0.5457329540550869,0.4542670459449131
alignment_1.2,0,456,0.0,4.5600000000000005,0.01,0.014859425135749133,94676081.02979518,True,0.9830262777839793,0.0169737222160207,0.4572020164936347,0.5427979835063652
alignment_1.2,0,457,0.0,4.57,0.01,0.014860446996669259,90785711.07684174,True,0.983026277806971,0.01697372219302902,0.3481542910110438,0.6518457089889561
alignment_1.2,0,458,0.0,4.58,0.01,0.01486178001066356,87191994.44735993,True,0.9830262778334797,0.016973722166520287,0.2217748104868986,0.7782251895131015
alignment_1.2,0,459,0.0,4.59,0.01,0.01486342564207541,84758960.42408453,True,0.9830262778595503,0.016973722140449725,0.09566223609529435,0.9043377639047057
alignment_1.2,0,460,0.0,4.6000000000000005,0.01,0.014865385260416022,84786698.95289852,True,0.9830262778762766,0.016973722123723445,0.010560163704786612,0.9894398362952134
alignment_1.2,0,461,0.0,4.61,0.01,0.014867660141195225,88892700.39680445,True,0.9830262778727451,0.01697372212725494,0.017627241405566967,0.9823727585944331
alignment_1.2,0,462,0.0,4.62,0.01,0.014870251466730213,98588076.75265121,True,0.9830262778462665,0.01697372215373352,0.1313399003528697,0.8686600996471303
alignment_1.2,0,463,0.0,4.63,0.01,0.014873160326931988,114821552.44150218,True,0.9830262778071157,0.01697372219288428,0.306004689345476,0.693995310654524
alignment_1.2,0,464,0.0,4.64,0.01,0.014876387720069321,137943560.37294185,True,0.9830262777684592,0.016973722231540873,0.48097621612813746,0.5190237838718625
alignment_1.2,0,465,0.0,4.65,0.01,0.014879934553510105,168034760.33350614,True,0.9830262777370835,0.016973722262916435,0.6240725742211441,0.3759274257788559
alignment_1.2,0,466,0.0,4.66,0.01,0.014883801644440073,205212872.74389753,True,0.9830262777138676,0.016973722286132444,0.7303842836171521,0.2696157163828478
alignment_1.2,0,467,0.0,4.67,0.01,0.01488798972055887,249767490.34781983,True,0.983026277697305,0.01697372230269505,0.8063334307203371,0.1936665692796628
alignment_1.2,0,468,0.0,4.68,0.01,0.014892499420753545,302184760.9157417,True,0.9830262776855799,0.01697372231442003,0.8600376845040998,0.1399623154959002
alignment_1.2,0,469,0.0,4.69,0.01,0.01489733129574958,363135824.01575786,True,0.9830262776772284,0.016973722322771563,0.8981429004296827,0.10185709957031726
alignment_1.2,0,470,0.0,4.7,0.01,0.014902485808729622,433462544.4987651,True,0.9830262776712061,0.016973722328793787,0.9254299947840587,0.0745700052159413
alignment_1.2,0,471,0.0,4.71,0.01,0.014907963335909321,514170172.0327315,True,0.9830262776668002,0.016973722333199937,0.9451858538546326,0.05481414614536744
alignment_1.2,0,472,0.0,4.72,0.01,0.014913764167128134,606426974.2561053,True,0.9830262776635279,0.016973722336472093,0.9596429337398916,0.04035706626010845
alignment_1.2,0,473,0.0,4.73,0.01,0.014919888506378766,711570473.1991619,True,0.9830262776610629,0.016973722338937174,0.9703223670164469,0.02967763298355311
alignment_1.2,0,474,0.0,4.74,0.01,0.014926336472332493,831118414.5273066,True,0.9830262776591806,0.01697372234081945,0.9782709224145139,0.021729077585486114
alignment_1.2,0,475,0.0,4.75,0.01,0.014933108098835088,966783890.1673845,True,0.9830262776577255,0.016973722342274556,0.984218313794756,0.015781686205243957
alignment_1.2,0,476,0.0,4.76,0.01,0.014940203335372987,1120494096.9069014,True,0.9830262776565876,0.016973722343412385,0.9886803720710627,0.011319627928937225
alignment_1.2,0,477,0.0,4.7700000000000005,0.01,0.01494762204751107,1294412512.137033,True,0.9830262776556887,0.016973722344311337,0.992026843064592,0.007973156935407977
alignment_1.2,0,478,0.0,4.78,0.01,0.014955364017303631,1490964460.4865305,True,0.9830262776549716,0.016973722345028353,0.9945263233718393,0.005473676628160716
alignment_1.2,0,479,0.0,4.79,0.01,0.014963428943679998,1712866176.571841,True,0.9830262776543949,0.016973722345605218,0.996376394218086,0.0036236057819140125
alignment_1.2,0,480,0.0,4.8,0.01,0.014971816442806414,1963157569.1325896,True,0.983026277653927,0.016973722346073,0.9977240948557924,0.002275905144207613
alignment_1.2,0,481,0.0,4.8100000000000005,0.01,0.014980526048425829,2245238973.4797277,True,0.9830262776535449,0.01697372234645509,0.9986800208101175,0.0013199791898824698
alignment_1.2,0,482,0.0,4.82,0.01,0.014989557212177238,2562912254.1203732,True,0.9830262776532307,0.016973722346769332,0.99932816211064,0.0006718378893599843
alignment_1.2,0,483,0.0,4.83,0.01,0.014998909303896395,2920426695.432766,True,0.9830262776529707,0.016973722347029287,0.9997328576753672,0.0002671423246327658
alignment_1.2,0,484,0.0,4.84,0.01,0.015008581611899535,3322529415.8214474,True,0.9830262776527545,0.016973722347245552,0.9999437692897258,5.623071027410945e-05
alignment_1.2,0,485,0.0,4.8500000000000005,0.01,0.01501857334318333,3774522535.6629486,True,0.9830262776525736,0.01697372234742646,0.9999994985567515,5.01443248582259e-07
alignment_1.2,0,486,0.0,4.86,0.01,0.015028883623630775,4282326799.2616415,True,0.9830262776524215,0.016973722347578452,0.9999302155728164,6.978442718363027e-05
alignment_1.2,0,487,0.0,4.87,0.01,0.015039511498245575,4852548903.711448,True,0.9830262776522932,0.016973722347706804,0.999759605146573,0.0002403948534270223
alignment_1.2,0,488,0.0,4.88,0.01,0.01505045593130718,5492559015.023569,True,0.9830262776521844,0.016973722347815575,0.9995063248908822,0.000493675109117852
alignment_1.2,0,489,0.0,4.89,0.01,0.01506171580653546,6210574409.127717,True,0.9830262776520918,0.016973722347908136,0.9991850988849785,0.0008149011150214718
alignment_1.2,0,490,0.0,4.9,0.01,0.01507328992722689,7015751310.500534,True,0.9830262776520128,0.016973722347987174,0.9988075482235915,0.0011924517764084024
alignment_1.2,0,491,0.0,4.91,0.01,0.015085177016365059,7918285069.958802,True,0.9830262776519452,0.016973722348054887,0.9983828254495678,0.0016171745504321789
alignment_1.2,0,492,0.0,4.92,0.01,0.015097375716708595,8929518906.27785,True,0.9830262776518869,0.01697372234811307,0.9979181017235726,0.0020818982764273753
alignment_1.2,0,493,0.0,4.93,0.01,0.015109884590859397,10062061261.417969,True,0.9830262776518367,0.01697372234816319,0.9974189423200999,0.0025810576799001187
alignment_1.2,0,494,0.0,4.94,0.01,0.015122702121314353,11329911595.707676,True,0.9830262776517935,0.016973722348206537,0.9968895965657022,0.003110403434297861
alignment_1.2,0,495,0.0,4.95,0.01,0.01513582671050362,12748594144.717594,True,0.983026277651756,0.016973722348244038,0.9963332216412527,0.0036667783587472744
alignment_1.2,0,496,0.0,4.96,0.01,0.015149256680818736,14335298786.088259,True,0.9830262776517233,0.016973722348276613,0.9957520547455544,0.004247945254445666
alignment_1.2,0,497,0.0,4.97,0.01,0.015162990274633763,16109027673.197557,True,0.9830262776516951,0.016973722348304947,0.9951475445639787,0.0048524554360212125
alignment_1.2,0,498,0.0,4.98,0.01,0.01517702565432287,18090745628.956253,True,0.9830262776516704,0.016973722348329646,0.9945204503921395,0.005479549607860425
alignment_1.2,0,499,0.0,4.99,0.01,0.015191360902277242,20303523801.13849,True,0.9830262776516487,0.01697372234835119,0.9938709550294619,0.0061290449705380945
alignment_1.2,0,500,0.0,5.0,0.01,0.015205994020779153,22772690765.609673,True,0.98302627765163,0.016973722348370034,0.9931986774427044,0.006801322557295575
alignment_1.2,0,501,0.0,5.01,0.01,0.015220922931931329,25525974651.362053,True,0.9830262776516134,0.01697372234838656,0.9925026731692728,0.007497326830727202
alignment_1.2,0,502,0.0,5.0200000000000005,0.01,0.015236145477720143,28593606690.318546,True,0.983026277651599,0.016973722348401037,0.9917815334106622,0.008218466589337748
alignment_1.2,0,503,0.0,5.03,0.01,0.015251659419911913,32008422267.428886,True,0.9830262776515862,0.016973722348413756,0.9910333374916233,0.008966662508376777
alignment_1.2,0,504,0.0,5.04,0.01,0.015267462439984607,35805912016.07903,True,0.9830262776515751,0.016973722348424907,0.9902556535760135,0.009744346423986468
alignment_1.2,0,505,0.0,5.05,0.01,0.015283552139057723,40024221470.31478,True,0.9830262776515653,0.016973722348434757,0.9894455181966897,0.010554481803310254
alignment_1.2,0,506,0.0,5.0600000000000005,0.01,0.015299926037819054,44704080757.89794,True,0.9830262776515566,0.016973722348443444,0.9885994018866957,0.011400598113304284
alignment_1.2,0,507,0.0,5.07,0.01,0.015316581576446917,49888644127.74283,True,0.9830262776515489,0.016973722348451084,0.9877131604055558,0.012286839594444184
alignment_1.2,0,508,0.0,5.08,0.01,0.015333516114526395,55623215690.35821,True,0.9830262776515422,0.01697372234845782,0.9867819707664925,0.013218029233507417
alignment_1.2,0,509,0.0,5.09,0.01,0.015350726930958026,61954832174.69457,True,0.9830262776515363,0.01697372234846376,0.9858002570883636,0.01419974291163639
alignment_1.2,0,510,0.0,5.1000000000000005,0.01,0.015368211223873421,68931670568.02806,True,0.9830262776515309,0.016973722348469056,0.9847616103854888,0.015238389614511095
alignment_1.2,0,511,0.0,5.11,0.01,0.015385966110569707,76602267506.56432,True,0.9830262776515264,0.016973722348473656,0.9836586586145241,0.016341341385475956
alignment_1.2,0,512,0.0,5.12,0.01,0.015403988627427975,85014491910.7575,True,0.9830262776515222,0.01697372234847778,0.9824829651243354,0.01751703487566458
alignment_1.2,0,513,0.0,5.13,0.01,0.015422275729833181,94214272975.83487,True,0.9830262776515186,0.016973722348481428,0.9812248707703985,0.018775129229601447
alignment_1.2,0,514,0.0,5.14,0.01,0.01544082429210506,104244044986.6893,True,0.9830262776515153,0.016973722348484654,0.9798733330012158,0.0201266669987842
alignment_1.2,0,515,0.0,5.15,0.01,0.015459631107452354,115140908480.66847,True,0.9830262776515124,0.016973722348487524,0.9784157461172465,0.021584253882753483
alignment_1.2,0,516,0.0,5.16,0.01,0.015478692887934895,126934523398.94316,True,0.98302627765151,0.016973722348490095,0.9768377398279164,0.023162260172083556
alignment_1.2,0,517,0.0,5.17,0.01,0.015498006264417283,139644774934.51984,True,0.9830262776515076,0.016973722348492305,0.9751229596581282,0.024877040341871794
alignment_1.2,0,518,0.0,5.18,0.01,0.015517567786505638,153279285318.05435,True,0.9830262776515056,0.016973722348494306,0.9732528424936691,0.026747157506330912
alignment_1.2,0,519,0.0,5.19,0.01,0.015537373922581709,167830898490.57178,True,0.9830262776515039,0.016973722348496086,0.9712064008654938,0.028793599134506204
alignment_1.2,0,520,0.0,5.2,0.01,0.015557421059811038,183275328583.73813,True,0.9830262776515023,0.016973722348497658,0.9689600270727515,0.03103997292724852
alignment_1.2,0,521,0.0,5.21,0.01,0.015577705504144647,199569214158.8247,True,0.983026277651501,0.016973722348499063,0.9664873537205676,0.03351264627943242
alignment_1.2,0,522,0.0,5.22,0.01,0.015598223480363684,216648889573.81274,True,0.9830262776514996,0.01697372234850032,0.9637592171916307,0.03624078280836917
alignment_1.2,0,523,0.0,5.23,0.01,0.015618971132161116,234430240977.49612,True,0.9830262776514985,0.016973722348501422,0.9607437924282834,0.039256207571716537
alignment_1.2,0,524,0.0,5.24,0.01,0.015639944522229603,252810053641.65427,True,0.9830262776514975,0.016973722348502435,0.9574069809229712,0.04259301907702879
alignment_1.2,0,525,0.0,5.25,0.01,0.01566113963233203,271669240382.986,True,0.9830262776514966,0.016973722348503317,0.9537131686847549,0.04628683131524517
alignment_1.2,0,526,0.0,5.26,0.01,0.01568255236348076,290878259372.72296,True,0.9830262776514959,0.01697372234850411,0.9496265024941382,0.05037349750586189
alignment_1.2,0,527,0.0,5.2700000000000005,0.01,0.01570417853609568,310304884241.0959,True,0.9830262776514952,0.016973722348504822,0.9451128143251644,0.05488718567483555
alignment_1.2,0,528,0.0,5.28,0.01,0.015726013890186876,329824189009.89325,True,0.9830262776514944,0.016973722348505475,0.9401423212061455,0.059857678793854535
alignment_1.2,0,529,0.0,5.29,0.01,0.015748054085595767,349330217720.54083,True,0.983026277651494,0.016973722348506054,0.9346931297867185,0.06530687021328152
alignment_1.2,0,530,0.0,5.3,0.01,0.015770294702257832,368748302004.54443,True,0.9830262776514933,0.016973722348506578,0.9287553835481639,0.07124461645183598
alignment_1.2,0,531,0.0,5.3100000000000005,0.01,0.01579273124047243,388046413103.6487,True,0.9830262776514929,0.016973722348507067,0.922335578475081,0.07766442152491905
alignment_1.2,0,532,0.0,5.32,0.01,0.015815359121268243,407243403375.4732,True,0.9830262776514924,0.016973722348507473,0.9154601166206565,0.08453988337934346
alignment_1.2,0,533,0.0,5.33,0.01,0.01583817368675677,426411622322.5078,True,0.9830262776514922,0.016973722348507882,0.9081766608389246,0.09182333916107546
alignment_1.2,0,534,0.0,5.34,0.01,0.015861170200543225,445671380304.24664,True,0.9830262776514918,0.01697372234850825,0.9005514653643059,0.09944853463569409
alignment_1.2,0,535,0.0,5.3500000000000005,0.01,0.015884343848203586,465175255878.2221,True,0.9830262776514915,0.016973722348508566,0.8926608954819241,0.10733910451807589
alignment_1.2,0,536,0.0,5.36,0.01,0.015907689737759374,485081422287.78906,True,0.9830262776514911,0.016973722348508875,0.8845761637136559,0.11542383628634412
alignment_1.2,0,537,0.0,5.37,0.01,0.015931202900217795,505517108322.53,True,0.9830262776514909,0.016973722348509118,0.8763419857350155,0.12365801426498443
alignment_1.2,0,538,0.0,5.38,0.01,0.01595487829019203,526535846585.7759,True,0.9830262776514906,0.01697372234850938,0.8679521171408157,0.1320478828591844
alignment_1.2,0,539,0.0,5.39,0.01,0.015978710786516564,548074980867.6277,True,0.9830262776514904,0.01697372234850961,0.8593267105513468,0.14067328944865315
alignment_1.2,0,540,0.0,5.4,0.01,0.016002695192953706,569922494063.2214,True,0.9830262776514902,0.016973722348509825,0.8502970411196324,0.1497029588803675
alignment_1.2,0,541,0.0,5.41,0.01,0.01602682623894915,591703610610.7789,True,0.98302627765149,0.016973722348510037,0.8406019704326005,0.15939802956739949
alignment_1.2,0,542,0.0,5.42,0.01,0.016051098580391023,612896919293.6095,True,0.9830262776514898,0.01697372234851022,0.8298980621903503,0.1701019378096497
alignment_1.2,0,543,0.0,5.43,0.01,0.01607550680050988,632886046798.1443,True,0.9830262776514895,0.016973722348510422,0.8177830478861574,0.1822169521138426
alignment_1.2,0,544,0.0,5.44,0.01,0.016100045410768198,651045996120.1152,True,0.9830262776514894,0.01697372234851061,0.8038317459426708,0.19616825405732913
alignment_1.2,0,545,0.0,5.45,0.01,0.016124708851840804,666854102183.1273,True,0.9830262776514891,0.016973722348510804,0.7876447528955743,0.2123552471044256
alignment_1.2,0,546,0.0,5.46,0.01,0.016149491494645396,680006334243.8112,True,0.983026277651489,0.016973722348511012,0.7689118034962862,0.23108819650371382
alignment_1.2,0,547,0.0,5.47,0.01,0.01617438764142802,690513605459.5684,True,0.9830262776514889,0.016973722348511234,0.7474909190264101,0.25250908097358993
alignment_1.2,0,548,0.0,5.48,0.01,0.016199391526930482,698753089440.0994,True,0.9830262776514885,0.01697372234851147,0.7234984175624534,0.27650158243754663
alignment_1.2,0,549,0.0,5.49,0.01,0.016224497319618274,705457701007.0603,True,0.9830262776514882,0.01697372234851171,0.6973926712804306,0.3026073287195694
alignment_1.2,0,550,0.0,5.5,0.01,0.01624969912295236,711642476879.3446,True,0.9830262776514881,0.016973722348511945,0.6700198340357165,0.3299801659642835
alignment_1.2,0,551,0.0,5.51,0.01,0.01627499097677126,718484931117.5011,True,0.9830262776514878,0.016973722348512136,0.6425833460189155,0.3574166539810845
alignment_1.2,0,552,0.0,5.5200000000000005,0.01,0.016300366858677865,727190589232.3152,True,0.9830262776514876,0.016973722348512323,0.6165138356752823,0.38348616432471766
alignment_1.2,0,553,0.0,5.53,0.01,0.01632582068553932,738878550766.0912,True,0.9830262776514875,0.01697372234851247,0.5932550059163098,0.40674499408369036
alignment_1.2,0,554,0.0,5.54,0.01,0.016351346315109958,754512817045.3763,True,0.9830262776514873,0.016973722348512583,0.5740258524328343,0.4259741475671657
alignment_1.2,0,555,0.0,5.55,0.01,0.016376937547582023,774888390464.9486,True,0.9830262776514873,0.016973722348512597,0.5596386557193719,0.4403613442806282
alignment_1.2,0,556,0.0,5.5600000000000005,0.01,0.016402588127357356,800665936259.9067,True,0.9830262776514873,0.016973722348512597,0.5504292502195481,0.44957074978045186
alignment_1.2,0,557,0.0,5.57,0.01,0.016428291744767738,832442300641.139,True,0.9830262776514875,0.016973722348512573,0.5463067558177347,0.45369324418226525
alignment_1.2,0,558,0.0,5.58,0.01,0.016454042037986557,870846895190.6515,True,0.9830262776514875,0.0169737223485125,0.5468864035288847,0.4531135964711152
alignment_1.2,0,559,0.0,5.59,0.01,0.016479832594935163,916661292735.097,True,0.9830262776514875,0.016973722348512413,0.5516513875783494,0.44834861242165064
alignment_1.2,0,560,0.0,5.6000000000000005,0.01,0.016505656955277212,970966934770.439,True,0.9830262776514876,0.016973722348512316,0.5600960711185994,0.4399039288814006
alignment_1.2,0,561,0.0,5.61,0.01,0.016531508612514997,1035331791918.8756,True,0.9830262776514878,0.016973722348512216,0.5718200668602322,0.4281799331397678
alignment_1.2,0,562,0.0,5.62,0.01,0.01655738101608075,1112051046132.5068,True,0.983026277651488,0.016973722348512108,0.5865583988771118,0.41344160112288814
alignment_1.2,0,563,0.0,5.63,0.01,0.016583267573691593,1204457629797.16,True,0.983026277651488,0.01697372234851202,0.6041411347957525,0.39585886520424757
alignment_1.2,0,564,0.0,5.64,0.01,0.016609161653528777,1317307498296.1418,True,0.9830262776514881,0.01697372234851193,0.6243779805616856,0.37562201943831436
alignment_1.2,0,565,0.0,5.65,0.01,0.016635056586690216,1457205035801.585,True,0.9830262776514882,0.01697372234851185,0.6468666669465285,0.35313333305347144
alignment_1.2,0,566,0.0,5.66,0.01,0.016660945669598033,1632928926651.6973,True,0.9830262776514882,0.016973722348511765,0.6707397416581108,0.32926025834188904
alignment_1.2,0,567,0.0,5.67,0.01,0.016686822166583192,1855287357868.074,True,0.9830262776514882,0.01697372234851171,0.6943932389767138,0.3056067610232863
alignment_1.2,0,568,0.0,5.68,0.01,0.01671267931244799,2135674107517.8035,True,0.9830262776514884,0.016973722348511654,0.7152490964103126,0.28475090358968735
alignment_1.2,0,569,0.0,5.69,0.01,0.016738510315165208,2481694267597.5957,True,0.9830262776514884,0.016973722348511654,0.7294945052825138,0.2705054947174862
alignment_1.2,0,570,0.0,5.7,0.01,0.01676430835861941,2887011841704.841,True,0.9830262776514884,0.016973722348511668,0.731357365097097,0.268642634902903
alignment_1.2,0,571,0.0,5.71,0.01,0.016790066605446637,3311422725365.215,True,0.9830262776514882,0.016973722348511692,0.7104505622585252,0.2895494377414748
alignment_1.2,0,572,0.0,5.72,0.01,0.01681577819992143,3649976877068.2227,True,0.9830262776514882,0.016973722348511803,0.6423854223236393,0.3576145776763607
alignment_1.2,0,573,0.0,5.73,0.01,0.016841436270924406,3724706337677.031,True,0.983026277651488,0.016973722348511987,0.45662456429325987,0.5433754357067401
alignment_1.2,0,574,0.0,5.74,0.01,0.01686703393498841,3626809875365.7046,True,0.9830262776514875,0.01697372234851242,0.054610371934614356,0.9453896280653857
alignment_1.2,0,575,0.0,5.75,0.01,0.0168925642993935,5731107799767.256,True,0.9830262776514878,0.01697372234851225,0.36140182561773876,0.6385981743822613
alignment_1.2,0,576,0.0,5.76,0.01,0.0169180204653438,14117705745831.936,True,0.9830262776514882,0.016973722348511817,0.8232782886835254,0.1767217113164746
alignment_1.2,0,577,0.0,5.7700000000000005,0.01,0.016943395531196868,32318624835630.01,True,0.9830262776514882,0.016973722348511692,0.9455335905673984,0.05446640943260161
alignment_1.2,0,578,0.0,5.78,0.01,0.016968682595776902,66725795154943.75,True,0.9830262776514884,0.01697372234851166,0.9810561828228742,0.01894381717712569
alignment_1.2,0,579,0.0,5.79,0.01,0.016993874761734033,127727098373697.92,True,0.9830262776514884,0.016973722348511654,0.9934727324857566,0.006527267514243359
alignment_1.2,0,580,0.0,5.8,0.01,0.0170189651389339,230710073073982.1,True,0.9830262776514884,0.01697372234851164,0.9981711488519074,0.0018288511480926467
alignment_1.2,0,581,0.0,5.8100000000000005,0.01,0.017043946847970524,397107051855752.5,True,0.9830262776514884,0.016973722348511633,0.9997790155408693,0.00022098445913061484
alignment_1.2,0,582,0.0,5.82,0.01,0.017068813023681084,655011032165488.6,True,0.9830262776514884,0.016973722348511626,0.9999487946764928,5.120532350724897e-05
alignment_1.2,0,583,0.0,5.83,0.01,0.017093556818733542,1038895645803328.5,True,0.9830262776514884,0.016973722348511647,0.9993451200192418,0.0006548799807582877
alignment_1.2,0,584,0.0,5.84,0.01,0.017118171407241034,1588008752030302.2,True,0.9830262776514884,0.016973722348511647,0.998254526269394,0.0017454737306059846
alignment_1.2,0,585,0.0,5.8500000000000005,0.01,0.017142649988456,2343184793534015.0,True,0.9830262776514884,0.01697372234851164,0.9968009587070915,0.0031990412929084047
alignment_1.2,0,586,0.0,5.86,0.01,0.017166985790487897,3342162785652988.5,True,0.9830262776514884,0.016973722348511626,0.9950306630347987,0.004969336965201353
alignment_1.2,0,587,0.0,5.87,0.01,0.01719117207406734,4613949992901631.0,True,0.9830262776514884,0.016973722348511647,0.9929485475359635,0.0070514524640365416
alignment_1.2,0,588,0.0,5.88,0.01,0.01721520213632285,6173209461468226.0,True,0.9830262776514884,0.016973722348511633,0.9905348675937014,0.00946513240629868
alignment_1.2,0,589,0.0,5.89,0.01,0.017239069314636916,8015906374356888.0,True,0.9830262776514884,0.01697372234851164,0.9877534415567479,0.01224655844325198
alignment_1.2,0,590,0.0,5.9,0.01,0.017262766990489894,1.0117386829642056e+16,True,0.9830262776514884,0.01697372234851164,0.9845562374386265,0.015443762561373517
alignment_1.2,0,591,0.0,5.91,0.01,0.017286288593376675,1.2433638149826298e+16,True,0.9830262776514884,0.016973722348511647,0.9808866363906439,0.019113363609356077
alignment_1.2,0,592,0.0,5.92,0.01,0.017309627604665458,1.4905781921255378e+16,True,0.9830262776514884,0.016973722348511647,0.9766826627319073,0.023317337268092757
alignment_1.2,0,593,0.0,5.93,0.01,0.01733277756157685,1.7467076839214838e+16,True,0.9830262776514884,0.016973722348511654,0.9718809496806725,0.02811905031932756
alignment_1.2,0,594,0.0,5.94,0.01,0.017355732061097588,2.005109953661387e+16,True,0.9830262776514884,0.016973722348511647,0.9664218915362984,0.03357810846370156
alignment_1.2,0,595,0.0,5.95,0.01,0.017378484763950187,2.2599513880378016e+16,True,0.9830262776514884,0.01697372234851166,0.9602560383458775,0.039743961654122494
alignment_1.2,0,596,0.0,5.96,0.01,0.017401029398562088,2.5068000462469868e+16,True,0.9830262776514884,0.01697372234851168,0.9533512941421625,0.04664870585783744
alignment_1.2,0,597,0.0,5.97,0.01,0.01742335976499362,2.7429425373893656e+16,True,0.9830262776514884,0.01697372234851166,0.9456998810506161,0.05430011894938395
alignment_1.2,0,598,0.0,5.98,0.01,0.017445469738937784,2.9674007125121396e+16,True,0.9830262776514884,0.016973722348511647,0.9373234859194046,0.06267651408059535
alignment_1.2,0,599,0.0,5.99,0.01,0.017467353275659032,3.1806889595040344e+16,True,0.9830262776514884,0.016973722348511668,0.9282748326858062,0.07172516731419375
alignment_1.2,0,600,0.0,6.0,0.01,0.017489004413953277,3.3843981414182596e+16,True,0.9830262776514884,0.016973722348511654,0.9186343569666854,0.08136564303331464
alignment_1.2,0,601,0.0,6.01,0.01,0.017510417280046552,3.5807100639590132e+16,True,0.9830262776514884,0.01697372234851164,0.9085017823619892,0.0914982176380108
alignment_1.2,0,602,0.0,6.0200000000000005,0.01,0.017531586091496843,3.771938016380408e+16,True,0.9830262776514884,0.016973722348511654,0.8979839519248092,0.10201604807519085
alignment_1.2,0,603,0.0,6.03,0.01,0.017552505161152088,3.960162267122905e+16,True,0.9830262776514884,0.016973722348511654,0.887181575982846,0.11281842401715404
alignment_1.2,0,604,0.0,6.04,0.01,0.017573168900935927,4.146995262381886e+16,True,0.9830262776514884,0.01697372234851168,0.8761779042895235,0.12382209571047656
alignment_1.2,0,605,0.0,6.05,0.01,0.017593571825673917,4.3334796223886216e+16,True,0.9830262776514884,0.016973722348511654,0.8650317948172812,0.1349682051827188
alignment_1.2,0,606,0.0,6.0600000000000005,0.01,0.01761370855689876,4.520098465276518e+16,True,0.9830262776514884,0.01697372234851166,0.8537761336266485,0.1462238663733514
alignment_1.2,0,607,0.0,6.07,0.01,0.017633573826562447,4.706865041912473e+16,True,0.9830262776514884,0.016973722348511654,0.8424210852209109,0.15757891477908922
alignment_1.2,0,608,0.0,6.08,0.01,0.01765316248073974,4.89345580083407e+16,True,0.9830262776514884,0.01697372234851164,0.830960595507412,0.16903940449258803
alignment_1.2,0,609,0.0,6.09,0.01,0.01767246948326861,5.079355179150343e+16,True,0.9830262776514884,0.016973722348511654,0.8193802397844362,0.18061976021556372
alignment_1.2,0,610,0.0,6.1000000000000005,0.01,0.017691489919306497,5.2639884492276024e+16,True,0.9830262776514884,0.016973722348511647,0.8076647708501478,0.1923352291498522
alignment_1.2,0,611,0.0,6.11,0.01,0.01771021899886226,5.446828060200283e+16,True,0.9830262776514884,0.016973722348511674,0.7958042586668939,0.2041957413331061
alignment_1.2,0,612,0.0,6.12,0.01,0.01772865206022613,5.627467241563268e+16,True,0.9830262776514884,0.016973722348511647,0.7837983220534073,0.21620167794659273
alignment_1.2,0,613,0.0,6.13,0.01,0.017746784573348294,5.805661052386024e+16,True,0.9830262776514884,0.016973722348511647,0.771658385980434,0.228341614019566
alignment_1.2,0,614,0.0,6.140000000000001,0.01,0.01776461214314805,5.981339289212042e+16,True,0.9830262776514884,0.016973722348511654,0.759408194975261,0.24059180502473898
alignment_1.2,0,615,0.0,6.15,0.01,0.01778213051270624,6.1545978377426984e+16,True,0.9830262776514884,0.01697372234851164,0.747082951884065,0.252917048115935
alignment_1.2,0,616,0.0,6.16,0.01,0.017799335566409683,6.325675582001036e+16,True,0.9830262776514884,0.01697372234851164,0.7347274751897894,0.2652725248102106
alignment_1.2,0,617,0.0,6.17,0.01,0.017816223332980576,6.4949234153128216e+16,True,0.9830262776514884,0.01697372234851164,0.7223937627136577,0.2776062372863423
alignment_1.2,0,618,0.0,6.18,0.01,0.01783278998841362,6.6627706928879336e+16,True,0.9830262776514884,0.016973722348511647,0.7101382882163408,0.28986171178365905
alignment_1.2,0,619,0.0,6.19,0.01,0.017849031858841125,6.829693033229206e+16,True,0.9830262776514884,0.01697372234851166,0.698019301675864,0.3019806983241361
alignment_1.2,0,620,0.0,6.2,0.01,0.017864945423251146,6.996183984096173e+16,True,0.9830262776514884,0.016973722348511654,0.6860943386604625,0.31390566133953757
alignment_1.2,0,621,0.0,6.21,0.01,0.017880527316130445,7.1627318761416424e+16,True,0.9830262776514884,0.01697372234851166,0.6744180800529673,0.3255819199470327
alignment_1.2,0,622,0.0,6.22,0.01,0.0178957743299921,7.329802269733614e+16,True,0.9830262776514884,0.016973722348511654,0.6630406469954431,0.3369593530045569
alignment_1.2,0,623,0.0,6.23,0.01,0.01791068341777203,7.49782576053486e+16,True,0.9830262776514884,0.01697372234851166,0.6520063618726434,0.3479936381273566
alignment_1.2,0,624,0.0,6.24,0.01,0.017925251695114826,7.667190517189232e+16,True,0.9830262776514884,0.01697372234851166,0.6413529669004507,0.3586470330995493
alignment_1.2,0,625,0.0,6.25,0.01,0.017939476442568516,7.838238735979083e+16,True,0.9830262776514884,0.016973722348511674,0.6311112624642307,0.3688887375357694
alignment_1.2,0,626,0.0,6.26,0.01,0.01795335510760269,8.01126614678714e+16,True,0.9830262776514884,0.01697372234851166,0.6213050976288081,0.37869490237119185
alignment_1.2,0,627,0.0,6.2700000000000005,0.01,0.017966885306528887,8.186523746259062e+16,True,0.9830262776514884,0.016973722348511654,0.6119516466672623,0.3880483533327378
alignment_1.2,0,628,0.0,6.28,0.01,0.01798006482629168,8.364221041987454e+16,True,0.9830262776514884,0.016973722348511674,0.6030618960988041,0.396938103901196
alignment_1.2,0,629,0.0,6.29,0.01,0.017992891626119487,8.544530215308984e+16,True,0.9830262776514884,0.01697372234851168,0.5946412707538874,0.40535872924611266
alignment_1.2,0,630,0.0,6.3,0.01,0.01800536383903193,8.727590734024136e+16,True,0.9830262776514884,0.01697372234851166,0.5866903376064552,0.4133096623935448
alignment_1.2,0,631,0.0,6.3100000000000005,0.01,0.018017479773215755,8.913514066278784e+16,True,0.9830262776514884,0.016973722348511674,0.5792055379044312,0.42079446209556876
alignment_1.2,0,632,0.0,6.32,0.01,0.018029237913279664,9.102388256565835e+16,True,0.9830262776514884,0.016973722348511674,0.5721799090352374,0.4278200909647626
alignment_1.2,0,633,0.0,6.33,0.01,0.018040636921338095,9.294282205138298e+16,True,0.9830262776514884,0.016973722348511674,0.5656037633355563,0.43439623666444377
alignment_1.2,0,634,0.0,6.34,0.01,0.018051675637957225,9.489249548602896e+16,True,0.9830262776514884,0.016973722348511674,0.5594653087844059,0.44053469121559413
alignment_1.2,0,635,0.0,6.3500000000000005,0.01,0.01806235308296759,9.687332099198018e+16,True,0.9830262776514884,0.016973722348511674,0.5537511999449637,0.44624880005503625
alignment_1.2,0,636,0.0,6.36,0.01,0.01807266845612348,9.888562835439398e+16,True,0.9830262776514884,0.01697372234851168,0.5484470148631725,0.4515529851368275
alignment_1.2,0,637,0.0,6.37,0.01,0.018082621137615256,1.0092968457463098e+17,True,0.9830262776514884,0.01697372234851168,0.5435376572110028,0.4564623427889972
alignment_1.2,0,638,0.0,6.38,0.01,0.01809221068843247,1.0300571533350848e+17,True,0.9830262776514884,0.01697372234851169,0.5390076885892088,0.4609923114107912
alignment_1.2,0,639,0.0,6.390000000000001,0.01,0.018101436850578544,1.0511392272365262e+17,True,0.9830262776514884,0.01697372234851169,0.5348415968787186,0.46515840312128154
alignment_1.2,0,640,0.0,6.4,0.01,0.018110299547137894,1.0725449968353573e+17,True,0.9830262776514884,0.01697372234851168,0.5310240073927924,0.4689759926072076
alignment_1.2,0,641,0.0,6.41,0.01,0.018118798882196977,1.0942764159442522e+17,True,0.9830262776514884,0.01697372234851168,0.5275398420776425,0.4724601579223575
alignment_1.2,0,642,0.0,6.42,0.01,0.01812693514060854,1.1163355534633266e+17,True,0.9830262776514884,0.016973722348511668,0.5243744399062339,0.47562556009376605
alignment_1.2,0,643,0.0,6.43,0.01,0.01813470878761505,1.1387246629859947e+17,True,0.9830262776514884,0.016973722348511668,0.5215136380424772,0.4784863619575228
alignment_1.2,0,644,0.0,6.44,0.01,0.018142120468324092,1.1614462346648834e+17,True,0.9830262776514884,0.016973722348511668,0.5189438261621051,0.481056173837895
alignment_1.2,0,645,0.0,6.45,0.01,0.018149171007025747,1.1845030322989427e+17,True,0.9830262776514884,0.016973722348511668,0.5166519758448367,0.48334802415516326
alignment_1.2,0,646,0.0,6.46,0.01,0.01815586140637223,1.2078981179587202e+17,True,0.9830262776514884,0.016973722348511668,0.514625651524303,0.4853743484756971
alignment_1.2,0,647,0.0,6.47,0.01,0.018162192846418086,1.2316348667576117e+17,True,0.9830262776514884,0.016973722348511668,0.5128530075308775,0.48714699246912246
alignment_1.2,0,648,0.0,6.48,0.01,0.018168166683518453,1.2557169739888328e+17,True,0.9830262776514884,0.016973722348511668,0.5113227749059402,0.48867722509405975
alignment_1.2,0,649,0.0,6.49,0.01,0.018173784449083182,1.2801484562644875e+17,True,0.9830262776514884,0.01697372234851169,0.510024240894115,0.4899757591058849
alignment_1.2,0,650,0.0,6.5,0.01,0.018179047848184648,1.3049336476820086e+17,True,0.9830262776514884,0.01697372234851168,0.5089472232103314,0.4910527767896686
alignment_1.2,0,651,0.0,6.51,0.01,0.018183958758017316,1.3300771916713566e+17,True,0.9830262776514884,0.01697372234851169,0.5080820389745683,0.4919179610254318
alignment_1.2,0,652,0.0,6.5200000000000005,0.01,0.01818851922622245,1.3555840304197613e+17,True,0.9830262776514884,0.01697372234851168,0.5074194628666163,0.4925805371333836
alignment_1.2,0,653,0.0,6.53,0.01,0.01819273146915433,1.3814593890072898e+17,True,0.9830262776514884,0.01697372234851169,0.5069507155319133,0.49304928446808666
alignment_1.2,0,654,0.0,6.54,0.01,0.018196597869890155,1.4077087641688718e+17,True,0.9830262776514884,0.01697372234851169,0.5066674055772383,0.4933325944227617
alignment_1.2,0,655,0.0,6.55,0.01,0.018200120976252662,1.434337906284757e+17,True,0.9830262776514884,0.016973722348511668,0.5065615192056864,0.49343848079431357
alignment_1.2,0,656,0.0,6.5600000000000005,0.01,0.018203303498614647,1.461352807838364e+17,True,0.9830262776514884,0.016973722348511668,0.5066253838066972,0.49337461619330286
alignment_1.2,0,657,0.0,6.57,0.01,0.01820614830758266,1.488759689249211e+17,True,0.9830262776514884,0.016973722348511674,0.5068516382915617,0.4931483617084383
alignment_1.2,0,658,0.0,6.58,0.01,0.018208658431579147,1.516564981704788e+17,True,0.9830262776514882,0.016973722348511692,0.5072332055612684,0.4927667944387317
alignment_1.2,0,659,0.0,6.59,0.01,0.01821083705432295,1.544775309071401e+17,True,0.9830262776514882,0.016973722348511692,0.5077632665971566,0.49223673340284335
alignment_1.2,0,660,0.0,6.6000000000000005,0.01,0.01821268751220788,1.5733974708078122e+17,True,0.9830262776514882,0.016973722348511692,0.5084352373694956,0.4915647626305044
alignment_1.2,0,661,0.0,6.61,0.01,0.0182142132915794,1.6024384275295286e+17,True,0.9830262776514884,0.01697372234851168,0.5092427493560137,0.4907572506439863
alignment_1.2,0,662,0.0,6.62,0.01,0.018215418025909372,1.63190529044363e+17,True,0.9830262776514882,0.016973722348511702,0.5101796339865353,0.48982036601346474
alignment_1.2,0,663,0.0,6.63,0.01,0.018216305492868956,1.6618053151527104e+17,True,0.9830262776514884,0.01697372234851169,0.5112399108243249,0.4887600891756751
alignment_1.2,0,664,0.0,6.640000000000001,0.01,0.01821687961129964,1.6921458991894166e+17,True,0.9830262776514882,0.016973722348511692,0.5124177786177597,0.4875822213822402
alignment_1.2,0,665,0.0,6.65,0.01,0.018217144438082727,1.7229345809003427e+17,True,0.9830262776514882,0.016973722348511702,0.51370760759227,0.48629239240773
alignment_1.2,0,666,0.0,6.66,0.01,0.01821710416490732,1.75417903478858e+17,True,0.9830262776514882,0.016973722348511692,0.51510393033121,0.48489606966878995
alignment_1.2,0,667,0.0,6.67,0.01,0.01821676311493712,1.785887054912789e+17,True,0.9830262776514884,0.01697372234851168,0.5166014274156853,0.4833985725843148
alignment_1.2,0,668,0.0,6.68,0.01,0.018216125739376293,1.8180665364789293e+17,True,0.9830262776514884,0.01697372234851168,0.518194859255744,0.48180514074425596
alignment_1.2,0,669,0.0,6.69,0.01,0.018215196614196204,1.8507254504322778e+17,True,0.9830262776514882,0.016973722348511702,0.5198790918792513,0.4801209081207487
alignment_1.2,0,670,0.0,6.7,0.01,0.018213980436834334,1.883871837083023e+17,True,0.9830262776514882,0.016973722348511692,0.5216492132802679,0.4783507867197322
alignment_1.2,0,671,0.0,6.71,0.01,0.01821248202228764,1.9175138825037555e+17,True,0.9830262776514882,0.016973722348511692,0.5235003460958209,0.4764996539041792
alignment_1.2,0,672,0.0,6.72,0.01,0.018210706299635573,1.9516598734881706e+17,True,0.9830262776514884,0.01697372234851169,0.5254277627004239,0.4745722372995762
alignment_1.2,0,673,0.0,6.73,0.01,0.018208658308355507,1.9863182078511677e+17,True,0.9830262776514884,0.01697372234851169,0.5274268489199501,0.4725731510800499
alignment_1.2,0,674,0.0,6.74,0.01,0.018206343194595923,2.0214973987554858e+17,True,0.9830262776514884,0.01697372234851169,0.5294931021209837,0.47050689787901634
alignment_1.2,0,675,0.0,6.75,0.01,0.01820376620741178,2.0572060763566618e+17,True,0.9830262776514884,0.016973722348511674,0.5316221283105139,0.46837787168948614
alignment_1.2,0,676,0.0,6.76,0.01,0.01820093269496533,2.0934529889974403e+17,True,0.9830262776514884,0.01697372234851169,0.5338096392244625,0.46619036077553766
alignment_1.2,0,677,0.0,6.7700000000000005,0.01,0.018197848100695913,2.1302470062080598e+17,True,0.9830262776514884,0.016973722348511674,0.5360514503213214,0.46394854967867855
alignment_1.2,0,678,0.0,6.78,0.01,0.018194517959461847,2.167597125590258e+17,True,0.9830262776514884,0.016973722348511674,0.5383434803878442,0.46165651961215587
alignment_1.2,0,679,0.0,6.79,0.01,0.018190947893657786,2.2055124852630493e+17,True,0.9830262776514884,0.016973722348511668,0.5406817530538475,0.4593182469461525
alignment_1.2,0,680,0.0,6.8,0.01,0.0181871436093107,2.2440023826682154e+17,True,0.9830262776514884,0.01697372234851169,0.5430624001836499,0.4569375998163502
alignment_1.2,0,681,0.0,6.8100000000000005,0.01,0.018183110892157493,2.283076299191086e+17,True,0.9830262776514884,0.016973722348511674,0.545481666473955,0.4545183335260449
alignment_1.2,0,682,0.0,6.82,0.01,0.018178855603707463,2.3227439279040813e+17,True,0.9830262776514884,0.01697372234851168,0.5479359139915099,0.45206408600849013
alignment_1.2,0,683,0.0,6.83,0.01,0.01817438367729241,2.3630151987126704e+17,True,0.9830262776514884,0.016973722348511674,0.5504216245350247,0.44957837546497526
alignment_1.2,0,684,0.0,6.84,0.01,0.018169701114107293,2.4039002910175485e+17,True,0.9830262776514884,0.01697372234851168,0.5529353966735798,0.44706460332642023
alignment_1.2,0,685,0.0,6.8500000000000005,0.01,0.018164813979244288,2.4454096197295917e+17,True,0.9830262776514884,0.01697372234851168,0.555473932137463,0.44452606786253707
alignment_1.2,0,686,0.0,6.86,0.01,0.018159728397725925,2.4875538514523856e+17,True,0.9830262776514882,0.016973722348511692,0.5580339517811485,0.44196604821885155
alignment_1.2,0,687,0.0,6.87,0.01,0.018154450550710112,2.5303438361881507e+17,True,0.9830262776514882,0.016973722348511692,0.5606123378197314,0.43938766218026853
alignment_1.2,0,688,0.0,6.88,0.01,0.018148986671541134,2.5737907278498013e+17,True,0.9830262776514882,0.016973722348511692,0.5632060878707293,0.43679391212927077
alignment_1.2,0,689,0.0,6.890000000000001,0.01,0.0181433430417829,2.6179060633659907e+17,True,0.9830262776514882,0.016973722348511702,0.5658122669744506,0.4341877330255494
alignment_1.2,0,690,0.0,6.9,0.01,0.01813752598737906,2.662701723638096e+17,True,0.9830262776514884,0.01697372234851168,0.5684280596206135,0.43157194037938656
alignment_1.2,0,691,0.0,6.91,0.01,0.01813154187479849,2.7081899670111443e+17,True,0.9830262776514882,0.016973722348511702,0.5710507478184729,0.4289492521815272
alignment_1.2,0,692,0.0,6.92,0.01,0.018125397107210523,2.7543834529103907e+17,True,0.9830262776514884,0.01697372234851169,0.5736777084507657,0.4263222915492344
alignment_1.2,0,693,0.0,6.93,0.01,0.018119098120692873,2.8012952624895197e+17,True,0.9830262776514882,0.016973722348511716,0.5763064094594861,0.42369359054051375
alignment_1.2,0,694,0.0,6.94,0.01,0.018112651380475284,2.8489389185038288e+17,True,0.9830262776514882,0.016973722348511692,0.5789344056152094,0.4210655943847907
alignment_1.2,0,695,0.0,6.95,0.01,0.018106063377221607,2.897328406557242e+17,True,0.9830262776514884,0.016973722348511674,0.5815593345369117,0.4184406654630884
alignment_1.2,0,696,0.0,6.96,0.01,0.018099340623352982,2.946478199607866e+17,True,0.9830262776514884,0.01697372234851168,0.5841789134278622,0.4158210865721378
alignment_1.2,0,697,0.0,6.97,0.01,0.01809248964941467,2.996403287031609e+17,True,0.9830262776514882,0.01697372234851171,0.5867909366960385,0.4132090633039614
alignment_1.2,0,698,0.0,6.98,0.01,0.018085517000488927,3.0471192083623885e+17,True,0.9830262776514882,0.016973722348511702,0.5893932743584631,0.41060672564153683
alignment_1.2,0,699,0.0,6.99,0.01,0.01807842923265608,3.098642090188162e+17,True,0.9830262776514882,0.01697372234851171,0.5919838706243733,0.40801612937562665
alignment_1.2,0,700,0.0,7.0,0.01,0.018071232909506137,3.150988681941712e+17,True,0.9830262776514882,0.016973722348511692,0.5945607416504046,0.4054392583495954
alignment_1.2,0,701,0.0,7.01,0.01,0.018063934598702706,3.204176382836488e+17,True,0.9830262776514884,0.01697372234851168,0.5971219707109896,0.4028780292890104
alignment_1.2,0,702,0.0,7.0200000000000005,0.01,0.018056540868601208,3.258223247179207e+17,True,0.9830262776514884,0.01697372234851169,0.599665698341367,0.400334301658633
alignment_1.2,0,703,0.0,7.03,0.01,0.018049058284923095,3.313147971882417e+17,True,0.9830262776514884,0.016973722348511674,0.6021900975064451,0.39780990249355486
alignment_1.2,0,704,0.0,7.04,0.01,0.01804149340749507,3.368969916014304e+17,True,0.9830262776514884,0.01697372234851168,0.6046933387752834,0.3953066612247166
alignment_1.2,0,705,0.0,7.05,0.01,0.018033852787077198,3.4257089832314106e+17,True,0.9830262776514884,0.01697372234851168,0.6071736844948022,0.3928263155051978
alignment_1.2,0,706,0.0,7.0600000000000005,0.01,0.018026142962200356,3.483385875887207e+17,True,0.9830262776514884,0.01697372234851168,0.6096293841257754,0.3903706158742247
alignment_1.2,0,707,0.0,7.07,0.01,0.018018370456101048,3.5420219838392e+17,True,0.9830262776514884,0.016973722348511674,0.6120587164515612,0.38794128354843876
alignment_1.2,0,708,0.0,7.08,0.01,0.01801054177371535,3.601639391429453e+17,True,0.9830262776514884,0.01697372234851168,0.6144599713558262,0.3855400286441739
alignment_1.2,0,709,0.0,7.09,0.01,0.018002663398738655,3.662260877753931e+17,True,0.9830262776514884,0.016973722348511674,0.6168314391711152,0.3831685608288849
alignment_1.2,0,710,0.0,7.1000000000000005,0.01,0.01799474179075386,3.723909898495362e+17,True,0.9830262776514884,0.016973722348511668,0.619171400296246,0.38082859970375416
alignment_1.2,0,711,0.0,7.11,0.01,0.017986783382428803,3.7866105529728685e+17,True,0.9830262776514884,0.016973722348511647,0.621478113067168,0.3785218869328319
alignment_1.2,0,712,0.0,7.12,0.01,0.017978794576783662,3.850387538010157e+17,True,0.9830262776514884,0.01697372234851166,0.6237498006295837,0.37625019937041637
alignment_1.2,0,713,0.0,7.13,0.01,0.017970781744528933,3.915266090546274e+17,True,0.9830262776514884,0.01697372234851166,0.6259846373745296,0.37401536262547047
alignment_1.2,0,714,0.0,7.140000000000001,0.01,0.017962751221474393,3.9812719205375277e+17,True,0.9830262776514884,0.016973722348511668,0.6281807354633953,0.37181926453660474
alignment_1.2,0,715,0.0,7.15,0.01,0.017954709306009564,4.048431135381285e+17,True,0.9830262776514884,0.01697372234851168,0.630336131697957,0.3696638683020431
alignment_1.2,0,716,0.0,7.16,0.01,0.017946662256655792,4.1167701558249056e+17,True,0.9830262776514884,0.016973722348511674,0.6324487748142109,0.36755122518578903
alignment_1.2,0,717,0.0,7.17,0.01,0.01793861628969029,4.1863156216280755e+17,True,0.9830262776514884,0.01697372234851166,0.6345165129292777,0.36548348707072226
alignment_1.2,0,718,0.0,7.18,0.01,0.01793057757684216,4.257094282513645e+17,True,0.9830262776514884,0.016973722348511668,0.6365370804887368,0.36346291951126325
alignment_1.2,0,719,0.0,7.19,0.01,0.017922552243060413,4.329132865925457e+17,True,0.9830262776514884,0.01697372234851168,0.638508083591757,0.3614919164082429
alignment_1.2,0,720,0.0,7.2,0.01,0.017914546364353908,4.402457908056826e+17,True,0.9830262776514884,0.01697372234851168,0.6404269818841627,0.3595730181158374
alignment_1.2,0,721,0.0,7.21,0.01,0.01790656596570312,4.477095526803299e+17,True,0.9830262776514884,0.016973722348511668,0.6422910646129019,0.3577089353870982
alignment_1.2,0,722,0.0,7.22,0.01,0.017898617019043418,4.553071106434827e+17,True,0.9830262776514884,0.016973722348511668,0.6440974173718426,0.3559025826281575
alignment_1.2,0,723,0.0,7.23,0.01,0.017890705441319647,4.630408931664887e+17,True,0.9830262776514884,0.01697372234851168,0.6458428687068153,0.3541571312931848
alignment_1.2,0,724,0.0,7.24,0.01,0.017882837092609506,4.709131837282964e+17,True,0.9830262776514884,0.016973722348511668,0.6475239457336197,0.35247605426638023
alignment_1.2,0,725,0.0,7.25,0.01,0.01787501777431549,4.78926055606162e+17,True,0.9830262776514884,0.016973722348511674,0.6491369404251135,0.35086305957488656
alignment_1.2,0,726,0.0,7.26,0.01,0.01786725322743675,4.8708139239565894e+17,True,0.9830262776514884,0.01697372234851166,0.65067779649842,0.34932220350157994
alignment_1.2,0,727,0.0,7.2700000000000005,0.01,0.017859549130898978,4.9538080371140326e+17,True,0.9830262776514884,0.016973722348511668,0.6521421143289124,0.3478578856710876
alignment_1.2,0,728,0.0,7.28,0.01,0.01785191109995518,5.0382556873279866e+17,True,0.9830262776514884,0.016973722348511674,0.6535250974940496,0.3464749025059503
alignment_1.2,0,729,0.0,7.29,0.01,0.017844344684653752,5.124165710178994e+17,True,0.9830262776514884,0.01697372234851166,0.6548215070203844,0.3451784929796156
alignment_1.2,0,730,0.0,7.3,0.01,0.017836855368372716,5.211542239252559e+17,True,0.9830262776514884,0.01697372234851166,0.6560256113878055,0.34397438861219454
alignment_1.2,0,731,0.0,7.3100000000000005,0.01,0.017829448566419086,5.30038386219985e+17,True,0.9830262776514884,0.01697372234851166,0.6571311307819135,0.3428688692180865
alignment_1.2,0,732,0.0,7.32,0.01,0.017822129624692255,5.390682671984039e+17,True,0.9830262776514884,0.016973722348511647,0.6581311751308351,0.3418688248691649
alignment_1.2,0,733,0.0,7.33,0.01,0.017814903818410326,5.48242320535542e+17,True,0.9830262776514884,0.01697372234851166,0.6590181753419687,0.34098182465803123
alignment_1.2,0,734,0.0,7.34,0.01,0.017807776350898204,5.5755812593273926e+17,True,0.9830262776514884,0.016973722348511668,0.6597838068251908,0.3402161931748093
alignment_1.2,0,735,0.0,7.3500000000000005,0.01,0.017800752352436437,5.670122574363099e+17,True,0.9830262776514884,0.016973722348511668,0.6604189039873514,0.3395810960126487
alignment_1.2,0,736,0.0,7.36,0.01,0.01779383687916949,5.766001370338331e+17,True,0.9830262776514884,0.016973722348511674,0.6609133638174092,0.3390866361825909
alignment_1.2,0,737,0.0,7.37,0.01,0.017787034912072366,5.863158716054816e+17,True,0.9830262776514884,0.016973722348511668,0.6612560361165988,0.3387439638834012
alignment_1.2,0,738,0.0,7.38,0.01,0.017780351355974385,5.961520708428751e+17,True,0.9830262776514884,0.01697372234851168,0.6614345969260321,0.3385654030739679
alignment_1.2,0,739,0.0,7.390000000000001,0.01,0.017773791038638905,6.060996427951261e+17,True,0.9830262776514884,0.016973722348511654,0.6614354007475395,0.33856459925246046
alignment_1.2,0,740,0.0,7.4,0.01,0.017767358709897825,6.161475675609034e+17,True,0.9830262776514884,0.01697372234851166,0.6612433041770064,0.3387566958229936
alignment_1.2,0,741,0.0,7.41,0.01,0.017761059040837312,6.262826504313247e+17,True,0.9830262776514884,0.01697372234851166,0.6608414643210122,0.3391585356789879
alignment_1.2,0,742,0.0,7.42,0.01,0.017754896623029974,6.364892277615308e+17,True,0.9830262776514884,0.016973722348511668,0.6602111402963965,0.3397888597036034
alignment_1.2,0,743,0.0,7.43,0.01,0.017748875967828887,6.467489081673332e+17,True,0.9830262776514884,0.016973722348511668,0.6593314125588396,0.3406685874411602
alignment_1.2,0,744,0.0,7.44,0.01,0.01774300150570089,6.570402234071112e+17,True,0.9830262776514884,0.016973722348511668,0.6581788914638893,0.3418211085361108
alignment_1.2,0,745,0.0,7.45,0.01,0.017737277585610257,6.673382778925326e+17,True,0.9830262776514884,0.016973722348511674,0.6567273561417318,0.3432726438582682
alignment_1.2,0,746,0.0,7.46,0.01,0.01773170847444825,6.776143649134688e+17,True,0.9830262776514884,0.01697372234851166,0.6549473348308174,0.3450526651691826
alignment_1.2,0,747,0.0,7.47,0.01,0.01772629835650655,6.878355514653454e+17,True,0.9830262776514884,0.016973722348511668,0.6528056086884262,0.3471943913115738
alignment_1.2,0,748,0.0,7.48,0.01,0.01772105133299332,6.979642327961695e+17,True,0.9830262776514884,0.016973722348511654,0.6502646232598842,0.34973537674011584
alignment_1.2,0,749,0.0,7.49,0.01,0.01771597142159025,7.079576590555944e+17,True,0.9830262776514884,0.01697372234851166,0.6472817886659893,0.35271821133401077
alignment_1.2,0,750,0.0,7.5,0.01,0.017711062556049352,7.177674379068803e+17,True,0.9830262776514884,0.016973722348511674,0.6438086453345079,0.3561913546654921
alignment_1.2,0,751,0.0,7.51,0.01,0.01770632858582798,7.273390195910563e+17,True,0.9830262776514884,0.016973722348511668,0.639789866428866,0.360210133571134
alignment_1.2,0,752,0.0,7.5200000000000005,0.01,0.01770177327576075,7.36611173949645e+17,True,0.9830262776514884,0.016973722348511674,0.6351620613771387,0.3648379386228613
alignment_1.2,0,753,0.0,7.53,0.01,0.017697400305767105,7.455154729717352e+17,True,0.9830262776514884,0.016973722348511668,0.6298523365581595,0.3701476634418406
alignment_1.2,0,754,0.0,7.54,0.01,0.017693213270593137,7.53975798378949e+17,True,0.9830262776514884,0.01697372234851168,0.6237765589249442,0.3762234410750557
alignment_1.2,0,755,0.0,7.55,0.01,0.01768921567958651,7.619079007079866e+17,True,0.9830262776514884,0.016973722348511668,0.6168372566941517,0.3831627433058484
alignment_1.2,0,756,0.0,7.5600000000000005,0.01,0.017685410956503167,7.692190481356637e+17,True,0.9830262776514884,0.01697372234851168,0.6089210773541456,0.3910789226458545
alignment_1.2,0,757,0.0,7.57,0.01,0.017681802439344793,7.758078351141871e+17,True,0.9830262776514884,0.016973722348511674,0.5998957077742415,0.40010429222575855
alignment_1.2,0,758,0.0,7.58,0.01,0.017678393380222153,7.8156424074901e+17,True,0.9830262776514884,0.016973722348511668,0.5896061700124889,0.41039382998751106
alignment_1.2,0,759,0.0,7.59,0.01,0.017675186945236183,7.86369875848028e+17,True,0.9830262776514884,0.01697372234851166,0.5778704544653336,0.42212954553466636
alignment_1.2,0,760,0.0,7.6000000000000005,0.01,0.017672186214404643,7.900990598727375e+17,True,0.9830262776514884,0.01697372234851168,0.5644742834968703,0.43552571650312977
alignment_1.2,0,761,0.0,7.61,0.01,0.017669394181598422,7.926203525130388e+17,True,0.9830262776514884,0.01697372234851168,0.5491651177177265,0.4508348822822735
alignment_1.2,0,762,0.0,7.62,0.01,0.017666813754506773,7.937992865745024e+17,True,0.9830262776514884,0.01697372234851169,0.5316454477785375,0.46835455222146255
alignment_1.2,0,763,0.0,7.63,0.01,0.01766444775462423,7.935026189608366e+17,True,0.9830262776514884,0.016973722348511674,0.5115658322626118,0.4884341677373883
alignment_1.2,0,764,0.0,7.640000000000001,0.01,0.017662298917257308,7.916047878578929e+17,True,0.9830262776514884,0.016973722348511674,0.4885186891800413,0.5114813108199587
alignment_1.2,0,765,0.0,7.65,0.01,0.01766036989155006,7.879975445697654e+17,True,0.9830262776514884,0.016973722348511668,0.4620349957268166,0.5379650042731834
alignment_1.2,0,766,0.0,7.66,0.01,0.01765866324052751,7.82604148176582e+17,True,0.9830262776514884,0.01697372234851168,0.4315881822329274,0.5684118177670726
alignment_1.2,0,767,0.0,7.67,0.01,0.01765718144115591,7.754001022428776e+17,True,0.9830262776514884,0.01697372234851169,0.3966133944054197,0.6033866055945802
alignment_1.2,0,768,0.0,7.68,0.01,0.01765592688441919,7.664432219088416e+17,True,0.9830262776514884,0.01697372234851169,0.35655716664087445,0.6434428333591254
alignment_1.2,0,769,0.0,7.69,0.01,0.017654901875410547,7.559168473330124e+17,True,0.9830262776514884,0.016973722348511674,0.31098406803010875,0.6890159319698912
alignment_1.2,0,770,0.0,7.7,0.01,0.017654108633438564,7.441911310787295e+17,True,0.9830262776514884,0.01697372234851168,0.25978441421838905,0.740215585781611
alignment_1.2,0,771,0.0,7.71,0.01,0.017653549292147065,7.319080180399174e+17,True,0.9830262776514884,0.01697372234851169,0.20354853378317506,0.7964514662168249
alignment_1.2,0,772,0.0,7.72,0.01,0.017653225899648108,7.200944491868527e+17,True,0.9830262776514884,0.01697372234851168,0.14418314759824405,0.855816852401756
alignment_1.2,0,773,0.0,7.73,0.01,0.017653140418666915,7.103026676341059e+17,True,0.9830262776514884,0.01697372234851168,0.08579505013103109,0.9142049498689688
alignment_1.2,0,774,0.0,7.74,0.01,0.017653294726678693,7.047598895124969e+17,True,0.9830262776514884,0.01697372234851168,0.03564788562074115,0.9643521143792588
alignment_1.2,0,775,0.0,7.75,0.01,0.017653690616075725,7.064815217324248e+17,True,0.9830262776514884,0.01697372234851169,0.0044886324436375635,0.9955113675563625
alignment_1.2,0,776,0.0,7.76,0.01,0.017654329794334712,7.192610707723629e+17,True,0.9830262776514884,0.016973722348511674,0.004908416946949591,0.9950915830530505
alignment_1.2,0,777,0.0,7.7700000000000005,0.01,0.01765521388419101,7.474395280929507e+17,True,0.9830262776514884,0.016973722348511668,0.04668543390660593,0.953314566093394
alignment_1.2,0,778,0.0,7.78,0.01,0.01765634442382369,7.95434857874843e+17,True,0.9830262776514884,0.016973722348511668,0.13066309227644013,0.8693369077235598
alignment_1.2,0,779,0.0,7.79,0.01,0.017657722867044062,8.67186840752763e+17,True,0.9830262776514884,0.01697372234851166,0.24609562633511206,0.753904373664888
alignment_1.2,0,780,0.0,7.8,0.01,0.01765935058348781,9.657966968816946e+17,True,0.9830262776514884,0.016973722348511668,0.3749552506578589,0.6250447493421412
alignment_1.2,0,781,0.0,7.8100000000000005,0.01,0.017661228858810395,1.0935369436103988e+18,True,0.9830262776514884,0.016973722348511654,0.4999719188521447,0.5000280811478552
alignment_1.2,0,782,0.0,7.82,0.01,0.017663358894886096,1.2521566364001219e+18,True,0.9830262776514884,0.01697372234851164,0.6100780685391142,0.3899219314608858
alignment_1.2,0,783,0.0,7.83,0.01,0.017665741810010453,1.4432702442987827e+18,True,0.9830262776514884,0.016973722348511654,0.7009965755743901,0.29900342442561
alignment_1.2,0,784,0.0,7.84,0.01,0.017668378639106492,1.6686721857615498e+18,True,0.9830262776514884,0.01697372234851164,0.7730651412141142,0.22693485878588593
alignment_1.2,0,785,0.0,7.8500000000000005,0.01,0.017671270333934737,1.9305337521639667e+18,True,0.9830262776514884,0.01697372234851166,0.8288155367248562,0.1711844632751438
alignment_1.2,0,786,0.0,7.86,0.01,0.01767441776330731,2.23150762085158e+18,True,0.9830262776514884,0.016973722348511668,0.8713657100908778,0.12863428990912218
alignment_1.2,0,787,0.0,7.87,0.01,0.017677821713306518,2.5747796846684093e+18,True,0.9830262776514884,0.01697372234851166,0.9036277511301388,0.09637224886986123
alignment_1.2,0,788,0.0,7.88,0.01,0.017681482887501813,2.9640979947157924e+18,True,0.9830262776514884,0.01697372234851169,0.9280271724078814,0.0719728275921187
alignment_1.2,0,789,0.0,7.890000000000001,0.01,0.01768540190712482,3.403798732594165e+18,True,0.9830262776514884,0.016973722348511674,0.9464729631819053,0.05352703681809463
alignment_1.2,0,790,0.0,7.9,0.01,0.017689579311309343,3.898833621441778e+18,True,0.9830262776514884,0.016973722348511674,0.9604236682104835,0.03957633178951646
alignment_1.2,0,791,0.0,7.91,0.01,0.017694015557299148,4.454806886006687e+18,True,0.9830262776514884,0.016973722348511674,0.9709777002097332,0.02902229979026689
alignment_1.2,0,792,0.0,7.92,0.01,0.01769871102066053,5.078021156561291e+18,True,0.9830262776514884,0.016973722348511674,0.9789573201284462,0.0210426798715539
alignment_1.2,0,793,0.0,7.930000000000001,0.01,0.017703665995494663,5.775533121436199e+18,True,0.9830262776514884,0.016973722348511668,0.9849774982087225,0.01502250179127756
alignment_1.2,0,794,0.0,7.94,0.01,0.017708880694646316,6.555219232090533e+18,True,0.9830262776514884,0.016973722348511674,0.9894991411050087,0.010500858894991302
alignment_1.2,0,795,0.0,7.95,0.01,0.01771435524990995,7.425851533070623e+18,True,0.9830262776514884,0.01697372234851168,0.9928690216529321,0.007130978347067918
alignment_1.2,0,796,0.0,7.96,0.01,0.017720089712234533,8.397183848890367e+18,True,0.9830262776514884,0.01697372234851169,0.9953492970266268,0.004650702973373174
alignment_1.2,0,797,0.0,7.97,0.01,0.017726084051928045,9.48004870742509e+18,True,0.9830262776514884,0.01697372234851169,0.9971391945020627,0.002860805497937379
alignment_1.2,0,798,0.0,7.98,0.01,0.017732338158863173,1.06864655559126e+19,True,0.9830262776514882,0.016973722348511692,0.9983909235898698,0.0016090764101302924
alignment_1.2,0,799,0.0,7.99,0.01,0.017738851842685376,1.2029761002458446e+19,True,0.9830262776514884,0.01697372234851169,0.9992213728456015,0.0007786271543985309
alignment_1.2,0,800,0.0,8.0,0.01,0.01774562483302472,1.3441018922409187e+19,True,0.9830262776514882,0.016973722348511692,0.9997190265271473,0.0002809734728527965
