case,source_index,source_t,source_q_over_H,maximum_gain,maximum_observation_index,maximum_observation_t,maximum_observation_q_over_H,coarse_to_fine_relative_error
baseline,0,0.0,0.01,1.4326365788625392e+19,800,8.0,0.01774562483302472,2.3353664855931504e-05
baseline,1,0.01,0.01003520794400882,1.3940494296790108e+19,800,8.0,0.01774562483302472,2.525440962448448e-05
baseline,2,0.02,0.010068506807394292,1.3533279277374206e+19,800,8.0,0.01774562483302472,2.5184814810851964e-05
baseline,3,0.03,0.010099935868545224,1.3083522006180067e+19,800,8.0,0.01774562483302472,2.510525515835213e-05
baseline,4,0.04,0.01012953500478344,1.2591034282222395e+19,800,8.0,0.01774562483302472,2.50192671944803e-05
baseline,5,0.05,0.010157344644965602,1.205895591531592e+19,800,8.0,0.01774562483302472,2.4929942050730038e-05
baseline,6,0.06,0.010183405719813278,1.149293015749273e+19,800,8.0,0.01774562483302472,2.4839822577697608e-05
baseline,7,0.07,0.010207759610376075,1.090025413602675e+19,800,8.0,0.01774562483302472,2.475089935122251e-05
baseline,8,0.08,0.010230448095013146,1.0289098647393808e+19,800,8.0,0.01774562483302472,2.466466018165479e-05
baseline,9,0.09,0.010251513295262464,9.667851355189602e+18,800,8.0,0.01774562483302472,2.458216347808397e-05
baseline,10,0.1,0.010270997620943084,9.044605663169763e+18,800,8.0,0.01774562483302472,2.450411621905755e-05
baseline,11,0.11,0.010288943714821827,8.426795160053472e+18,800,8.0,0.01774562483302472,2.4430947389765174e-05
baseline,12,0.12,0.010305394397158676,7.820959605825993e+18,800,8.0,0.01774562483302472,2.4362871899506612e-05
baseline,13,0.13,0.010320392610417542,7.232621237255599e+18,800,8.0,0.01774562483302472,2.429994406294744e-05
baseline,14,0.14,0.010333981364423667,6.666247814597865e+18,800,8.0,0.01774562483302472,2.4242100103756972e-05
baseline,15,0.15,0.010346203682205894,6.125279632139392e+18,800,8.0,0.01774562483302472,2.4189193320717045e-05
baseline,16,0.16,0.010357102546763626,5.612200294758548e+18,800,8.0,0.01774562483302472,2.4141019389950916e-05
baseline,17,0.17,0.010366720848971432,5.128634500341765e+18,800,8.0,0.01774562483302472,2.4097336932110328e-05
baseline,18,0.18,0.010375101336804709,4.675459632065943e+18,800,8.0,0.01774562483302472,2.40578835287382e-05
baseline,19,0.19,0.010382286566072211,4.2529213057211464e+18,800,8.0,0.01774562483302472,2.402238437939618e-05
baseline,20,0.2,0.01038831885279162,3.8607459408927355e+18,800,8.0,0.01774562483302472,2.3990564538468747e-05
baseline,21,0.21,0.01039324022735403,3.498245753728548e+18,800,8.0,0.01774562483302472,2.3962153292463608e-05
baseline,22,0.22,0.010397092390586601,3.1644134849790075e+18,800,8.0,0.01774562483302472,2.3936885212051625e-05
baseline,23,0.23,0.010399916671816644,2.8580055856997304e+18,800,8.0,0.01774562483302472,2.3914508579151647e-05
baseline,24,0.24,0.01040175398901528,2.577613522040572e+18,800,8.0,0.01774562483302472,2.389478255048751e-05
baseline,25,0.25,0.010402644811089544,2.32172360769062e+18,800,8.0,0.01774562483302472,2.3877476894609257e-05
baseline,26,0.26,0.010402629122365531,2.088766178798412e+18,800,8.0,0.01774562483302472,2.386238100642162e-05
baseline,27,0.27,0.01040174638930814,1.877155117284212e+18,800,8.0,0.01774562483302472,2.3849297717385035e-05
baseline,28,0.28,0.010400035529482848,1.6853189172789535e+18,800,8.0,0.01774562483302472,2.3838038536041235e-05
baseline,29,0.29,0.010397534882792662,1.5117244915326733e+18,800,8.0,0.01774562483302472,2.3828433464412702e-05
baseline,30,0.3,0.010394282184964018,1.3548947908484275e+18,800,8.0,0.01774562483302472,2.3820325485710262e-05
baseline,31,0.31,0.01039031454328528,1.213421293470879e+18,800,8.0,0.01774562483302472,2.3813562879053033e-05
baseline,32,0.32,0.010385668414559719,1.0859723180129068e+18,800,8.0,0.01774562483302472,2.3808008636352063e-05
baseline,33,0.33,0.01038037958525833,9.712979413902473e+17,800,8.0,0.01774562483302472,2.3803545189706127e-05
baseline,34,0.34,0.010374483153808218,8.682322104877928e+17,800,8.0,0.01774562483302472,2.3800056817615434e-05
baseline,35,0.35000000000000003,0.01036801351498225,7.756932989102124e+17,800,8.0,0.01774562483302472,2.3797434575057586e-05
baseline,36,0.36,0.01036100434634229,6.92682092883947e+17,800,8.0,0.01774562483302472,2.3795585233036106e-05
baseline,37,0.37,0.010353488596657889,6.1827959175841e+17,800,8.0,0.01774562483302472,2.379442391054542e-05
baseline,38,0.38,0.01034549847624828,5.516434779068745e+17,800,8.0,0.01774562483302472,2.3793864798197924e-05
baseline,39,0.39,0.010337065449167314,4.9200414434981555e+17,800,8.0,0.01774562483302472,2.3793826148515074e-05
baseline,40,0.4,0.010328220227169876,4.386603755272277e+17,800,8.0,0.01774562483302472,2.3794250180681384e-05
baseline,41,0.41000000000000003,0.010318992765393664,3.9097483147962944e+17,800,8.0,0.01774562483302472,2.379508201738323e-05
baseline,42,0.42,0.010309412259613945,3.483694855723e+17,800,8.0,0.01774562483302472,2.3796254930588772e-05
baseline,43,0.43,0.010299507145093553,3.103211443213365e+17,800,8.0,0.01774562483302472,2.3797719020930495e-05
baseline,44,0.44,0.010289305096867998,2.7635707553110355e+17,800,8.0,0.01774562483302472,2.3799432258079323e-05
baseline,45,0.45,0.010278833031416927,2.4605080774534886e+17,800,8.0,0.01774562483302472,2.3801356454321888e-05
baseline,46,0.46,0.01026811710963363,2.190181431509437e+17,800,8.0,0.01774562483302472,2.380344775609834e-05
baseline,47,0.47000000000000003,0.010257182741008258,1.9491341191443942e+17,800,8.0,0.01774562483302472,2.3805659980757975e-05
baseline,48,0.48,0.010246054588953408,1.734259699200275e+17,800,8.0,0.01774562483302472,2.3807968449113557e-05
baseline,49,0.49,0.010234756577210272,1.5427693448156003e+17,800,8.0,0.01774562483302472,2.3810360948947964e-05
baseline,50,0.5,0.010223311897195992,1.3721615953195522e+17,800,8.0,0.01774562483302472,2.3812804534063856e-05
baseline,51,0.51,0.010211743016267306,1.2201946620371534e+17,800,8.0,0.01774562483302472,2.3815268812928302e-05
baseline,52,0.52,0.010200071686839842,1.0848610366750454e+17,800,8.0,0.01774562483302472,2.3817736665635403e-05
baseline,53,0.53,0.010188318956245238,9.64364231092695e+16,800,8.0,0.01774562483302472,2.3820196221221226e-05
baseline,54,0.54,0.010176505177284271,8.570975646323454e+16,800,8.0,0.01774562483302472,2.3822635060428073e-05
baseline,55,0.55,0.010164650019398452,7.616249069521434e+16,800,8.0,0.01774562483302472,2.3825032496963253e-05
baseline,56,0.56,0.010152772480395903,6.766632487767356e+16,800,8.0,0.01774562483302472,2.3827361850154838e-05
baseline,57,0.5700000000000001,0.010140890898675717,6.010669316522089e+16,800,8.0,0.01774562483302472,2.382960923151613e-05
baseline,58,0.58,0.010129022965903246,5.3381336331361896e+16,800,8.0,0.01774562483302472,2.383179113020181e-05
baseline,59,0.59,0.01011718574006484,4.739901011278184e+16,800,8.0,0.01774562483302472,2.3833899036178915e-05
baseline,60,0.6,0.01010539565877692,4.207832443483861e+16,800,8.0,0.01774562483302472,2.383590236883863e-05
baseline,61,0.61,0.010093668552963975,3.734670623480568e+16,800,8.0,0.01774562483302472,2.383779717958205e-05
baseline,62,0.62,0.010082019660711178,3.313946167878437e+16,800,8.0,0.01774562483302472,2.3839577355415443e-05
baseline,63,0.63,0.010070463641305972,2.939893499115174e+16,800,8.0,0.01774562483302472,2.3841241155228342e-05
baseline,64,0.64,0.010059014589414198,2.607375378280675e+16,800,8.0,0.01774562483302472,2.3842782798943992e-05
baseline,65,0.65,0.010047686049348073,2.3118153769617576e+16,800,8.0,0.01774562483302472,2.3844186372282123e-05
baseline,66,0.66,0.010036491029389787,2.0491375159326844e+16,800,8.0,0.01774562483302472,2.3845426652387766e-05
baseline,67,0.67,0.010025442016139483,1.815712280056392e+16,800,8.0,0.01774562483302472,2.384648146818662e-05
baseline,68,0.68,0.010014550988861603,1.6083082427810474e+16,800,8.0,0.01774562483302472,2.3847359203941616e-05
baseline,69,0.6900000000000001,0.01000382943380576,1.4240487119206024e+16,800,8.0,0.01774562483302472,2.3848061968081538e-05
baseline,70,0.7000000000000001,0.009993288358397499,1.2603730088530382e+16,800,8.0,0.01774562483302472,2.384854898755347e-05
baseline,71,0.71,0.009982938305367136,1.1150021379622416e+16,800,8.0,0.01774562483302472,2.384878609350496e-05
baseline,72,0.72,0.009972789366782284,9859080914031496.0,800,8.0,0.01774562483302472,2.3848748500717498e-05
baseline,73,0.73,0.009962851197912397,8712863800492944.0,800,8.0,0.01774562483302472,2.384840578858696e-05
baseline,74,0.74,0.009953133030940392,7695315368899389.0,800,8.0,0.01774562483302472,2.3847723632072572e-05
baseline,75,0.75,0.009943643688492767,6792152777049110.0,800,8.0,0.01774562483302472,2.384665545717628e-05
baseline,76,0.76,0.009934391596972526,5990670556536301.0,800,8.0,0.01774562483302472,2.384513640587256e-05
baseline,77,0.77,0.009925384799682123,5279567526710650.0,800,8.0,0.01774562483302472,2.384308192273187e-05
baseline,78,0.78,0.00991663096972621,4648792620954074.0,800,8.0,0.01774562483302472,2.3840394504873622e-05
baseline,79,0.79,0.009908137422686604,4089407345753395.5,800,8.0,0.01774562483302472,2.3836983009236832e-05
baseline,80,0.8,0.009899911129064133,3593462896755831.5,800,8.0,0.01774562483302472,2.3832765150055225e-05
baseline,81,0.81,0.00989195872645707,3153890648735074.5,800,8.0,0.01774562483302472,2.3827582497597094e-05
baseline,82,0.8200000000000001,0.009884286531425127,2764405127136759.5,800,8.0,0.01774562483302472,2.382122834626414e-05
baseline,83,0.8300000000000001,0.009876900551184425,2419417930022797.0,800,8.0,0.01774562483302472,2.381349739384761e-05
baseline,84,0.84,0.009869806494975824,2113960615647976.8,800,8.0,0.01774562483302472,2.3804129524974606e-05
baseline,85,0.85,0.009863009785172268,1843616118321746.2,800,8.0,0.01774562483302472,2.379281262013874e-05
baseline,86,0.86,0.0098565155681068,1604457699463967.8,800,8.0,0.01774562483302472,2.3779161122262085e-05
baseline,87,0.87,0.00985032872461867,1392994645532467.0,800,8.0,0.01774562483302472,2.376268904811536e-05
baseline,88,0.88,0.009844453880317216,1206124000776607.0,800,8.0,0.01774562483302472,2.374277812354187e-05
baseline,89,0.89,0.009838895415564384,1041087659991721.0,800,8.0,0.01774562483302472,2.371864030918163e-05
baseline,90,0.9,0.009833657475177816,895434197914968.2,800,8.0,0.01774562483302472,2.3689274017823243e-05
baseline,91,0.91,0.009828743977857409,766984864721216.5,800,8.0,0.01774562483302472,2.365341241450943e-05
baseline,92,0.92,0.00982415862533913,653803250595277.5,800,8.0,0.01774562483302472,2.360942508788915e-05
baseline,93,0.93,0.009819904911264247,554168287250398.06,800,8.0,0.01774562483302472,2.355503689025377e-05
baseline,94,0.9400000000000001,0.009815986129723115,466550388772963.25,800,8.0,0.01774562483302472,2.3487101629122775e-05
baseline,95,0.9500000000000001,0.009812405383608214,389590245154354.44,800,8.0,0.01774562483302472,2.3401259593058063e-05
baseline,96,0.96,0.009809165592651815,322079901004618.2,800,8.0,0.01774562483302472,2.3291161097071397e-05
baseline,97,0.97,0.009806269501207082,262945926201222.53,800,8.0,0.01774562483302472,2.3147232601174375e-05
baseline,98,0.98,0.009803719685765244,211234465178178.3,800,8.0,0.01774562483302472,2.2954326087965082e-05
baseline,99,0.99,0.009801518562211795,166097972569670.2,800,8.0,0.01774562483302472,2.2686976525044346e-05
baseline,100,1.0,0.009799668392826928,126783489285935.66,800,8.0,0.01774562483302472,2.229886760601674e-05
baseline,101,1.01,0.009798171293035762,92622391609542.8,800,8.0,0.01774562483302472,2.1696178723848784e-05
baseline,102,1.02,0.009797029237914237,63021838140639.5,800,8.0,0.01774562483302472,2.0656571447168637e-05
baseline,103,1.03,0.009796244068456906,37459825150745.04,800,8.0,0.01774562483302472,1.8504723648233077e-05
baseline,104,1.04,0.009795817497613064,15506002426662.404,800,8.0,0.01774562483302472,1.2473522952733454e-05
baseline,105,1.05,0.009795751116095538,3988103591047.4087,800,8.0,0.01774562483302472,7.982978971472035e-05
baseline,106,1.06,0.009796046397919932,19703441267228.727,800,8.0,0.01774562483302472,3.516198128744617e-05
baseline,107,1.07,0.009796704705765371,33338707892535.73,800,8.0,0.01774562483302472,3.051916813450346e-05
baseline,108,1.08,0.009797727296114897,44851361001131.72,800,8.0,0.01774562483302472,2.881219129110411e-05
baseline,109,1.09,0.009799115324175071,54484645805873.6,800,8.0,0.01774562483302472,2.7940541762025215e-05
baseline,110,1.1,0.009800869848593184,62466128139910.32,800,8.0,0.01774562483302472,2.7420594973951442e-05
baseline,111,1.11,0.009802991835971286,69000245558725.59,800,8.0,0.01774562483302472,2.7081415072008414e-05
baseline,112,1.12,0.00980548216518282,74269394413709.34,800,8.0,0.01774562483302472,2.6847210909635574e-05
baseline,113,1.1300000000000001,0.009808341631497804,78436000783429.16,800,8.0,0.01774562483302472,2.6679161750226304e-05
baseline,114,1.1400000000000001,0.009811570950522545,81644617882706.4,800,8.0,0.01774562483302472,2.6555245364056708e-05
baseline,115,1.1500000000000001,0.009815170761960033,84023868847603.95,800,8.0,0.01774562483302472,2.646195022017539e-05
baseline,116,1.16,0.0098191416331971,85688203792603.94,800,8.0,0.01774562483302472,2.6390430492589245e-05
baseline,117,1.17,0.009823484062724649,86739475755958.02,800,8.0,0.01774562483302472,2.6334580958600064e-05
baseline,118,1.18,0.00982819848337515,87268340827589.77,800,8.0,0.01774562483302472,2.6290014465191995e-05
baseline,119,1.19,0.00983328526538309,87355490740474.27,800,8.0,0.01774562483302472,2.6253401001385883e-05
baseline,120,1.2,0.009838744719332573,87072750984047.73,800,8.0,0.01774562483302472,2.622208670821945e-05
baseline,121,1.21,0.00984457709891996,86484049299634.61,800,8.0,0.01774562483302472,2.61938897956815e-05
baseline,122,1.22,0.009850782603576995,85646270522258.7,800,8.0,0.01774562483302472,2.616694425249696e-05
baseline,123,1.23,0.009857361380946934,84610006949470.95,800,8.0,0.01774562483302472,2.6139607511500702e-05
baseline,124,1.24,0.009864313529218328,83420214204877.34,800,8.0,0.01774562483302472,2.6110401756987723e-05
baseline,125,1.25,0.009871639099321223,82116781471367.97,800,8.0,0.01774562483302472,2.6077978861862468e-05
baseline,126,1.26,0.009879338096990545,80735024668570.33,800,8.0,0.01774562483302472,2.6041102650704275e-05
baseline,127,1.27,0.009887410484701481,79306110830226.8,800,8.0,0.01774562483302472,2.5998644743093117e-05
baseline,128,1.28,0.009895856183481745,77857421712823.72,800,8.0,0.01774562483302472,2.594959101506732e-05
baseline,129,1.29,0.009904675074605632,76412864330651.66,800,8.0,0.01774562483302472,2.5893057775250422e-05
baseline,130,1.3,0.009913867001171929,74993135666460.42,800,8.0,0.01774562483302472,2.5828330180005133e-05
baseline,131,1.31,0.009923431769532675,73615945806838.45,800,8.0,0.01774562483302472,2.5754887046345798e-05
baseline,132,1.32,0.009933369150653439,72296209010556.08,800,8.0,0.01774562483302472,2.5672419542098346e-05
baseline,133,1.33,0.009943678881342378,71046214399221.17,800,8.0,0.01774562483302472,2.558086370294097e-05
baseline,134,1.34,0.009954360665380557,69875778549790.6,800,8.0,0.01774562483302472,2.5480420300647662e-05
baseline,135,1.35,0.009965414174553237,68792391522973.05,800,8.0,0.01774562483302472,2.5371564275273552e-05
baseline,136,1.36,0.00997683904957867,67801361999390.18,800,8.0,0.01774562483302472,2.525504324303143e-05
baseline,137,1.37,0.009988634900937769,66905966860233.48,800,8.0,0.01774562483302472,2.5131861437631396e-05
baseline,138,1.3800000000000001,0.010000801309608192,66107609336640.81,800,8.0,0.01774562483302472,2.50032488089004e-05
baseline,139,1.3900000000000001,0.01001333782770631,65405988142324.94,800,8.0,0.01774562483302472,2.487061642905656e-05
baseline,140,1.4000000000000001,0.01002624397904067,64799278112569.445,800,8.0,0.01774562483302472,2.4735501117393464e-05
baseline,141,1.41,0.010039519259580618,64284320924102.11,800,8.0,0.01774562483302472,2.4599503345487543e-05
baseline,142,1.42,0.010053163137843789,63856822818017.36,800,8.0,0.01774562483302472,2.446422347413284e-05
baseline,143,1.43,0.010067175055206372,63511554958781.54,800,8.0,0.01774562483302472,2.433120107385178e-05
baseline,144,1.44,0.01008155442614002,63242551340828.79,800,8.0,0.01774562483302472,2.4201862048761334e-05
baseline,145,1.45,0.010096300638376155,63043298935801.266,800,8.0,0.01774562483302472,2.4077479458915028e-05
baseline,146,1.46,0.010111413052901768,62906916063972.04,800,8.0,0.01774562483302472,2.3959142983301914e-05
baseline,147,1.47,0.010126891004004698,62826313086338.66,800,8.0,0.01774562483302472,2.3847737678677576e-05
baseline,148,1.48,0.010142733799196313,62794337297731.39,800,8.0,0.01774562483302472,2.3743940556080864e-05
baseline,149,1.49,0.010158940719055057,62803895810004.73,800,8.0,0.01774562483302472,2.364822811170152e-05
baseline,150,1.5,0.010175511017026052,62848058255536.195,800,8.0,0.01774562483302472,2.356088946506101e-05
baseline,151,1.51,0.010192443919148367,62920139453791.21,800,8.0,0.01774562483302472,2.3482045839334803e-05
baseline,152,1.52,0.010209738623712598,63013763029050.3,800,8.0,0.01774562483302472,2.341167372964714e-05
baseline,153,1.53,0.010227394300851662,63122907753796.93,800,8.0,0.01774562483302472,2.3349629634029067e-05
baseline,154,1.54,0.010245410092067676,63241938720740.086,800,8.0,0.01774562483302472,2.329567476207534e-05
baseline,155,1.55,0.010263785109697991,63365625567489.336,800,8.0,0.01774562483302472,2.324949814065115e-05
baseline,156,1.56,0.0102825184363235,63489149946205.94,800,8.0,0.01774562483302472,2.3210737625654828e-05
baseline,157,1.57,0.010301609124122538,63608104289233.664,800,8.0,0.01774562483302472,2.31789982046852e-05
baseline,158,1.58,0.010321056194173792,63718483715257.53,800,8.0,0.01774562483302472,2.3153867493252654e-05
baseline,159,1.59,0.01034085863571184,63816672673394.84,800,8.0,0.01774562483302472,2.3134928458847127e-05
baseline,160,1.6,0.010361015405339086,63899427671078.9,800,8.0,0.01774562483302472,2.3121769641041935e-05
baseline,161,1.61,0.010381525426198038,63963857183381.3,800,8.0,0.01774562483302472,2.3113992915736488e-05
baseline,162,1.62,0.010402387587094475,64007399751330.53,800,8.0,0.01774562483302472,2.3111215570237164e-05
baseline,163,1.6300000000000001,0.010423600741326705,64027801947047.68,800,8.0,0.01774562483302472,2.311307651558379e-05
baseline,164,1.6400000000000001,0.010445163705833947,64023095629553.09,800,8.0,0.01774562483302472,2.311924090119182e-05
baseline,165,1.6500000000000001,0.0104670752601397,63991575428439.79,800,8.0,0.01774562483302472,2.3129399287864513e-05
baseline,166,1.6600000000000001,0.010489334145226438,63931776671670.77,800,8.0,0.01774562483302472,2.314326832833824e-05
baseline,167,1.67,0.01051193906241288,63842454057905.36,800,8.0,0.01774562483302472,2.3160590942984832e-05
baseline,168,1.68,0.01053488867217748,63722561236537.05,800,8.0,0.01774562483302472,2.3181135578930722e-05
baseline,169,1.69,0.010558181592931443,63571231391920.234,800,8.0,0.01774562483302472,2.3204695092690956e-05
baseline,170,1.7,0.010581816399744893,63387758918397.8,800,8.0,0.01774562483302472,2.3231085454236923e-05
baseline,171,1.71,0.010605791623029902,63171582229652.12,800,8.0,0.01774562483302472,2.3260144299287516e-05
baseline,172,1.72,0.01063010574718437,62922267715167.36,800,8.0,0.01774562483302472,2.3291729406563735e-05
baseline,173,1.73,0.010654757209200859,62639494836652.17,800,8.0,0.01774562483302472,2.3325717208447726e-05
baseline,174,1.74,0.010679744397244876,62323042346847.05,800,8.0,0.01774562483302472,2.3362001195017525e-05
baseline,175,1.75,0.010705065649207136,61972775610338.95,800,8.0,0.01774562483302472,2.3400490368890458e-05
baseline,176,1.76,0.010730719251234826,61588635005586.11,800,8.0,0.01774562483302472,2.344110769325978e-05
baseline,177,1.77,0.010756703436246963,61170625386725.66,800,8.0,0.01774562483302472,2.348378855574674e-05
baseline,178,1.78,0.010783016382439387,60718806597469.17,800,8.0,0.01774562483302472,2.3528478981386017e-05
baseline,179,1.79,0.010809656211753794,60233285342041.125,800,8.0,0.01774562483302472,2.3575130820638387e-05
baseline,180,1.8,0.010836620987879523,59714207801001.164,800,8.0,0.01774562483302472,2.3623704523951674e-05
baseline,181,1.81,0.01086390871487823,59161754288804.41,800,8.0,0.01774562483302472,2.3674165565737953e-05
baseline,182,1.82,0.010891517335594772,58576134712095.03,800,8.0,0.01774562483302472,2.37264810313054e-05
baseline,183,1.83,0.010919444729911097,57957585338680.766,800,8.0,0.01774562483302472,2.3780618208524512e-05
baseline,184,1.84,0.010947688713039076,57306367403366.58,800,8.0,0.01774562483302472,2.383654171883449e-05
baseline,185,1.85,0.010976247033795286,56622767439281.46,800,8.0,0.01774562483302472,2.3894210444250735e-05
baseline,186,1.86,0.011005117372858773,55907099548657.52,800,8.0,0.01774562483302472,2.395357419995037e-05
baseline,187,1.87,0.011034297341012796,55159709815092.336,800,8.0,0.01774562483302472,2.4014569996474073e-05
baseline,188,1.8800000000000001,0.01106378447737169,54380983066634.73,800,8.0,0.01774562483302472,2.40771178703078e-05
baseline,189,1.8900000000000001,0.011093576247594012,53571352205754.86,800,8.0,0.01774562483302472,2.414111616502816e-05
baseline,190,1.9000000000000001,0.011123670042083256,52731310320390.78,800,8.0,0.01774562483302472,2.420643617005411e-05
baseline,191,1.9100000000000001,0.011154063174177397,51861425768533.43,800,8.0,0.01774562483302472,2.427291610415752e-05
baseline,192,1.92,0.011184752878328699,50962360524897.27,800,8.0,0.01774562483302472,2.434035423349752e-05
baseline,193,1.93,0.01121573630826701,50034891222055.69,800,8.0,0.01774562483302472,2.440850481776908e-05
baseline,194,1.94,0.011247010535181116,49079933045817.875,800,8.0,0.01774562483302472,2.4477071023499093e-05
baseline,195,1.95,0.011278572545908385,48098566101612.48,800,8.0,0.01774562483302472,2.4545696981451347e-05
baseline,196,1.96,0.011310419241085409,47092063090282.3,800,8.0,0.01774562483302472,2.461396461240072e-05
baseline,197,1.97,0.011342547433323516,46061917506016.305,800,8.0,0.01774562483302472,2.4681389825583817e-05
baseline,198,1.98,0.01137495384540416,45009870384411.836,800,8.0,0.01774562483302472,2.474742201355897e-05
baseline,199,1.99,0.011407635108480474,43937933301241.836,800,8.0,0.01774562483302472,2.4811447623907328e-05
baseline,200,2.0,0.011440587760270526,42848404638303.625,800,8.0,0.01774562483302472,2.4872799260142355e-05
baseline,201,2.0100000000000002,0.011473808243228852,41743875484168.47,800,8.0,0.01774562483302472,2.493077221850938e-05
baseline,202,2.02,0.01150729290280498,40627220838863.52,800,8.0,0.01774562483302472,2.4984650689663253e-05
baseline,203,2.0300000000000002,0.011541037985728055,39501571379639.734,800,8.0,0.01774562483302472,2.5033744787941744e-05
baseline,204,2.04,0.011575039638243438,38370261112138.22,800,8.0,0.01774562483302472,2.507743948201491e-05
baseline,205,2.05,0.01160929390440248,37236746678160.39,800,8.0,0.01774562483302472,2.5115256212835872e-05
baseline,206,2.06,0.01164379672440393,36104495562614.89,800,8.0,0.01774562483302472,2.5146924563711015e-05
baseline,207,2.07,0.011678543932972098,34976842945289.117,800,8.0,0.01774562483302472,2.517245965107658e-05
baseline,208,2.08,0.011713531257727785,33856820934628.64,800,8.0,0.01774562483302472,2.5192236743562893e-05
baseline,209,2.09,0.011748754317562681,32746969373276.277,800,8.0,0.01774562483302472,2.5207050067935916e-05
baseline,210,2.1,0.011784208621204948,31649144358331.54,800,8.0,0.01774562483302472,2.5218139331046495e-05
baseline,211,2.11,0.011819889565687339,30564348583309.906,800,8.0,0.01774562483302472,2.522716390908973e-05
baseline,212,2.12,0.01185579243490663,29492615312120.684,800,8.0,0.01774562483302472,2.523610400173409e-05
baseline,213,2.13,0.011891912398259845,28432983566221.348,800,8.0,0.01774562483302472,2.524707365128793e-05
baseline,214,2.14,0.01192824450932496,27383603070172.125,800,8.0,0.01774562483302472,2.5262040738987253e-05
baseline,215,2.15,0.011964783704546475,26342000022514.85,800,8.0,0.01774562483302472,2.5282467886376164e-05
baseline,216,2.16,0.012001524802081472,25305515200976.83,800,8.0,0.01774562483302472,2.5308916109164916e-05
baseline,217,2.17,0.012038462500649676,24271892175869.383,800,8.0,0.01774562483302472,2.5340683844900772e-05
baseline,218,2.18,0.012075591378451569,23239945582656.996,800,8.0,0.01774562483302472,2.5375589754395957e-05
baseline,219,2.19,0.01211290589220958,22210184211066.676,800,8.0,0.01774562483302472,2.541003356974088e-05
baseline,220,2.2,0.012150400376273815,21185214002003.75,800,8.0,0.01774562483302472,2.5439478619682026e-05
baseline,221,2.21,0.012188069041722066,20169721581971.695,800,8.0,0.01774562483302472,2.5459466939619326e-05
baseline,222,2.22,0.012225905975705425,19169863547213.047,800,8.0,0.01774562483302472,2.5467181045908227e-05
baseline,223,2.23,0.012263905140779319,18191978879394.07,800,8.0,0.01774562483302472,2.5463384111514703e-05
baseline,224,2.24,0.012302060374345104,17240707619225.334,800,8.0,0.01774562483302472,2.5454307577290586e-05
baseline,225,2.25,0.012340365388236256,16316818571086.857,800,8.0,0.01774562483302472,2.545281394957469e-05
baseline,226,2.2600000000000002,0.0123788137683767,15415271835761.178,800,8.0,0.01774562483302472,2.5478088491329033e-05
baseline,227,2.27,0.012417398974503498,14524190233714.799,800,8.0,0.01774562483302472,2.5553392992095552e-05
baseline,228,2.2800000000000002,0.012456114340131262,13625395573534.863,800,8.0,0.01774562483302472,2.570212892604535e-05
baseline,229,2.29,0.012494953072511014,12696908613489.893,800,8.0,0.01774562483302472,2.5943203252388846e-05
baseline,230,2.3000000000000003,0.012533908252779473,11717312986797.838,800,8.0,0.01774562483302472,2.628715500718355e-05
baseline,231,2.31,0.012572972836215494,10671243125804.07,800,8.0,0.01774562483302472,2.673420865129706e-05
baseline,232,2.32,0.012612139652621037,9554687106892.484,800,8.0,0.01774562483302472,2.7274502631025875e-05
baseline,233,2.33,0.012651401406852792,8378551896241.891,800,8.0,0.01774562483302472,2.7890167747652492e-05
baseline,234,2.34,0.012690750679504564,7169193676659.99,800,8.0,0.01774562483302472,2.8558159663047757e-05
baseline,235,2.35,0.01273017992769966,5965382746974.127,800,8.0,0.01774562483302472,2.925297037618719e-05
baseline,236,2.36,0.012769681486085274,4812219943564.951,800,8.0,0.01774562483302472,2.994885750062683e-05
baseline,237,2.37,0.01280924756789887,3753476354809.805,800,8.0,0.01774562483302472,3.062130564103082e-05
baseline,238,2.38,0.01284887026623459,2824323306782.8687,800,8.0,0.01774562483302472,3.124795612658415e-05
baseline,239,2.39,0.012888541555581919,2046250551701.7993,800,8.0,0.01774562483302472,3.180901655134433e-05
baseline,240,2.4,0.012928253293281625,1425216565526.3938,800,8.0,0.01774562483302472,3.228756226520909e-05
baseline,241,2.41,0.012967997221387926,953046247905.3845,800,8.0,0.01774562483302472,3.2669768532013204e-05
baseline,242,2.42,0.013007764968529833,611194363980.2347,800,8.0,0.01774562483302472,3.2945100619338074e-05
baseline,243,2.43,0.013047548052052424,375527181580.57623,800,8.0,0.01774562483302472,3.310676742255098e-05
baseline,244,2.44,0.013087337880348545,220821433446.86087,800,8.0,0.01774562483302472,3.315249327114691e-05
baseline,245,2.45,0.01312712575523414,124105586934.89468,800,8.0,0.01774562483302472,3.308535219222603e-05
baseline,246,2.46,0.013166902874680938,66527172161.53754,800,8.0,0.01774562483302472,3.291632930185576e-05
baseline,247,2.47,0.013206660335519553,33896268726.220085,800,8.0,0.01774562483302472,3.266695380204146e-05
baseline,248,2.48,0.013246389136630328,16312303709.473345,800,8.0,0.01774562483302472,3.237820338396109e-05
baseline,249,2.49,0.013286080182026086,7326046385.420776,800,8.0,0.01774562483302472,3.2127763350081515e-05
baseline,250,2.5,0.013325724284285974,2996125365.5994563,800,8.0,0.01774562483302472,3.207941369968488e-05
baseline,251,2.5100000000000002,0.01336531216812991,1057029050.8849726,800,8.0,0.01774562483302472,3.262185853858776e-05
baseline,252,2.52,0.013404834474198811,295673242.0226151,800,8.0,0.01774562483302472,3.3807762588748445e-05
baseline,253,2.5300000000000002,0.013444281763062662,150206625.58076915,800,8.0,0.01774562483302472,2.3494377565042035e-05
baseline,254,2.54,0.013483644519331624,156904522.8583509,800,8.0,0.01774562483302472,2.242614586979806e-05
baseline,255,2.5500000000000003,0.013522913156042132,130585756.31590883,800,8.0,0.01774562483302472,2.320931374533785e-05
baseline,256,2.56,0.013562078019194993,93465268.82483959,800,8.0,0.01774562483302472,2.375000053004991e-05
baseline,257,2.57,0.013601129392511853,61286930.34896641,800,8.0,0.01774562483302472,2.4245556791251186e-05
baseline,258,2.58,0.013640057502347367,39233019.6438072,800,8.0,0.01774562483302472,2.3979854894076745e-05
baseline,259,2.59,0.013678852522814857,28390666.69762703,800,8.0,0.01774562483302472,2.0372923263016777e-05
baseline,260,2.6,0.013717504581111246,26565287.627454665,800,8.0,0.01774562483302472,1.3853787453540777e-05
baseline,261,2.61,0.013756003762968946,28574379.45639537,800,8.0,0.01774562483302472,9.837496806075405e-06
baseline,262,2.62,0.01379434011836199,31018869.329310477,800,8.0,0.01774562483302472,8.81580614309972e-06
baseline,263,2.63,0.013832503667341471,32879040.559337758,800,8.0,0.01774562483302472,8.945120154125412e-06
baseline,264,2.64,0.013870484406066056,34032574.97648536,800,8.0,0.01774562483302472,9.318909026296825e-06
baseline,265,2.65,0.01390827231298446,34577928.79692983,800,8.0,0.01774562483302472,9.693636430709466e-06
baseline,266,2.66,0.013945857355203083,34639998.02800907,800,8.0,0.01774562483302472,1.0020402668554476e-05
baseline,267,2.67,0.013983229495017273,34325364.2141899,800,8.0,0.01774562483302472,1.0294809336680993e-05
baseline,268,2.68,0.014020378696559243,33718826.57484644,800,8.0,0.01774562483302472,1.0520237856127365e-05
baseline,269,2.69,0.014057294932644637,32889839.884801187,800,8.0,0.01774562483302472,1.0700128437544553e-05
baseline,270,2.7,0.014093968191724236,31899698.574517976,800,8.0,0.01774562483302472,1.0837370157775584e-05
baseline,271,2.71,0.014130388485007035,30806661.69514183,800,8.0,0.01774562483302472,1.0935303553429974e-05
baseline,272,2.72,0.014166545853650878,29668098.031517047,800,8.0,0.01774562483302472,1.0998736352882815e-05
baseline,273,2.73,0.014202430376144647,28539537.032187186,800,8.0,0.01774562483302472,1.1034351644306748e-05
baseline,274,2.74,0.014238032175752221,27471191.211792253,800,8.0,0.01774562483302472,1.1050210178297995e-05
baseline,275,2.75,0.014273341428099556,26503144.02589643,800,8.0,0.01774562483302472,1.1054395534790713e-05
baseline,276,2.7600000000000002,0.014308348368784717,25660736.919069428,800,8.0,0.01774562483302472,1.105325152420439e-05
baseline,277,2.77,0.01434304330116789,24951572.16602133,800,8.0,0.01774562483302472,1.104993948254599e-05
baseline,278,2.7800000000000002,0.014377416604151665,24365072.033342745,800,8.0,0.01774562483302472,1.1044014986577712e-05
baseline,279,2.79,0.014411458740103323,23874942.927265126,800,8.0,0.01774562483302472,1.1032299264847833e-05
baseline,280,2.8000000000000003,0.014445160262732855,23444303.926771067,800,8.0,0.01774562483302472,1.101073091972703e-05
baseline,281,2.81,0.01447851182510591,23032614.285722136,800,8.0,0.01774562483302472,1.0976418033932263e-05
baseline,282,2.82,0.0145115041876397,22602951.1978068,800,8.0,0.01774562483302472,1.0929057475697788e-05
baseline,283,2.83,0.014544128226123932,22127948.713203628,800,8.0,0.01774562483302472,1.0871269239866357e-05
baseline,284,2.84,0.01457637493975348,21593060.28801349,800,8.0,0.01774562483302472,1.0807896458150464e-05
baseline,285,2.85,0.014608235459156071,20996655.751076568,800,8.0,0.01774562483302472,1.0744683613344147e-05
baseline,286,2.86,0.014639701054397767,20347416.431349527,800,8.0,0.01774562483302472,1.0686817435758084e-05
baseline,287,2.87,0.01467076314295717,19660151.268485516,800,8.0,0.01774562483302472,1.0637709348169704e-05
baseline,288,2.88,0.014701413297671436,18951343.501516853,800,8.0,0.01774562483302472,1.0598314996744808e-05
baseline,289,2.89,0.014731643254599438,18235494.6853826,800,8.0,0.01774562483302472,1.0567052918836394e-05
baseline,290,2.9,0.014761444920810992,17522864.832428962,800,8.0,0.01774562483302472,1.0540294242933728e-05
baseline,291,2.91,0.014790810382172498,16818714.171055514,800,8.0,0.01774562483302472,1.0513236320634928e-05
baseline,292,2.92,0.014819731910907696,16123783.75412259,800,8.0,0.01774562483302472,1.0480906961153283e-05
baseline,293,2.93,0.014848201973153142,15435562.77000433,800,8.0,0.01774562483302472,1.0439044611060422e-05
baseline,294,2.94,0.014876213236347767,14749866.44745258,800,8.0,0.01774562483302472,1.038468253256524e-05
baseline,295,2.95,0.014903758576459692,14062334.732995745,800,8.0,0.01774562483302472,1.0316380374494574e-05
baseline,296,2.96,0.014930831085154965,13369598.699416889,800,8.0,0.01774562483302472,1.023414768009214e-05
baseline,297,2.97,0.01495742407669944,12670003.093805159,800,8.0,0.01774562483302472,1.013916400092675e-05
baseline,298,2.98,0.014983531094743291,11963885.974271873,800,8.0,0.01774562483302472,1.0033413582253887e-05
baseline,299,2.99,0.015009145918909018,11253491.948257195,800,8.0,0.01774562483302472,9.919322545150422e-06
baseline,300,3.0,0.015034262571161167,10542630.890652021,800,8.0,0.01774562483302472,9.79945508438402e-06
baseline,301,3.0100000000000002,0.015058875322001418,9836198.552829212,800,8.0,0.01774562483302472,9.676289822379033e-06
baseline,302,3.02,0.015082978696393733,9139659.44726795,800,8.0,0.01774562483302472,9.552075789774077e-06
baseline,303,3.0300000000000002,0.01510656747948698,8458566.18361408,800,8.0,0.01774562483302472,9.428754078249618e-06
baseline,304,3.04,0.015129636722082422,7798161.312336371,800,8.0,0.01774562483302472,9.307929578602044e-06
baseline,305,3.0500000000000003,0.01515218174582007,7163082.77839547,800,8.0,0.01774562483302472,9.190877018600982e-06
baseline,306,3.06,0.015174198148139275,6557175.349777417,800,8.0,0.01774562483302472,9.078562963799576e-06
baseline,307,3.0700000000000003,0.01519568180694502,5983397.558887511,800,8.0,0.01774562483302472,8.971682908656358e-06
baseline,308,3.08,0.015216628884959522,5443806.87056452,800,8.0,0.01774562483302472,8.870702634273731e-06
baseline,309,3.09,0.015237035833821772,4939603.643184731,800,8.0,0.01774562483302472,8.775892212121175e-06
baseline,310,3.1,0.015256899397862936,4471214.694307396,800,8.0,0.01774562483302472,8.687365672504546e-06
baseline,311,3.11,0.015276216617555696,4038399.9095374714,800,8.0,0.01774562483302472,8.605115687253664e-06
baseline,312,3.12,0.015294984832668479,3640368.6522145476,800,8.0,0.01774562483302472,8.529034295052147e-06
baseline,313,3.13,0.015313201685118369,3275896.0401893365,800,8.0,0.01774562483302472,8.458938066278927e-06
baseline,314,3.14,0.015330865121424541,2943432.0407068576,800,8.0,0.01774562483302472,8.394596700574246e-06
baseline,315,3.15,0.015347973394886813,2641199.4357794505,800,8.0,0.01774562483302472,8.33573930405029e-06
baseline,316,3.16,0.015364525067408628,2367278.376095446,800,8.0,0.01774562483302472,8.282069028490599e-06
baseline,317,3.17,0.015380519010974827,2119676.913008624,800,8.0,0.01774562483302472,8.233276890597399e-06
baseline,318,3.18,0.015395954408778598,1896387.9442994222,800,8.0,0.01774562483302472,8.189051719252867e-06
baseline,319,3.19,0.0154108307560072,1695433.6759909098,800,8.0,0.01774562483302472,8.149079976449653e-06
baseline,320,3.2,0.01542514786029576,1514899.0542014749,800,8.0,0.01774562483302472,8.113050067028812e-06
baseline,321,3.21,0.015438905841809044,1352955.7211277504,800,8.0,0.01774562483302472,8.08066397506338e-06
baseline,322,3.22,0.015452105132975793,1207878.1114195124,800,8.0,0.01774562483302472,8.051635732625049e-06
baseline,323,3.23,0.015464746477890506,1078053.1658927377,800,8.0,0.01774562483302472,8.025691696991415e-06
baseline,324,3.24,0.01547683093135459,961985.0128158785,800,8.0,0.01774562483302472,8.002573313996516e-06
baseline,325,3.25,0.015488359857581142,858295.7695869061,800,8.0,0.01774562483302472,7.982036925010939e-06
baseline,326,3.2600000000000002,0.015499334928561757,765723.4644498805,800,8.0,0.01774562483302472,7.963853565786636e-06
baseline,327,3.27,0.015509758122094838,683117.8869889514,800,8.0,0.01774562483302472,7.947809266092919e-06
baseline,328,3.2800000000000002,0.015519631719475466,609435.0192448294,800,8.0,0.01774562483302472,7.933707041312674e-06
baseline,329,3.29,0.01552895830284774,543730.5404852147,800,8.0,0.01774562483302472,7.921367360535811e-06
baseline,330,3.3000000000000003,0.015537740752263917,485152.87682586233,800,8.0,0.01774562483302472,7.910624258636868e-06
baseline,331,3.31,0.015545982242408983,432936.05439507484,800,8.0,0.01774562483302472,7.90131990377182e-06
baseline,332,3.3200000000000003,0.015553686239040014,386392.5849050625,800,8.0,0.01774562483302472,7.893304586207703e-06
baseline,333,3.33,0.01556085649509612,344906.5623199295,800,8.0,0.01774562483302472,7.886449895209468e-06
baseline,334,3.34,0.015567497046509927,307927.0502736757,800,8.0,0.01774562483302472,7.880648108664639e-06
baseline,335,3.35,0.015573612207755322,274961.8578884411,800,8.0,0.01774562483302472,7.875799200340454e-06
baseline,336,3.36,0.015579206567132787,245571.74416063097,800,8.0,0.01774562483302472,7.871800712885009e-06
baseline,337,3.37,0.01558428498179387,219365.07240177208,800,8.0,0.01774562483302472,7.868543822385453e-06
baseline,338,3.38,0.015588852572506614,195992.91211907734,800,8.0,0.01774562483302472,7.865918666517837e-06
baseline,339,3.39,0.01559291471816396,175144.57007744018,800,8.0,0.01774562483302472,7.86383154244163e-06
baseline,340,3.4,0.015596477050037277,156543.5232558169,800,8.0,0.01774562483302472,7.862235776259312e-06
baseline,341,3.41,0.01559954544577745,139943.71094889674,800,8.0,0.01774562483302472,7.861133778928654e-06
baseline,342,3.42,0.01560212602326423,125126.19549117853,800,8.0,0.01774562483302472,7.860460062322429e-06
baseline,343,3.43,0.01560422513444304,111896.28308547643,800,8.0,0.01774562483302472,7.860099214467573e-06
baseline,344,3.44,0.015605849358616015,100080.7755523433,800,8.0,0.01774562483302472,7.860017768263082e-06
baseline,345,3.45,0.015607005495814357,89525.64984441284,800,8.0,0.01774562483302472,7.860142354214953e-06
baseline,346,3.46,0.01560770055990129,80093.91468992266,800,8.0,0.01774562483302472,7.86043766706627e-06
baseline,347,3.47,0.015607941771540157,71663.71418867838,800,8.0,0.01774562483302472,7.86089202137854e-06
baseline,348,3.48,0.015607736551043078,64126.63635844271,800,8.0,0.01774562483302472,7.861497245382364e-06
baseline,349,3.49,0.015607092511108268,57386.21011107923,800,8.0,0.01774562483302472,7.862230712925151e-06
baseline,350,3.5,0.015606017449453892,51356.573444319496,800,8.0,0.01774562483302472,7.863042706437418e-06
baseline,351,3.5100000000000002,0.015604519341356373,45961.294611522855,800,8.0,0.01774562483302472,7.863852463226391e-06
baseline,352,3.52,0.015602606332100645,41132.32797323486,800,8.0,0.01774562483302472,7.864556528861631e-06
baseline,353,3.5300000000000002,0.015600286729350123,36809.08694729031,800,8.0,0.01774562483302472,7.865053276434264e-06
baseline,354,3.54,0.015597568995443433,32937.6176907897,800,8.0,0.01774562483302472,7.86528785404357e-06
baseline,355,3.5500000000000003,0.015594461739625276,29469.85873931011,800,8.0,0.01774562483302472,7.865322147352429e-06
baseline,356,3.56,0.015590973710218147,26362.972684222295,800,8.0,0.01774562483302472,7.865387624387376e-06
baseline,357,3.5700000000000003,0.015587113786780077,23578.739984417145,800,8.0,0.01774562483302472,7.865425735323318e-06
baseline,358,3.58,0.015582890972637726,21083.096978146405,800,8.0,0.01774562483302472,7.865130797767721e-06
baseline,359,3.59,0.015578314386869305,18845.65421724455,800,8.0,0.01774562483302472,7.8645322175942e-06
baseline,360,3.6,0.01557339325650944,16839.30467993291,800,8.0,0.01774562483302472,7.8636474872389e-06
baseline,361,3.61,0.015568136908818305,15039.864033752488,800,8.0,0.01774562483302472,7.862476182428705e-06
baseline,362,3.62,0.015562554763550042,13425.74940685593,800,8.0,0.01774562483302472,7.861054756698075e-06
baseline,363,3.63,0.01555665632527217,11977.696038988523,800,8.0,0.01774562483302472,7.859450091042459e-06
baseline,364,3.64,0.015550451175744667,10678.505848947003,800,8.0,0.01774562483302472,7.857756934305777e-06
baseline,365,3.65,0.015543948966366886,9512.824900015838,800,8.0,0.01774562483302472,7.856102114328685e-06
baseline,366,3.66,0.015537159410700056,8466.946733219447,800,8.0,0.01774562483302472,7.85465973797676e-06
baseline,367,3.67,0.015530092277072792,7528.638622101272,800,8.0,0.01774562483302472,7.853682706018451e-06
baseline,368,3.68,0.015522757381276606,6686.987966866481,800,8.0,0.01774562483302472,7.85355730561687e-06
baseline,369,3.69,0.015515164579357853,5932.266272782869,800,8.0,0.01774562483302472,7.854889813090306e-06
baseline,370,3.7,0.015507323760512424,5255.808436842679,800,8.0,0.01774562483302472,7.85863600626659e-06
baseline,371,3.71,0.015499244840088744,4649.9054187666015,800,8.0,0.01774562483302472,7.866272763705422e-06
baseline,372,3.72,0.015490937752707844,4107.7100570220455,800,8.0,0.01774562483302472,7.87963562298106e-06
baseline,373,3.73,0.015482412445604297,3623.1595721648605,800,8.0,0.01774562483302472,7.901067379803815e-06
baseline,374,3.74,0.015473678872008663,3190.9094535380204,800,8.0,0.01774562483302472,7.934073725696164e-06
baseline,375,3.75,0.01546474698466769,2806.2774015897,800,8.0,0.01774562483302472,7.983491518366365e-06
baseline,376,3.7600000000000002,0.015455626729546012,2465.1956217132465,800,8.0,0.01774562483302472,8.055726379874325e-06
baseline,377,3.77,0.015446328039663046,2164.1707026418517,800,8.0,0.01774562483302472,8.159065929516098e-06
baseline,378,3.7800000000000002,0.015436860829085824,1900.246879615154,800,8.0,0.01774562483302472,8.30362866562806e-06
baseline,379,3.79,0.01542723498708104,1670.9651638924324,800,8.0,0.01774562483302472,8.500635323920422e-06
baseline,380,3.8000000000000003,0.01541746037242934,1474.3056081595814,800,8.0,0.01774562483302472,8.760452951330823e-06
baseline,381,3.81,0.015407546807904342,1308.5933525893588,800,8.0,0.01774562483302472,9.088926696711175e-06
baseline,382,3.8200000000000003,0.015397504074918607,1172.3455964387922,800,8.0,0.01774562483302472,9.482215991513608e-06
baseline,383,3.83,0.015387341908338393,1064.0463050188775,800,8.0,0.01774562483302472,9.921979373544212e-06
baseline,384,3.84,0.015377069991468633,981.8708308193645,800,8.0,0.01774562483302472,1.0374574066106242e-05
baseline,385,3.85,0.015366697951209273,923.4410169609268,800,8.0,0.01774562483302472,1.0797576685437166e-05
baseline,386,3.86,0.015356235353383782,885.7311582460151,800,8.0,0.01774562483302472,1.1152435198129215e-05
baseline,387,3.87,0.015345691698240268,865.2045505095963,800,8.0,0.01774562483302472,1.1416383806533856e-05
baseline,388,3.88,0.015335076416130279,858.1388346820979,800,8.0,0.01774562483302472,1.1586649309004417e-05
baseline,389,3.89,0.015324398863378061,860.9935414229626,800,8.0,0.01774562483302472,1.1675805832904808e-05
baseline,390,3.9,0.015313668318296681,870.6859055366065,800,8.0,0.01774562483302472,1.1703395586635278e-05
baseline,391,3.91,0.015302893977393438,884.7140413337937,800,8.0,0.01774562483302472,1.1689208597000585e-05
baseline,392,3.92,0.015292084951743395,901.1562985580676,800,8.0,0.01774562483302472,1.1649655010747071e-05
baseline,393,3.93,0.015281250263534447,918.5990498590211,800,8.0,0.01774562483302472,1.1596817251386059e-05
baseline,394,3.94,0.015270398842783025,936.0393284488592,800,8.0,0.01774562483302472,1.153889796871196e-05
baseline,395,3.95,0.015259539524218433,952.7897927374144,800,8.0,0.01774562483302472,1.1481120993096024e-05
baseline,396,3.96,0.0152486810443337,968.3978580810148,800,8.0,0.01774562483302472,1.1426613843014181e-05
baseline,397,3.97,0.015237832038600655,982.5817004004215,800,8.0,0.01774562483302472,1.1377108439323738e-05
baseline,398,3.98,0.015227001038846692,995.1816633052737,800,8.0,0.01774562483302472,1.1333443901424487e-05
baseline,399,3.99,0.015216196470790724,1006.1242459672625,800,8.0,0.01774562483302472,1.1295906777887474e-05
baseline,400,4.0,0.015205426651735484,1015.3957998558161,800,8.0,0.01774562483302472,1.1264452722277909e-05
baseline,401,4.01,0.01519469978841343,1023.0234924454535,800,8.0,0.01774562483302472,1.123884654543367e-05
baseline,402,4.0200000000000005,0.015184023974983224,1029.0616244053365,800,8.0,0.01774562483302472,1.1218748485231478e-05
baseline,403,4.03,0.01517340719117384,1033.581861988467,800,8.0,0.01774562483302472,1.120376524519572e-05
baseline,404,4.04,0.015162857300573167,1036.6663283402265,800,8.0,0.01774562483302472,1.1193478696929954e-05
baseline,405,4.05,0.015152382049057932,1038.4027885267544,800,8.0,0.01774562483302472,1.118750117582197e-05
baseline,406,4.0600000000000005,0.01514198906335384,1038.8811411530642,800,8.0,0.01774562483302472,1.1185519166673516e-05
baseline,407,4.07,0.015131685849728902,1038.1908494139013,800,8.0,0.01774562483302472,1.11872143911726e-05
baseline,408,4.08,0.01512147979283365,1036.4193860493028,800,8.0,0.01774562483302472,1.1192265500805142e-05
baseline,409,4.09,0.01511137815464957,1033.6510945935895,800,8.0,0.01774562483302472,1.1200397510655051e-05
baseline,410,4.1,0.0151013880735639,1029.9665364944026,800,8.0,0.01774562483302472,1.1211359741808223e-05
baseline,411,4.11,0.015091516563562772,1025.4420921521082,800,8.0,0.01774562483302472,1.1224924710217237e-05
baseline,412,4.12,0.015081770513538456,1020.1497696051447,800,8.0,0.01774562483302472,1.1240886649620197e-05
baseline,413,4.13,0.015072156686706579,1014.1571581702732,800,8.0,0.01774562483302472,1.1259059829248967e-05
baseline,414,4.14,0.015062681720129069,1007.5274815803472,800,8.0,0.01774562483302472,1.1279276678240763e-05
baseline,415,4.15,0.015053352124338911,1000.3197176380537,800,8.0,0.01774562483302472,1.1301385962165508e-05
baseline,416,4.16,0.015044174283062492,992.5887611035663,800,8.0,0.01774562483302472,1.1325250934478978e-05
baseline,417,4.17,0.015035154453035682,984.3856132307457,800,8.0,0.01774562483302472,1.1350747516771028e-05
baseline,418,4.18,0.01502629876390971,975.757586771933,800,8.0,0.01774562483302472,1.1377762562371077e-05
baseline,419,4.19,0.015017613218242996,966.7485188532866,800,8.0,0.01774562483302472,1.1406192148996205e-05
baseline,420,4.2,0.015009103691575203,957.3989869676046,800,8.0,0.01774562483302472,1.1435939912576194e-05
baseline,421,4.21,0.01500077593257982,947.7465252159307,800,8.0,0.01774562483302472,1.1466915446696763e-05
baseline,422,4.22,0.014992635563291726,937.8258390076359,800,8.0,0.01774562483302472,1.1499033333314348e-05
baseline,423,4.23,0.014984688079405332,927.6690107136117,800,8.0,0.01774562483302472,1.1532220376186384e-05
baseline,424,4.24,0.014976938850626322,917.3056768640265,800,8.0,0.01774562483302472,1.156641022207309e-05
baseline,425,4.25,0.014969393121103718,906.7631964780059,800,8.0,0.01774562483302472,1.1601535890076088e-05
baseline,426,4.26,0.014962056009914668,896.0668165300347,800,8.0,0.01774562483302472,1.1637535053186438e-05
baseline,427,4.2700000000000005,0.014954932511601852,885.2398291278002,800,8.0,0.01774562483302472,1.167434989341811e-05
baseline,428,4.28,0.014948027496764793,874.3037154112319,800,8.0,0.01774562483302472,1.171192562779166e-05
baseline,429,4.29,0.014941345712699478,863.2782788202329,800,8.0,0.01774562483302472,1.1750210148977048e-05
baseline,430,4.3,0.014934891784082784,852.1817690757051,800,8.0,0.01774562483302472,1.1789153711160757e-05
baseline,431,4.3100000000000005,0.014928670213698316,841.0309972570931,800,8.0,0.01774562483302472,1.1828708701361423e-05
baseline,432,4.32,0.014922685383200317,829.8414423529358,800,8.0,0.01774562483302472,1.186882938074722e-05
baseline,433,4.33,0.014916941553912473,818.6273496736519,800,8.0,0.01774562483302472,1.1909471706699924e-05
baseline,434,4.34,0.014911442867658537,807.4018215803311,800,8.0,0.01774562483302472,1.195059311827721e-05
baseline,435,4.3500000000000005,0.014906193347621862,796.1769010261468,800,8.0,0.01774562483302472,1.1992152364231935e-05
baseline,436,4.36,0.014901196899230952,784.9636484565054,800,8.0,0.01774562483302472,1.2034109293222305e-05
baseline,437,4.37,0.014896457311068366,773.7722126606428,800,8.0,0.01774562483302472,1.20764246718841e-05
baseline,438,4.38,0.014891978255800369,762.6118962004539,800,8.0,0.01774562483302472,1.211905998655364e-05
baseline,439,4.39,0.01488776329112484,751.4912160682604,800,8.0,0.01774562483302472,1.2161977189438077e-05
baseline,440,4.4,0.014883815860735068,740.4179598022371,800,8.0,0.01774562483302472,1.2205138740674542e-05
baseline,441,4.41,0.014880139295294198,729.399237574758,800,8.0,0.01774562483302472,1.22485080480706e-05
baseline,442,4.42,0.014876736813414868,718.441531197123,800,8.0,0.01774562483302472,1.2292048867921784e-05
baseline,443,4.43,0.014873611522656356,707.5507361536022,800,8.0,0.01774562483302472,1.2335725121409311e-05
baseline,444,4.44,0.01487076642052075,696.7322034001672,800,8.0,0.01774562483302472,1.237950115797536e-05
baseline,445,4.45,0.014868204395455472,685.9907767124746,800,8.0,0.01774562483302472,1.2423341569353765e-05
baseline,446,4.46,0.014865928227856729,675.3308274563483,800,8.0,0.01774562483302472,1.2467211103001068e-05
baseline,447,4.47,0.014863940591071913,664.7562869141627,800,8.0,0.01774562483302472,1.2511074649051273e-05
baseline,448,4.48,0.0148622440523991,654.2706763347992,800,8.0,0.01774562483302472,1.2554897209526926e-05
baseline,449,4.49,0.014860841074082054,643.8771348480623,800,8.0,0.01774562483302472,1.2598643915919468e-05
baseline,450,4.5,0.014859734014299028,633.5784453606283,800,8.0,0.01774562483302472,1.2642280002162764e-05
baseline,451,4.51,0.014858925128143984,623.377058561819,800,8.0,0.01774562483302472,1.268577079886381e-05
baseline,452,4.5200000000000005,0.014858416568598772,613.2751151927597,800,8.0,0.01774562483302472,1.2729081711672401e-05
baseline,453,4.53,0.014858210387494965,603.2744667517128,800,8.0,0.01774562483302472,1.2772178171360551e-05
baseline,454,4.54,0.01485830853646413,593.3766948219132,800,8.0,0.01774562483302472,1.2815025606556104e-05
baseline,455,4.55,0.014858712867875086,583.5831287958977,800,8.0,0.01774562483302472,1.2857589505376393e-05
baseline,456,4.5600000000000005,0.014859425135749133,573.8948638743327,800,8.0,0.01774562483302472,1.2899835308870145e-05
baseline,457,4.57,0.014860446996669259,564.3127762915193,800,8.0,0.01774562483302472,1.2941728532977586e-05
baseline,458,4.58,0.01486178001066356,554.8375385732184,800,8.0,0.01774562483302472,1.2983234798134556e-05
baseline,459,4.59,0.01486342564207541,545.4696334740051,800,8.0,0.01774562483302472,1.3024319740873205e-05
baseline,460,4.6000000000000005,0.014865385260416022,536.2093669832093,800,8.0,0.01774562483302472,1.3064948987101431e-05
baseline,461,4.61,0.014867660141195225,527.0568808257266,800,8.0,0.01774562483302472,1.3105088161906722e-05
baseline,462,4.62,0.014870251466730213,518.0121643518381,800,8.0,0.01774562483302472,1.3144702909325888e-05
baseline,463,4.63,0.014873160326931988,509.0750658212766,800,8.0,0.01774562483302472,1.3183758896061892e-05
baseline,464,4.64,0.014876387720069321,500.2453030980716,800,8.0,0.01774562483302472,1.3222221843361745e-05
baseline,465,4.65,0.014879934553510105,491.52247378297335,800,8.0,0.01774562483302472,1.3260057506163373e-05
baseline,466,4.66,0.014883801644440073,482.90606484398967,800,8.0,0.01774562483302472,1.3297231648524518e-05
baseline,467,4.67,0.01488798972055887,474.39546183066,800,8.0,0.01774562483302472,1.3333710003789705e-05
baseline,468,4.68,0.014892499420753545,465.9899577942124,800,8.0,0.01774562483302472,1.3369458170626867e-05
baseline,469,4.69,0.01489733129574958,457.6887618541555,800,8.0,0.01774562483302472,1.3404441661281863e-05
baseline,470,4.7,0.014902485808729622,449.49100749316693,800,8.0,0.01774562483302472,1.3438626142701165e-05
baseline,471,4.71,0.014907963335909321,441.3957617199215,800,8.0,0.01774562483302472,1.3471976966669217e-05
baseline,472,4.72,0.014913764167128134,433.4020315200798,800,8.0,0.01774562483302472,1.3504459433949682e-05
baseline,473,4.73,0.014919888506378766,425.5087724433238,800,8.0,0.01774562483302472,1.3536038707313063e-05
baseline,474,4.74,0.014926336472332493,417.7148957824252,800,8.0,0.01774562483302472,1.3566679673566035e-05
baseline,475,4.75,0.014933108098835088,410.0192759913561,800,8.0,0.01774562483302472,1.3596346901538458e-05
baseline,476,4.76,0.014940203335372987,402.4207580860303,800,8.0,0.01774562483302472,1.3625004630723802e-05
baseline,477,4.7700000000000005,0.01494762204751107,394.91816496950577,800,8.0,0.01774562483302472,1.3652616703104595e-05
baseline,478,4.78,0.014955364017303631,387.5103046637204,800,8.0,0.01774562483302472,1.367914653669308e-05
baseline,479,4.79,0.014963428943679998,380.1959774467944,800,8.0,0.01774562483302472,1.3704557045927715e-05
baseline,480,4.8,0.014971816442806414,372.9739829155059,800,8.0,0.01774562483302472,1.3728810557072472e-05
baseline,481,4.8100000000000005,0.014980526048425829,365.84312701207415,800,8.0,0.01774562483302472,1.3751868701757697e-05
baseline,482,4.82,0.014989557212177238,358.8022290795996,800,8.0,0.01774562483302472,1.3773692259609303e-05
baseline,483,4.83,0.014998909303896395,351.850129044718,800,8.0,0.01774562483302472,1.3794240986398807e-05
baseline,484,4.84,0.015008581611899535,344.98569431187605,800,8.0,0.01774562483302472,1.3813473971209777e-05
baseline,485,4.8500000000000005,0.01501857334318333,338.2078273916645,800,8.0,0.01774562483302472,1.3831349573867388e-05
baseline,486,4.86,0.015028883623630775,331.51547318651143,800,8.0,0.01774562483302472,1.3847824674319415e-05
baseline,487,4.87,0.015039511498245575,324.90762498035383,800,8.0,0.01774562483302472,1.3862855311734855e-05
baseline,488,4.88,0.01505045593130718,318.3833322092238,800,8.0,0.01774562483302472,1.3876396406804892e-05
baseline,489,4.89,0.01506171580653546,311.9417072058273,800,8.0,0.01774562483302472,1.388840179744642e-05
baseline,490,4.9,0.01507328992722689,305.5819319547785,800,8.0,0.01774562483302472,1.3898824307342161e-05
baseline,491,4.91,0.015085177016365059,299.3032646367361,800,8.0,0.01774562483302472,1.390761587531538e-05
baseline,492,4.92,0.015097375716708595,293.1050458521871,800,8.0,0.01774562483302472,1.3914727730629957e-05
baseline,493,4.93,0.015109884590859397,286.98670440423655,800,8.0,0.01774562483302472,1.3920110636605736e-05
baseline,494,4.94,0.015122702121314353,280.9477624957589,800,8.0,0.01774562483302472,1.3923715241346164e-05
baseline,495,4.95,0.01513582671050362,274.9878401553406,800,8.0,0.01774562483302472,1.3925492523443516e-05
baseline,496,4.96,0.015149256680818736,269.10665866007315,800,8.0,0.01774562483302472,1.392539442354202e-05
baseline,497,4.97,0.015162990274633763,263.30404267330135,800,8.0,0.01774562483302472,1.392337460356766e-05
baseline,498,4.98,0.01517702565432287,257.5799207731803,800,8.0,0.01774562483302472,1.3919389447584406e-05
baseline,499,4.99,0.015191360902277242,251.93432327728866,800,8.0,0.01774562483302472,1.3913400203041244e-05
baseline,500,5.0,0.015205994020779153,246.36737864047,800,8.0,0.01774562483302472,1.390537356812776e-05
baseline,501,5.01,0.015220922931931329,240.87930642799387,800,8.0,0.01774562483302472,1.3895282828868324e-05
baseline,502,5.0200000000000005,0.015236145477720143,235.47040515321626,800,8.0,0.01774562483302472,1.388311221031037e-05
baseline,503,5.03,0.015251659419911913,230.14103749084055,800,8.0,0.01774562483302472,1.3868858338280548e-05
baseline,504,5.04,0.015267462439984607,224.8916088398532,800,8.0,0.01774562483302472,1.3852533749471638e-05
baseline,505,5.05,0.015283552139057723,219.72253960447645,800,8.0,0.01774562483302472,1.3834170621271995e-05
baseline,506,5.0600000000000005,0.015299926037819054,214.63422999648938,800,8.0,0.01774562483302472,1.3813825044428818e-05
baseline,507,5.07,0.015316581576446917,209.62701626348334,800,8.0,0.01774562483302472,1.3791581908414472e-05
baseline,508,5.08,0.015333516114526395,204.70111720589495,800,8.0,0.01774562483302472,1.3767560367800343e-05
baseline,509,5.09,0.015350726930958026,199.85656981525932,800,8.0,0.01774562483302472,1.3741919791712565e-05
baseline,510,5.1000000000000005,0.015368211223873421,195.09315321166568,800,8.0,0.01774562483302472,1.371486567190378e-05
baseline,511,5.11,0.015385966110569707,190.41030125244322,800,8.0,0.01774562483302472,1.3686655221904928e-05
baseline,512,5.12,0.015403988627427975,185.8070031335368,800,8.0,0.01774562483302472,1.3657604366390487e-05
baseline,513,5.13,0.015422275729833181,181.28169402938644,800,8.0,0.01774562483302472,1.3628092135844771e-05
baseline,514,5.14,0.01544082429210506,176.83213778180306,800,8.0,0.01774562483302472,1.3598564410611385e-05
baseline,515,5.15,0.015459631107452354,172.45530636632796,800,8.0,0.01774562483302472,1.3569535288819116e-05
baseline,516,5.16,0.015478692887934895,168.1472629321687,800,8.0,0.01774562483302472,1.3541585171527855e-05
baseline,517,5.17,0.015498006264417283,163.9030578539406,800,8.0,0.01774562483302472,1.3515354657325065e-05
baseline,518,5.18,0.015517567786505638,159.71665033384,800,8.0,0.01774562483302472,1.3491531882014899e-05
baseline,519,5.19,0.015537373922581709,155.58087187049435,800,8.0,0.01774562483302472,1.3470832713562368e-05
baseline,520,5.2,0.015557421059811038,151.48745108350695,800,8.0,0.01774562483302472,1.345397292486816e-05
baseline,521,5.21,0.015577705504144647,147.42712119549054,800,8.0,0.01774562483302472,1.3441630582655984e-05
baseline,522,5.22,0.015598223480363684,143.38983214319265,800,8.0,0.01774562483302472,1.3434398703164509e-05
baseline,523,5.23,0.015618971132161116,139.36508675380125,800,8.0,0.01774562483302472,1.3432729621538491e-05
baseline,524,5.24,0.015639944522229603,135.34241334304022,800,8.0,0.01774562483302472,1.3436873568103803e-05
baseline,525,5.25,0.01566113963233203,131.31197401428858,800,8.0,0.01774562483302472,1.3446816757635864e-05
baseline,526,5.26,0.01568255236348076,127.2652881301902,800,8.0,0.01774562483302472,1.3462227409712693e-05
baseline,527,5.2700000000000005,0.01570417853609568,123.19602314995294,800,8.0,0.01774562483302472,1.3482421467968863e-05
baseline,528,5.28,0.015726013890186876,119.10077146538173,800,8.0,0.01774562483302472,1.3506363544518346e-05
baseline,529,5.29,0.015748054085595767,114.97969570570464,800,8.0,0.01774562483302472,1.3532721679611346e-05
baseline,530,5.3,0.015770294702257832,110.83689172021569,800,8.0,0.01774562483302472,1.3559995371095851e-05
baseline,531,5.3100000000000005,0.01579273124047243,106.6802976782816,800,8.0,0.01774562483302472,1.3586734316373807e-05
baseline,532,5.32,0.015815359121268243,102.5209816075442,800,8.0,0.01774562483302472,1.361185568383309e-05
baseline,533,5.33,0.01583817368675677,98.37167973087384,800,8.0,0.01774562483302472,1.3635050762084512e-05
baseline,534,5.34,0.015861170200543225,94.24454817056849,800,8.0,0.01774562483302472,1.3657244365636604e-05
baseline,535,5.3500000000000005,0.015884343848203586,90.14823382657106,800,8.0,0.01774562483302472,1.3681036273832638e-05
baseline,536,5.36,0.015907689737759374,86.08456149137285,800,8.0,0.01774562483302472,1.3711018098933008e-05
baseline,537,5.37,0.015931202900217795,82.04535202945912,800,8.0,0.01774562483302472,1.375384123718327e-05
baseline,538,5.38,0.01595487829019203,78.0100845139393,800,8.0,0.01774562483302472,1.3817926168207848e-05
baseline,539,5.39,0.015978710786516564,73.94523127629537,800,8.0,0.01774562483302472,1.3912759988070668e-05
baseline,540,5.4,0.016002695192953706,69.80605329609324,800,8.0,0.01774562483302472,1.4047833664953135e-05
baseline,541,5.41,0.01602682623894915,65.54137551809909,800,8.0,0.01774562483302472,1.4231375944909687e-05
baseline,542,5.42,0.016051098580391023,61.10134403473816,800,8.0,0.01774562483302472,1.4469136295355337e-05
baseline,543,5.43,0.01607550680050988,56.447441440614824,800,8.0,0.01774562483302472,1.4763453176450875e-05
baseline,544,5.44,0.016100045410768198,51.56325543922396,800,8.0,0.01774562483302472,1.5112786228797726e-05
baseline,545,5.45,0.016124708851840804,46.463873326941275,800,8.0,0.01774562483302472,1.551176729512766e-05
baseline,546,5.46,0.016149491494645396,41.20156569208041,800,8.0,0.01774562483302472,1.595168662518115e-05
baseline,547,5.47,0.01617438764142802,35.86581158690448,800,8.0,0.01774562483302472,1.6421226864330382e-05
baseline,548,5.48,0.016199391526930482,30.576730252609682,800,8.0,0.01774562483302472,1.690735059572938e-05
baseline,549,5.49,0.016224497319618274,25.472429508482787,800,8.0,0.01774562483302472,1.7396114398225977e-05
baseline,550,5.5,0.01624969912295236,20.692304402017303,800,8.0,0.01774562483302472,1.7873423456439262e-05
baseline,551,5.51,0.01627499097677126,16.35943159638493,800,8.0,0.01774562483302472,1.832566405562898e-05
baseline,552,5.5200000000000005,0.016300366858677865,12.565543384494203,800,8.0,0.01774562483302472,1.874025531760658e-05
baseline,553,5.53,0.01632582068553932,9.361469632388461,800,8.0,0.01774562483302472,1.9106262925334563e-05
baseline,554,5.54,0.016351346315109958,6.754572958032695,800,8.0,0.01774562483302472,1.941502560250289e-05
baseline,555,5.55,0.016376937547582023,4.713006197617055,800,8.0,0.01774562483302472,1.966111206972954e-05
baseline,556,5.5600000000000005,0.016402588127357356,3.1751123268305776,800,8.0,0.01774562483302472,1.984383269866852e-05
baseline,557,5.57,0.016428291744767738,2.061404816206862,800,8.0,0.01774562483302472,1.9969607714401108e-05
baseline,558,5.58,0.016454042037986557,1.2864821662818684,800,8.0,0.01774562483302472,2.00562376894477e-05
baseline,559,5.59,0.016479832594935163,0.7688308055414586,800,8.0,0.01774562483302472,1.548383509564579e-05
baseline,560,5.6000000000000005,0.016505656955277212,0.437460287216081,800,8.0,0.01774562483302472,8.871211013167402e-06
baseline,561,5.61,0.016531508612514997,0.23538307538687522,800,8.0,0.01774562483302472,4.831135502858259e-06
baseline,562,5.62,0.01655738101608075,0.12106186409992535,800,8.0,0.01774562483302472,2.4820422343135104e-06
baseline,563,5.63,0.016583267573691593,0.08301525501423972,709,7.09,0.018002663398738655,1.1868203970333822e-06
baseline,564,5.64,0.016609161653528777,0.083356576403268,711,7.11,0.017986783382428803,5.152104104012552e-07
baseline,565,5.65,0.016635056586690216,0.0834403597328349,712,7.12,0.017978794576783662,1.969146091647661e-07
baseline,566,5.66,0.016660945669598033,0.08337392727950149,714,7.140000000000001,0.017962751221474393,8.125262534071332e-08
baseline,567,5.67,0.016686822166583192,0.08322791748162665,715,7.15,0.017954709306009564,6.940355052949129e-08
baseline,568,5.68,0.01671267931244799,0.08304329167670432,716,7.16,0.017946662256655792,6.853862109742872e-08
baseline,569,5.69,0.016738510315165208,0.08284281776887437,717,7.17,0.01793861628969029,6.163546079436199e-08
baseline,570,5.7,0.01676430835861941,0.08263791177498946,718,7.18,0.01793057757684216,5.274834405396639e-08
baseline,571,5.71,0.016790066605446637,0.08243378720182383,719,7.19,0.017922552243060413,4.465905075754757e-08
baseline,572,5.72,0.01681577819992143,0.08223249126718558,720,7.2,0.017914546364353908,3.823159350295456e-08
baseline,573,5.73,0.016841436270924406,0.08203457689041721,721,7.21,0.01790656596570312,3.340918655052584e-08
baseline,574,5.74,0.01686703393498841,0.08183996756632089,722,7.22,0.017898617019043418,2.984341609376621e-08
baseline,575,5.75,0.0168925642993935,0.08164837516624605,723,7.23,0.017890705441319647,2.717487847684289e-08
baseline,576,5.76,0.0169180204653438,0.08145948431571216,724,7.24,0.017882837092609506,2.512256849208338e-08
baseline,577,5.7700000000000005,0.016943395531196868,0.08127302221134136,725,7.25,0.01787501777431549,2.3491239860727996e-08
baseline,578,5.78,0.016968682595776902,0.08108877636303578,726,7.26,0.01786725322743675,2.215318100016588e-08
baseline,579,5.79,0.016993874761734033,0.08090659120725573,727,7.2700000000000005,0.017859549130898978,2.102766817460911e-08
baseline,580,5.8,0.0170189651389339,0.08072635793732295,728,7.28,0.01785191109995518,2.0064896637867225e-08
baseline,581,5.8100000000000005,0.017043946847970524,0.08054800354047151,729,7.29,0.017844344684653752,1.9234747819181884e-08
baseline,582,5.82,0.017068813023681084,0.08037148112547259,730,7.3,0.017836855368372716,1.851930626859347e-08
baseline,583,5.83,0.017093556818733542,0.08019676195164771,731,7.3100000000000005,0.017829448566419086,1.790773250770957e-08
baseline,584,5.84,0.017118171407241034,0.08002382899099875,732,7.32,0.017822129624692255,1.739261731729472e-08
baseline,585,5.8500000000000005,0.017142649988456,0.079852671772979,733,7.33,0.017814903818410326,1.6967200970466307e-08
baseline,586,5.86,0.017166985790487897,0.07968328237502269,734,7.34,0.017807776350898204,1.662317660344333e-08
baseline,587,5.87,0.01719117207406734,0.07951565256698966,735,7.3500000000000005,0.017800752352436437,1.634902501516089e-08
baseline,588,5.88,0.01721520213632285,0.07934977220128268,736,7.36,0.01779383687916949,1.6129090963061986e-08
baseline,589,5.89,0.017239069314636916,0.07918562891611111,737,7.37,0.017787034912072366,1.5943731687196636e-08
baseline,590,5.9,0.017262766990489894,0.07902320908636873,738,7.38,0.017780351355974385,1.577077386247666e-08
baseline,591,5.91,0.017286288593376675,0.0788624997564238,739,7.390000000000001,0.017773791038638905,1.5588116379066088e-08
baseline,592,5.92,0.017309627604665458,0.07870349109394292,740,7.4,0.017767358709897825,1.537684869708117e-08
baseline,593,5.93,0.01733277756157685,0.07854617878887253,741,7.41,0.017761059040837312,1.5123978197625628e-08
baseline,594,5.94,0.017355732061097588,0.07839086073696247,743,7.43,0.017748875967828887,1.482394775394241e-08
baseline,595,5.95,0.017378484763950187,0.0782373045946315,744,7.44,0.01774300150570089,1.4478555774930772e-08
baseline,596,5.96,0.017401029398562088,0.0780854809983755,745,7.45,0.017737277585610257,1.4095421383293867e-08
baseline,597,5.97,0.01742335976499362,0.0779354153387491,746,7.46,0.01773170847444825,1.3685540216689661e-08
baseline,598,5.98,0.017445469738937784,0.07778713714903297,747,7.47,0.01772629835650655,1.3260638288098912e-08
baseline,599,5.99,0.017467353275659032,0.07764067755476879,748,7.48,0.01772105133299332,1.2830958466183943e-08
baseline,600,6.0,0.017489004413953277,0.07749606690054069,749,7.49,0.01771597142159025,1.2403845744398192e-08
baseline,601,6.01,0.017510417280046552,0.07735333291691296,750,7.5,0.017711062556049352,1.1983237978723259e-08
baseline,602,6.0200000000000005,0.017531586091496843,0.07721249962922437,751,7.51,0.01770632858582798,1.1569931826482757e-08
baseline,603,6.03,0.017552505161152088,0.07707358704027897,752,7.5200000000000005,0.01770177327576075,1.1162356817803978e-08
baseline,604,6.04,0.017573168900935927,0.07693661147972518,753,7.53,0.017697400305767105,1.0757593459073048e-08
baseline,605,6.05,0.017593571825673917,0.07680158642526595,754,7.54,0.017693213270593137,1.0352366280212544e-08
baseline,606,6.0600000000000005,0.01761370855689876,0.0766685235710786,755,7.55,0.01768921567958651,9.943851739738462e-09
baseline,607,6.07,0.017633573826562447,0.0765374339360389,756,7.5600000000000005,0.017685410956503167,9.530218837651253e-09
baseline,608,6.08,0.01765316248073974,0.07640832885171102,757,7.57,0.017681802439344793,9.110878626708491e-09
baseline,609,6.09,0.01767246948326861,0.07628122072957966,758,7.58,0.017678393380222153,8.68648848847361e-09
baseline,610,6.1000000000000005,0.017691489919306497,0.07615612356078591,759,7.59,0.017675186945236183,8.258774904189184e-09
baseline,611,6.11,0.01771021899886226,0.07603305316522144,760,7.6000000000000005,0.017672186214404643,7.830251219367012e-09
baseline,612,6.12,0.01772865206022613,0.07591234753553473,762,7.62,0.017666813754506773,7.4038987763735666e-09
baseline,613,6.13,0.017746784573348294,0.07579388213675546,763,7.63,0.01766444775462423,6.9828592588028e-09
baseline,614,6.140000000000001,0.01776461214314805,0.07567751176307928,764,7.640000000000001,0.017662298917257308,6.570177116628105e-09
baseline,615,6.15,0.01778213051270624,0.07556325894707241,765,7.65,0.01766036989155006,6.1686058200043885e-09
baseline,616,6.16,0.017799335566409683,0.07545114707049527,766,7.66,0.01765866324052751,5.780479005729506e-09
baseline,617,6.17,0.017816223332980576,0.07534120004521172,767,7.67,0.01765718144115591,5.407644634804851e-09
baseline,618,6.18,0.01783278998841362,0.07523344203451232,768,7.68,0.01765592688441919,5.05144805290713e-09
baseline,619,6.19,0.017849031858841125,0.0751278972260114,769,7.69,0.017654901875410547,4.7127533343278876e-09
baseline,620,6.2,0.017864945423251146,0.07502458965931938,770,7.7,0.017654108633438564,4.4118888827458655e-09
baseline,621,6.21,0.017880527316130445,0.07492354310581262,771,7.71,0.017653549292147065,4.277923318343287e-09
baseline,622,6.22,0.0178957743299921,0.07482478099452096,772,7.72,0.017653225899648108,4.1463325144287774e-09
baseline,623,6.23,0.01791068341777203,0.07472832637803666,773,7.73,0.017653140418666915,4.017190364958445e-09
baseline,624,6.24,0.017925251695114826,0.07463444010608934,775,7.75,0.017653690616075725,3.8906157976436816e-09
baseline,625,6.25,0.017939476442568516,0.07454335357126611,776,7.76,0.017654329794334712,3.766704475856775e-09
baseline,626,6.26,0.01795335510760269,0.07445465968372411,777,7.7700000000000005,0.01765521388419101,3.645532192831872e-09
baseline,627,6.2700000000000005,0.017966885306528887,0.07436838070396443,778,7.78,0.01765634442382369,3.527179226951827e-09
baseline,628,6.28,0.01798006482629168,0.07428453861688046,779,7.79,0.017657722867044062,3.411685765409071e-09
baseline,629,6.29,0.017992891626119487,0.07420315517068743,780,7.8,0.01765935058348781,3.2990419156428428e-09
baseline,630,6.3,0.01800536383903193,0.07412425191137172,781,7.8100000000000005,0.017661228858810395,3.189260580070447e-09
baseline,631,6.3100000000000005,0.018017479773215755,0.074047850210281,782,7.82,0.017663358894886096,3.08234327121095e-09
baseline,632,6.32,0.018029237913279664,0.07397397128327897,783,7.83,0.017665741810010453,2.9782812263090573e-09
baseline,633,6.33,0.018040636921338095,0.07390310819867987,785,7.8500000000000005,0.017671270333934737,2.8770566396758928e-09
baseline,634,6.34,0.018051675637957225,0.07383523213517626,786,7.86,0.01767441776330731,2.7786440701075822e-09
baseline,635,6.3500000000000005,0.01806235308296759,0.07376996503156526,787,7.87,0.017677821713306518,2.683011714051221e-09
baseline,636,6.36,0.01807266845612348,0.07370732794354104,788,7.88,0.017681482887501813,2.5901215392750754e-09
baseline,637,6.37,0.018082621137615256,0.073647341681464,789,7.890000000000001,0.01768540190712482,2.499930992982625e-09
baseline,638,6.38,0.01809221068843247,0.07359002676793448,790,7.9,0.017689579311309343,2.412393653932475e-09
baseline,639,6.390000000000001,0.018101436850578544,0.07353540337404794,791,7.91,0.017694015557299148,2.3274594943638514e-09
baseline,640,6.4,0.018110299547137894,0.07348427780421733,793,7.930000000000001,0.017703665995494663,2.2451093204320945e-09
baseline,641,6.41,0.018118798882196977,0.07343618794104224,794,7.94,0.017708880694646316,2.1652667979917334e-09
baseline,642,6.42,0.01812693514060854,0.07339087329761354,795,7.95,0.01771435524990995,2.0878665935317225e-09
baseline,643,6.43,0.01813470878761505,0.07334835195696802,796,7.96,0.017720089712234533,2.012850620783868e-09
baseline,644,6.44,0.018142120468324092,0.07330864110128105,797,7.97,0.017726084051928045,1.9401601246300514e-09
baseline,645,6.45,0.018149171007025747,0.07327195293511264,799,7.99,0.017738851842685376,1.8697353954555743e-09
baseline,646,6.46,0.01815586140637223,0.0732391793020518,800,8.0,0.01774562483302472,1.8015168575980487e-09
baseline,647,6.47,0.018162192846418086,0.07320654671294496,800,8.0,0.01774562483302472,1.7354451385092918e-09
baseline,648,6.48,0.018168166683518453,0.07316796914016498,800,8.0,0.01774562483302472,1.6714699944753726e-09
baseline,649,6.49,0.018173784449083182,0.07312343552526429,800,8.0,0.01774562483302472,1.6095777779256732e-09
baseline,650,6.5,0.018179047848184648,0.07307293416090392,800,8.0,0.01774562483302472,1.5496563693169601e-09
baseline,651,6.51,0.018183958758017316,0.07301645270054188,800,8.0,0.01774562483302472,1.4916481422649106e-09
baseline,652,6.5200000000000005,0.01818851922622245,0.07295397817228719,800,8.0,0.01774562483302472,1.4354964535573289e-09
baseline,653,6.53,0.01819273146915433,0.07288549699634372,800,8.0,0.01774562483302472,1.3811457246794777e-09
baseline,654,6.54,0.018196597869890155,0.07281099500609621,800,8.0,0.01774562483302472,1.3285414925641562e-09
baseline,655,6.55,0.018200120976252662,0.07273045747210495,800,8.0,0.01774562483302472,1.2776562865651463e-09
baseline,656,6.5600000000000005,0.018203303498614647,0.07264386912902977,800,8.0,0.01774562483302472,1.2284500061399413e-09
baseline,657,6.57,0.01820614830758266,0.0725512142053851,800,8.0,0.01774562483302472,1.1808329762944897e-09
baseline,658,6.58,0.018208658431579147,0.07245247645583763,800,8.0,0.01774562483302472,1.1347556687694452e-09
baseline,659,6.59,0.01821083705432295,0.07234763919577368,800,8.0,0.01774562483302472,1.0901700447834425e-09
baseline,660,6.6000000000000005,0.01821268751220788,0.07223668533792889,800,8.0,0.01774562483302472,1.047029117498766e-09
baseline,661,6.61,0.0182142132915794,0.0721195974309249,800,8.0,0.01774562483302472,1.0052876719842224e-09
baseline,662,6.62,0.018215418025909372,0.07199635769960967,800,8.0,0.01774562483302472,9.649365986204823e-10
baseline,663,6.63,0.018216305492868956,0.0718669480871276,800,8.0,0.01774562483302472,9.259180052509583e-10
baseline,664,6.640000000000001,0.01821687961129964,0.07173135029867594,800,8.0,0.01774562483302472,9.05295320021145e-10
baseline,665,6.65,0.018217144438082727,0.07158954584692202,800,8.0,0.01774562483302472,9.39752354179442e-10
baseline,666,6.66,0.01821710416490732,0.07144151609906538,800,8.0,0.01774562483302472,9.733804195956992e-10
baseline,667,6.67,0.01821676311493712,0.07128724232553084,800,8.0,0.01774562483302472,1.0061476756123053e-09
baseline,668,6.68,0.018216125739376293,0.07112670574988826,800,8.0,0.01774562483302472,1.0380334016245335e-09
baseline,669,6.69,0.018215196614196204,0.07095988759909234,800,8.0,0.01774562483302472,1.0690253775678498e-09
baseline,670,6.7,0.018213980436834334,0.07078676915449512,800,8.0,0.01774562483302472,1.099117790764906e-09
baseline,671,6.71,0.01821248202228764,0.07060733180451344,800,8.0,0.01774562483302472,1.1283093902366117e-09
baseline,672,6.72,0.018210706299635573,0.07042155709816363,800,8.0,0.01774562483302472,1.156602934384036e-09
baseline,673,6.73,0.018208658308355507,0.07022942679900923,800,8.0,0.01774562483302472,1.1840039546221602e-09
baseline,674,6.74,0.018206343194595923,0.07003092293978785,800,8.0,0.01774562483302472,1.2105206370857857e-09
baseline,675,6.75,0.01820376620741178,0.0698260278774883,800,8.0,0.01774562483302472,1.2361622910320233e-09
baseline,676,6.76,0.01820093269496533,0.06961472434873342,800,8.0,0.01774562483302472,1.2609397928886198e-09
baseline,677,6.7700000000000005,0.018197848100695913,0.06939699552532631,800,8.0,0.01774562483302472,1.2848651483918462e-09
baseline,678,6.78,0.018194517959461847,0.069172825069829,800,8.0,0.01774562483302472,1.3079508398142535e-09
baseline,679,6.79,0.018190947893657786,0.068942197191047,800,8.0,0.01774562483302472,1.3302099326089566e-09
baseline,680,6.8,0.0181871436093107,0.06870509669929709,800,8.0,0.01774562483302472,1.3516556320165524e-09
baseline,681,6.8100000000000005,0.018183110892157493,0.06846150906134245,800,8.0,0.01774562483302472,1.3723017155641976e-09
baseline,682,6.82,0.018178855603707463,0.06821142045488054,800,8.0,0.01774562483302472,1.392161678750526e-09
baseline,683,6.83,0.01817438367729241,0.06795481782247173,800,8.0,0.01774562483302472,1.4112491112042817e-09
baseline,684,6.84,0.018169701114107293,0.06769168892480387,800,8.0,0.01774562483302472,1.4295774366047136e-09
baseline,685,6.8500000000000005,0.018164813979244288,0.06742202239317796,800,8.0,0.01774562483302472,1.4471601402147148e-09
baseline,686,6.86,0.018159728397725925,0.06714580778083443,800,8.0,0.01774562483302472,1.4640104155452794e-09
baseline,687,6.87,0.018154450550710112,0.06686303561296912,800,8.0,0.01774562483302472,1.4801412066806649e-09
baseline,688,6.88,0.018148986671541134,0.06657369743547173,800,8.0,0.01774562483302472,1.4955653787799476e-09
baseline,689,6.890000000000001,0.0181433430417829,0.06627778586255469,800,8.0,0.01774562483302472,1.5102952831338496e-09
baseline,690,6.9,0.01813752598737906,0.06597529462291253,800,8.0,0.01774562483302472,1.5243432884139659e-09
baseline,691,6.91,0.01813154187479849,0.06566621860419204,800,8.0,0.01774562483302472,1.5377211668049752e-09
baseline,692,6.92,0.018125397107210523,0.06535055389581626,800,8.0,0.01774562483302472,1.5504406221791562e-09
baseline,693,6.93,0.018119098120692873,0.06502829783003188,800,8.0,0.01774562483302472,1.5625128933230203e-09
baseline,694,6.94,0.018112651380475284,0.06469944902109179,800,8.0,0.01774562483302472,1.573949095989753e-09
baseline,695,6.95,0.018106063377221607,0.06436400740249301,800,8.0,0.01774562483302472,1.5847597313329e-09
baseline,696,6.96,0.018099340623352982,0.06402197426219934,800,8.0,0.01774562483302472,1.5949553095556529e-09
baseline,697,6.97,0.01809248964941467,0.06367335227579031,800,8.0,0.01774562483302472,1.604545774849004e-09
baseline,698,6.98,0.018085517000488927,0.06331814553748369,800,8.0,0.01774562483302472,1.6135409475720548e-09
baseline,699,6.99,0.01807842923265608,0.0629563595889913,800,8.0,0.01774562483302472,1.6219502197690687e-09
baseline,700,7.0,0.018071232909506137,0.06258800144617625,800,8.0,0.01774562483302472,1.6297826949353437e-09
baseline,701,7.01,0.018063934598702706,0.06221307962348822,800,8.0,0.01774562483302472,1.637047289644521e-09
baseline,702,7.0200000000000005,0.018056540868601208,0.061831604156163,800,8.0,0.01774562483302472,1.6437524301769675e-09
baseline,703,7.03,0.018049058284923095,0.06144358662016909,800,8.0,0.01774562483302472,1.649906359091207e-09
baseline,704,7.04,0.01804149340749507,0.06104904014985081,800,8.0,0.01774562483302472,1.655517056330546e-09
baseline,705,7.05,0.018033852787077198,0.06064797945332267,800,8.0,0.01774562483302472,1.6605921940451522e-09
baseline,706,7.0600000000000005,0.018026142962200356,0.060240420825563024,800,8.0,0.01774562483302472,1.6651391636122794e-09
baseline,707,7.07,0.018018370456101048,0.05982638215938798,800,8.0,0.01774562483302472,1.6691650491052516e-09
baseline,708,7.08,0.01801054177371535,0.05940588295418408,800,8.0,0.01774562483302472,1.6726767103736188e-09
baseline,709,7.09,0.018002663398738655,0.05897894432248638,800,8.0,0.01774562483302472,1.6756808615033748e-09
baseline,710,7.1000000000000005,0.01799474179075386,0.05854558899444059,800,8.0,0.01774562483302472,1.6781837229541013e-09
baseline,711,7.11,0.017986783382428803,0.058105841320195216,800,8.0,0.01774562483302472,1.6801914711876582e-09
baseline,712,7.12,0.017978794576783662,0.05765972727027165,800,8.0,0.01774562483302472,1.6817100374282119e-09
baseline,713,7.13,0.017970781744528933,0.057207274433971174,800,8.0,0.01774562483302472,1.6827449501068203e-09
baseline,714,7.140000000000001,0.017962751221474393,0.05674851201587691,800,8.0,0.01774562483302472,1.683301699192066e-09
baseline,715,7.15,0.017954709306009564,0.056283470830516234,800,8.0,0.01774562483302472,1.6833855136539262e-09
baseline,716,7.16,0.017946662256655792,0.055812183295250825,800,8.0,0.01774562483302472,1.6830013636166805e-09
baseline,717,7.17,0.01793861628969029,0.05533468342146562,800,8.0,0.01774562483302472,1.68215392712029e-09
baseline,718,7.18,0.01793057757684216,0.05485100680412915,800,8.0,0.01774562483302472,1.6808479682654625e-09
baseline,719,7.19,0.017922552243060413,0.054361190609799465,800,8.0,0.01774562483302472,1.6790876998826027e-09
baseline,720,7.2,0.017914546364353908,0.053865273563154625,800,8.0,0.01774562483302472,1.6768773866629012e-09
baseline,721,7.21,0.01790656596570312,0.05336329593212018,800,8.0,0.01774562483302472,1.6742210411581905e-09
baseline,722,7.22,0.017898617019043418,0.05285529951167656,800,8.0,0.01774562483302472,1.6711224014149026e-09
baseline,723,7.23,0.017890705441319647,0.052341327606420615,800,8.0,0.01774562483302472,1.667585165753393e-09
baseline,724,7.24,0.017882837092609506,0.05182142501196591,800,8.0,0.01774562483302472,1.6636127413812423e-09
baseline,725,7.25,0.01787501777431549,0.05129563799524214,800,8.0,0.01774562483302472,1.6592084359730207e-09
baseline,726,7.26,0.01786725322743675,0.05076401427372255,800,8.0,0.01774562483302472,1.6543753320806172e-09
baseline,727,7.2700000000000005,0.017859549130898978,0.050226602993762685,800,8.0,0.01774562483302472,1.6491163723233394e-09
baseline,728,7.28,0.01785191109995518,0.04968345470806186,800,8.0,0.01774562483302472,1.6434343202057312e-09
baseline,729,7.29,0.017844344684653752,0.0491346213523182,800,8.0,0.01774562483302472,1.637331778386381e-09
baseline,730,7.3,0.017836855368372716,0.0485801562211534,800,8.0,0.01774562483302472,1.63081115436631e-09
baseline,731,7.3100000000000005,0.017829448566419086,0.04802011394337524,800,8.0,0.01774562483302472,1.6238747921027152e-09
baseline,732,7.32,0.017822129624692255,0.04745455045664208,800,8.0,0.01774562483302472,1.6165247148342993e-09
baseline,733,7.33,0.017814903818410326,0.046883522981594476,800,8.0,0.01774562483302472,1.6087628661270425e-09
baseline,734,7.34,0.017807776350898204,0.04630708999551258,800,8.0,0.01774562483302472,1.6005911435910874e-09
baseline,735,7.3500000000000005,0.017800752352436437,0.045725311205560275,800,8.0,0.01774562483302472,1.5920110051928609e-09
baseline,736,7.36,0.01779383687916949,0.045138247521670616,800,8.0,0.01774562483302472,1.5830239867869953e-09
baseline,737,7.37,0.017787034912072366,0.04454596102912522,800,8.0,0.01774562483302472,1.5736313350966744e-09
baseline,738,7.38,0.017780351355974385,0.04394851496088126,800,8.0,0.01774562483302472,1.5638341293744328e-09
baseline,739,7.390000000000001,0.017773791038638905,0.04334597366969145,800,8.0,0.01774562483302472,1.553633310281427e-09
baseline,740,7.4,0.017767358709897825,0.04273840260006638,800,8.0,0.01774562483302472,1.5430296119335356e-09
baseline,741,7.41,0.017761059040837312,0.04212586826012434,800,8.0,0.01774562483302472,1.5320236089334844e-09
baseline,742,7.42,0.017754896623029974,0.041508438193368316,800,8.0,0.01774562483302472,1.5206156549284282e-09
baseline,743,7.43,0.017748875967828887,0.040886180950414984,800,8.0,0.01774562483302472,1.5088059294804542e-09
baseline,744,7.44,0.01774300150570089,0.04025916606073063,800,8.0,0.01774562483302472,1.496594384416789e-09
baseline,745,7.45,0.017737277585610257,0.03962746400440179,800,8.0,0.01774562483302472,1.483980785499953e-09
baseline,746,7.46,0.01773170847444825,0.038991146183967616,800,8.0,0.01774562483302472,1.4709646771874373e-09
baseline,747,7.47,0.01772629835650655,0.03835028489634781,800,8.0,0.01774562483302472,1.457545389129918e-09
baseline,748,7.48,0.01772105133299332,0.03770495330489066,800,8.0,0.01774562483302472,1.4437220211413895e-09
baseline,749,7.49,0.01771597142159025,0.03705522541156807,800,8.0,0.01774562483302472,1.4294933683551463e-09
baseline,750,7.5,0.017711062556049352,0.036401176029338525,800,8.0,0.01774562483302472,1.4148580772122882e-09
baseline,751,7.51,0.01770632858582798,0.03574288075470086,800,8.0,0.01774562483302472,1.3998144300630258e-09
baseline,752,7.5200000000000005,0.01770177327576075,0.035080415940456314,800,8.0,0.01774562483302472,1.3843605123354824e-09
baseline,753,7.53,0.017697400305767105,0.03441385866869774,800,8.0,0.01774562483302472,1.3684940523705277e-09
baseline,754,7.54,0.017693213270593137,0.033743286724039576,800,8.0,0.01774562483302472,1.3522125214522662e-09
baseline,755,7.55,0.01768921567958651,0.03306877856710442,800,8.0,0.01774562483302472,1.3355130536852631e-09
baseline,756,7.5600000000000005,0.017685410956503167,0.03239041330827768,800,8.0,0.01774562483302472,1.318392470808598e-09
baseline,757,7.57,0.017681802439344793,0.03170827068174191,800,8.0,0.01774562483302472,1.3008472207851819e-09
baseline,758,7.58,0.017678393380222153,0.031022431019803502,800,8.0,0.01774562483302472,1.2828734123112554e-09
baseline,759,7.59,0.017675186945236183,0.03033297522752018,800,8.0,0.01774562483302472,1.2644667475239635e-09
baseline,760,7.6000000000000005,0.017672186214404643,0.029639984757628256,800,8.0,0.01774562483302472,1.2456225451731723e-09
baseline,761,7.61,0.017669394181598422,0.028943541585786343,800,8.0,0.01774562483302472,1.2263356915455681e-09
baseline,762,7.62,0.017666813754506773,0.02824372818613507,800,8.0,0.01774562483302472,1.2066006431011277e-09
baseline,763,7.63,0.01766444775462423,0.027540627507178655,800,8.0,0.01774562483302472,1.186411382166074e-09
baseline,764,7.640000000000001,0.017662298917257308,0.02683432294799171,800,8.0,0.01774562483302472,1.1657614048562113e-09
baseline,765,7.65,0.01766036989155006,0.026124898334754988,800,8.0,0.01774562483302472,1.144643704868491e-09
baseline,766,7.66,0.01765866324052751,0.025412437897620335,800,8.0,0.01774562483302472,1.123050733855234e-09
baseline,767,7.67,0.01765718144115591,0.024697026247907313,800,8.0,0.01774562483302472,1.100974373931303e-09
baseline,768,7.68,0.01765592688441919,0.023978748355631,800,8.0,0.01774562483302472,1.0784059427140848e-09
baseline,769,7.69,0.017654901875410547,0.023257689527360712,800,8.0,0.01774562483302472,1.055336107603183e-09
baseline,770,7.7,0.017654108633438564,0.02253393538440966,800,8.0,0.01774562483302472,1.031754914312524e-09
baseline,771,7.71,0.017653549292147065,0.021807571841352683,800,8.0,0.01774562483302472,1.0076517186957098e-09
baseline,772,7.72,0.017653225899648108,0.021078685084872657,800,8.0,0.01774562483302472,9.830151661863543e-10
baseline,773,7.73,0.017653140418666915,0.0203473615529334,800,8.0,0.01774562483302472,9.578331501828602e-10
baseline,774,7.74,0.017653294726678693,0.01961368791427948,800,8.0,0.01774562483302472,9.320927908778258e-10
baseline,775,7.75,0.017653690616075725,0.018877751048253698,800,8.0,0.01774562483302472,9.057803856787228e-10
baseline,776,7.76,0.017654329794334712,0.018139638024934505,800,8.0,0.01774562483302472,8.788813861681829e-10
baseline,777,7.7700000000000005,0.01765521388419101,0.017399436085588454,800,8.0,0.01774562483302472,8.513803326228485e-10
baseline,778,7.78,0.01765634442382369,0.01665723262343387,800,8.0,0.01774562483302472,8.232608398701724e-10
baseline,779,7.79,0.017657722867044062,0.015913115164713366,800,8.0,0.01774562483302472,7.945055421332025e-10
baseline,780,7.8,0.01765935058348781,0.015167171350072825,800,8.0,0.01774562483302472,7.650960431372593e-10
baseline,781,7.8100000000000005,0.017661228858810395,0.014419488916241879,800,8.0,0.01774562483302472,7.350128876165588e-10
baseline,782,7.82,0.017663358894886096,0.01367015567801247,800,8.0,0.01774562483302472,7.04235497665499e-10
baseline,783,7.83,0.017665741810010453,0.012919259510510333,800,8.0,0.01774562483302472,6.727421351906647e-10
baseline,784,7.84,0.017668378639106492,0.012166888331756739,800,8.0,0.01774562483302472,6.40509836302178e-10
baseline,785,7.8500000000000005,0.017671270333934737,0.0114131300855153,800,8.0,0.01774562483302472,6.075143866875882e-10
baseline,786,7.86,0.01767441776330731,0.010658072724421017,800,8.0,0.01774562483302472,5.737302395896933e-10
baseline,787,7.87,0.017677821713306518,0.009901804193387063,800,8.0,0.01774562483302472,5.391304792778241e-10
baseline,788,7.88,0.017681482887501813,0.009144412413289943,800,8.0,0.01774562483302472,5.036867593821818e-10
baseline,789,7.890000000000001,0.01768540190712482,0.008385985264925323,800,8.0,0.01774562483302472,4.673692480243094e-10
baseline,790,7.9,0.017689579311309343,0.007626610573226869,800,8.0,0.01774562483302472,4.301465681117543e-10
baseline,791,7.91,0.017694015557299148,0.0068663760917482405,800,8.0,0.01774562483302472,3.919857384240399e-10
baseline,792,7.92,0.01769871102066053,0.006105369487405841,800,8.0,0.01774562483302472,3.5285211604871363e-10
baseline,793,7.930000000000001,0.017703665995494663,0.005343678325476785,800,8.0,0.01774562483302472,3.12709332467258e-10
baseline,794,7.94,0.017708880694646316,0.004581390054849558,800,8.0,0.01774562483302472,2.7151923758148476e-10
baseline,795,7.95,0.01771435524990995,0.003818591993522358,800,8.0,0.01774562483302472,2.2924183496286402e-10
baseline,796,7.96,0.017720089712234533,0.003055371314346527,800,8.0,0.01774562483302472,1.858352236284921e-10
baseline,797,7.97,0.017726084051928045,0.0022918150310104,800,8.0,0.01774562483302472,1.4125553858131183e-10
baseline,798,7.98,0.017732338158863173,0.001528009984260339,800,8.0,0.01774562483302472,9.545689083806398e-11
baseline,799,7.99,0.017738851842685376,0.000764042828353528,800,8.0,0.01774562483302472,4.83913137803247e-11
baseline,800,8.0,0.01774562483302472,0.0,800,8.0,0.01774562483302472,0.0
on_shell_rho_initial_0.95,0,0.0,0.01,2.6784853556701866e+17,800,8.0,0.017625233187092738,5.453764024560302e-05
on_shell_rho_initial_0.95,1,0.01,0.010032793321263974,2.600235120431829e+17,800,8.0,0.017625233187092738,5.641728698122586e-05
on_shell_rho_initial_0.95,2,0.02,0.010063892165506898,2.5181488728127222e+17,800,8.0,0.017625233187092738,5.635019732900551e-05
on_shell_rho_initial_0.95,3,0.03,0.010093329592779183,2.4286626123127027e+17,800,8.0,0.017625233187092738,5.6276349696057276e-05
on_shell_rho_initial_0.95,4,0.04,0.010121139200346194,2.3321051063340864e+17,800,8.0,0.017625233187092738,5.619830127612311e-05
on_shell_rho_initial_0.95,5,0.05,0.010147355084846054,2.2292623209239882e+17,800,8.0,0.017625233187092738,5.6118264684105925e-05
on_shell_rho_initial_0.95,6,0.06,0.010172011802655862,2.1212491882818115e+17,800,8.0,0.017625233187092738,5.6038061034892744e-05
on_shell_rho_initial_0.95,7,0.07,0.010195144328754529,2.0093840216086445e+17,800,8.0,0.017625233187092738,5.595912650907609e-05
on_shell_rho_initial_0.95,8,0.08,0.010216788014366651,1.8950764116756026e+17,800,8.0,0.017625233187092738,5.588254864792696e-05
on_shell_rho_initial_0.95,9,0.09,0.010236978543648901,1.77973453418091e+17,800,8.0,0.017625233187092738,5.580911491837621e-05
on_shell_rho_initial_0.95,10,0.1,0.010255751889686068,1.6646939818276954e+17,800,8.0,0.017625233187092738,5.5739364319151307e-05
on_shell_rho_initial_0.95,11,0.11,0.010273144270026298,1.5511675600548624e+17,800,8.0,0.017625233187092738,5.5673635912868364e-05
on_shell_rho_initial_0.95,12,0.12,0.01028919210199811,1.4402138259642843e+17,800,8.0,0.017625233187092738,5.561211171095367e-05
on_shell_rho_initial_0.95,13,0.13,0.01030393195802699,1.3327213009750347e+17,800,8.0,0.017625233187092738,5.5554853061587085e-05
on_shell_rho_initial_0.95,14,0.14,0.01031740052115026,1.2294050269222922e+17,800,8.0,0.017625233187092738,5.550183102343345e-05
on_shell_rho_initial_0.95,15,0.15,0.010329634540937348,1.130812263401901e+17,800,8.0,0.017625233187092738,5.545294930915185e-05
on_shell_rho_initial_0.95,16,0.16,0.010340670789974858,1.0373344815975954e+17,800,8.0,0.017625233187092738,5.5408065449305144e-05
on_shell_rho_initial_0.95,17,0.17,0.01035054602109418,9.492232665030603e+16,800,8.0,0.017625233187092738,5.5367004931852046e-05
on_shell_rho_initial_0.95,18,0.18,0.01035929692549186,8.6660823325639e+16,800,8.0,0.017625233187092738,5.53295712393814e-05
on_shell_rho_initial_0.95,19,0.19,0.010366960091874246,7.895155243719435e+16,800,8.0,0.017625233187092738,5.529555806490163e-05
on_shell_rho_initial_0.95,20,0.2,0.010373571966759068,7.178858524853595e+16,800,8.0,0.017625233187092738,5.5264752560383834e-05
on_shell_rho_initial_0.95,21,0.21,0.010379168816042655,6.515914018463577e+16,800,8.0,0.017625233187092738,5.523694037443262e-05
on_shell_rho_initial_0.95,22,0.22,0.010383786687922643,5.904511650675005e+16,800,8.0,0.017625233187092738,5.521191479185414e-05
on_shell_rho_initial_0.95,23,0.23,0.010387461377272264,5.3424449206691416e+16,800,8.0,0.017625233187092738,5.518947360424879e-05
on_shell_rho_initial_0.95,24,0.24,0.010390228391535496,4.827227952273937e+16,800,8.0,0.017625233187092738,5.516941980786696e-05
on_shell_rho_initial_0.95,25,0.25,0.010392122918204214,4.356194532930673e+16,800,8.0,0.017625233187092738,5.5151569379270357e-05
on_shell_rho_initial_0.95,26,0.26,0.010393179793927282,3.926580163863697e+16,800,8.0,0.017625233187092738,5.513574682697452e-05
on_shell_rho_initial_0.95,27,0.27,0.010393433475297718,3.535588698705278e+16,800,8.0,0.017625233187092738,5.512178114824902e-05
on_shell_rho_initial_0.95,28,0.28,0.010392918011333503,3.180445314721822e+16,800,8.0,0.017625233187092738,5.510951721923465e-05
on_shell_rho_initial_0.95,29,0.29,0.010391667017687881,2.858437498438577e+16,800,8.0,0.017625233187092738,5.50988143285684e-05
on_shell_rho_initial_0.95,30,0.3,0.010389713652578375,2.566945792057108e+16,800,8.0,0.017625233187092738,5.50895320123412e-05
on_shell_rho_initial_0.95,31,0.31,0.010387090594463919,2.303466045238742e+16,800,8.0,0.017625233187092738,5.5081542076664965e-05
on_shell_rho_initial_0.95,32,0.32,0.010383830021438964,2.0656245514536188e+16,800,8.0,0.017625233187092738,5.507472961192183e-05
on_shell_rho_initial_0.95,33,0.33,0.010379963592345642,1.851187370864177e+16,800,8.0,0.017625233187092738,5.506898584264937e-05
on_shell_rho_initial_0.95,34,0.34,0.010375522429581443,1.6580650421057212e+16,800,8.0,0.017625233187092738,5.506420185324447e-05
on_shell_rho_initial_0.95,35,0.35000000000000003,0.010370537103568646,1.484313682513229e+16,800,8.0,0.017625233187092738,5.5060280733045315e-05
on_shell_rho_initial_0.95,36,0.36,0.010365037618868107,1.3281332474602554e+16,800,8.0,0.017625233187092738,5.505714506706145e-05
on_shell_rho_initial_0.95,37,0.37,0.010359053401887247,1.1878636248411964e+16,800,8.0,0.017625233187092738,5.5054713726523864e-05
on_shell_rho_initial_0.95,38,0.38,0.010352613290134574,1.0619792362890116e+16,800,8.0,0.017625233187092738,5.5052904445521346e-05
on_shell_rho_initial_0.95,39,0.39,0.010345745523009578,9490826034791488.0,800,8.0,0.017625233187092738,5.50516502691708e-05
on_shell_rho_initial_0.95,40,0.4,0.010338477734039054,8478971869846674.0,800,8.0,0.017625233187092738,5.505089215546363e-05
on_shell_rho_initial_0.95,41,0.41000000000000003,0.01033083694453462,7572598240918790.0,800,8.0,0.017625233187092738,5.5050570518918156e-05
on_shell_rho_initial_0.95,42,0.42,0.010322849558606361,6761130322032602.0,800,8.0,0.017625233187092738,5.505062051208397e-05
on_shell_rho_initial_0.95,43,0.43,0.010314541359476964,6034973523699130.0,800,8.0,0.017625233187092738,5.505098478160012e-05
on_shell_rho_initial_0.95,44,0.44,0.010305937507051357,5385438309809905.0,800,8.0,0.017625233187092738,5.505163231882853e-05
on_shell_rho_initial_0.95,45,0.45,0.010297062536681929,4804667268102737.0,800,8.0,0.017625233187092738,5.505252370418369e-05
on_shell_rho_initial_0.95,46,0.46,0.0102879403590172,4285565544866952.5,800,8.0,0.017625233187092738,5.505360269836241e-05
on_shell_rho_initial_0.95,47,0.47000000000000003,0.010278594260977405,3821735469799990.0,800,8.0,0.017625233187092738,5.505483326682052e-05
on_shell_rho_initial_0.95,48,0.48,0.01026904690770822,3407414805597227.5,800,8.0,0.017625233187092738,5.50561832330241e-05
on_shell_rho_initial_0.95,49,0.49,0.01025932034549248,3037419080818612.5,800,8.0,0.017625233187092738,5.505762437529234e-05
on_shell_rho_initial_0.95,50,0.5,0.01024943600555342,2707088060195274.0,800,8.0,0.017625233187092738,5.5059122070133226e-05
on_shell_rho_initial_0.95,51,0.51,0.010239414708687432,2412236396688443.0,800,8.0,0.017625233187092738,5.506063306289166e-05
on_shell_rho_initial_0.95,52,0.52,0.010229276670672112,2149108278652414.8,800,8.0,0.017625233187092738,5.506211793088173e-05
on_shell_rho_initial_0.95,53,0.53,0.010219041508402544,1914335749536305.8,800,8.0,0.017625233187092738,5.506356786031931e-05
on_shell_rho_initial_0.95,54,0.54,0.010208728246707597,1704900475730463.8,800,8.0,0.017625233187092738,5.506496676259635e-05
on_shell_rho_initial_0.95,55,0.55,0.010198355325717877,1518098872171391.2,800,8.0,0.017625233187092738,5.5066267806741495e-05
on_shell_rho_initial_0.95,56,0.56,0.010187940608846237,1351510661892913.2,800,8.0,0.017625233187092738,5.506743970384675e-05
on_shell_rho_initial_0.95,57,0.5700000000000001,0.010177501391265007,1202970213534028.0,800,8.0,0.017625233187092738,5.506845532366906e-05
on_shell_rho_initial_0.95,58,0.58,0.010167054408835339,1070540552993676.5,800,8.0,0.017625233187092738,5.506929074598067e-05
on_shell_rho_initial_0.95,59,0.59,0.010156615847453091,952489842834561.8,800,8.0,0.017625233187092738,5.506991893191262e-05
on_shell_rho_initial_0.95,60,0.6,0.010146201352759442,847270169379479.2,800,8.0,0.017625233187092738,5.507030176021525e-05
on_shell_rho_initial_0.95,61,0.61,0.010135826040173043,753498454143767.0,800,8.0,0.017625233187092738,5.507038845481561e-05
on_shell_rho_initial_0.95,62,0.62,0.010125504505205477,669939280907430.8,800,8.0,0.017625233187092738,5.50701250489462e-05
on_shell_rho_initial_0.95,63,0.63,0.01011525083402675,595489419561646.4,800,8.0,0.017625233187092738,5.5069480627672804e-05
on_shell_rho_initial_0.95,64,0.64,0.010105078614252146,529163869271669.7,800,8.0,0.017625233187092738,5.5068433745547084e-05
on_shell_rho_initial_0.95,65,0.65,0.010095000945867273,470083308906253.1,800,8.0,0.017625233187092738,5.506691391422763e-05
on_shell_rho_initial_0.95,66,0.66,0.010085030452272803,417462912483420.25,800,8.0,0.017625233187092738,5.5064837904064295e-05
on_shell_rho_initial_0.95,67,0.67,0.01007517929149813,370602350935226.6,800,8.0,0.017625233187092738,5.5062139293387746e-05
on_shell_rho_initial_0.95,68,0.68,0.010065459167445149,328876772739215.06,800,8.0,0.017625233187092738,5.505873727686512e-05
on_shell_rho_initial_0.95,69,0.6900000000000001,0.010055881341191491,291728736289956.7,800,8.0,0.017625233187092738,5.5054543745233564e-05
on_shell_rho_initial_0.95,70,0.7000000000000001,0.010046456642313026,258660986403137.2,800,8.0,0.017625233187092738,5.504945349538897e-05
on_shell_rho_initial_0.95,71,0.71,0.010037195480200578,229229999899089.88,800,8.0,0.017625233187092738,5.504333603962519e-05
on_shell_rho_initial_0.95,72,0.72,0.010028107855348923,203040223136935.75,800,8.0,0.017625233187092738,5.503603142944559e-05
on_shell_rho_initial_0.95,73,0.73,0.010019203370599106,179738925203792.56,800,8.0,0.017625233187092738,5.502735324496081e-05
on_shell_rho_initial_0.95,74,0.74,0.010010491242317928,159011593776624.3,800,8.0,0.017625233187092738,5.5017102804924294e-05
on_shell_rho_initial_0.95,75,0.75,0.010001980311501239,140577807842903.28,800,8.0,0.017625233187092738,5.500508732740633e-05
on_shell_rho_initial_0.95,76,0.76,0.009993679054780909,124187543814551.7,800,8.0,0.017625233187092738,5.499103701498053e-05
on_shell_rho_initial_0.95,77,0.77,0.009985595595246179,109617887941500.33,800,8.0,0.017625233187092738,5.497459621239075e-05
on_shell_rho_initial_0.95,78,0.78,0.009977737713216575,96670126024408.28,800,8.0,0.017625233187092738,5.495538453416205e-05
on_shell_rho_initial_0.95,79,0.79,0.009970112856842548,85167126750669.62,800,8.0,0.017625233187092738,5.493294954301508e-05
on_shell_rho_initial_0.95,80,0.8,0.00996272815254871,74951005471607.2,800,8.0,0.017625233187092738,5.490675311100738e-05
on_shell_rho_initial_0.95,81,0.81,0.009955590415315746,65881039875565.2,800,8.0,0.017625233187092738,5.487615033482136e-05
on_shell_rho_initial_0.95,82,0.8200000000000001,0.009948706158786683,57831811105106.21,800,8.0,0.017625233187092738,5.484035596839419e-05
on_shell_rho_initial_0.95,83,0.8300000000000001,0.00994208160518997,50691547776432.3,800,8.0,0.017625233187092738,5.479840399818511e-05
on_shell_rho_initial_0.95,84,0.84,0.00993572269507333,44360651409572.21,800,8.0,0.017625233187092738,5.474909912835012e-05
on_shell_rho_initial_0.95,85,0.85,0.009929635096843668,38750383111621.086,800,8.0,0.017625233187092738,5.469095850577989e-05
on_shell_rho_initial_0.95,86,0.86,0.009923824216109727,33781692895358.78,800,8.0,0.017625233187092738,5.462214110822476e-05
on_shell_rho_initial_0.95,87,0.87,0.00991829520482539,29384174880890.598,800,8.0,0.017625233187092738,5.4540360878360394e-05
on_shell_rho_initial_0.95,88,0.88,0.009913052970232544,25495135294900.188,800,8.0,0.017625233187092738,5.444268044390509e-05
on_shell_rho_initial_0.95,89,0.89,0.009908102183557074,22058767528886.152,800,8.0,0.017625233187092738,5.4325213607137796e-05
on_shell_rho_initial_0.95,90,0.9,0.009903447288498386,19025426333169.28,800,8.0,0.017625233187092738,5.418287035764813e-05
on_shell_rho_initial_0.95,91,0.91,0.009899092509545309,16350987391971.348,800,8.0,0.017625233187092738,5.400889558180274e-05
on_shell_rho_initial_0.95,92,0.92,0.009895041860040144,13996284539458.707,800,8.0,0.017625233187092738,5.379410928906724e-05
on_shell_rho_initial_0.95,93,0.93,0.009891299150037194,11926624431699.146,800,8.0,0.017625233187092738,5.352584935032902e-05
on_shell_rho_initial_0.95,94,0.9400000000000001,0.00988786799394244,10111378037097.076,800,8.0,0.017625233187092738,5.318633174538559e-05
on_shell_rho_initial_0.95,95,0.9500000000000001,0.009884751817935331,8523653434592.95,800,8.0,0.017625233187092738,5.27501501854695e-05
on_shell_rho_initial_0.95,96,0.96,0.009881953867174196,7140060965703.345,800,8.0,0.017625233187092738,5.218048642119223e-05
on_shell_rho_initial_0.95,97,0.97,0.009879477212787358,5940590956826.155,800,8.0,0.017625233187092738,5.14235585024431e-05
on_shell_rho_initial_0.95,98,0.98,0.009877324758652503,4908635142748.965,800,8.0,0.017625233187092738,5.040130703029675e-05
on_shell_rho_initial_0.95,99,0.99,0.009875499247967337,4031187340595.3477,800,8.0,0.017625233187092738,4.900488590165354e-05
on_shell_rho_initial_0.95,100,1.0,0.009874003269614913,3299222042459.571,800,8.0,0.017625233187092738,4.710104575804025e-05
on_shell_rho_initial_0.95,101,1.01,0.009872839264326938,2708062518530.99,800,8.0,0.017625233187092738,4.459096991850732e-05
on_shell_rho_initial_0.95,102,1.02,0.009872009530607946,2256978273483.5767,800,8.0,0.017625233187092738,4.161054532660228e-05
on_shell_rho_initial_0.95,103,1.03,0.009871516230480907,1946230089963.2986,800,8.0,0.017625233187092738,3.890388668219017e-05
on_shell_rho_initial_0.95,104,1.04,0.0098713613950504,1770001720495.858,800,8.0,0.017625233187092738,3.78186297473878e-05
on_shell_rho_initial_0.95,105,1.05,0.009871546929849652,1708900757440.275,800,8.0,0.017625233187092738,3.901333637021098e-05
on_shell_rho_initial_0.95,106,1.06,0.009872074620002474,1731236362842.9285,800,8.0,0.017625233187092738,4.155165430027196e-05
on_shell_rho_initial_0.95,107,1.07,0.00987294613519417,1803585496995.5225,800,8.0,0.017625233187092738,4.4174684157247044e-05
on_shell_rho_initial_0.95,108,1.08,0.009874163034455504,1899753697158.1187,800,8.0,0.017625233187092738,4.630142371451629e-05
on_shell_rho_initial_0.95,109,1.09,0.009875726770763822,2002762100818.1213,800,8.0,0.017625233187092738,4.7860858573744577e-05
on_shell_rho_initial_0.95,110,1.1,0.009877638695465695,2102881498498.7903,800,8.0,0.017625233187092738,4.895499489928813e-05
on_shell_rho_initial_0.95,111,1.11,0.00987990006252551,2195104635641.1074,800,8.0,0.017625233187092738,4.9703632933997614e-05
on_shell_rho_initial_0.95,112,1.12,0.009882512032604509,2277252853986.151,800,8.0,0.017625233187092738,5.020246462628247e-05
on_shell_rho_initial_0.95,113,1.1300000000000001,0.009885475676975019,2348771794935.609,800,8.0,0.017625233187092738,5.052022291013774e-05
on_shell_rho_initial_0.95,114,1.1400000000000001,0.009888791981274259,2410008765872.4727,800,8.0,0.017625233187092738,5.070485910457765e-05
on_shell_rho_initial_0.95,115,1.1500000000000001,0.009892461849070413,2461786406607.44,800,8.0,0.017625233187092738,5.078988878186605e-05
on_shell_rho_initial_0.95,116,1.16,0.009896486105286768,2505151758557.934,800,8.0,0.017625233187092738,5.079910978089621e-05
on_shell_rho_initial_0.95,117,1.17,0.009900865499489476,2541228546524.5884,800,8.0,0.017625233187092738,5.074986405818568e-05
on_shell_rho_initial_0.95,118,1.18,0.009905600709006866,2571130467030.4536,800,8.0,0.017625233187092738,5.0655205388799815e-05
on_shell_rho_initial_0.95,119,1.19,0.00991069234190914,2595911237429.579,800,8.0,0.017625233187092738,5.052530621504298e-05
on_shell_rho_initial_0.95,120,1.2,0.009916140939843622,2616537003084.1157,800,8.0,0.017625233187092738,5.0368379228240224e-05
on_shell_rho_initial_0.95,121,1.21,0.009921946980729637,2633872583489.4644,800,8.0,0.017625233187092738,5.019127358346753e-05
on_shell_rho_initial_0.95,122,1.22,0.00992811088131701,2648676390800.804,800,8.0,0.017625233187092738,4.999985542285083e-05
on_shell_rho_initial_0.95,123,1.23,0.009934632999612256,2661600842188.692,800,8.0,0.017625233187092738,4.979924434858237e-05
on_shell_rho_initial_0.95,124,1.24,0.009941513637176576,2673196269392.4883,800,8.0,0.017625233187092738,4.959395448664705e-05
on_shell_rho_initial_0.95,125,1.25,0.009948753041299744,2683917040545.061,800,8.0,0.017625233187092738,4.9387973319622565e-05
on_shell_rho_initial_0.95,126,1.26,0.009956351407054085,2694129039994.7017,800,8.0,0.017625233187092738,4.918480218798438e-05
on_shell_rho_initial_0.95,127,1.27,0.009964308879232346,2704117920908.7065,800,8.0,0.017625233187092738,4.8987479965826297e-05
on_shell_rho_initial_0.95,128,1.28,0.009972625554144122,2714097676557.0093,800,8.0,0.017625233187092738,4.879859183580177e-05
on_shell_rho_initial_0.95,129,1.29,0.009981301481317725,2724219252802.803,800,8.0,0.017625233187092738,4.862027106253825e-05
on_shell_rho_initial_0.95,130,1.3,0.009990336665096541,2734579018868.6226,800,8.0,0.017625233187092738,4.84542113126085e-05
on_shell_rho_initial_0.95,131,1.31,0.009999731066117287,2745226834739.171,800,8.0,0.017625233187092738,4.830168568803406e-05
on_shell_rho_initial_0.95,132,1.32,0.01000948460269032,2756173645330.369,800,8.0,0.017625233187092738,4.8163571540105986e-05
on_shell_rho_initial_0.95,133,1.33,0.010019597152075517,2767398490883.6943,800,8.0,0.017625233187092738,4.8040383279698175e-05
on_shell_rho_initial_0.95,134,1.34,0.010030068551656886,2778854872623.036,800,8.0,0.017625233187092738,4.793231119477814e-05
on_shell_rho_initial_0.95,135,1.35,0.010040898600019109,2790476444909.0205,800,8.0,0.017625233187092738,4.783926423411344e-05
on_shell_rho_initial_0.95,136,1.36,0.010052087057929203,2802182029022.0483,800,8.0,0.017625233187092738,4.776091471754319e-05
on_shell_rho_initial_0.95,137,1.37,0.010063633649226598,2813879963485.1196,800,8.0,0.017625233187092738,4.769674315473073e-05
on_shell_rho_initial_0.95,138,1.3800000000000001,0.010075538061624858,2825471820800.0615,800,8.0,0.017625233187092738,4.764608117659459e-05
on_shell_rho_initial_0.95,139,1.3900000000000001,0.010087799947428443,2836855530629.415,800,8.0,0.017625233187092738,4.7608151486780465e-05
on_shell_rho_initial_0.95,140,1.4000000000000001,0.010100418924167886,2847927956487.8438,800,8.0,0.017625233187092738,4.758210383804832e-05
on_shell_rho_initial_0.95,141,1.41,0.01011339457515685,2858586976633.015,800,8.0,0.017625233187092738,4.75670457910141e-05
on_shell_rho_initial_0.95,142,1.42,0.01012672644995361,2868733137230.0303,800,8.0,0.017625233187092738,4.7562067838267125e-05
on_shell_rho_initial_0.95,143,1.43,0.010140414064707759,2878270930674.125,800,8.0,0.017625233187092738,4.756626642461189e-05
on_shell_rho_initial_0.95,144,1.44,0.010154456902541253,2887109744497.268,800,8.0,0.017625233187092738,4.7578759628257985e-05
on_shell_rho_initial_0.95,145,1.45,0.010168854413721217,2895164556509.8535,800,8.0,0.017625233187092738,4.759869910072021e-05
on_shell_rho_initial_0.95,146,1.46,0.01018360601583602,2902356382101.387,800,8.0,0.017625233187092738,4.762528114207423e-05
on_shell_rho_initial_0.95,147,1.47,0.010198711093900924,2908612543831.098,800,8.0,0.017625233187092738,4.7657752630996366e-05
on_shell_rho_initial_0.95,148,1.48,0.010214169000388131,2913866783487.9497,800,8.0,0.017625233187092738,4.769541437425074e-05
on_shell_rho_initial_0.95,149,1.49,0.010229979055183934,2918059249702.685,800,8.0,0.017625233187092738,4.7737622609513405e-05
on_shell_rho_initial_0.95,150,1.5,0.010246140545475624,2921136390172.6274,800,8.0,0.017625233187092738,4.778378890921527e-05
on_shell_rho_initial_0.95,151,1.51,0.010262652725571038,2923050772824.9146,800,8.0,0.017625233187092738,4.7833378978694185e-05
on_shell_rho_initial_0.95,152,1.52,0.010279514816653535,2923760855641.1064,800,8.0,0.017625233187092738,4.78859106349926e-05
on_shell_rho_initial_0.95,153,1.53,0.010296726006475434,2923230720830.896,800,8.0,0.017625233187092738,4.794095114242601e-05
on_shell_rho_initial_0.95,154,1.54,0.010314285448992953,2921429785532.941,800,8.0,0.017625233187092738,4.7998114313108645e-05
on_shell_rho_initial_0.95,155,1.55,0.01033219226394581,2918332498175.668,800,8.0,0.017625233187092738,4.8057057298637986e-05
on_shell_rho_initial_0.95,156,1.56,0.01035044553638483,2913918027137.6562,800,8.0,0.017625233187092738,4.8117477441237485e-05
on_shell_rho_initial_0.95,157,1.57,0.010369044316150986,2908169946235.8647,800,8.0,0.017625233187092738,4.8179109093132633e-05
on_shell_rho_initial_0.95,158,1.58,0.010387987617309411,2901075919830.4116,800,8.0,0.017625233187092738,4.824172057616539e-05
on_shell_rho_initial_0.95,159,1.59,0.010407274417542207,2892627388883.1455,800,8.0,0.017625233187092738,4.8305111329168214e-05
on_shell_rho_initial_0.95,160,1.6,0.010426903657503902,2882819258485.321,800,8.0,0.017625233187092738,4.836910907513772e-05
on_shell_rho_initial_0.95,161,1.61,0.010446874240128955,2871649600436.0884,800,8.0,0.017625233187092738,4.843356191584782e-05
on_shell_rho_initial_0.95,162,1.62,0.010467185029487912,2859119392651.6787,800,8.0,0.017625233187092738,4.849833887094477e-05
on_shell_rho_initial_0.95,163,1.6300000000000001,0.010487834850191936,2845232290564.142,800,8.0,0.017625233187092738,4.856333155071966e-05
on_shell_rho_initial_0.95,164,1.6400000000000001,0.010508822486575914,2829994390903.193,800,8.0,0.017625233187092738,4.862844819092504e-05
on_shell_rho_initial_0.95,165,1.6500000000000001,0.010530146681696089,2813414001742.9766,800,8.0,0.017625233187092738,4.8693611376694086e-05
on_shell_rho_initial_0.95,166,1.6600000000000001,0.010551806136384153,2795501440445.739,800,8.0,0.017625233187092738,4.8758756818945956e-05
on_shell_rho_initial_0.95,167,1.67,0.010573799508249828,2776268849199.0503,800,8.0,0.017625233187092738,4.882383141680389e-05
on_shell_rho_initial_0.95,168,1.68,0.01059612541063478,2755730028468.845,800,8.0,0.017625233187092738,4.888879146305031e-05
on_shell_rho_initial_0.95,169,1.69,0.010618782411520635,2733900289914.233,800,8.0,0.017625233187092738,4.895360096469073e-05
on_shell_rho_initial_0.95,170,1.7,0.010641769032394215,2710796329943.2,800,8.0,0.017625233187092738,4.901823005392739e-05
on_shell_rho_initial_0.95,171,1.71,0.01066508374707312,2686436124831.4727,800,8.0,0.017625233187092738,4.908265357221655e-05
on_shell_rho_initial_0.95,172,1.72,0.010688724980495015,2660838848232.9224,800,8.0,0.017625233187092738,4.914684961606846e-05
on_shell_rho_initial_0.95,173,1.73,0.010712691107474135,2634024812004.3896,800,8.0,0.017625233187092738,4.9210798133101376e-05
on_shell_rho_initial_0.95,174,1.74,0.010736980451428678,2606015431516.656,800,8.0,0.017625233187092738,4.927447956829321e-05
on_shell_rho_initial_0.95,175,1.75,0.010761591283082997,2576833216999.5312,800,8.0,0.017625233187092738,4.9337873374487544e-05
on_shell_rho_initial_0.95,176,1.76,0.010786521819148734,2546501792837.6045,800,8.0,0.017625233187092738,4.9400956537411624e-05
on_shell_rho_initial_0.95,177,1.77,0.01081177022098911,2515045946943.02,800,8.0,0.017625233187092738,4.94637019660861e-05
on_shell_rho_initial_0.95,178,1.78,0.010837334593271077,2482491712225.038,800,8.0,0.017625233187092738,4.952607684595968e-05
on_shell_rho_initial_0.95,179,1.79,0.010863212982610006,2448866482719.104,800,8.0,0.017625233187092738,4.958804079200225e-05
on_shell_rho_initial_0.95,180,1.8,0.010889403376172908,2414199182352.463,800,8.0,0.017625233187092738,4.964954173339065e-05
on_shell_rho_initial_0.95,181,1.81,0.01091590369968087,2378520425772.1284,800,8.0,0.017625233187092738,4.9710520016601615e-05
on_shell_rho_initial_0.95,182,1.82,0.010942711816321152,2341862779698.9526,800,8.0,0.017625233187092738,4.9770901878588805e-05
on_shell_rho_initial_0.95,183,1.83,0.010969825525325296,2304261023140.6094,800,8.0,0.017625233187092738,4.9830597348971735e-05
on_shell_rho_initial_0.95,184,1.84,0.010997242560343663,2265752444984.123,800,8.0,0.017625233187092738,4.988949946846445e-05
on_shell_rho_initial_0.95,185,1.85,0.011024960587900961,2226377189429.033,800,8.0,0.017625233187092738,4.994748174691478e-05
on_shell_rho_initial_0.95,186,1.86,0.011052977205842631,2186178628530.9294,800,8.0,0.017625233187092738,5.00043962343872e-05
on_shell_rho_initial_0.95,187,1.87,0.011081289941770479,2145203756330.847,800,8.0,0.017625233187092738,5.0060071782357183e-05
on_shell_rho_initial_0.95,188,1.8800000000000001,0.011109896251465955,2103503592502.6765,800,8.0,0.017625233187092738,5.011431274561223e-05
on_shell_rho_initial_0.95,189,1.8900000000000001,0.011138793517299343,2061133578972.4524,800,8.0,0.017625233187092738,5.016689815820472e-05
on_shell_rho_initial_0.95,190,1.9000000000000001,0.011167979046623052,2018153947743.9082,800,8.0,0.017625233187092738,5.0217581721438486e-05
on_shell_rho_initial_0.95,191,1.9100000000000001,0.011197450070147802,1974630032659.0825,800,8.0,0.017625233187092738,5.026609310591323e-05
on_shell_rho_initial_0.95,192,1.92,0.011227203740354947,1930632485349.8098,800,8.0,0.017625233187092738,5.031214121015829e-05
on_shell_rho_initial_0.95,193,1.93,0.011257237129895776,1886237351673.9854,800,8.0,0.017625233187092738,5.035541911698719e-05
on_shell_rho_initial_0.95,194,1.94,0.011287547229971712,1841525959644.682,800,8.0,0.017625233187092738,5.0395611299269384e-05
on_shell_rho_initial_0.95,195,1.95,0.011318130948716117,1796584556311.9714,800,8.0,0.017625233187092738,5.0432404629648914e-05
on_shell_rho_initial_0.95,196,1.96,0.01134898510959079,1751503632507.7415,800,8.0,0.017625233187092738,5.0465502626744274e-05
on_shell_rho_initial_0.95,197,1.97,0.011380106449804346,1706376867675.448,800,8.0,0.017625233187092738,5.049464372794152e-05
on_shell_rho_initial_0.95,198,1.98,0.011411491618737548,1661299633095.28,800,8.0,0.017625233187092738,5.0519623824763183e-05
on_shell_rho_initial_0.95,199,1.99,0.011443137176360009,1616367003387.7527,800,8.0,0.017625233187092738,5.054032252419888e-05
on_shell_rho_initial_0.95,200,2.0,0.011475039591625191,1571671247985.1997,800,8.0,0.017625233187092738,5.055673254782526e-05
on_shell_rho_initial_0.95,201,2.0100000000000002,0.011507195240967319,1527298811062.7583,800,8.0,0.017625233187092738,5.0568990319087424e-05
on_shell_rho_initial_0.95,202,2.02,0.011539600406804205,1483326844229.7075,800,8.0,0.017625233187092738,5.057740544858501e-05
on_shell_rho_initial_0.95,203,2.0300000000000002,0.011572251276003191,1439819427250.3633,800,8.0,0.017625233187092738,5.0582485125139866e-05
on_shell_rho_initial_0.95,204,2.04,0.011605143938406101,1396823706158.732,800,8.0,0.017625233187092738,5.05849479015741e-05
on_shell_rho_initial_0.95,205,2.05,0.011638274385400391,1354366286680.2896,800,8.0,0.017625233187092738,5.0585721287210986e-05
on_shell_rho_initial_0.95,206,2.06,0.011671638508520012,1312450341167.9324,800,8.0,0.017625233187092738,5.0585916070297416e-05
on_shell_rho_initial_0.95,207,2.07,0.011705232098037822,1271053996265.651,800,8.0,0.017625233187092738,5.05867708381962e-05
on_shell_rho_initial_0.95,208,2.08,0.011739050841606978,1230130643594.5327,800,8.0,0.017625233187092738,5.058956176494532e-05
on_shell_rho_initial_0.95,209,2.09,0.01177309032302194,1189611824674.7373,800,8.0,0.017625233187092738,5.05954769879741e-05
on_shell_rho_initial_0.95,210,2.1,0.011807346020921462,1149413231563.1423,800,8.0,0.017625233187092738,5.060545975684021e-05
on_shell_rho_initial_0.95,211,2.11,0.011841813307585384,1109444082709.4587,800,8.0,0.017625233187092738,5.0620033248962265e-05
on_shell_rho_initial_0.95,212,2.12,0.011876487447795547,1069619655586.2301,800,8.0,0.017625233187092738,5.0639130182570725e-05
on_shell_rho_initial_0.95,213,2.13,0.01191136359772479,1029876059464.6552,800,8.0,0.017625233187092738,5.0661961559035454e-05
on_shell_rho_initial_0.95,214,2.14,0.011946436803871682,990185460313.4402,800,8.0,0.017625233187092738,5.068697014946647e-05
on_shell_rho_initial_0.95,215,2.15,0.011981702002116294,950569052383.0287,800,8.0,0.017625233187092738,5.071192135105558e-05
on_shell_rho_initial_0.95,216,2.16,0.012017154016780088,911104315589.6365,800,8.0,0.017625233187092738,5.0734184980872355e-05
on_shell_rho_initial_0.95,217,2.17,0.012052787559777565,871922798944.5416,800,8.0,0.017625233187092738,5.075124651471118e-05
on_shell_rho_initial_0.95,218,2.18,0.012088597229865864,833195165128.6024,800,8.0,0.017625233187092738,5.076145171539969e-05
on_shell_rho_initial_0.95,219,2.19,0.012124577511929314,795101790708.9252,800,8.0,0.017625233187092738,5.0764924665238275e-05
on_shell_rho_initial_0.95,220,2.2,0.012160722776335847,757789967772.8607,800,8.0,0.017625233187092738,5.076450627194049e-05
on_shell_rho_initial_0.95,221,2.21,0.012197027278455428,721322512732.262,800,8.0,0.017625233187092738,5.076647450750507e-05
on_shell_rho_initial_0.95,222,2.22,0.012233485158180565,685626732248.3379,800,8.0,0.017625233187092738,5.078074069747376e-05
on_shell_rho_initial_0.95,223,2.23,0.01227009043957309,650456266516.2816,800,8.0,0.017625233187092738,5.0820264017422336e-05
on_shell_rho_initial_0.95,224,2.24,0.01230683703063197,615379899891.7623,800,8.0,0.017625233187092738,5.089960566814935e-05
on_shell_rho_initial_0.95,225,2.25,0.012343718723129607,579809629779.5844,800,8.0,0.017625233187092738,5.1032814103006323e-05
on_shell_rho_initial_0.95,226,2.2600000000000002,0.012380729192498496,543074206934.3343,800,8.0,0.017625233187092738,5.1231125292184035e-05
on_shell_rho_initial_0.95,227,2.27,0.012417861997979328,504534142883.54694,800,8.0,0.017625233187092738,5.150105342209844e-05
on_shell_rho_initial_0.95,228,2.2800000000000002,0.012455110582712434,463721804778.3064,800,8.0,0.017625233187092738,5.184333980875587e-05
on_shell_rho_initial_0.95,229,2.29,0.012492468274067739,420479061264.51385,800,8.0,0.017625233187092738,5.225291529736447e-05
on_shell_rho_initial_0.95,230,2.3000000000000003,0.012529928284043439,375059246472.37915,800,8.0,0.017625233187092738,5.2719756385198745e-05
on_shell_rho_initial_0.95,231,2.31,0.012567483709727118,328163217570.9995,800,8.0,0.017625233187092738,5.323019721378965e-05
on_shell_rho_initial_0.95,232,2.32,0.01260512753393172,280891978339.6886,800,8.0,0.017625233187092738,5.3768342702258455e-05
on_shell_rho_initial_0.95,233,2.33,0.012642852626112986,234617928895.64246,800,8.0,0.017625233187092738,5.4317440607732755e-05
on_shell_rho_initial_0.95,234,2.34,0.012680651743220767,190797888203.31763,800,8.0,0.017625233187092738,5.486076585432857e-05
on_shell_rho_initial_0.95,235,2.35,0.012718517530653934,150767129861.59537,800,8.0,0.017625233187092738,5.5382394668618424e-05
on_shell_rho_initial_0.95,236,2.36,0.012756442523570033,115558622846.94765,800,8.0,0.017625233187092738,5.586761469204084e-05
on_shell_rho_initial_0.95,237,2.37,0.012794419148157977,85784309914.82965,800,8.0,0.017625233187092738,5.630319446599012e-05
on_shell_rho_initial_0.95,238,2.38,0.012832439723100978,61597739006.647675,800,8.0,0.017625233187092738,5.66775943102033e-05
on_shell_rho_initial_0.95,239,2.39,0.012870496461331916,42735922907.60556,800,8.0,0.017625233187092738,5.69810961996237e-05
on_shell_rho_initial_0.95,240,2.4,0.012908581471672955,28619952462.418083,800,8.0,0.017625233187092738,5.720589684596545e-05
on_shell_rho_initial_0.95,241,2.41,0.012946686760872841,18483861934.79154,800,8.0,0.017625233187092738,5.734633606188414e-05
on_shell_rho_initial_0.95,242,2.42,0.012984804235657075,11501186487.868082,800,8.0,0.017625233187092738,5.7398962706352945e-05
on_shell_rho_initial_0.95,243,2.43,0.013022925704993171,6886571938.056794,800,8.0,0.017625233187092738,5.736249873005569e-05
on_shell_rho_initial_0.95,244,2.44,0.013061042882586565,3961423231.469523,800,8.0,0.017625233187092738,5.723790748342317e-05
on_shell_rho_initial_0.95,245,2.45,0.013099147389373568,2183574023.902886,800,8.0,0.017625233187092738,5.702698174468232e-05
on_shell_rho_initial_0.95,246,2.46,0.013137230756359686,1148428891.095495,800,8.0,0.017625233187092738,5.6730356253318635e-05
on_shell_rho_initial_0.95,247,2.47,0.013175284427461399,572063697.9598203,800,8.0,0.017625233187092738,5.6340233827200216e-05
on_shell_rho_initial_0.95,248,2.48,0.01321329976268825,266225352.15200362,800,8.0,0.017625233187092738,5.5826742265669485e-05
on_shell_rho_initial_0.95,249,2.49,0.013251268041384455,112571115.1622093,800,8.0,0.017625233187092738,5.512563230495007e-05
on_shell_rho_initial_0.95,250,2.5,0.013289180465641929,40394039.66443022,800,8.0,0.017625233187092738,5.4421274163221266e-05
on_shell_rho_initial_0.95,251,2.5100000000000002,0.013327028163940975,9477760.51980156,800,8.0,0.017625233187092738,6.44851296801437e-05
on_shell_rho_initial_0.95,252,2.52,0.013364802194906093,2012709.6812728476,800,8.0,0.017625233187092738,0.00020114553606003432
on_shell_rho_initial_0.95,253,2.5300000000000002,0.013402493551318742,5331815.221895891,800,8.0,0.017625233187092738,8.102471122659757e-05
on_shell_rho_initial_0.95,254,2.54,0.013440093164191086,6092431.366448961,800,8.0,0.017625233187092738,5.914455724100079e-05
on_shell_rho_initial_0.95,255,2.5500000000000003,0.01347759190709639,6612114.756889405,800,8.0,0.017625233187092738,3.941931233105011e-05
on_shell_rho_initial_0.95,256,2.56,0.013514980600635672,7339166.879918877,800,8.0,0.017625233187092738,2.408212935243604e-05
on_shell_rho_initial_0.95,257,2.57,0.013552250017081505,8073156.870226941,800,8.0,0.017625233187092738,1.572920832125964e-05
on_shell_rho_initial_0.95,258,2.58,0.013589390885185676,8648303.020887582,800,8.0,0.017625233187092738,1.3089001678817183e-05
on_shell_rho_initial_0.95,259,2.59,0.013626393895146905,9022272.065091843,800,8.0,0.017625233187092738,1.3274854516101876e-05
on_shell_rho_initial_0.95,260,2.6,0.013663249703767675,9214411.01310244,800,8.0,0.017625233187092738,1.4197856615617137e-05
on_shell_rho_initial_0.95,261,2.61,0.013699948939733059,9261467.33840187,800,8.0,0.017625233187092738,1.5121347127280375e-05
on_shell_rho_initial_0.95,262,2.62,0.013736482209066337,9199006.202878144,800,8.0,0.017625233187092738,1.5887180952954544e-05
on_shell_rho_initial_0.95,263,2.63,0.013772840100742397,9055940.662265858,800,8.0,0.017625233187092738,1.64934120240988e-05
on_shell_rho_initial_0.95,264,2.64,0.01380901319245151,8854281.0332829,800,8.0,0.017625233187092738,1.696866849072384e-05
on_shell_rho_initial_0.95,265,2.65,0.01384499205648042,8610538.055252701,800,8.0,0.017625233187092738,1.7340818391788992e-05
on_shell_rho_initial_0.95,266,2.66,0.013880767265769008,8337381.758067756,800,8.0,0.017625233187092738,1.763105149211743e-05
on_shell_rho_initial_0.95,267,2.67,0.013916329400074163,8045078.919819432,800,8.0,0.017625233187092738,1.785439693391233e-05
on_shell_rho_initial_0.95,268,2.68,0.0139516690522956,7742576.006921499,800,8.0,0.017625233187092738,1.802158531449528e-05
on_shell_rho_initial_0.95,269,2.69,0.013986776834869692,7438200.169322667,800,8.0,0.017625233187092738,1.814090314416646e-05
on_shell_rho_initial_0.95,270,2.7,0.01402164338634232,7139977.989291071,800,8.0,0.017625233187092738,1.8219681126219594e-05
on_shell_rho_initial_0.95,271,2.71,0.014056259378000013,6855591.355888744,800,8.0,0.017625233187092738,1.8265267767136994e-05
on_shell_rho_initial_0.95,272,2.72,0.014090615520659234,6592026.841733409,800,8.0,0.017625233187092738,1.8285391108430315e-05
on_shell_rho_initial_0.95,273,2.73,0.014124702571467107,6355023.434848012,800,8.0,0.017625233187092738,1.8287892795888843e-05
on_shell_rho_initial_0.95,274,2.74,0.014158511340883199,6148460.840453681,800,8.0,0.017625233187092738,1.827995754415461e-05
on_shell_rho_initial_0.95,275,2.75,0.014192032699664046,5973837.39673436,800,8.0,0.017625233187092738,1.826715105040878e-05
on_shell_rho_initial_0.95,276,2.7600000000000002,0.014225257585981688,5829962.964361093,800,8.0,0.017625233187092738,1.8252658622513448e-05
on_shell_rho_initial_0.95,277,2.77,0.014258177012539565,5712956.963834644,800,8.0,0.017625233187092738,1.8237078801691306e-05
on_shell_rho_initial_0.95,278,2.7800000000000002,0.014290782073777712,5616606.417066201,800,8.0,0.017625233187092738,1.82189127404461e-05
on_shell_rho_initial_0.95,279,2.79,0.014323063953124621,5533091.117138282,800,8.0,0.017625233187092738,1.8195620903488754e-05
on_shell_rho_initial_0.95,280,2.8000000000000003,0.014355013930249384,5454004.063255416,800,8.0,0.017625233187092738,1.8164888997539416e-05
on_shell_rho_initial_0.95,281,2.81,0.014386623388384074,5371497.952081733,800,8.0,0.017625233187092738,1.8125672467068287e-05
on_shell_rho_initial_0.95,282,2.82,0.014417883821596271,5279321.908359728,800,8.0,0.017625233187092738,1.8078713755972846e-05
on_shell_rho_initial_0.95,283,2.83,0.01444878684210263,5173523.093955293,800,8.0,0.017625233187092738,1.8026454924788517e-05
on_shell_rho_initial_0.95,284,2.84,0.014479324187566178,5052678.789151378,800,8.0,0.017625233187092738,1.797246850996837e-05
on_shell_rho_initial_0.95,285,2.85,0.014509487728377995,4917655.946863735,800,8.0,0.017625233187092738,1.79206406541008e-05
on_shell_rho_initial_0.95,286,2.86,0.01453926947489225,4771012.655061636,800,8.0,0.017625233187092738,1.7874323689807412e-05
on_shell_rho_initial_0.95,287,2.87,0.014568661584579227,4616222.396508598,800,8.0,0.017625233187092738,1.7835648872275238e-05
on_shell_rho_initial_0.95,288,2.88,0.014597656369180284,4456907.597672319,800,8.0,0.017625233187092738,1.780513482948815e-05
on_shell_rho_initial_0.95,289,2.89,0.014626246301870602,4296226.339720052,800,8.0,0.017625233187092738,1.778163143875949e-05
on_shell_rho_initial_0.95,290,2.9,0.014654424024112177,4136489.959985819,800,8.0,0.017625233187092738,1.7762582295717344e-05
on_shell_rho_initial_0.95,291,2.91,0.014682182352621012,3979023.631071806,800,8.0,0.017625233187092738,1.774454129468904e-05
on_shell_rho_initial_0.95,292,2.92,0.014709514286158805,3824231.249986852,800,8.0,0.017625233187092738,1.772379156391328e-05
on_shell_rho_initial_0.95,293,2.93,0.014736413012191293,3671799.1266234084,800,8.0,0.017625233187092738,1.769693282806658e-05
on_shell_rho_initial_0.95,294,2.94,0.014762871913473872,3520966.727464823,800,8.0,0.017625233187092738,1.7661322004056766e-05
on_shell_rho_initial_0.95,295,2.95,0.014788884574443672,3370802.255411734,800,8.0,0.017625233187092738,1.7615313228835393e-05
on_shell_rho_initial_0.95,296,2.96,0.014814444787492264,3220438.2207600838,800,8.0,0.017625233187092738,1.7558298509085215e-05
on_shell_rho_initial_0.95,297,2.97,0.014839546559075323,3069241.8927657246,800,8.0,0.017625233187092738,1.749059348986774e-05
on_shell_rho_initial_0.95,298,2.98,0.014864184115628617,2916912.9981631804,800,8.0,0.017625233187092738,1.741323249832247e-05
on_shell_rho_initial_0.95,299,2.99,0.01488835190934357,2763514.0984820826,800,8.0,0.017625233187092738,1.7327732147305932e-05
on_shell_rho_initial_0.95,300,3.0,0.014912044623706296,2609447.231627177,800,8.0,0.017625233187092738,1.723586728158823e-05
on_shell_rho_initial_0.95,301,3.0100000000000002,0.014935257178853523,2455393.740582568,800,8.0,0.017625233187092738,1.7139486423682962e-05
on_shell_rho_initial_0.95,302,3.02,0.014957984736718234,2302234.1185708563,800,8.0,0.017625233187092738,1.704037484633547e-05
on_shell_rho_initial_0.95,303,3.0300000000000002,0.014980222705929223,2150962.199173262,800,8.0,0.017625233187092738,1.694016469233017e-05
on_shell_rho_initial_0.95,304,3.04,0.015001966746506105,2002604.437894304,800,8.0,0.017625233187092738,1.684028354019491e-05
on_shell_rho_initial_0.95,305,3.0500000000000003,0.01502321277430362,1858151.2171545422,800,8.0,0.017625233187092738,1.6741933676401945e-05
on_shell_rho_initial_0.95,306,3.06,0.015043956965184421,1718503.681246673,800,8.0,0.017625233187092738,1.6646092880893257e-05
on_shell_rho_initial_0.95,307,3.0700000000000003,0.015064195758965698,1584436.967047839,800,8.0,0.017625233187092738,1.6553525822571647e-05
on_shell_rho_initial_0.95,308,3.08,0.01508392586308062,1456578.7520485972,800,8.0,0.017625233187092738,1.6464806913582972e-05
on_shell_rho_initial_0.95,309,3.09,0.015103144255955174,1335400.9323599632,800,8.0,0.017625233187092738,1.6380345030073298e-05
on_shell_rho_initial_0.95,310,3.1,0.01512184819013693,1221221.7512466738,800,8.0,0.017625233187092738,1.6300404267752988e-05
on_shell_rho_initial_0.95,311,3.11,0.015140035195130543,1114215.5690160526,800,8.0,0.017625233187092738,1.6225130619360906e-05
on_shell_rho_initial_0.95,312,3.12,0.01515770307990687,1014427.6777266524,800,8.0,0.017625233187092738,1.6154576842831813e-05
on_shell_rho_initial_0.95,313,3.13,0.015174849935158089,921792.0134602587,800,8.0,0.017625233187092738,1.6088715861626788e-05
on_shell_rho_initial_0.95,314,3.14,0.015191474135239745,836149.9789468616,800,8.0,0.017625233187092738,1.6027459751823042e-05
on_shell_rho_initial_0.95,315,3.15,0.015207574339798044,757269.0664828967,800,8.0,0.017625233187092738,1.5970677730287633e-05
on_shell_rho_initial_0.95,316,3.16,0.015223149495090736,684860.3751689196,800,8.0,0.017625233187092738,1.5918205454746155e-05
on_shell_rho_initial_0.95,317,3.17,0.01523819883501947,618594.4596039983,800,8.0,0.017625233187092738,1.5869849233821774e-05
on_shell_rho_initial_0.95,318,3.18,0.015252721881845042,558115.1897440718,800,8.0,0.017625233187092738,1.5825401038925828e-05
on_shell_rho_initial_0.95,319,3.19,0.015266718446558226,503051.50705305743,800,8.0,0.017625233187092738,1.5784647663306937e-05
on_shell_rho_initial_0.95,320,3.2,0.015280188628976461,453027.13747683156,800,8.0,0.017625233187092738,1.5747368582767914e-05
on_shell_rho_initial_0.95,321,3.21,0.015293132817512288,407668.38086928724,800,8.0,0.017625233187092738,1.5713342376373448e-05
on_shell_rho_initial_0.95,322,3.22,0.015305551688631265,366610.16692163446,800,8.0,0.017625233187092738,1.5682351399767893e-05
on_shell_rho_initial_0.95,323,3.23,0.015317446205997202,329500.5950927995,800,8.0,0.017625233187092738,1.565418563951239e-05
on_shell_rho_initial_0.95,324,3.24,0.015328817619309347,296004.18151317025,800,8.0,0.017625233187092738,1.562864270271956e-05
on_shell_rho_initial_0.95,325,3.25,0.015339667462836727,265804.02852361114,800,8.0,0.017625233187092738,1.5605524798787645e-05
on_shell_rho_initial_0.95,326,3.2600000000000002,0.015349997553654073,238603.11380235397,800,8.0,0.017625233187092738,1.5584645542944378e-05
on_shell_rho_initial_0.95,327,3.27,0.015359809989565959,214124.88240286225,800,8.0,0.017625233187092738,1.5565830230785746e-05
on_shell_rho_initial_0.95,328,3.2800000000000002,0.015369107146749942,192113.28732359502,800,8.0,0.017625233187092738,1.5548912374754392e-05
on_shell_rho_initial_0.95,329,3.29,0.015377891677105685,172332.41973543275,800,8.0,0.017625233187092738,1.5533737063589373e-05
on_shell_rho_initial_0.95,330,3.3000000000000003,0.015386166505313941,154565.8331433144,800,8.0,0.017625233187092738,1.552016149636296e-05
on_shell_rho_initial_0.95,331,3.31,0.015393934825626487,138615.65489413912,800,8.0,0.017625233187092738,1.5508051571229185e-05
on_shell_rho_initial_0.95,332,3.3200000000000003,0.015401200098389627,124301.55881421032,800,8.0,0.017625233187092738,1.549727955074987e-05
on_shell_rho_initial_0.95,333,3.33,0.015407966046303996,111459.65629322665,800,8.0,0.017625233187092738,1.54877243534329e-05
on_shell_rho_initial_0.95,334,3.34,0.015414236650423524,99941.34937643877,800,8.0,0.017625233187092738,1.547927564135239e-05
on_shell_rho_initial_0.95,335,3.35,0.015420016145896965,89612.17813121497,800,8.0,0.017625233187092738,1.547184128994076e-05
on_shell_rho_initial_0.95,336,3.36,0.015425309017459008,80350.6814043082,800,8.0,0.017625233187092738,1.5465337354246225e-05
on_shell_rho_initial_0.95,337,3.37,0.015430119994753388,72047.31562785785,800,8.0,0.017625233187092738,1.5459677557745118e-05
on_shell_rho_initial_0.95,338,3.38,0.015434454047368436,64603.407118367046,800,8.0,0.017625233187092738,1.545478449981381e-05
on_shell_rho_initial_0.95,339,3.39,0.015438316379715433,57930.17804184216,800,8.0,0.017625233187092738,1.545057275501344e-05
on_shell_rho_initial_0.95,340,3.4,0.015441712425665425,51947.83056053727,800,8.0,0.017625233187092738,1.544697753672414e-05
on_shell_rho_initial_0.95,341,3.41,0.015444647842988253,46584.69533844503,800,8.0,0.017625233187092738,1.544395541648509e-05
on_shell_rho_initial_0.95,342,3.42,0.015447128507626445,41776.4460181309,800,8.0,0.017625233187092738,1.5441470273967192e-05
on_shell_rho_initial_0.95,343,3.43,0.01544916050780981,37465.378564980594,800,8.0,0.017625233187092738,1.543948071420659e-05
on_shell_rho_initial_0.95,344,3.44,0.015450750138016583,33599.75417148764,800,8.0,0.017625233187092738,1.5437931483315832e-05
on_shell_rho_initial_0.95,345,3.45,0.015451903892787045,30133.20242987092,800,8.0,0.017625233187092738,1.543675154772918e-05
on_shell_rho_initial_0.95,346,3.46,0.015452628460395563,27024.180242807186,800,8.0,0.017625233187092738,1.543586136902144e-05
on_shell_rho_initial_0.95,347,3.47,0.015452930716386908,24235.481310027244,800,8.0,0.017625233187092738,1.5435192048026083e-05
on_shell_rho_initial_0.95,348,3.48,0.01545281771698275,21733.790884338923,800,8.0,0.017625233187092738,1.543471897203646e-05
on_shell_rho_initial_0.95,349,3.49,0.015452296692364125,19489.28063816824,800,8.0,0.017625233187092738,1.543451185661222e-05
on_shell_rho_initial_0.95,350,3.5,0.015451375039836058,17475.23550412707,800,8.0,0.017625233187092738,1.5434607633251398e-05
on_shell_rho_initial_0.95,351,3.5100000000000002,0.015450060317120866,15667.73778247157,800,8.0,0.017625233187092738,1.543488212973031e-05
on_shell_rho_initial_0.95,352,3.52,0.015448360235465936,14045.376658727766,800,8.0,0.017625233187092738,1.543527594175127e-05
on_shell_rho_initial_0.95,353,3.5300000000000002,0.015446282652543036,12588.980482895113,800,8.0,0.017625233187092738,1.543577895428263e-05
on_shell_rho_initial_0.95,354,3.54,0.015443835565501064,11281.388665791057,800,8.0,0.017625233187092738,1.5436316869624817e-05
on_shell_rho_initial_0.95,355,3.5500000000000003,0.015441027103878138,10107.238344991525,800,8.0,0.017625233187092738,1.5436865439731106e-05
on_shell_rho_initial_0.95,356,3.56,0.015437865522500541,9052.775355848355,800,8.0,0.017625233187092738,1.5437433818842836e-05
on_shell_rho_initial_0.95,357,3.5700000000000003,0.015434359194376954,8105.684064754824,800,8.0,0.017625233187092738,1.543804584933337e-05
on_shell_rho_initial_0.95,358,3.58,0.015430516603596092,7254.935114241224,800,8.0,0.017625233187092738,1.5438720992344393e-05
on_shell_rho_initial_0.95,359,3.59,0.015426346338235569,6490.649780203892,800,8.0,0.017625233187092738,1.5439456949231812e-05
on_shell_rho_initial_0.95,360,3.6,0.015421857083289536,5803.979435429545,800,8.0,0.017625233187092738,1.5440216430603838e-05
on_shell_rho_initial_0.95,361,3.61,0.015417057613622413,5186.9985042052585,800,8.0,0.017625233187092738,1.5440920816107772e-05
on_shell_rho_initial_0.95,362,3.62,0.015411956786955543,4632.609280521671,800,8.0,0.017625233187092738,1.5441454214578862e-05
on_shell_rho_initial_0.95,363,3.63,0.015406563536893528,4134.457032592326,800,8.0,0.017625233187092738,1.544168191259121e-05
on_shell_rho_initial_0.95,364,3.64,0.015400886865996425,3686.853920512834,800,8.0,0.017625233187092738,1.544148834016449e-05
on_shell_rho_initial_0.95,365,3.65,0.015394935838903863,3284.7103891172596,800,8.0,0.017625233187092738,1.544084062802787e-05
on_shell_rho_initial_0.95,366,3.66,0.015388719575516583,2923.4728614088513,800,8.0,0.017625233187092738,1.5439885519792837e-05
on_shell_rho_initial_0.95,367,3.67,0.015382247244240746,2599.0667340944783,800,8.0,0.017625233187092738,1.5439088595216926e-05
on_shell_rho_initial_0.95,368,3.68,0.015375528055299958,2307.8443780602556,800,8.0,0.017625233187092738,1.543880994233467e-05
on_shell_rho_initial_0.95,369,3.69,0.015368571254333005,2046.5437167499658,800,8.0,0.017625233187092738,1.5438558996016756e-05
on_shell_rho_initial_0.95,370,3.7,0.015361386116124568,1812.2551700830945,800,8.0,0.017625233187092738,1.5438159798011134e-05
on_shell_rho_initial_0.95,371,3.71,0.015353981937960701,1602.3884179659178,800,8.0,0.017625233187092738,1.5438190044474386e-05
on_shell_rho_initial_0.95,372,3.72,0.015346368033516354,1414.6440458724112,800,8.0,0.017625233187092738,1.543901496174347e-05
on_shell_rho_initial_0.95,373,3.73,0.015338553726740574,1246.9881602869345,800,8.0,0.017625233187092738,1.5441224299203444e-05
on_shell_rho_initial_0.95,374,3.74,0.015330548345865076,1097.631592218359,800,8.0,0.017625233187092738,1.5445705646273715e-05
on_shell_rho_initial_0.95,375,3.75,0.015322361217541368,965.0123553860801,800,8.0,0.017625233187092738,1.5453738728626437e-05
on_shell_rho_initial_0.95,376,3.7600000000000002,0.015314001661110148,847.7807609858302,800,8.0,0.017625233187092738,1.5467110555193638e-05
on_shell_rho_initial_0.95,377,3.77,0.015305478983006425,744.7859455214386,800,8.0,0.017625233187092738,1.54882317860879e-05
on_shell_rho_initial_0.95,378,3.7800000000000002,0.015296802471303626,655.0614253297306,800,8.0,0.017625233187092738,1.55201974830647e-05
on_shell_rho_initial_0.95,379,3.79,0.01528798139039933,577.8055029247722,800,8.0,0.017625233187092738,1.5566670039960456e-05
on_shell_rho_initial_0.95,380,3.8000000000000003,0.015279024975845079,512.3500952124326,800,8.0,0.017625233187092738,1.5631380182975396e-05
on_shell_rho_initial_0.95,381,3.81,0.015269942429322475,458.11002972849013,800,8.0,0.017625233187092738,1.5717019102437306e-05
on_shell_rho_initial_0.95,382,3.8200000000000003,0.015260742913767195,414.5071083916347,800,8.0,0.017625233187092738,1.5823508707023606e-05
on_shell_rho_initial_0.95,383,3.83,0.01525143554864247,380.87362977488664,800,8.0,0.017625233187092738,1.594625288998636e-05
on_shell_rho_initial_0.95,384,3.84,0.015242029405363202,356.35935414798763,800,8.0,0.017625233187092738,1.6075701678272317e-05
on_shell_rho_initial_0.95,385,3.85,0.015232533502871529,339.8831167628911,800,8.0,0.017625233187092738,1.6199386688041557e-05
on_shell_rho_initial_0.95,386,3.86,0.015222956803384632,330.1627144177819,800,8.0,0.017625233187092738,1.630609468991014e-05
on_shell_rho_initial_0.95,387,3.87,0.015213308208321709,325.8184639738872,800,8.0,0.017625233187092738,1.638944415613582e-05
on_shell_rho_initial_0.95,388,3.88,0.015203596554316594,325.508566042612,800,8.0,0.017625233187092738,1.644850291886529e-05
on_shell_rho_initial_0.95,389,3.89,0.01519383060943788,328.03868407712883,800,8.0,0.017625233187092738,1.6486332955902755e-05
on_shell_rho_initial_0.95,390,3.9,0.015184019069549774,332.4212583363596,800,8.0,0.017625233187092738,1.6507733469122833e-05
on_shell_rho_initial_0.95,391,3.91,0.015174170554828531,337.8857421635321,800,8.0,0.017625233187092738,1.6517541670288075e-05
on_shell_rho_initial_0.95,392,3.92,0.01516429360643407,343.85771628906673,800,8.0,0.017625233187092738,1.6519795418014768e-05
on_shell_rho_initial_0.95,393,3.93,0.015154396683335437,349.9247920563854,800,8.0,0.017625233187092738,1.6517523395101417e-05
on_shell_rho_initial_0.95,394,3.94,0.015144488159288606,355.80105317120774,800,8.0,0.017625233187092738,1.651284758225882e-05
on_shell_rho_initial_0.95,395,3.95,0.015134576319964925,361.295718847853,800,8.0,0.017625233187092738,1.650718522338187e-05
on_shell_rho_initial_0.95,396,3.96,0.015124669360228401,366.2878040783715,800,8.0,0.017625233187092738,1.6501446711224055e-05
on_shell_rho_initial_0.95,397,3.97,0.015114775381559854,370.7066028702112,800,8.0,0.017625233187092738,1.6496193898360356e-05
on_shell_rho_initial_0.95,398,3.98,0.015104902389625769,374.51708156110163,800,8.0,0.017625233187092738,1.649175470947368e-05
on_shell_rho_initial_0.95,399,3.99,0.015095058291989663,377.7091353659206,800,8.0,0.017625233187092738,1.6488301397515776e-05
on_shell_rho_initial_0.95,400,4.0,0.015085250895963605,380.2897737729019,800,8.0,0.017625233187092738,1.648590162624072e-05
on_shell_rho_initial_0.95,401,4.01,0.015075487906597447,382.27748302283015,800,8.0,0.017625233187092738,1.6484550535629214e-05
on_shell_rho_initial_0.95,402,4.0200000000000005,0.015065776924803233,383.6981914416315,800,8.0,0.017625233187092738,1.648418992009351e-05
on_shell_rho_initial_0.95,403,4.03,0.015056125445612216,384.58241110563756,800,8.0,0.017625233187092738,1.648471867536931e-05
on_shell_rho_initial_0.95,404,4.04,0.015046540856561754,384.9632462651394,800,8.0,0.017625233187092738,1.6486059270728724e-05
on_shell_rho_initial_0.95,405,4.05,0.015037030436203181,384.8749139309085,800,8.0,0.017625233187092738,1.648821418023945e-05
on_shell_rho_initial_0.95,406,4.0600000000000005,0.01502760135273352,384.35163428872016,800,8.0,0.017625233187092738,1.6491133941608217e-05
on_shell_rho_initial_0.95,407,4.07,0.015018260662760952,383.4269900469835,800,8.0,0.017625233187092738,1.6494720965359856e-05
on_shell_rho_initial_0.95,408,4.08,0.015009015310171457,382.1334295455506,800,8.0,0.017625233187092738,1.6498912615187024e-05
on_shell_rho_initial_0.95,409,4.09,0.014999872125112813,380.5019886719457,800,8.0,0.017625233187092738,1.6503648443345983e-05
on_shell_rho_initial_0.95,410,4.1,0.014990837823088854,378.56211256381135,800,8.0,0.017625233187092738,1.6508871138153226e-05
on_shell_rho_initial_0.95,411,4.11,0.014981919004160196,376.3415643327241,800,8.0,0.017625233187092738,1.6514527122508194e-05
on_shell_rho_initial_0.95,412,4.12,0.01497312215224789,373.86639498402263,800,8.0,0.017625233187092738,1.652056688851651e-05
on_shell_rho_initial_0.95,413,4.13,0.0149644536345362,371.16095560452254,800,8.0,0.017625233187092738,1.652694498442072e-05
on_shell_rho_initial_0.95,414,4.14,0.014955919700971045,368.2479381945816,800,8.0,0.017625233187092738,1.6533619843946155e-05
on_shell_rho_initial_0.95,415,4.15,0.014947526483850428,365.1484352942263,800,8.0,0.017625233187092738,1.6540553368736153e-05
on_shell_rho_initial_0.95,416,4.16,0.014939279997503415,361.88201150875534,800,8.0,0.017625233187092738,1.6547710466853764e-05
on_shell_rho_initial_0.95,417,4.17,0.014931186138054114,358.4667821025171,800,8.0,0.017625233187092738,1.655505842398351e-05
on_shell_rho_initial_0.95,418,4.18,0.01492325068326728,354.9194954243134,800,8.0,0.017625233187092738,1.6562566134141362e-05
on_shell_rho_initial_0.95,419,4.19,0.01491547929247224,351.2556170462239,800,8.0,0.017625233187092738,1.657020338774244e-05
on_shell_rho_initial_0.95,420,4.2,0.014907877506561756,347.4894143224128,800,8.0,0.017625233187092738,1.657793994349954e-05
on_shell_rho_initial_0.95,421,4.21,0.014900450748062738,343.63404060733876,800,8.0,0.017625233187092738,1.6585744869087974e-05
on_shell_rho_initial_0.95,422,4.22,0.014893204321275338,339.7016170345637,800,8.0,0.017625233187092738,1.6593594310521933e-05
on_shell_rho_initial_0.95,423,4.23,0.014886143412465792,335.70330325249586,800,8.0,0.017625233187092738,1.660146928551135e-05
on_shell_rho_initial_0.95,424,4.24,0.014879273090131004,331.64936400123554,800,8.0,0.017625233187092738,1.66093464649271e-05
on_shell_rho_initial_0.95,425,4.25,0.014872598305320875,327.54923447356373,800,8.0,0.017625233187092738,1.6617202672849014e-05
on_shell_rho_initial_0.95,426,4.26,0.014866123892008984,323.4115827377441,800,8.0,0.017625233187092738,1.6625017206172106e-05
on_shell_rho_initial_0.95,427,4.2700000000000005,0.014859854567516899,319.2443672338866,800,8.0,0.017625233187092738,1.6632770021589866e-05
on_shell_rho_initial_0.95,428,4.28,0.01485379493298626,315.05488981539474,800,8.0,0.017625233187092738,1.664044161369427e-05
on_shell_rho_initial_0.95,429,4.29,0.014847949473895424,310.84984511491035,800,8.0,0.017625233187092738,1.6648013002903052e-05
on_shell_rho_initial_0.95,430,4.3,0.014842322560617517,306.6353663883086,800,8.0,0.017625233187092738,1.665546570204873e-05
on_shell_rho_initial_0.95,431,4.3100000000000005,0.014836918449016905,302.41706798217245,800,8.0,0.017625233187092738,1.6662781695620597e-05
on_shell_rho_initial_0.95,432,4.32,0.014831741281081128,298.20008457907846,800,8.0,0.017625233187092738,1.6669943459814392e-05
on_shell_rho_initial_0.95,433,4.33,0.014826795085585502,293.98910738798867,800,8.0,0.017625233187092738,1.6676933920542014e-05
on_shell_rho_initial_0.95,434,4.34,0.014822083778787675,289.788417468147,800,8.0,0.017625233187092738,1.6683736425513333e-05
on_shell_rho_initial_0.95,435,4.3500000000000005,0.014817611165149451,285.60191639069393,800,8.0,0.017625233187092738,1.6690334713625683e-05
on_shell_rho_initial_0.95,436,4.36,0.01481338093808355,281.4331544647478,800,8.0,0.017625233187092738,1.6696712826158307e-05
on_shell_rho_initial_0.95,437,4.37,0.014809396680722668,277.2853567631297,800,8.0,0.017625233187092738,1.6702855019637533e-05
on_shell_rho_initial_0.95,438,4.38,0.014805661866708763,273.161447196741,800,8.0,0.017625233187092738,1.6708745652161252e-05
on_shell_rho_initial_0.95,439,4.39,0.014802179861000199,269.0640708559082,800,8.0,0.017625233187092738,1.6714369106954138e-05
on_shell_rho_initial_0.95,440,4.4,0.01479895392069342,264.99561461380546,800,8.0,0.017625233187092738,1.6719710352727368e-05
on_shell_rho_initial_0.95,441,4.41,0.014795987195849274,260.9582264486883,800,8.0,0.017625233187092738,1.6724754638850637e-05
on_shell_rho_initial_0.95,442,4.42,0.014793282730342465,256.9538326227172,800,8.0,0.017625233187092738,1.6729487209773036e-05
on_shell_rho_initial_0.95,443,4.43,0.014790843462709627,252.98415402444812,800,8.0,0.017625233187092738,1.67338937040334e-05
on_shell_rho_initial_0.95,444,4.44,0.014788672227008106,249.0507210716245,800,8.0,0.017625233187092738,1.673796004798343e-05
on_shell_rho_initial_0.95,445,4.45,0.014786771753679432,245.15488743212504,800,8.0,0.017625233187092738,1.674167233642183e-05
on_shell_rho_initial_0.95,446,4.46,0.0147851446704146,241.2978427729324,800,8.0,0.017625233187092738,1.67450168342947e-05
on_shell_rho_initial_0.95,447,4.47,0.01478379350301939,237.4806246352833,800,8.0,0.017625233187092738,1.674797996661735e-05
on_shell_rho_initial_0.95,448,4.48,0.014782720676278258,233.70412949853605,800,8.0,0.017625233187092738,1.6750548369590686e-05
on_shell_rho_initial_0.95,449,4.49,0.014781928514815199,229.96912307561894,800,8.0,0.017625233187092738,1.6752708886333265e-05
on_shell_rho_initial_0.95,450,4.5,0.01478141924395029,226.27624987765105,800,8.0,0.017625233187092738,1.6754448642730882e-05
on_shell_rho_initial_0.95,451,4.51,0.014781194990550488,222.62604208677573,800,8.0,0.017625233187092738,1.6755755012971876e-05
on_shell_rho_initial_0.95,452,4.5200000000000005,0.014781257783873542,219.01892778289903,800,8.0,0.017625233187092738,1.6756615658393525e-05
on_shell_rho_initial_0.95,453,4.53,0.014781609556403829,215.45523858018726,800,8.0,0.017625233187092738,1.6757018495881343e-05
on_shell_rho_initial_0.95,454,4.54,0.014782252144679058,211.93521674096507,800,8.0,0.017625233187092738,1.6756951679263434e-05
on_shell_rho_initial_0.95,455,4.55,0.01478318729010683,208.4590218450135,800,8.0,0.017625233187092738,1.6756403500939672e-05
on_shell_rho_initial_0.95,456,4.5600000000000005,0.0147844166397701,205.02673693144655,800,8.0,0.017625233187092738,1.6755362483785587e-05
on_shell_rho_initial_0.95,457,4.57,0.014785941747206809,201.63837473108262,800,8.0,0.017625233187092738,1.6753817290065913e-05
on_shell_rho_initial_0.95,458,4.58,0.014787764073186056,198.29388323673012,800,8.0,0.017625233187092738,1.6751756876588716e-05
on_shell_rho_initial_0.95,459,4.59,0.014789884986470032,194.9931507935577,800,8.0,0.017625233187092738,1.6749170546539207e-05
on_shell_rho_initial_0.95,460,4.6000000000000005,0.014792305764554382,191.73601113487726,800,8.0,0.017625233187092738,1.674604780665784e-05
on_shell_rho_initial_0.95,461,4.61,0.014795027594397195,188.5222479405534,800,8.0,0.017625233187092738,1.6742378335055182e-05
on_shell_rho_initial_0.95,462,4.62,0.014798051573128369,185.3515992391638,800,8.0,0.017625233187092738,1.6738151987774408e-05
on_shell_rho_initial_0.95,463,4.63,0.014801378708739177,182.2237616079371,800,8.0,0.017625233187092738,1.6733358787785903e-05
on_shell_rho_initial_0.95,464,4.64,0.014805009920751957,179.13839417445845,800,8.0,0.017625233187092738,1.6727988950268734e-05
on_shell_rho_initial_0.95,465,4.65,0.014808946040869873,176.09512242266288,800,8.0,0.017625233187092738,1.6722032874532178e-05
on_shell_rho_initial_0.95,466,4.66,0.014813187813606778,173.09354180704943,800,8.0,0.017625233187092738,1.6715481146887037e-05
on_shell_rho_initial_0.95,467,4.67,0.014817735896897253,170.13322118671306,800,8.0,0.017625233187092738,1.6708324510686013e-05
on_shell_rho_initial_0.95,468,4.68,0.01482259086268697,167.21370609818072,800,8.0,0.017625233187092738,1.670055384813998e-05
on_shell_rho_initial_0.95,469,4.69,0.014827753197503547,164.3345218963772,800,8.0,0.017625233187092738,1.6692160095512153e-05
on_shell_rho_initial_0.95,470,4.7,0.014833223303008174,161.4951767961654,800,8.0,0.017625233187092738,1.668313418134152e-05
on_shell_rho_initial_0.95,471,4.71,0.01483900149652641,158.6951647019901,800,8.0,0.017625233187092738,1.6673467335597312e-05
on_shell_rho_initial_0.95,472,4.72,0.014845088011524583,155.9339682950487,800,8.0,0.017625233187092738,1.6663150739839325e-05
on_shell_rho_initial_0.95,473,4.73,0.01485148299811025,153.2110615158982,800,8.0,0.017625233187092738,1.665217562373052e-05
on_shell_rho_initial_0.95,474,4.74,0.014858186523482139,150.52591222761504,800,8.0,0.017625233187092738,1.6640533397889957e-05
on_shell_rho_initial_0.95,475,4.75,0.014865198572367263,147.87798473950022,800,8.0,0.017625233187092738,1.66282155202913e-05
on_shell_rho_initial_0.95,476,4.76,0.014872519047441277,145.26674217732258,800,8.0,0.017625233187092738,1.661521350356385e-05
on_shell_rho_initial_0.95,477,4.7700000000000005,0.014880147769722397,142.69164880644541,800,8.0,0.017625233187092738,1.6601518952805867e-05
on_shell_rho_initial_0.95,478,4.78,0.014888084478940189,140.15217227192215,800,8.0,0.017625233187092738,1.6587123592057174e-05
on_shell_rho_initial_0.95,479,4.79,0.014896328833880685,137.647785742275,800,8.0,0.017625233187092738,1.6572019333984575e-05
on_shell_rho_initial_0.95,480,4.8,0.014904880412709256,135.1779699442498,800,8.0,0.017625233187092738,1.6556198351257808e-05
on_shell_rho_initial_0.95,481,4.8100000000000005,0.014913738713272716,132.74221507518675,800,8.0,0.017625233187092738,1.6539653133804492e-05
on_shell_rho_initial_0.95,482,4.82,0.014922903153382242,130.34002257993646,800,8.0,0.017625233187092738,1.6522376622029474e-05
on_shell_rho_initial_0.95,483,4.83,0.014932373071078682,127.97090677887799,800,8.0,0.017625233187092738,1.650436227340185e-05
on_shell_rho_initial_0.95,484,4.84,0.014942147724881881,125.63439633646894,800,8.0,0.017625233187092738,1.648560421322266e-05
on_shell_rho_initial_0.95,485,4.8500000000000005,0.014952226294025771,123.33003556532451,800,8.0,0.017625233187092738,1.6466097344794305e-05
on_shell_rho_initial_0.95,486,4.86,0.014962607878680851,121.05738545905758,800,8.0,0.017625233187092738,1.6445837811542875e-05
on_shell_rho_initial_0.95,487,4.87,0.014973291500107,118.8160245220588,800,8.0,0.017625233187092738,1.6424823786700005e-05
on_shell_rho_initial_0.95,488,4.88,0.014984276100766058,116.60554957114299,800,8.0,0.017625233187092738,1.6403054471312818e-05
on_shell_rho_initial_0.95,489,4.89,0.014995560544549468,114.42557535952375,800,8.0,0.017625233187092738,1.6380531538393428e-05
on_shell_rho_initial_0.95,490,4.9,0.015007143616888322,112.27573464308014,800,8.0,0.017625233187092738,1.635725934148161e-05
on_shell_rho_initial_0.95,491,4.91,0.01501902402486997,110.15567750724443,800,8.0,0.017625233187092738,1.633324564105039e-05
on_shell_rho_initial_0.95,492,4.92,0.015031200397337612,108.06507004259115,800,8.0,0.017625233187092738,1.6308502294264505e-05
on_shell_rho_initial_0.95,493,4.93,0.015043671284974013,106.00359231721363,800,8.0,0.017625233187092738,1.6283046064185696e-05
on_shell_rho_initial_0.95,494,4.94,0.015056435160370567,103.97093555434863,800,8.0,0.017625233187092738,1.6256899453064006e-05
on_shell_rho_initial_0.95,495,4.95,0.015069490418082938,101.96679841186496,800,8.0,0.017625233187092738,1.6230091767608082e-05
on_shell_rho_initial_0.95,496,4.96,0.015082835374674608,99.99088224466897,800,8.0,0.017625233187092738,1.6202660268152986e-05
on_shell_rho_initial_0.95,497,4.97,0.015096468268749597,98.04288520951802,800,8.0,0.017625233187092738,1.617465153813836e-05
on_shell_rho_initial_0.95,498,4.98,0.015110387260975687,96.12249504614554,800,8.0,0.017625233187092738,1.6146123059709708e-05
on_shell_rho_initial_0.95,499,4.99,0.015124590434099512,94.2293803393695,800,8.0,0.017625233187092738,1.6117145014072177e-05
on_shell_rho_initial_0.95,500,5.0,0.015139075792954879,92.3631800431159,800,8.0,0.017625233187092738,1.6087802352115443e-05
on_shell_rho_initial_0.95,501,5.01,0.015153841264465676,90.52349103502024,800,8.0,0.017625233187092738,1.605819708928177e-05
on_shell_rho_initial_0.95,502,5.0200000000000005,0.015168884697644828,88.7098534743929,800,8.0,0.017625233187092738,1.6028450794362616e-05
on_shell_rho_initial_0.95,503,5.03,0.015184203863586767,86.92173354365052,800,8.0,0.017625233187092738,1.5998706485677785e-05
on_shell_rho_initial_0.95,504,5.04,0.015199796455362876,85.15850540671269,800,8.0,0.017625233187092738,1.5969126879185725e-05
on_shell_rho_initial_0.95,505,5.05,0.015215660088055654,83.4194305296386,800,8.0,0.017625233187092738,1.5939901170025885e-05
on_shell_rho_initial_0.95,506,5.0600000000000005,0.015231792298760637,81.70363525717332,800,8.0,0.017625233187092738,1.5911246856731322e-05
on_shell_rho_initial_0.95,507,5.07,0.015248190546533622,80.01008718806256,800,8.0,0.017625233187092738,1.5883408883982926e-05
on_shell_rho_initial_0.95,508,5.08,0.015264852212367463,78.33757068171016,800,8.0,0.017625233187092738,1.585666085768106e-05
on_shell_rho_initial_0.95,509,5.09,0.015281774599176281,76.6846629081735,800,8.0,0.017625233187092738,1.5831304440322383e-05
on_shell_rho_initial_0.95,510,5.1000000000000005,0.015298954931779922,75.04971179077147,800,8.0,0.017625233187092738,1.5807667473600438e-05
on_shell_rho_initial_0.95,511,5.11,0.015316390356881196,73.430817719635,800,8.0,0.017625233187092738,1.5786100331762088e-05
on_shell_rho_initial_0.95,512,5.12,0.015334077943036295,71.82582141248027,800,8.0,0.017625233187092738,1.576696963624705e-05
on_shell_rho_initial_0.95,513,5.13,0.015352014680683269,70.23230094070747,800,8.0,0.017625233187092738,1.5750649326053602e-05
on_shell_rho_initial_0.95,514,5.14,0.015370197482142939,68.64758135502997,800,8.0,0.017625233187092738,1.57375088554873e-05
on_shell_rho_initial_0.95,515,5.15,0.015388623181626681,67.06876067254595,800,8.0,0.017625233187092738,1.5727897641677325e-05
on_shell_rho_initial_0.95,516,5.16,0.015407288535261219,65.49275613839404,800,8.0,0.017625233187092738,1.572212590972895e-05
on_shell_rho_initial_0.95,517,5.17,0.015426190221142416,63.9163744309269,800,8.0,0.017625233187092738,1.5720442174603178e-05
on_shell_rho_initial_0.95,518,5.18,0.01544532483940012,62.33640865315296,800,8.0,0.017625233187092738,1.5723008027112234e-05
on_shell_rho_initial_0.95,519,5.19,0.015464688912251051,60.74976333528599,800,8.0,0.017625233187092738,1.5729871404421018e-05
on_shell_rho_initial_0.95,520,5.2,0.015484278884067285,59.15360616824326,800,8.0,0.017625233187092738,1.5740940726829333e-05
on_shell_rho_initial_0.95,521,5.21,0.015504091121538931,57.54554159284531,800,8.0,0.017625233187092738,1.575596284929844e-05
on_shell_rho_initial_0.95,522,5.22,0.01552412191376963,55.923796564081925,800,8.0,0.017625233187092738,1.577450925790564e-05
on_shell_rho_initial_0.95,523,5.23,0.015544367472429424,54.28740317703867,800,8.0,0.017625233187092738,1.579597624795276e-05
on_shell_rho_initial_0.95,524,5.24,0.015564823931942159,52.63635654394455,800,8.0,0.017625233187092738,1.5819605604582828e-05
on_shell_rho_initial_0.95,525,5.25,0.01558548734968999,50.97172019577734,800,8.0,0.017625233187092738,1.5844533174044424e-05
on_shell_rho_initial_0.95,526,5.26,0.015606353706214365,49.295646540646025,800,8.0,0.017625233187092738,1.586987279676533e-05
on_shell_rho_initial_0.95,527,5.2700000000000005,0.015627418905502195,47.61127823293847,800,8.0,0.017625233187092738,1.5894840771234247e-05
on_shell_rho_initial_0.95,528,5.28,0.01564867877526599,45.92249903105215,800,8.0,0.017625233187092738,1.5918922283936768e-05
on_shell_rho_initial_0.95,529,5.29,0.01567012906725162,44.23351272676772,800,8.0,0.017625233187092738,1.5942074109119877e-05
on_shell_rho_initial_0.95,530,5.3,0.015691765457606296,42.54824698507312,800,8.0,0.017625233187092738,1.596494784465153e-05
on_shell_rho_initial_0.95,531,5.3100000000000005,0.015713583547279555,40.86960637019813,800,8.0,0.017625233187092738,1.5989105427794667e-05
on_shell_rho_initial_0.95,532,5.32,0.015735578862406906,39.19863486120964,800,8.0,0.017625233187092738,1.601718464982007e-05
on_shell_rho_initial_0.95,533,5.33,0.015757746854803772,37.53368985542916,800,8.0,0.017625233187092738,1.605296664992581e-05
on_shell_rho_initial_0.95,534,5.34,0.01578008290247312,35.86976962338703,800,8.0,0.017625233187092738,1.6101296028330166e-05
on_shell_rho_initial_0.95,535,5.3500000000000005,0.015802582310133602,34.198166524372034,800,8.0,0.017625233187092738,1.6167820514717083e-05
on_shell_rho_initial_0.95,536,5.36,0.01582524030982259,32.506625617031744,800,8.0,0.017625233187092738,1.6258548959727792e-05
on_shell_rho_initial_0.95,537,5.37,0.015848052061535174,30.78016033261931,800,8.0,0.017625233187092738,1.637926441060646e-05
on_shell_rho_initial_0.95,538,5.38,0.015871012653872495,29.002604530591572,800,8.0,0.017625233187092738,1.653487611443033e-05
on_shell_rho_initial_0.95,539,5.39,0.015894117104807134,27.15886074987943,800,8.0,0.017625233187092738,1.6728808153243656e-05
on_shell_rho_initial_0.95,540,5.4,0.015917360362442363,25.23765197443128,800,8.0,0.017625233187092738,1.6962527934858276e-05
on_shell_rho_initial_0.95,541,5.41,0.015940737305839846,23.23442307342498,800,8.0,0.017625233187092738,1.723529103804652e-05
on_shell_rho_initial_0.95,542,5.42,0.015964242745906805,21.153909587133832,800,8.0,0.017625233187092738,1.754412601530069e-05
on_shell_rho_initial_0.95,543,5.43,0.015987871426333258,19.011839756485767,800,8.0,0.017625233187092738,1.7884013873773163e-05
on_shell_rho_initial_0.95,544,5.44,0.016011618024565535,16.83529642198091,800,8.0,0.017625233187092738,1.8248247563872843e-05
on_shell_rho_initial_0.95,545,5.45,0.016035477152859967,14.661446776356115,800,8.0,0.017625233187092738,1.8628872912481795e-05
on_shell_rho_initial_0.95,546,5.46,0.016059443359391877,12.534635059702262,800,8.0,0.017625233187092738,1.9017146843410483e-05
on_shell_rho_initial_0.95,547,5.47,0.016083511129419387,10.502164117201561,800,8.0,0.017625233187092738,1.9404003046129252e-05
on_shell_rho_initial_0.95,548,5.48,0.01610767488650143,8.60938710294057,800,8.0,0.017625233187092738,1.97804737219276e-05
on_shell_rho_initial_0.95,549,5.49,0.016131928993742224,6.894910324333131,800,8.0,0.017625233187092738,2.0138132186459704e-05
on_shell_rho_initial_0.95,550,5.5,0.016156267755208127,5.38671160924949,800,8.0,0.017625233187092738,2.0469552775941472e-05
on_shell_rho_initial_0.95,551,5.51,0.016180685417300143,4.0997988988895715,800,8.0,0.017625233187092738,2.0768822007309217e-05
on_shell_rho_initial_0.95,552,5.5200000000000005,0.016205176170207558,3.035712553911025,800,8.0,0.017625233187092738,2.1032307625644177e-05
on_shell_rho_initial_0.95,553,5.53,0.016229734149485527,2.1837974130197044,800,8.0,0.017625233187092738,2.1259740356739105e-05
on_shell_rho_initial_0.95,554,5.54,0.016254353437599803,1.5238404659979505,800,8.0,0.017625233187092738,2.1455811801376298e-05
on_shell_rho_initial_0.95,555,5.55,0.016279028065654934,1.0294665297342023,800,8.0,0.017625233187092738,2.1632670141177507e-05
on_shell_rho_initial_0.95,556,5.5600000000000005,0.016303752015115736,0.6716463267767172,800,8.0,0.017625233187092738,1.465052223501604e-05
on_shell_rho_initial_0.95,557,5.57,0.01632851921958322,0.4217915589238895,800,8.0,0.017625233187092738,9.291722163676094e-06
on_shell_rho_initial_0.95,558,5.58,0.01635332356671409,0.2541516853939201,800,8.0,0.017625233187092738,5.667402099174371e-06
on_shell_rho_initial_0.95,559,5.59,0.016378158900077322,0.14757332196620043,800,8.0,0.017625233187092738,3.312142081655617e-06
on_shell_rho_initial_0.95,560,5.6000000000000005,0.016403019021260058,0.08691759641886364,800,8.0,0.017625233187092738,1.8436709075750425e-06
on_shell_rho_initial_0.95,561,5.61,0.01642789769190761,0.08302880614778634,708,7.08,0.01784206429013267,9.676167282159224e-07
on_shell_rho_initial_0.95,562,5.62,0.01645278863584539,0.08319827988405713,709,7.09,0.017834799247793943,4.7040193190153353e-07
on_shell_rho_initial_0.95,563,5.63,0.016477685541326684,0.08320967888901844,711,7.11,0.017820165863898268,2.0623309872428342e-07
on_shell_rho_initial_0.95,564,5.64,0.016502582063275734,0.08312389366225499,712,7.12,0.017812809650124495,8.424654565236449e-08
on_shell_rho_initial_0.95,565,5.65,0.01652747182571001,0.08298096262029798,713,7.13,0.017805435123172994,5.2847074060860416e-08
on_shell_rho_initial_0.95,566,5.66,0.01655234842409194,0.08280732143304306,714,7.140000000000001,0.017798048267572763,5.31159889542228e-08
on_shell_rho_initial_0.95,567,5.67,0.016577205427855513,0.08261876084857342,715,7.15,0.017790655031832477,5.109844554244756e-08
on_shell_rho_initial_0.95,568,5.68,0.016602036382940034,0.08242420444177406,716,7.16,0.01778326132616695,4.54735686655309e-08
on_shell_rho_initial_0.95,569,5.69,0.016626834814433264,0.08222839603043214,717,7.17,0.017775873020289233,3.886425452845774e-08
on_shell_rho_initial_0.95,570,5.7,0.016651594229243304,0.08203366692720664,718,7.18,0.01776849594126837,3.2800362440941753e-08
on_shell_rho_initial_0.95,571,5.71,0.016676308118853317,0.08184102995205694,719,7.19,0.017761135871452866,2.7830968600639066e-08
on_shell_rho_initial_0.95,572,5.72,0.01670096996214006,0.08165082201722096,720,7.2,0.01775379854645966,2.3989688291678434e-08
on_shell_rho_initial_0.95,573,5.73,0.016725573228249926,0.0814630628317915,721,7.21,0.017746489653228652,2.1102679400719767e-08
on_shell_rho_initial_0.95,574,5.74,0.016750111379534142,0.08127764439788616,722,7.22,0.017739214828142398,1.8949472480651703e-08
on_shell_rho_initial_0.95,575,5.75,0.0167745778745495,0.08109442451388485,723,7.23,0.017731979655210766,1.7332749200568124e-08
on_shell_rho_initial_0.95,576,5.76,0.016798966171113268,0.08091326847996647,724,7.24,0.017724789664319777,1.6099475664057002e-08
on_shell_rho_initial_0.95,577,5.7700000000000005,0.01682326972942372,0.08073406439745028,725,7.25,0.017717650329547485,1.5139614562187723e-08
on_shell_rho_initial_0.95,578,5.78,0.01684748201520322,0.08055672597906467,726,7.26,0.01771056706754295,1.4377325755266527e-08
on_shell_rho_initial_0.95,579,5.79,0.016871596502939786,0.08038119007558613,727,7.2700000000000005,0.017703545235963524,1.3761449146724069e-08
on_shell_rho_initial_0.95,580,5.8,0.016895606679141938,0.08020741246158297,728,7.28,0.017696590131976442,1.3257783469237227e-08
on_shell_rho_initial_0.95,581,5.8100000000000005,0.01691950604567341,0.0800353634491543,729,7.29,0.017689706990821737,1.2843419583569592e-08
on_shell_rho_initial_0.95,582,5.82,0.01694328812308129,0.07986502394122985,730,7.3,0.017682900984435555,1.250276467876159e-08
on_shell_rho_initial_0.95,583,5.83,0.01696694645403367,0.07969638210271804,731,7.3100000000000005,0.01767617722013296,1.2224700699279695e-08
on_shell_rho_initial_0.95,584,5.84,0.01699047460674325,0.07952943066872988,732,7.32,0.01766954073934925,1.2000482214597087e-08
on_shell_rho_initial_0.95,585,5.8500000000000005,0.01701386617847828,0.07936416487588617,733,7.33,0.017662996516438715,1.182209397023184e-08
on_shell_rho_initial_0.95,586,5.86,0.01703711479903542,0.0792008529787713,735,7.3500000000000005,0.01765020439943678,1.1681017555155958e-08
on_shell_rho_initial_0.95,587,5.87,0.017060214134331054,0.07903926473912085,736,7.36,0.01764396610862304,1.1567455169795812e-08
on_shell_rho_initial_0.95,588,5.88,0.017083157889949654,0.07887935644968576,737,7.37,0.01763783928022153,1.1470160883886215e-08
on_shell_rho_initial_0.95,589,5.89,0.01710593981477773,0.07872112474134126,738,7.38,0.017631828537104637,1.1376936229387424e-08
on_shell_rho_initial_0.95,590,5.9,0.017128553704597094,0.07856456739148185,739,7.390000000000001,0.017625938429006522,1.1275710285561852e-08
on_shell_rho_initial_0.95,591,5.91,0.01715099340574324,0.07840968438570514,740,7.4,0.01762017343169534,1.1155921593889573e-08
on_shell_rho_initial_0.95,592,5.92,0.01717325281876726,0.0782564789928671,741,7.41,0.01761453794619319,1.1009820710991189e-08
on_shell_rho_initial_0.95,593,5.93,0.01719532590209368,0.07810495861342419,742,7.42,0.01760903629803684,1.0833326865198455e-08
on_shell_rho_initial_0.95,594,5.94,0.01721720667572628,0.07795513521378612,743,7.43,0.017603672736596063,1.0626224199740567e-08
on_shell_rho_initial_0.95,595,5.95,0.017238889224890225,0.07780702523956702,744,7.44,0.01759845143442925,1.0391680147288614e-08
on_shell_rho_initial_0.95,596,5.96,0.017260367703738337,0.07766064901267143,745,7.45,0.017593376486683927,1.01352464944842e-08
on_shell_rho_initial_0.95,597,5.97,0.017281636339026494,0.07751602971402066,746,7.46,0.017588451910539555,9.863617573189485e-09
on_shell_rho_initial_0.95,598,5.98,0.017302689433777736,0.0773731921248697,747,7.47,0.017583681644690884,9.583422787398274e-09
on_shell_rho_initial_0.95,599,5.99,0.017323521370940197,0.0772321613283309,748,7.48,0.017579069548870348,9.300274738904027e-09
on_shell_rho_initial_0.95,600,6.0,0.01734412661702931,0.07709296155853178,749,7.49,0.017574619403408424,9.018195009425972e-09
on_shell_rho_initial_0.95,601,6.01,0.017364499725747478,0.07695561533720725,750,7.5,0.017570334908830604,8.739428978648039e-09
on_shell_rho_initial_0.95,602,6.0200000000000005,0.01738463534157726,0.07682014297195973,751,7.51,0.017566219685489666,8.464588234604326e-09
on_shell_rho_initial_0.95,603,6.03,0.01740452820334553,0.0766865624230278,752,7.5200000000000005,0.017562277273232254,8.193017161602377e-09
on_shell_rho_initial_0.95,604,6.04,0.017424173147767712,0.07655488949004147,753,7.53,0.017558511131098367,7.923264713374185e-09
on_shell_rho_initial_0.95,605,6.05,0.01744356511292552,0.07642513823417543,754,7.54,0.017554924637052757,7.653565401088795e-09
on_shell_rho_initial_0.95,606,6.0600000000000005,0.017462699141709084,0.07629766677187681,756,7.5600000000000005,0.0175483036983117,7.382252168835504e-09
on_shell_rho_initial_0.95,607,6.07,0.017481570385271143,0.07617225304139369,757,7.57,0.0175452756021687,7.108058588386748e-09
on_shell_rho_initial_0.95,608,6.08,0.017500174106331895,0.07604880733888252,758,7.58,0.017542439850878274,6.830296970545767e-09
on_shell_rho_initial_0.95,609,6.09,0.017518505682497527,0.07592734259129984,759,7.59,0.01753979941400804,6.548918524797772e-09
on_shell_rho_initial_0.95,610,6.1000000000000005,0.017536560609503836,0.07580787254843183,760,7.6000000000000005,0.017537357179025777,6.264477929668947e-09
on_shell_rho_initial_0.95,611,6.11,0.017554334504377312,0.07569041200422509,761,7.61,0.017535115951217064,5.978032608452759e-09
on_shell_rho_initial_0.95,612,6.12,0.01757182310855934,0.07557497689119866,762,7.62,0.017533078453623886,5.691003330999131e-09
on_shell_rho_initial_0.95,613,6.13,0.017589022290938096,0.0754615842686239,763,7.63,0.017531247327003164,5.405027973434072e-09
on_shell_rho_initial_0.95,614,6.140000000000001,0.017605928050800145,0.07535025223046714,764,7.640000000000001,0.017529625129804327,5.121818602207616e-09
on_shell_rho_initial_0.95,615,6.15,0.01762253652071959,0.07524099976000505,765,7.65,0.01752821433816496,4.8430444518942445e-09
on_shell_rho_initial_0.95,616,6.16,0.017638843969343312,0.07513384655575106,766,7.66,0.01752701734592384,4.570239670097437e-09
on_shell_rho_initial_0.95,617,6.17,0.017654846804102137,0.07502881284902853,767,7.67,0.017526036464650372,4.421038636043888e-09
on_shell_rho_initial_0.95,618,6.18,0.01767054157383197,0.07492591922854251,768,7.68,0.01752527392368983,4.299952600019825e-09
on_shell_rho_initial_0.95,619,6.19,0.017685924971280197,0.07482532133724827,770,7.7,0.017524412369344253,4.180016798183985e-09
on_shell_rho_initial_0.95,620,6.2,0.017700993835535507,0.07472739048063337,771,7.71,0.017524317404143272,4.061490515396021e-09
on_shell_rho_initial_0.95,621,6.21,0.017715745154343203,0.07463167667056794,772,7.72,0.01752444887580651,3.944454683813634e-09
on_shell_rho_initial_0.95,622,6.22,0.017730176066305395,0.0745382011544189,773,7.73,0.01752480860370945,3.8290767112487245e-09
on_shell_rho_initial_0.95,623,6.23,0.017744283862995057,0.07444698498588229,774,7.74,0.017525398325548044,3.715501069767166e-09
on_shell_rho_initial_0.95,624,6.24,0.017758065990950787,0.0743580489777647,775,7.75,0.01752621969745708,3.6039216212721424e-09
on_shell_rho_initial_0.95,625,6.25,0.01777152005353407,0.07427141367515142,776,7.76,0.01752727429414821,3.4943824384488922e-09
on_shell_rho_initial_0.95,626,6.26,0.017784643812697086,0.07418709933986244,777,7.7700000000000005,0.017528563609053915,3.3869464444335008e-09
on_shell_rho_initial_0.95,627,6.2700000000000005,0.017797435190621564,0.07410512594332101,778,7.78,0.01753008905447659,3.28168374558014e-09
on_shell_rho_initial_0.95,628,6.28,0.017809892271224998,0.07402551316440124,779,7.79,0.01753185196174257,3.178650455210923e-09
on_shell_rho_initial_0.95,629,6.29,0.017822013301544138,0.07394864988563211,781,7.8100000000000005,0.017536095083188433,3.077888715927152e-09
on_shell_rho_initial_0.95,630,6.3,0.01783379669301104,0.0738746283263367,782,7.82,0.01753857755659626,2.9794290501766304e-09
on_shell_rho_initial_0.95,631,6.3100000000000005,0.017845241022585206,0.07380304455385883,783,7.83,0.017541302010646045,2.8832910926523666e-09
on_shell_rho_initial_0.95,632,6.32,0.0178563450337407,0.0737339174985432,784,7.84,0.017544269374267892,2.789485007730263e-09
on_shell_rho_initial_0.95,633,6.33,0.01786710763734572,0.0736672657499996,785,7.8500000000000005,0.01754748049644505,2.698012190910913e-09
on_shell_rho_initial_0.95,634,6.34,0.01787752791240035,0.07360310753532087,786,7.86,0.017550936146403975,2.60886676632053e-09
on_shell_rho_initial_0.95,635,6.3500000000000005,0.017887605106637512,0.07354146069064021,787,7.87,0.01755463701379936,2.5220360895861953e-09
on_shell_rho_initial_0.95,636,6.36,0.017897338636986164,0.07348234261517377,788,7.88,0.017558583708863967,2.4375018100007526e-09
on_shell_rho_initial_0.95,637,6.37,0.017906728089900917,0.07342672916757663,790,7.9,0.01756721662711185,2.355240363231366e-09
on_shell_rho_initial_0.95,638,6.38,0.01791577322156252,0.07337372408231539,791,7.91,0.017571903675490167,2.2752241193528396e-09
on_shell_rho_initial_0.95,639,6.390000000000001,0.01792447395793991,0.07332331958199859,792,7.92,0.017576838202313188,2.1974212322866138e-09
on_shell_rho_initial_0.95,640,6.4,0.01793283039469686,0.07327553094637457,793,7.930000000000001,0.017582020423682676,2.12179729163819e-09
on_shell_rho_initial_0.95,641,6.41,0.01794084279698703,0.07323037264480503,794,7.94,0.01758745047744384,2.048314754511296e-09
on_shell_rho_initial_0.95,642,6.42,0.017948511599098545,0.07318785823800365,795,7.95,0.017593128423374117,1.976934065272229e-09
on_shell_rho_initial_0.95,643,6.43,0.017955837403965932,0.07314900115753313,797,7.97,0.017605227841651572,1.9076138571889905e-09
on_shell_rho_initial_0.95,644,6.44,0.01796282098254898,0.07311297679694535,798,7.98,0.017611649044930087,1.8403112870658985e-09
on_shell_rho_initial_0.95,645,6.45,0.0179694632730782,0.07307965326185735,799,7.99,0.017618317602632716,1.7749824208144642e-09
on_shell_rho_initial_0.95,646,6.46,0.017975765380166625,0.07304905847506252,800,8.0,0.017625233187092738,1.711582615282196e-09
on_shell_rho_initial_0.95,647,6.47,0.0179817285737878,0.07301535951433993,800,8.0,0.017625233187092738,1.6501037447010296e-09
on_shell_rho_initial_0.95,648,6.48,0.017987354288120126,0.07297564980036776,800,8.0,0.017625233187092738,1.5904765921856434e-09
on_shell_rho_initial_0.95,649,6.49,0.017992644120272627,0.07292991819916897,800,8.0,0.017625233187092738,1.5326426293817105e-09
on_shell_rho_initial_0.95,650,6.5,0.017997599828884818,0.07287815306694538,800,8.0,0.017625233187092738,1.4765559196700328e-09
on_shell_rho_initial_0.95,651,6.51,0.01800222333259811,0.07282034226048752,800,8.0,0.017625233187092738,1.422170935187844e-09
on_shell_rho_initial_0.95,652,6.5200000000000005,0.018006516708409057,0.07275647315134455,800,8.0,0.017625233187092738,1.3694423696779873e-09
on_shell_rho_initial_0.95,653,6.53,0.018010482189890525,0.07268653264352877,800,8.0,0.017625233187092738,1.3183255987270745e-09
on_shell_rho_initial_0.95,654,6.54,0.01801412216530435,0.07261050719442717,800,8.0,0.017625233187092738,1.268776310228033e-09
on_shell_rho_initial_0.95,655,6.55,0.01801743917560567,0.07252838283861074,800,8.0,0.017625233187092738,1.220776080858837e-09
on_shell_rho_initial_0.95,656,6.5600000000000005,0.01802043591233886,0.07244014521429103,800,8.0,0.017625233187092738,1.1742848732867943e-09
on_shell_rho_initial_0.95,657,6.57,0.01802311521542549,0.07234577959221614,800,8.0,0.017625233187092738,1.1292323116061384e-09
on_shell_rho_initial_0.95,658,6.58,0.018025480070844434,0.07224527090684857,800,8.0,0.017625233187092738,1.0855772875626979e-09
on_shell_rho_initial_0.95,659,6.59,0.01802753360820458,0.07213860378969575,800,8.0,0.017625233187092738,1.0432796040787664e-09
on_shell_rho_initial_0.95,660,6.6000000000000005,0.018029279098210553,0.0720257626046918,800,8.0,0.017625233187092738,1.0023001155564092e-09
on_shell_rho_initial_0.95,661,6.61,0.018030719950022037,0.0719067314854374,800,8.0,0.017625233187092738,9.626005708644672e-10
on_shell_rho_initial_0.95,662,6.62,0.01803185970857793,0.0717814943739338,800,8.0,0.017625233187092738,9.385385486627816e-10
on_shell_rho_initial_0.95,663,6.63,0.018032702051838524,0.07165003506081573,800,8.0,0.017625233187092738,9.731297651024643e-10
on_shell_rho_initial_0.95,664,6.640000000000001,0.01803325078783227,0.07151233722712637,800,8.0,0.017625233187092738,1.0069626941107462e-09
on_shell_rho_initial_0.95,665,6.65,0.018033509851787775,0.07136838448721476,800,8.0,0.017625233187092738,1.0399988510082843e-09
on_shell_rho_initial_0.95,666,6.66,0.018033483303075474,0.07121816043277861,800,8.0,0.017625233187092738,1.072210918623914e-09
on_shell_rho_initial_0.95,667,6.67,0.018033175322087504,0.07106164867814214,800,8.0,0.017625233187092738,1.1035804260455244e-09
on_shell_rho_initial_0.95,668,6.68,0.018032590207060467,0.07089883290655104,800,8.0,0.017625233187092738,1.1340963366056545e-09
on_shell_rho_initial_0.95,669,6.69,0.018031732370843382,0.07072969691731078,800,8.0,0.017625233187092738,1.163752097470776e-09
on_shell_rho_initial_0.95,670,6.7,0.018030606337613244,0.07055422467361944,800,8.0,0.017625233187092738,1.1925465062314135e-09
on_shell_rho_initial_0.95,671,6.71,0.018029216739540527,0.07037240035096122,800,8.0,0.017625233187092738,1.2204806016053862e-09
on_shell_rho_initial_0.95,672,6.72,0.018027568313406864,0.07018420838594978,800,8.0,0.017625233187092738,1.2475588669978651e-09
on_shell_rho_initial_0.95,673,6.73,0.018025665897177405,0.06998963352551975,800,8.0,0.017625233187092738,1.273787659875193e-09
on_shell_rho_initial_0.95,674,6.74,0.018023514426529934,0.06978866087637571,800,8.0,0.017625233187092738,1.2991746049676452e-09
on_shell_rho_initial_0.95,675,6.75,0.018021118931343144,0.06958127595461792,800,8.0,0.017625233187092738,1.323728912841514e-09
on_shell_rho_initial_0.95,676,6.76,0.018018484532146255,0.0693674647354671,800,8.0,0.017625233187092738,1.3474606180515675e-09
on_shell_rho_initial_0.95,677,6.7700000000000005,0.018015616436532125,0.06914721370301405,800,8.0,0.017625233187092738,1.3703802089851704e-09
on_shell_rho_initial_0.95,678,6.78,0.018012519935536014,0.06892050989992285,800,8.0,0.017625233187092738,1.3924988572896424e-09
on_shell_rho_initial_0.95,679,6.79,0.018009200399982113,0.06868734097701429,800,8.0,0.017625233187092738,1.4138282456113938e-09
on_shell_rho_initial_0.95,680,6.8,0.018005663276799786,0.06844769524265716,800,8.0,0.017625233187092738,1.4343797591026033e-09
on_shell_rho_initial_0.95,681,6.8100000000000005,0.018001914085311568,0.06820156171136295,800,8.0,0.017625233187092738,1.454165458712211e-09
on_shell_rho_initial_0.95,682,6.82,0.017997958413817235,0.06794893015112075,800,8.0,0.017625233187092738,1.473197406583915e-09
on_shell_rho_initial_0.95,683,6.83,0.017993801916028868,0.06768979112998012,800,8.0,0.017625233187092738,1.4914875146228168e-09
on_shell_rho_initial_0.95,684,6.84,0.017989450307055843,0.06742413606234099,800,8.0,0.017625233187092738,1.509047855176487e-09
on_shell_rho_initial_0.95,685,6.8500000000000005,0.017984909359895624,0.06715195725463623,800,8.0,0.017625233187092738,1.525889988965415e-09
on_shell_rho_initial_0.95,686,6.86,0.017980184901771067,0.0668732479494654,800,8.0,0.017625233187092738,1.5420256576550706e-09
on_shell_rho_initial_0.95,687,6.87,0.01797528281048099,0.06658800236872793,800,8.0,0.017625233187092738,1.5574662443987412e-09
on_shell_rho_initial_0.95,688,6.88,0.017970209010766985,0.06629621575553325,800,8.0,0.017625233187092738,1.5722230818454623e-09
on_shell_rho_initial_0.95,689,6.890000000000001,0.017964969470699515,0.06599788441478421,800,8.0,0.017625233187092738,1.5863072188456648e-09
on_shell_rho_initial_0.95,690,6.9,0.01795957019808611,0.06569300575234563,800,8.0,0.017625233187092738,1.5997294197176517e-09
on_shell_rho_initial_0.95,691,6.91,0.01795401723690448,0.06538157831271461,800,8.0,0.017625233187092738,1.6125003383127555e-09
on_shell_rho_initial_0.95,692,6.92,0.01794831666376314,0.06506360181512023,800,8.0,0.017625233187092738,1.62463021541764e-09
on_shell_rho_initial_0.95,693,6.93,0.017942474584392083,0.06473907718798516,800,8.0,0.017625233187092738,1.6361291755102494e-09
on_shell_rho_initial_0.95,694,6.94,0.017936497130165985,0.06440800660169278,800,8.0,0.017625233187092738,1.6470069870706502e-09
on_shell_rho_initial_0.95,695,6.95,0.017930390454662205,0.06407039349960945,800,8.0,0.017625233187092738,1.6572732743101113e-09
on_shell_rho_initial_0.95,696,6.96,0.017924160730255694,0.06372624262731853,800,8.0,0.017625233187092738,1.6669372381275614e-09
on_shell_rho_initial_0.95,697,6.97,0.017917814144753057,0.06337556006003242,800,8.0,0.017625233187092738,1.6760079568828835e-09
on_shell_rho_initial_0.95,698,6.98,0.01791135689806755,0.06301835322815391,800,8.0,0.017625233187092738,1.6844941869939352e-09
on_shell_rho_initial_0.95,699,6.99,0.017904795198936986,0.06265463094096392,800,8.0,0.017625233187092738,1.6924043513256258e-09
on_shell_rho_initial_0.95,700,7.0,0.01789813526168614,0.06228440340842503,800,8.0,0.017625233187092738,1.6997467881637858e-09
on_shell_rho_initial_0.95,701,7.01,0.01789138330303534,0.06190768226099415,800,8.0,0.017625233187092738,1.7065293476354359e-09
on_shell_rho_initial_0.95,702,7.0200000000000005,0.017884545539015494,0.06152448056741754,800,8.0,0.017625233187092738,1.7127598135241306e-09
on_shell_rho_initial_0.95,703,7.03,0.017877628181926824,0.06113481285054482,800,8.0,0.017625233187092738,1.7184455682477123e-09
on_shell_rho_initial_0.95,704,7.04,0.017870637437246067,0.06073869510121422,800,8.0,0.017625233187092738,1.7235939934093856e-09
on_shell_rho_initial_0.95,705,7.05,0.01786357950069594,0.060336144790382955,800,8.0,0.017625233187092738,1.7282119977101639e-09
on_shell_rho_initial_0.95,706,7.0600000000000005,0.017856460555338752,0.05992718087919337,800,8.0,0.017625233187092738,1.732306277116113e-09
on_shell_rho_initial_0.95,707,7.07,0.017849286768729968,0.05951182382717569,800,8.0,0.017625233187092738,1.7358833138766517e-09
on_shell_rho_initial_0.95,708,7.08,0.01784206429013267,0.05909009559858438,800,8.0,0.017625233187092738,1.7389494947331147e-09
on_shell_rho_initial_0.95,709,7.09,0.017834799247793943,0.058662019666896964,800,8.0,0.017625233187092738,1.7415107618026505e-09
on_shell_rho_initial_0.95,710,7.1000000000000005,0.01782749774628393,0.058227621017510355,800,8.0,0.017625233187092738,1.743573032992249e-09
on_shell_rho_initial_0.95,711,7.11,0.017820165863898268,0.057786926148674284,800,8.0,0.017625233187092738,1.7451419047131744e-09
on_shell_rho_initial_0.95,712,7.12,0.017812809650124495,0.057339963070704644,800,8.0,0.017625233187092738,1.74622273558901e-09
on_shell_rho_initial_0.95,713,7.13,0.017805435123172994,0.056886761303525483,800,8.0,0.017625233187092738,1.7468207344409895e-09
on_shell_rho_initial_0.95,714,7.140000000000001,0.017798048267572763,0.05642735187258904,800,8.0,0.017625233187092738,1.7469409807253e-09
on_shell_rho_initial_0.95,715,7.15,0.017790655031832477,0.0559617673032294,800,8.0,0.017625233187092738,1.7465882178332213e-09
on_shell_rho_initial_0.95,716,7.16,0.01778326132616695,0.055490041613505174,800,8.0,0.017625233187092738,1.7457669963770769e-09
on_shell_rho_initial_0.95,717,7.17,0.017775873020289233,0.055012210305590135,800,8.0,0.017625233187092738,1.7444818666844903e-09
on_shell_rho_initial_0.95,718,7.18,0.01776849594126837,0.05452831035577243,800,8.0,0.017625233187092738,1.7427370323064733e-09
on_shell_rho_initial_0.95,719,7.19,0.017761135871452866,0.05403838020312403,800,8.0,0.017625233187092738,1.740536484005436e-09
on_shell_rho_initial_0.95,720,7.2,0.01775379854645966,0.05354245973690335,800,8.0,0.017625233187092738,1.7378841383631651e-09
on_shell_rho_initial_0.95,721,7.21,0.017746489653228652,0.05304059028275444,800,8.0,0.017625233187092738,1.7347837300672137e-09
on_shell_rho_initial_0.95,722,7.22,0.017739214828142398,0.052532814587766465,800,8.0,0.017625233187092738,1.7312387864319224e-09
on_shell_rho_initial_0.95,723,7.23,0.017731979655210766,0.05201917680445664,800,8.0,0.017625233187092738,1.7272525799417437e-09
on_shell_rho_initial_0.95,724,7.24,0.017724789664319777,0.05149972247374527,800,8.0,0.017625233187092738,1.722828472941055e-09
on_shell_rho_initial_0.95,725,7.25,0.017717650329547485,0.050974498506954215,800,8.0,0.017625233187092738,1.7179693742513435e-09
on_shell_rho_initial_0.95,726,7.26,0.01771056706754295,0.05044355316683666,800,8.0,0.017625233187092738,1.7126781608725016e-09
on_shell_rho_initial_0.95,727,7.2700000000000005,0.017703545235963524,0.049906936047880796,800,8.0,0.017625233187092738,1.7069575775121071e-09
on_shell_rho_initial_0.95,728,7.28,0.017696590131976442,0.04936469805582032,800,8.0,0.017625233187092738,1.7008101918537217e-09
on_shell_rho_initial_0.95,729,7.29,0.017689706990821737,0.048816891386422916,800,8.0,0.017625233187092738,1.6942384036812987e-09
on_shell_rho_initial_0.95,730,7.3,0.017682900984435555,0.048263569503626105,800,8.0,0.017625233187092738,1.687244314987243e-09
on_shell_rho_initial_0.95,731,7.3100000000000005,0.01767617722013296,0.04770478711707362,800,8.0,0.017625233187092738,1.679830149969463e-09
on_shell_rho_initial_0.95,732,7.32,0.01766954073934925,0.047140600159109224,800,8.0,0.017625233187092738,1.6719977326195493e-09
on_shell_rho_initial_0.95,733,7.33,0.017662996516438715,0.04657106576127928,800,8.0,0.017625233187092738,1.6637488092656084e-09
on_shell_rho_initial_0.95,734,7.34,0.017656549457529994,0.04599624223039637,800,8.0,0.017625233187092738,1.6550849894471898e-09
on_shell_rho_initial_0.95,735,7.3500000000000005,0.01765020439943678,0.04541618902421271,800,8.0,0.017625233187092738,1.6460076857219412e-09
on_shell_rho_initial_0.95,736,7.36,0.01764396610862304,0.04483096672675168,800,8.0,0.017625233187092738,1.6365181270871771e-09
on_shell_rho_initial_0.95,737,7.37,0.01763783928022153,0.04424063702334095,800,8.0,0.017625233187092738,1.6266174256885051e-09
on_shell_rho_initial_0.95,738,7.38,0.017631828537104637,0.04364526267539317,800,8.0,0.017625233187092738,1.616306460190538e-09
on_shell_rho_initial_0.95,739,7.390000000000001,0.017625938429006522,0.043044907494974104,800,8.0,0.017625233187092738,1.6055859344595578e-09
on_shell_rho_initial_0.95,740,7.4,0.01762017343169534,0.04243963631919877,800,8.0,0.017625233187092738,1.5944564360944175e-09
on_shell_rho_initial_0.95,741,7.41,0.01761453794619319,0.04182951498449759,800,8.0,0.017625233187092738,1.5829183101252902e-09
on_shell_rho_initial_0.95,742,7.42,0.01760903629803684,0.041214610300785506,800,8.0,0.017625233187092738,1.5709716757151507e-09
on_shell_rho_initial_0.95,743,7.43,0.017603672736596063,0.04059499002555563,800,8.0,0.017625233187092738,1.558616539349156e-09
on_shell_rho_initial_0.95,744,7.44,0.01759845143442925,0.03997072283794547,800,8.0,0.017625233187092738,1.545852650149976e-09
on_shell_rho_initial_0.95,745,7.45,0.017593376486683927,0.039341878312800775,800,8.0,0.017625233187092738,1.5326795260801266e-09
on_shell_rho_initial_0.95,746,7.46,0.017588451910539555,0.038708526894763104,800,8.0,0.017625233187092738,1.519096486831341e-09
on_shell_rho_initial_0.95,747,7.47,0.017583681644690884,0.038070739872409075,800,8.0,0.017625233187092738,1.5051026653208089e-09
on_shell_rho_initial_0.95,748,7.48,0.017579069548870348,0.03742858935246405,800,8.0,0.017625233187092738,1.4906968469499273e-09
on_shell_rho_initial_0.95,749,7.49,0.017574619403408424,0.03678214823411567,800,8.0,0.017625233187092738,1.4758776791513248e-09
on_shell_rho_initial_0.95,750,7.5,0.017570334908830604,0.036131490183445907,800,8.0,0.017625233187092738,1.460643491601735e-09
on_shell_rho_initial_0.95,751,7.51,0.017566219685489666,0.035476689608002335,800,8.0,0.017625233187092738,1.4449923502707827e-09
on_shell_rho_initial_0.95,752,7.5200000000000005,0.017562277273232254,0.03481782163152672,800,8.0,0.017625233187092738,1.4289220514339659e-09
on_shell_rho_initial_0.95,753,7.53,0.017558511131098367,0.034154962068856654,800,8.0,0.017625233187092738,1.4124300734765116e-09
on_shell_rho_initial_0.95,754,7.54,0.017554924637052757,0.03348818740101512,800,8.0,0.017625233187092738,1.3955135908359108e-09
on_shell_rho_initial_0.95,755,7.55,0.017551521087747095,0.03281757475050252,800,8.0,0.017625233187092738,1.3781694858117387e-09
on_shell_rho_initial_0.95,756,7.5600000000000005,0.0175483036983117,0.032143201856803735,800,8.0,0.017625233187092738,1.360394251073464e-09
on_shell_rho_initial_0.95,757,7.57,0.0175452756021687,0.03146514705212346,800,8.0,0.017625233187092738,1.342184079999604e-09
on_shell_rho_initial_0.95,758,7.58,0.017542439850878274,0.030783489237355376,800,8.0,0.017625233187092738,1.3235347520508596e-09
on_shell_rho_initial_0.95,759,7.59,0.01753979941400804,0.030098307858297924,800,8.0,0.017625233187092738,1.304441676036028e-09
on_shell_rho_initial_0.95,760,7.6000000000000005,0.017537357179025777,0.029409682882122753,800,8.0,0.017625233187092738,1.2848998593717114e-09
on_shell_rho_initial_0.95,761,7.61,0.017535115951217064,0.02871769477410301,800,8.0,0.017625233187092738,1.2649038779390476e-09
on_shell_rho_initial_0.95,762,7.62,0.017533078453623886,0.028022424474608044,800,8.0,0.017625233187092738,1.2444478570773146e-09
on_shell_rho_initial_0.95,763,7.63,0.017531247327003164,0.027323953376369912,800,8.0,0.017625233187092738,1.2235254659486506e-09
on_shell_rho_initial_0.95,764,7.640000000000001,0.017529625129804327,0.026622363302026334,800,8.0,0.017625233187092738,1.2021298637654428e-09
on_shell_rho_initial_0.95,765,7.65,0.01752821433816496,0.025917736481943867,800,8.0,0.017625233187092738,1.1802537321084054e-09
on_shell_rho_initial_0.95,766,7.66,0.01752701734592384,0.0252101555323231,800,8.0,0.017625233187092738,1.1578891942302518e-09
on_shell_rho_initial_0.95,767,7.67,0.017526036464650372,0.024499703433589537,800,8.0,0.017625233187092738,1.1350278233203044e-09
on_shell_rho_initial_0.95,768,7.68,0.01752527392368983,0.023786463509070377,800,8.0,0.017625233187092738,1.1116606038570334e-09
on_shell_rho_initial_0.95,769,7.69,0.017524731870223676,0.02307051940395946,800,8.0,0.017625233187092738,1.0877778984308596e-09
on_shell_rho_initial_0.95,770,7.7,0.017524412369344253,0.022351955064570436,800,8.0,0.017625233187092738,1.063369447750238e-09
on_shell_rho_initial_0.95,771,7.71,0.017524317404143272,0.021630854717878442,800,8.0,0.017625233187092738,1.0384243047845015e-09
on_shell_rho_initial_0.95,772,7.72,0.01752444887580651,0.020907302851353195,800,8.0,0.017625233187092738,1.0129308311855987e-09
on_shell_rho_initial_0.95,773,7.73,0.01752480860370945,0.020181384193080517,800,8.0,0.017625233187092738,9.868766520495e-10
on_shell_rho_initial_0.95,774,7.74,0.017525398325548044,0.019453183692168467,800,8.0,0.017625233187092738,9.602486366745137e-10
on_shell_rho_initial_0.95,775,7.75,0.01752621969745708,0.01872278649944148,800,8.0,0.017625233187092738,9.33032858776614e-10
on_shell_rho_initial_0.95,776,7.76,0.01752727429414821,0.01799027794841824,800,8.0,0.017625233187092738,9.052145509837564e-10
on_shell_rho_initial_0.95,777,7.7700000000000005,0.017528563609053915,0.01725574353657167,800,8.0,0.017625233187092738,8.767780854794304e-10
on_shell_rho_initial_0.95,778,7.78,0.01753008905447659,0.01651926890687145,800,8.0,0.017625233187092738,8.477069310177915e-10
on_shell_rho_initial_0.95,779,7.79,0.01753185196174257,0.015780939829605056,800,8.0,0.017625233187092738,8.179836160841267e-10
on_shell_rho_initial_0.95,780,7.8,0.017533853581361142,0.015040842184476664,800,8.0,0.017625233187092738,7.875896866310013e-10
on_shell_rho_initial_0.95,781,7.8100000000000005,0.017536095083188433,0.014299061942979299,800,8.0,0.017625233187092738,7.565056681599705e-10
on_shell_rho_initial_0.95,782,7.82,0.01753857755659626,0.013555685151038941,800,8.0,0.017625233187092738,7.247110302456566e-10
on_shell_rho_initial_0.95,783,7.83,0.017541302010646045,0.012810797911926452,800,8.0,0.017625233187092738,6.921841396458191e-10
on_shell_rho_initial_0.95,784,7.84,0.017544269374267892,0.012064486369436052,800,8.0,0.017625233187092738,6.589022172417475e-10
on_shell_rho_initial_0.95,785,7.8500000000000005,0.01754748049644505,0.01131683669132664,800,8.0,0.017625233187092738,6.248412989682818e-10
on_shell_rho_initial_0.95,786,7.86,0.017550936146403975,0.010567935053024799,800,8.0,0.017625233187092738,5.89976190300403e-10
on_shell_rho_initial_0.95,787,7.87,0.01755463701379936,0.009817867621588391,800,8.0,0.017625233187092738,5.542804206580862e-10
on_shell_rho_initial_0.95,788,7.88,0.017558583708863967,0.00906672053992548,800,8.0,0.017625233187092738,5.177262000064752e-10
on_shell_rho_initial_0.95,789,7.890000000000001,0.017562776762630884,0.008314579911260979,800,8.0,0.017625233187092738,4.802843752467853e-10
on_shell_rho_initial_0.95,790,7.9,0.01756721662711185,0.007561531783854904,800,8.0,0.017625233187092738,4.41924384712004e-10
on_shell_rho_initial_0.95,791,7.91,0.017571903675490167,0.006807662135966765,800,8.0,0.017625233187092738,4.0261421267576096e-10
on_shell_rho_initial_0.95,792,7.92,0.017576838202313188,0.006053056861064219,800,8.0,0.017625233187092738,3.6232034625014156e-10
on_shell_rho_initial_0.95,793,7.930000000000001,0.017582020423682676,0.005297801753272924,800,8.0,0.017625233187092738,3.210077326316176e-10
on_shell_rho_initial_0.95,794,7.94,0.01758745047744384,0.004541982493064983,800,8.0,0.017625233187092738,2.786397374314038e-10
on_shell_rho_initial_0.95,795,7.95,0.017593128423374117,0.0037856846331816908,800,8.0,0.017625233187092738,2.351781025022387e-10
on_shell_rho_initial_0.95,796,7.96,0.017599054243372655,0.003028993584789041,800,8.0,0.017625233187092738,1.9058290915041279e-10
on_shell_rho_initial_0.95,797,7.97,0.017605227841651572,0.002271994603862214,800,8.0,0.017625233187092738,1.4481254126319432e-10
on_shell_rho_initial_0.95,798,7.98,0.017611649044930087,0.0015147727777968802,800,8.0,0.017625233187092738,9.782365369881897e-11
on_shell_rho_initial_0.95,799,7.99,0.017618317602632716,0.0007574130122429728,800,8.0,0.017625233187092738,4.957114458387153e-11
on_shell_rho_initial_0.95,800,8.0,0.017625233187092738,0.0,800,8.0,0.017625233187092738,0.0
on_shell_rho_initial_1.05,0,0.0,0.01,9.75966537634126e+19,800,8.0,0.017852018338009614,2.7065808764557898e-05
on_shell_rho_initial_1.05,1,0.01,0.01003772673966681,9.518931377503709e+19,800,8.0,0.017852018338009614,2.5494350640460796e-05
on_shell_rho_initial_1.05,2,0.02,0.010073311911048956,9.2640048910669e+19,800,8.0,0.017852018338009614,2.555515980080209e-05
on_shell_rho_initial_1.05,3,0.03,0.010106801877259328,8.979549850298881e+19,800,8.0,0.017852018338009614,2.5628831003973776e-05
on_shell_rho_initial_1.05,4,0.04,0.010138243666107981,8.66348907959808e+19,800,8.0,0.017852018338009614,2.5711144143969498e-05
on_shell_rho_initial_1.05,5,0.05,0.01016768491107769,8.31672019480242e+19,800,8.0,0.017852018338009614,2.579832412116997e-05
on_shell_rho_initial_1.05,6,0.06,0.010195173789435448,7.942484032093351e+19,800,8.0,0.017852018338009614,2.5887239577281924e-05
on_shell_rho_initial_1.05,7,0.07,0.010220758958036045,7.545660768571066e+19,800,8.0,0.017852018338009614,2.5975440902692744e-05
on_shell_rho_initial_1.05,8,0.08,0.01024448948734439,7.1320962857043165e+19,800,8.0,0.017852018338009614,2.606110933285054e-05
on_shell_rho_initial_1.05,9,0.09,0.010266414794178088,6.708020398517134e+19,800,8.0,0.017852018338009614,2.6142965532825765e-05
on_shell_rho_initial_1.05,10,0.1,0.010286584573635665,6.279585515330165e+19,800,8.0,0.017852018338009614,2.6220168454087244e-05
on_shell_rho_initial_1.05,11,0.11,0.010305048730658118,5.852530683398377e+19,800,8.0,0.017852018338009614,2.6292219393547693e-05
on_shell_rho_initial_1.05,12,0.12,0.01032185731163542,5.431961100680793e+19,800,8.0,0.017852018338009614,2.6358878921679612e-05
on_shell_rho_initial_1.05,13,0.13,0.010337060436448296,5.022225308337788e+19,800,8.0,0.017852018338009614,2.6420098838455037e-05
on_shell_rho_initial_1.05,14,0.14,0.010350708231291673,4.62686944464569e+19,800,8.0,0.017852018338009614,2.647596727260856e-05
on_shell_rho_initial_1.05,15,0.15,0.010362850762609023,4.248648350862601e+19,800,8.0,0.017852018338009614,2.6526667009909165e-05
on_shell_rho_initial_1.05,16,0.16,0.010373537972437648,3.889575584418647e+19,800,8.0,0.017852018338009614,2.6572442896599548e-05
on_shell_rho_initial_1.05,17,0.17,0.01038281961542775,3.5509974766995173e+19,800,8.0,0.017852018338009614,2.6613578108831288e-05
on_shell_rho_initial_1.05,18,0.18,0.01039074519777917,3.2336796278077858e+19,800,8.0,0.017852018338009614,2.665037693252869e-05
on_shell_rho_initial_1.05,19,0.19,0.01039736391830283,2.937897254439184e+19,800,8.0,0.017852018338009614,2.6683149858769564e-05
on_shell_rho_initial_1.05,20,0.2,0.010402724611787066,2.663523390712617e+19,800,8.0,0.017852018338009614,2.6712207428139773e-05
on_shell_rho_initial_1.05,21,0.21,0.010406875694840386,2.4101110842270405e+19,800,8.0,0.017852018338009614,2.6737851731163773e-05
on_shell_rho_initial_1.05,22,0.22,0.010409865114328416,2.176967328354447e+19,800,8.0,0.017852018338009614,2.6760372537599986e-05
on_shell_rho_initial_1.05,23,0.23,0.010411740298527126,1.9632176851003056e+19,800,8.0,0.017852018338009614,2.6780047585360648e-05
on_shell_rho_initial_1.05,24,0.24,0.01041254811106622,1.7678614131145296e+19,800,8.0,0.017852018338009614,2.6797135410797885e-05
on_shell_rho_initial_1.05,25,0.25,0.010412334807737442,1.5898174326227515e+19,800,8.0,0.017852018338009614,2.6811877365441232e-05
on_shell_rho_initial_1.05,26,0.26,0.010411145996196086,1.4279618459987331e+19,800,8.0,0.017852018338009614,2.682450120346492e-05
on_shell_rho_initial_1.05,27,0.27,0.010409026598601701,1.281157922996702e+19,800,8.0,0.017852018338009614,2.6835214343969358e-05
on_shell_rho_initial_1.05,28,0.28,0.010406020817187528,1.148279482546161e+19,800,8.0,0.017852018338009614,2.6844209445157062e-05
on_shell_rho_initial_1.05,29,0.29,0.010402172102757875,1.028228645879412e+19,800,8.0,0.017852018338009614,2.6851667997994973e-05
on_shell_rho_initial_1.05,30,0.3,0.01039752312608333,9.199488751181574e+18,800,8.0,0.017852018338009614,2.6857750517832036e-05
on_shell_rho_initial_1.05,31,0.31,0.010392115752172287,8.224340935166112e+18,800,8.0,0.017852018338009614,2.6862603021957033e-05
on_shell_rho_initial_1.05,32,0.32,0.010385991017324516,7.34734636256031e+18,800,8.0,0.017852018338009614,2.6866366076375905e-05
on_shell_rho_initial_1.05,33,0.33,0.010379189108969653,6.559606960355971e+18,800,8.0,0.017852018338009614,2.6869162953706277e-05
on_shell_rho_initial_1.05,34,0.34,0.010371749348165697,5.852837747732036e+18,800,8.0,0.017852018338009614,2.687110438374627e-05
on_shell_rho_initial_1.05,35,0.35000000000000003,0.010363710174706267,5.219366061751269e+18,800,8.0,0.017852018338009614,2.6872297100600974e-05
on_shell_rho_initial_1.05,36,0.36,0.010355109134734553,4.652119460312263e+18,800,8.0,0.017852018338009614,2.6872840478086155e-05
on_shell_rho_initial_1.05,37,0.37,0.010345982870786686,4.1446052811552154e+18,800,8.0,0.017852018338009614,2.6872813401200036e-05
on_shell_rho_initial_1.05,38,0.38,0.010336367114165754,3.690884193466941e+18,800,8.0,0.017852018338009614,2.687229047858663e-05
on_shell_rho_initial_1.05,39,0.39,0.010326296679495906,3.285539945244332e+18,800,8.0,0.017852018338009614,2.687134892489334e-05
on_shell_rho_initial_1.05,40,0.4,0.010315805461440428,2.923647007064342e+18,800,8.0,0.017852018338009614,2.6870050623515357e-05
on_shell_rho_initial_1.05,41,0.41000000000000003,0.010304926433399185,2.6007370634611466e+18,800,8.0,0.017852018338009614,2.6868449114945125e-05
on_shell_rho_initial_1.05,42,0.42,0.010293691648112259,2.3127653454045865e+18,800,8.0,0.017852018338009614,2.6866597144899615e-05
on_shell_rho_initial_1.05,43,0.43,0.010282132240045743,2.0560776013243195e+18,800,8.0,0.017852018338009614,2.6864550324204117e-05
on_shell_rho_initial_1.05,44,0.44,0.010270278429454773,1.8273781814372452e+18,800,8.0,0.017852018338009614,2.686235094960477e-05
on_shell_rho_initial_1.05,45,0.45,0.010258159528038121,1.6236994733682473e+18,800,8.0,0.017852018338009614,2.6860024885977377e-05
on_shell_rho_initial_1.05,46,0.46,0.01024580394602612,1.442372904305813e+18,800,8.0,0.017852018338009614,2.685760826732236e-05
on_shell_rho_initial_1.05,47,0.47000000000000003,0.010233239200610523,1.2810018256413514e+18,800,8.0,0.017852018338009614,2.6855138362622608e-05
on_shell_rho_initial_1.05,48,0.48,0.010220491925662128,1.1374362832122423e+18,800,8.0,0.017852018338009614,2.685263912309266e-05
on_shell_rho_initial_1.05,49,0.49,0.010207587882568779,1.0097495896832588e+18,800,8.0,0.017852018338009614,2.6850128944675086e-05
on_shell_rho_initial_1.05,50,0.5,0.010194551972126858,8.962167087287324e+17,800,8.0,0.017852018338009614,2.6847627322247072e-05
on_shell_rho_initial_1.05,51,0.51,0.01018140824737775,7.952944412763997e+17,800,8.0,0.017852018338009614,2.684516045700491e-05
on_shell_rho_initial_1.05,52,0.52,0.010168179927299266,7.056033331664151e+17,800,8.0,0.017852018338009614,2.6842753333935026e-05
on_shell_rho_initial_1.05,53,0.53,0.010154889411275646,6.259111644236364e+17,800,8.0,0.017852018338009614,2.684040599069117e-05
on_shell_rho_initial_1.05,54,0.54,0.010141558294271838,5.551178975408738e+17,800,8.0,0.017852018338009614,2.6838119068276285e-05
on_shell_rho_initial_1.05,55,0.55,0.010128207382532242,4.9224201923535635e+17,800,8.0,0.017852018338009614,2.68359146577291e-05
on_shell_rho_initial_1.05,56,0.56,0.010114856709861468,4.364082522937979e+17,800,8.0,0.017852018338009614,2.6833802672166644e-05
on_shell_rho_initial_1.05,57,0.5700000000000001,0.01010152555434071,3.8683643050135354e+17,800,8.0,0.017852018338009614,2.6831786426368306e-05
on_shell_rho_initial_1.05,58,0.58,0.010088232455411154,3.428314587257477e+17,800,8.0,0.017852018338009614,2.6829864873023954e-05
on_shell_rho_initial_1.05,59,0.59,0.01007499523126776,3.037742699955227e+17,800,8.0,0.017852018338009614,2.6828039186301432e-05
on_shell_rho_initial_1.05,60,0.6,0.01006183099649371,2.6911370703076982e+17,800,8.0,0.017852018338009614,2.6826318388731033e-05
on_shell_rho_initial_1.05,61,0.61,0.010048756179878828,2.3835924460101043e+17,800,8.0,0.017852018338009614,2.682471632895688e-05
on_shell_rho_initial_1.05,62,0.62,0.010035786542373994,2.1107446215434173e+17,800,8.0,0.017852018338009614,2.68232341681533e-05
on_shell_rho_initial_1.05,63,0.63,0.010022937195141886,1.868711810206984e+17,800,8.0,0.017852018338009614,2.68218470161804e-05
on_shell_rho_initial_1.05,64,0.64,0.010010222617634363,1.6540420555966336e+17,800,8.0,0.017852018338009614,2.6820555884641294e-05
on_shell_rho_initial_1.05,65,0.65,0.009997656675580953,1.4636663217767552e+17,800,8.0,0.017852018338009614,2.6819379724040984e-05
on_shell_rho_initial_1.05,66,0.66,0.009985252639029931,1.2948567762256325e+17,800,8.0,0.017852018338009614,2.6818313315084245e-05
on_shell_rho_initial_1.05,67,0.67,0.009973023200239163,1.1451893270938403e+17,800,8.0,0.017852018338009614,2.6817354216131203e-05
on_shell_rho_initial_1.05,68,0.68,0.00996098049145136,1.0125101993969278e+17,800,8.0,0.017852018338009614,2.681649674340789e-05
on_shell_rho_initial_1.05,69,0.6900000000000001,0.00994913610250711,8.949061050946746e+16,800,8.0,0.017852018338009614,2.6815739025997475e-05
on_shell_rho_initial_1.05,70,0.7000000000000001,0.009937501098265787,7.90677672058486e+16,800,8.0,0.017852018338009614,2.6815088072636586e-05
on_shell_rho_initial_1.05,71,0.71,0.009926086035810428,6.983157905463161e+16,800,8.0,0.017852018338009614,2.6814559372917666e-05
on_shell_rho_initial_1.05,72,0.72,0.00991490098141722,6.164805445048399e+16,800,8.0,0.017852018338009614,2.681416662564738e-05
on_shell_rho_initial_1.05,73,0.73,0.009903955527274886,5.439824133599436e+16,800,8.0,0.017852018338009614,2.6813898365893587e-05
on_shell_rho_initial_1.05,74,0.74,0.00989325880794177,4.7976549186430744e+16,800,8.0,0.017852018338009614,2.6813746944458175e-05
on_shell_rho_initial_1.05,75,0.75,0.009882819516450215,4.228925623086398e+16,800,8.0,0.017852018338009614,2.6813743400700653e-05
on_shell_rho_initial_1.05,76,0.76,0.009872645920126589,3.72531880902867e+16,800,8.0,0.017852018338009614,2.6813916671972648e-05
on_shell_rho_initial_1.05,77,0.77,0.009862745876122484,3.279454116269704e+16,800,8.0,0.017852018338009614,2.6814286759663457e-05
on_shell_rho_initial_1.05,78,0.78,0.009853126846583167,2.8847833214782804e+16,800,8.0,0.017852018338009614,2.681488121817575e-05
on_shell_rho_initial_1.05,79,0.79,0.009843795913483062,2.535497034671387e+16,800,8.0,0.017852018338009614,2.6815734083624823e-05
on_shell_rho_initial_1.05,80,0.8,0.009834759793109306,2.226441769264914e+16,800,8.0,0.017852018338009614,2.6816894319905965e-05
on_shell_rho_initial_1.05,81,0.81,0.009826024850188658,1.953046304423828e+16,800,8.0,0.017852018338009614,2.681843271011983e-05
on_shell_rho_initial_1.05,82,0.8200000000000001,0.009817597111655321,1.7112563126866044e+16,800,8.0,0.017852018338009614,2.6820444851794616e-05
on_shell_rho_initial_1.05,83,0.8300000000000001,0.009809482280059347,1.4974762894236978e+16,800,8.0,0.017852018338009614,2.6823047419875532e-05
on_shell_rho_initial_1.05,84,0.84,0.009801685746617191,1.3085178961791336e+16,800,8.0,0.017852018338009614,2.682636353584741e-05
on_shell_rho_initial_1.05,85,0.85,0.009794212603907872,1.1415539582050712e+16,800,8.0,0.017852018338009614,2.6830534073118865e-05
on_shell_rho_initial_1.05,86,0.86,0.009787067658184025,9940776080713688.0,800,8.0,0.017852018338009614,2.6835796644478313e-05
on_shell_rho_initial_1.05,87,0.87,0.009780255441279079,8638661786095801.0,800,8.0,0.017852018338009614,2.6842465859805222e-05
on_shell_rho_initial_1.05,88,0.88,0.009773780222237374,7489491836365744.0,800,8.0,0.017852018338009614,2.6850914488452946e-05
on_shell_rho_initial_1.05,89,0.89,0.009767646018531292,6475797781503336.0,800,8.0,0.017852018338009614,2.686164524616909e-05
on_shell_rho_initial_1.05,90,0.9,0.009761856606935902,5582094338383988.0,800,8.0,0.017852018338009614,2.6875326510181793e-05
on_shell_rho_initial_1.05,91,0.91,0.009756415534047271,4794654651961132.0,800,8.0,0.017852018338009614,2.689287027931018e-05
on_shell_rho_initial_1.05,92,0.92,0.009751326126449801,4101310989019799.5,800,8.0,0.017852018338009614,2.691554604947651e-05
on_shell_rho_initial_1.05,93,0.93,0.009746591500538752,3491278085321440.0,800,8.0,0.017852018338009614,2.694515176568126e-05
on_shell_rho_initial_1.05,94,0.9400000000000001,0.00974221457200509,2954996525869891.5,800,8.0,0.017852018338009614,2.6984279926336513e-05
on_shell_rho_initial_1.05,95,0.9500000000000001,0.00973819806499042,2483993768233102.5,800,8.0,0.017852018338009614,2.7036749962794378e-05
on_shell_rho_initial_1.05,96,0.96,0.009734544520920362,2070760639280847.2,800,8.0,0.017852018338009614,2.710834741458107e-05
on_shell_rho_initial_1.05,97,0.97,0.009731256307024665,1708641532875372.0,800,8.0,0.017852018338009614,2.7208283619387674e-05
on_shell_rho_initial_1.05,98,0.98,0.009728335624500057,1391737307236778.2,800,8.0,0.017852018338009614,2.735197392014865e-05
on_shell_rho_initial_1.05,99,0.99,0.009725784516385923,1114819504970957.9,800,8.0,0.017852018338009614,2.7566585510700914e-05
on_shell_rho_initial_1.05,100,1.0,0.009723604875162564,873254178339177.0,800,8.0,0.017852018338009614,2.7903728905203503e-05
on_shell_rho_initial_1.05,101,1.01,0.009721798450030496,662934231650268.6,800,8.0,0.017852018338009614,2.8471654742454263e-05
on_shell_rho_initial_1.05,102,1.02,0.009720366853908792,480219443739885.44,800,8.0,0.017852018338009614,2.952999899407257e-05
on_shell_rho_initial_1.05,103,1.03,0.009719311570149426,321883377155537.2,800,8.0,0.017852018338009614,3.1836204890194205e-05
on_shell_rho_initial_1.05,104,1.04,0.009718633958975778,185066666602679.75,800,8.0,0.017852018338009614,3.843170402023731e-05
on_shell_rho_initial_1.05,105,1.05,0.009718335263653625,67239272324467.37,800,8.0,0.017852018338009614,7.88923066122096e-05
on_shell_rho_initial_1.05,106,1.06,0.009718416616403207,33899837714980.29,800,8.0,0.017852018338009614,0.00014212490376887165
on_shell_rho_initial_1.05,107,1.07,0.009718879044061109,120237719158113.4,800,8.0,0.017852018338009614,4.199242272456455e-05
on_shell_rho_initial_1.05,108,1.08,0.009719723473500884,193614076991148.03,800,8.0,0.017852018338009614,3.132011181593272e-05
on_shell_rho_initial_1.05,109,1.09,0.009720950736819393,255580607365427.25,800,8.0,0.017852018338009614,2.8549339019747555e-05
on_shell_rho_initial_1.05,110,1.1,0.009722561576247976,307524649898521.4,800,8.0,0.017852018338009614,2.738224449546153e-05
on_shell_rho_initial_1.05,111,1.11,0.009724556648874783,350677151517016.75,800,8.0,0.017852018338009614,2.677175056825341e-05
on_shell_rho_initial_1.05,112,1.12,0.009726936531148938,386129890104102.44,800,8.0,0.017852018338009614,2.6397333433929608e-05
on_shell_rho_initial_1.05,113,1.1300000000000001,0.009729701723160376,414851226500722.06,800,8.0,0.017852018338009614,2.613605680113511e-05
on_shell_rho_initial_1.05,114,1.1400000000000001,0.009732852652716692,437700143043657.1,800,8.0,0.017852018338009614,2.5932904697725922e-05
on_shell_rho_initial_1.05,115,1.1500000000000001,0.009736389679217227,455438693903105.56,800,8.0,0.017852018338009614,2.5760243712576145e-05
on_shell_rho_initial_1.05,116,1.16,0.009740313097331471,468743030050815.56,800,8.0,0.017852018338009614,2.5602839273451e-05
on_shell_rho_initial_1.05,117,1.17,0.009744623140488844,478213155581605.9,800,8.0,0.017852018338009614,2.5451588476695644e-05
on_shell_rho_initial_1.05,118,1.18,0.009749319984186999,484381563439798.7,800,8.0,0.017852018338009614,2.5300638459912927e-05
on_shell_rho_initial_1.05,119,1.19,0.009754403749125845,487720884736046.8,800,8.0,0.017852018338009614,2.5145960072624595e-05
on_shell_rho_initial_1.05,120,1.2,0.009759874504174593,488650671333295.0,800,8.0,0.017852018338009614,2.498459708837863e-05
on_shell_rho_initial_1.05,121,1.21,0.009765732269174569,487543405078257.5,800,8.0,0.017852018338009614,2.4814219791935693e-05
on_shell_rho_initial_1.05,122,1.22,0.009771977017543832,484729771607460.25,800,8.0,0.017852018338009614,2.4632899229190453e-05
on_shell_rho_initial_1.05,123,1.23,0.009778608678770765,480503311361410.8,800,8.0,0.017852018338009614,2.4438992876193777e-05
on_shell_rho_initial_1.05,124,1.24,0.009785627140739583,475124527651130.75,800,8.0,0.017852018338009614,2.423105688223163e-05
on_shell_rho_initial_1.05,125,1.25,0.009793032251911502,468824495631079.25,800,8.0,0.017852018338009614,2.4007809445480995e-05
on_shell_rho_initial_1.05,126,1.26,0.009800823823365265,461808033794230.3,800,8.0,0.017852018338009614,2.376811830493858e-05
on_shell_rho_initial_1.05,127,1.27,0.009809001630698401,454256478250059.06,800,8.0,0.017852018338009614,2.3511004907197403e-05
on_shell_rho_initial_1.05,128,1.28,0.00981756541579431,446330099838043.4,800,8.0,0.017852018338009614,2.3235663119271184e-05
on_shell_rho_initial_1.05,129,1.29,0.009826514888460319,438170202378707.2,800,8.0,0.017852018338009614,2.2941489106126513e-05
on_shell_rho_initial_1.05,130,1.3,0.009835849727941907,429900938836388.9,800,8.0,0.017852018338009614,2.2628119991066895e-05
on_shell_rho_initial_1.05,131,1.31,0.009845569584318368,421630880608515.06,800,8.0,0.017852018338009614,2.2295478652527606e-05
on_shell_rho_initial_1.05,132,1.32,0.009855674079785232,413454373303539.1,800,8.0,0.017852018338009614,2.194382224734758e-05
on_shell_rho_initial_1.05,133,1.33,0.009866162809828966,405452709538012.44,800,8.0,0.017852018338009614,2.1573787539728402e-05
on_shell_rho_initial_1.05,134,1.34,0.00987703534428509,397695146766183.3,800,8.0,0.017852018338009614,2.1186419506806283e-05
on_shell_rho_initial_1.05,135,1.35,0.00988829122825051,390239777681697.44,800,8.0,0.017852018338009614,2.0783215247945143e-05
on_shell_rho_initial_1.05,136,1.36,0.009899929982966472,383134304118791.7,800,8.0,0.017852018338009614,2.0366153162956528e-05
on_shell_rho_initial_1.05,137,1.37,0.009911951106542293,376416746529390.56,800,8.0,0.017852018338009614,1.993769104764054e-05
on_shell_rho_initial_1.05,138,1.3800000000000001,0.009924354074611515,370116086784304.3,800,8.0,0.017852018338009614,1.9500756329273224e-05
on_shell_rho_initial_1.05,139,1.3900000000000001,0.009937138340892705,364252892412911.0,800,8.0,0.017852018338009614,1.9058710454039416e-05
on_shell_rho_initial_1.05,140,1.4000000000000001,0.009950303337654837,358839931826764.3,800,8.0,0.017852018338009614,1.861528848309141e-05
on_shell_rho_initial_1.05,141,1.41,0.00996384847609067,353882794073370.25,800,8.0,0.017852018338009614,1.8174514260303113e-05
on_shell_rho_initial_1.05,142,1.42,0.00997777314660162,349380522707106.5,800,8.0,0.017852018338009614,1.7740593345913323e-05
on_shell_rho_initial_1.05,143,1.43,0.00999207671899776,345326269416715.7,800,8.0,0.017852018338009614,1.731778770208513e-05
on_shell_rho_initial_1.05,144,1.44,0.01000675854261658,341707967697021.25,800,8.0,0.017852018338009614,1.691027805028575e-05
on_shell_rho_initial_1.05,145,1.45,0.010021817946364408,338509022475097.44,800,8.0,0.017852018338009614,1.652202161347743e-05
on_shell_rho_initial_1.05,146,1.46,0.01003725423868433,335709007331381.4,800,8.0,0.017852018338009614,1.6156613957175426e-05
on_shell_rho_initial_1.05,147,1.47,0.010053066707454773,333284358056493.75,800,8.0,0.017852018338009614,1.581716390423365e-05
on_shell_rho_initial_1.05,148,1.48,0.010069254619822951,331209049475146.5,800,8.0,0.017852018338009614,1.5506190229259496e-05
on_shell_rho_initial_1.05,149,1.49,0.010085817221977628,329455241859227.9,800,8.0,0.017852018338009614,1.5225546586831083e-05
on_shell_rho_initial_1.05,150,1.5,0.010102753738845583,327993884230778.44,800,8.0,0.017852018338009614,1.4976375161561224e-05
on_shell_rho_initial_1.05,151,1.51,0.010120063373548741,326795267167737.3,800,8.0,0.017852018338009614,1.4759106341505299e-05
on_shell_rho_initial_1.05,152,1.52,0.010137745307077868,325829509578514.94,800,8.0,0.017852018338009614,1.4573492738238572e-05
on_shell_rho_initial_1.05,153,1.53,0.010155798697754705,325066993589364.44,800,8.0,0.017852018338009614,1.4418667415132529e-05
on_shell_rho_initial_1.05,154,1.54,0.010174222680644277,324478727233426.0,800,8.0,0.017852018338009614,1.4293229276595392e-05
on_shell_rho_initial_1.05,155,1.55,0.010193016366922908,324036645001078.8,800,8.0,0.017852018338009614,1.4195345719286836e-05
on_shell_rho_initial_1.05,156,1.56,0.010212178843180701,323713847105932.4,800,8.0,0.017852018338009614,1.4122861940711998e-05
on_shell_rho_initial_1.05,157,1.57,0.010231709170661338,323484781523017.44,800,8.0,0.017852018338009614,1.4073408994230089e-05
on_shell_rho_initial_1.05,158,1.58,0.010251606384442164,323325374444224.44,800,8.0,0.017852018338009614,1.4044504204505199e-05
on_shell_rho_initial_1.05,159,1.59,0.010271869492557716,323213115397231.25,800,8.0,0.017852018338009614,1.4033638844249454e-05
on_shell_rho_initial_1.05,160,1.6,0.010292497475069894,323127103399603.06,800,8.0,0.017852018338009614,1.4038350709588745e-05
on_shell_rho_initial_1.05,161,1.61,0.010313489283088348,323048060350111.06,800,8.0,0.017852018338009614,1.4056280360931408e-05
on_shell_rho_initial_1.05,162,1.62,0.010334843837744538,322958317419000.7,800,8.0,0.017852018338009614,1.4085211723888736e-05
on_shell_rho_initial_1.05,163,1.6300000000000001,0.010356560029123467,322841779621675.1,800,8.0,0.017852018338009614,1.4123098454752731e-05
on_shell_rho_initial_1.05,164,1.6400000000000001,0.01037863671515701,322683873084327.3,800,8.0,0.017852018338009614,1.416807827738711e-05
on_shell_rho_initial_1.05,165,1.6500000000000001,0.010401072720483183,322471478784195.94,800,8.0,0.017852018338009614,1.4218478574814867e-05
on_shell_rho_initial_1.05,166,1.6600000000000001,0.01042386683514904,322192858216731.1,800,8.0,0.017852018338009614,1.4272814517431001e-05
on_shell_rho_initial_1.05,167,1.67,0.010447017813278276,321837573079161.1,800,8.0,0.017852018338009614,1.4329779329162518e-05
on_shell_rho_initial_1.05,168,1.68,0.010470524371883592,321396399668182.25,800,8.0,0.017852018338009614,1.4388233113781669e-05
on_shell_rho_initial_1.05,169,1.69,0.010494385189443428,320861242339091.56,800,8.0,0.017852018338009614,1.4447189858931063e-05
on_shell_rho_initial_1.05,170,1.7,0.010518598904525342,320225045635371.3,800,8.0,0.017852018338009614,1.4505802264059929e-05
on_shell_rho_initial_1.05,171,1.71,0.010543164114355219,319481707137386.4,800,8.0,0.017852018338009614,1.4563346888798787e-05
on_shell_rho_initial_1.05,172,1.72,0.010568079373336078,318625991590760.0,800,8.0,0.017852018338009614,1.4619209650442521e-05
on_shell_rho_initial_1.05,173,1.73,0.010593343191520704,317653446987773.06,800,8.0,0.017852018338009614,1.4672871914684558e-05
on_shell_rho_initial_1.05,174,1.74,0.010618954033042595,316560323042224.0,800,8.0,0.017852018338009614,1.4723897646603829e-05
on_shell_rho_initial_1.05,175,1.75,0.010644910314510042,315343492308468.94,800,8.0,0.017852018338009614,1.4771921572464946e-05
on_shell_rho_initial_1.05,176,1.76,0.01067121040336835,314000374051089.9,800,8.0,0.017852018338009614,1.4816638440075384e-05
on_shell_rho_initial_1.05,177,1.77,0.01069785261623555,312528860864782.1,800,8.0,0.017852018338009614,1.4857793478929902e-05
on_shell_rho_initial_1.05,178,1.78,0.01072483521721725,310927247961354.75,800,8.0,0.017852018338009614,1.4895173834861782e-05
on_shell_rho_initial_1.05,179,1.79,0.010752156416206641,309194164966728.3,800,8.0,0.017852018338009614,1.4928601090211095e-05
on_shell_rho_initial_1.05,180,1.8,0.010779814367175941,307328510049935.94,800,8.0,0.017852018338009614,1.4957924750672702e-05
on_shell_rho_initial_1.05,181,1.81,0.01080780716642657,305329386973639.25,800,8.0,0.017852018338009614,1.4983018599877545e-05
on_shell_rho_initial_1.05,182,1.82,0.010836132850440187,303196044338747.4,800,8.0,0.017852018338009614,1.5003773083146719e-05
on_shell_rho_initial_1.05,183,1.83,0.010864789394266806,300927818657918.2,800,8.0,0.017852018338009614,1.5020092391721784e-05
on_shell_rho_initial_1.05,184,1.84,0.010893774709674028,298524079231271.44,800,8.0,0.017852018338009614,1.5031892147003856e-05
on_shell_rho_initial_1.05,185,1.85,0.010923086643219917,295984175682065.2,800,8.0,0.017852018338009614,1.5039095964426096e-05
on_shell_rho_initial_1.05,186,1.86,0.010952722974337581,293307389627337.56,800,8.0,0.017852018338009614,1.5041633781179175e-05
on_shell_rho_initial_1.05,187,1.87,0.010982681413396327,290492890540615.56,800,8.0,0.017852018338009614,1.5039440958680478e-05
on_shell_rho_initial_1.05,188,1.8800000000000001,0.011012959599742219,287539696835023.44,800,8.0,0.017852018338009614,1.503245794604685e-05
on_shell_rho_initial_1.05,189,1.8900000000000001,0.011043555099720992,284446643452781.5,800,8.0,0.017852018338009614,1.5020630648060954e-05
on_shell_rho_initial_1.05,190,1.9000000000000001,0.011074465404686516,281212357568840.9,800,8.0,0.017852018338009614,1.5003911649196885e-05
on_shell_rho_initial_1.05,191,1.9100000000000001,0.011105687928998137,277835244449448.8,800,8.0,0.017852018338009614,1.4982262344470546e-05
on_shell_rho_initial_1.05,192,1.92,0.011137220008010382,274313486040998.9,800,8.0,0.017852018338009614,1.4955656200740958e-05
on_shell_rho_initial_1.05,193,1.93,0.011169058896058811,270645055471988.66,800,8.0,0.017852018338009614,1.4924083333076147e-05
on_shell_rho_initial_1.05,194,1.94,0.011201201764445883,266827751258908.56,800,8.0,0.017852018338009614,1.4887556533512332e-05
on_shell_rho_initial_1.05,195,1.95,0.011233645699431048,262859256396691.72,800,8.0,0.017852018338009614,1.4846120024435923e-05
on_shell_rho_initial_1.05,196,1.96,0.011266387700148747,258737227111102.56,800,8.0,0.017852018338009614,1.4799858597859182e-05
on_shell_rho_initial_1.05,197,1.97,0.011299424676439821,254459410618755.44,800,8.0,0.017852018338009614,1.4748900071113748e-05
on_shell_rho_initial_1.05,198,1.98,0.011332753447004925,250023807892604.1,800,8.0,0.017852018338009614,1.4693440009491516e-05
on_shell_rho_initial_1.05,199,1.99,0.011366370737300598,245428873682262.6,800,8.0,0.017852018338009614,1.463374850864546e-05
on_shell_rho_initial_1.05,200,2.0,0.011400273177500503,240673765408323.2,800,8.0,0.017852018338009614,1.4570186748149045e-05
on_shell_rho_initial_1.05,201,2.0100000000000002,0.011434457300489538,235758637879590.94,800,8.0,0.017852018338009614,1.4503222910968802e-05
on_shell_rho_initial_1.05,202,2.02,0.011468919539871883,230684980907043.1,800,8.0,0.017852018338009614,1.4433447485935136e-05
on_shell_rho_initial_1.05,203,2.0300000000000002,0.011503656227974892,225455991116248.38,800,8.0,0.017852018338009614,1.4361586579544665e-05
on_shell_rho_initial_1.05,204,2.04,0.011538663593831523,220076962137061.22,800,8.0,0.017852018338009614,1.4288511104151609e-05
on_shell_rho_initial_1.05,205,2.05,0.011573937761248376,214555667344282.47,800,8.0,0.017852018338009614,1.4215238046602909e-05
on_shell_rho_initial_1.05,206,2.06,0.01160947474691645,208902697749339.0,800,8.0,0.017852018338009614,1.414292012728359e-05
on_shell_rho_initial_1.05,207,2.07,0.011645270458474766,203131706614860.44,800,8.0,0.017852018338009614,1.407282041018502e-05
on_shell_rho_initial_1.05,208,2.08,0.011681320692628509,197259499486394.03,800,8.0,0.017852018338009614,1.4006263800656874e-05
on_shell_rho_initial_1.05,209,2.09,0.011717621133334473,191305900479519.03,800,8.0,0.017852018338009614,1.3944562831952311e-05
on_shell_rho_initial_1.05,210,2.1,0.011754167350027392,185293322542177.6,800,8.0,0.017852018338009614,1.3888912871709917e-05
on_shell_rho_initial_1.05,211,2.11,0.011790954795826892,179245979068200.75,800,8.0,0.017852018338009614,1.3840257200868393e-05
on_shell_rho_initial_1.05,212,2.12,0.011827978805777203,173188699804362.6,800,8.0,0.017852018338009614,1.3799128093152355e-05
on_shell_rho_initial_1.05,213,2.13,0.011865234595292777,167145361251159.75,800,8.0,0.017852018338009614,1.376547989618211e-05
on_shell_rho_initial_1.05,214,2.14,0.011902717258480425,161137015321967.72,800,8.0,0.017852018338009614,1.3738542475976526e-05
on_shell_rho_initial_1.05,215,2.15,0.011940421766590412,155179897924899.06,800,8.0,0.017852018338009614,1.3716737125887053e-05
on_shell_rho_initial_1.05,216,2.16,0.011978342966553429,149283613469763.44,800,8.0,0.017852018338009614,1.3697708278490987e-05
on_shell_rho_initial_1.05,217,2.17,0.012016475579541733,143449902699958.1,800,8.0,0.017852018338009614,1.3678526631120531e-05
on_shell_rho_initial_1.05,218,2.18,0.012054814199574725,137672473727235.17,800,8.0,0.017852018338009614,1.3656104441458094e-05
on_shell_rho_initial_1.05,219,2.19,0.012093353292298336,131938359582230.06,800,8.0,0.017852018338009614,1.3627823600787091e-05
on_shell_rho_initial_1.05,220,2.2,0.012132087193742105,126231101630503.94,800,8.0,0.017852018338009614,1.3592312798326974e-05
on_shell_rho_initial_1.05,221,2.21,0.012171010109196592,120535694104789.67,800,8.0,0.017852018338009614,1.3550221334943843e-05
on_shell_rho_initial_1.05,222,2.22,0.012210116112228801,114844656921931.67,800,8.0,0.017852018338009614,1.3504746451190018e-05
on_shell_rho_initial_1.05,223,2.23,0.012249399143696868,109163905914515.4,800,8.0,0.017852018338009614,1.3461595840413486e-05
on_shell_rho_initial_1.05,224,2.24,0.012288853010876103,103516451890556.78,800,8.0,0.017852018338009614,1.3428051881038075e-05
on_shell_rho_initial_1.05,225,2.25,0.01232847138680033,97941689604967.36,800,8.0,0.017852018338009614,1.3410899899540065e-05
on_shell_rho_initial_1.05,226,2.2600000000000002,0.012368247809564081,92488474546459.56,800,8.0,0.017852018338009614,1.3413260886038885e-05
on_shell_rho_initial_1.05,227,2.27,0.012408175681824153,87201574306826.22,800,8.0,0.017852018338009614,1.3430887932077132e-05
on_shell_rho_initial_1.05,228,2.2800000000000002,0.012448248270411529,82103370243055.39,800,8.0,0.017852018338009614,1.3449149787915383e-05
on_shell_rho_initial_1.05,229,2.29,0.01248845870597851,77175378172531.64,800,8.0,0.017852018338009614,1.3442424882701643e-05
on_shell_rho_initial_1.05,230,2.3000000000000003,0.012528799982913837,72346298013974.81,800,8.0,0.017852018338009614,1.3377257519251196e-05
on_shell_rho_initial_1.05,231,2.31,0.012569264959274877,67493638430253.42,800,8.0,0.017852018338009614,1.321920411703717e-05
on_shell_rho_initial_1.05,232,2.32,0.012609846356902873,62463475924284.164,800,8.0,0.017852018338009614,1.2941226399012753e-05
on_shell_rho_initial_1.05,233,2.33,0.01265053676167929,57107436397286.16,800,8.0,0.017852018338009614,1.253037599922876e-05
on_shell_rho_initial_1.05,234,2.34,0.0126913286239128,51328920974761.81,800,8.0,0.017852018338009614,1.1990442535888187e-05
on_shell_rho_initial_1.05,235,2.35,0.012732214258865313,45124795310613.3,800,8.0,0.017852018338009614,1.1340075989885586e-05
on_shell_rho_initial_1.05,236,2.36,0.0127731858474871,38607367408416.305,800,8.0,0.017852018338009614,1.0608356587402268e-05
on_shell_rho_initial_1.05,237,2.37,0.012814235437255347,31996330833668.156,800,8.0,0.017852018338009614,9.829654479144027e-06
on_shell_rho_initial_1.05,238,2.38,0.01285535494322237,25580204574344.78,800,8.0,0.017852018338009614,9.039395883726011e-06
on_shell_rho_initial_1.05,239,2.39,0.012896536149123335,19657852696419.895,800,8.0,0.017852018338009614,8.271243728423858e-06
on_shell_rho_initial_1.05,240,2.4,0.012937770708857993,14477967946935.754,800,8.0,0.017852018338009614,7.555535027762632e-06
on_shell_rho_initial_1.05,241,2.41,0.01297905014797519,10194600136447.72,800,8.0,0.017852018338009614,6.9186276130646145e-06
on_shell_rho_initial_1.05,242,2.42,0.013020365865388022,6849968829761.701,800,8.0,0.017852018338009614,6.382592482206241e-06
on_shell_rho_initial_1.05,243,2.43,0.01306170913531156,4385362886426.5356,800,8.0,0.017852018338009614,5.965105947446946e-06
on_shell_rho_initial_1.05,244,2.44,0.013103071109281819,2671754905336.8516,800,8.0,0.017852018338009614,5.679335053264045e-06
on_shell_rho_initial_1.05,245,2.45,0.013144442818600784,1547421771509.3567,800,8.0,0.017852018338009614,5.533301369631173e-06
on_shell_rho_initial_1.05,246,2.46,0.013185815176664234,851075297489.4751,800,8.0,0.017852018338009614,5.529456638262242e-06
on_shell_rho_initial_1.05,247,2.47,0.013227178981765123,443845456647.52454,800,8.0,0.017852018338009614,5.662663611768165e-06
on_shell_rho_initial_1.05,248,2.48,0.013268524919851366,218942865365.77917,800,8.0,0.017852018338009614,5.918244512749378e-06
on_shell_rho_initial_1.05,249,2.49,0.013309843567740476,101692189560.20035,800,8.0,0.017852018338009614,6.2661075205587285e-06
on_shell_rho_initial_1.05,250,2.5,0.013351125396382547,44079235884.6913,800,8.0,0.017852018338009614,6.649776400118399e-06
on_shell_rho_initial_1.05,251,2.5100000000000002,0.01339236077432785,17506035127.220127,800,8.0,0.017852018338009614,6.965154266643735e-06
on_shell_rho_initial_1.05,252,2.52,0.0134335399714628,6116457180.425952,800,8.0,0.017852018338009614,7.068230105992467e-06
on_shell_rho_initial_1.05,253,2.5300000000000002,0.01347465316293414,1727113104.0761836,800,8.0,0.017852018338009614,8.21226143324109e-06
on_shell_rho_initial_1.05,254,2.54,0.013515690433323369,561167040.553767,800,8.0,0.017852018338009614,1.983815738644463e-05
on_shell_rho_initial_1.05,255,2.5500000000000003,0.01355664178094981,542380180.8075252,800,8.0,0.017852018338009614,1.961634324683189e-05
on_shell_rho_initial_1.05,256,2.56,0.013597497122458835,458627082.6029688,800,8.0,0.017852018338009614,1.860511506697164e-05
on_shell_rho_initial_1.05,257,2.57,0.01363824629760271,327799549.24497795,800,8.0,0.017852018338009614,1.8606405801499992e-05
on_shell_rho_initial_1.05,258,2.58,0.013678879074235052,213513399.97462508,800,8.0,0.017852018338009614,1.891394515766834e-05
on_shell_rho_initial_1.05,259,2.59,0.01371938515350103,131653718.804949,800,8.0,0.017852018338009614,1.9250417919551e-05
on_shell_rho_initial_1.05,260,2.6,0.013759754175269662,80346560.85302024,800,8.0,0.017852018338009614,1.956853508413513e-05
on_shell_rho_initial_1.05,261,2.61,0.013799975723742457,54690914.249593884,800,8.0,0.017852018338009614,2.0114992469733415e-05
on_shell_rho_initial_1.05,262,2.62,0.013840039333285363,48087154.46447415,800,8.0,0.017852018338009614,2.0889814132638325e-05
on_shell_rho_initial_1.05,263,2.63,0.013879934494458844,50359206.86278419,800,8.0,0.017852018338009614,2.133190459186188e-05
on_shell_rho_initial_1.05,264,2.64,0.013919650660265917,54409873.18294337,800,8.0,0.017852018338009614,2.145780568072248e-05
on_shell_rho_initial_1.05,265,2.65,0.013959177252548909,57863409.769211024,800,8.0,0.017852018338009614,2.1437415590570104e-05
on_shell_rho_initial_1.05,266,2.66,0.013998503668632449,60271665.6024789,800,8.0,0.017852018338009614,2.1348506039118086e-05
on_shell_rho_initial_1.05,267,2.67,0.014037619288129645,61689320.24442521,800,8.0,0.017852018338009614,2.1225419886525642e-05
on_shell_rho_initial_1.05,268,2.68,0.014076513479913875,62257841.60671916,800,8.0,0.017852018338009614,2.1087969057344202e-05
on_shell_rho_initial_1.05,269,2.69,0.014115175609297563,62108182.09149186,800,8.0,0.017852018338009614,2.095049739176849e-05
on_shell_rho_initial_1.05,270,2.7,0.014153595045352357,61351218.0109844,800,8.0,0.017852018338009614,2.082438065411137e-05
on_shell_rho_initial_1.05,271,2.71,0.014191761168430224,60089957.98848466,800,8.0,0.017852018338009614,2.0718217132804074e-05
on_shell_rho_initial_1.05,272,2.72,0.014229663377771897,58433424.61352648,800,8.0,0.017852018338009614,2.0637157041371453e-05
on_shell_rho_initial_1.05,273,2.73,0.014267291099336747,56504567.84444607,800,8.0,0.017852018338009614,2.0582153516316786e-05
on_shell_rho_initial_1.05,274,2.74,0.014304633793731392,54438834.4063723,800,8.0,0.017852018338009614,2.05498485914251e-05
on_shell_rho_initial_1.05,275,2.75,0.014341680964277825,52373218.362806074,800,8.0,0.017852018338009614,2.0533603381311964e-05
on_shell_rho_initial_1.05,276,2.7600000000000002,0.014378422165178458,50428969.5567572,800,8.0,0.017852018338009614,2.0525739033256457e-05
on_shell_rho_initial_1.05,277,2.77,0.014414847009834142,48693603.36771348,800,8.0,0.017852018338009614,2.052036266843775e-05
on_shell_rho_initial_1.05,278,2.7800000000000002,0.014450945179227799,47208163.70597005,800,8.0,0.017852018338009614,2.0515587716950704e-05
on_shell_rho_initial_1.05,279,2.79,0.014486706430432724,45963780.99684786,800,8.0,0.017852018338009614,2.0514007635805634e-05
on_shell_rho_initial_1.05,280,2.8000000000000003,0.014522120605118325,44908621.11587202,800,8.0,0.017852018338009614,2.0521092275041045e-05
on_shell_rho_initial_1.05,281,2.81,0.014557177638233198,43963498.811145395,800,8.0,0.017852018338009614,2.054228995853265e-05
on_shell_rho_initial_1.05,282,2.82,0.014591867566654872,43042143.06066419,800,8.0,0.017852018338009614,2.05802882184341e-05
on_shell_rho_initial_1.05,283,2.83,0.014626180537917989,42070714.28510941,800,8.0,0.017852018338009614,2.0633654124771497e-05
on_shell_rho_initial_1.05,284,2.84,0.01466010681896712,41001428.47966988,800,8.0,0.017852018338009614,2.0697243439290883e-05
on_shell_rho_initial_1.05,285,2.85,0.014693636804906148,39817323.739761345,800,8.0,0.017852018338009614,2.07639129069489e-05
on_shell_rho_initial_1.05,286,2.86,0.014726761027771014,38528385.3844459,800,8.0,0.017852018338009614,2.0826744823917603e-05
on_shell_rho_initial_1.05,287,2.87,0.014759470165285964,37161917.43358889,800,8.0,0.017852018338009614,2.0880967762588802e-05
on_shell_rho_initial_1.05,288,2.88,0.014791755049574931,35751154.27295563,800,8.0,0.017852018338009614,2.0925098867240607e-05
on_shell_rho_initial_1.05,289,2.89,0.014823606675819946,34325607.77917213,800,8.0,0.017852018338009614,2.096108407015551e-05
on_shell_rho_initial_1.05,290,2.9,0.014855016210956798,32905172.51646528,800,8.0,0.017852018338009614,2.0993535142000253e-05
on_shell_rho_initial_1.05,291,2.91,0.014885975002153362,31498380.288991347,800,8.0,0.017852018338009614,2.1028402900656596e-05
on_shell_rho_initial_1.05,292,2.92,0.014916474585321164,30103985.587734558,800,8.0,0.017852018338009614,2.1071536286821133e-05
on_shell_rho_initial_1.05,293,2.93,0.014946506693461233,28714489.453221478,800,8.0,0.017852018338009614,2.1127531384222265e-05
on_shell_rho_initial_1.05,294,2.94,0.014976063264924403,27320199.052239586,800,8.0,0.017852018338009614,2.119909455732005e-05
on_shell_rho_initial_1.05,295,2.95,0.015005136451542379,25912760.50289022,800,8.0,0.017852018338009614,2.1286934180844157e-05
on_shell_rho_initial_1.05,296,2.96,0.015033718626585842,24487570.508898795,800,8.0,0.017852018338009614,2.1390045045317188e-05
on_shell_rho_initial_1.05,297,2.97,0.015061802392594066,23044904.6557104,800,8.0,0.017852018338009614,2.1506194958342642e-05
on_shell_rho_initial_1.05,298,2.98,0.015089380588998303,21589912.45669445,800,8.0,0.017852018338009614,2.1632447895514123e-05
on_shell_rho_initial_1.05,299,2.99,0.015116446299599526,20131796.53830497,800,8.0,0.017852018338009614,2.1765616121906992e-05
on_shell_rho_initial_1.05,300,3.0,0.015142992859792996,18682538.00185078,800,8.0,0.017852018338009614,2.1902595304387313e-05
on_shell_rho_initial_1.05,301,3.0100000000000002,0.015169013863613589,17255489.031409282,800,8.0,0.017852018338009614,2.2040578654628522e-05
on_shell_rho_initial_1.05,302,3.02,0.015194503170531748,15864070.190172385,800,8.0,0.017852018338009614,2.2177169176359216e-05
on_shell_rho_initial_1.05,303,3.0300000000000002,0.015219454911987448,14520715.629222883,800,8.0,0.017852018338009614,2.231041701734244e-05
on_shell_rho_initial_1.05,304,3.04,0.015243863497729711,13236127.22413181,800,8.0,0.017852018338009614,2.2438811577777036e-05
on_shell_rho_initial_1.05,305,3.0500000000000003,0.01526772362180936,12018836.21131977,800,8.0,0.017852018338009614,2.2561238694806867e-05
on_shell_rho_initial_1.05,306,3.06,0.015291030268332945,10875033.198520234,800,8.0,0.017852018338009614,2.2676931297222968e-05
on_shell_rho_initial_1.05,307,3.0700000000000003,0.015313778716926222,9808608.11183752,800,8.0,0.017852018338009614,2.2785414268549813e-05
on_shell_rho_initial_1.05,308,3.08,0.015335964547862938,8821337.361021308,800,8.0,0.017852018338009614,2.2886445844717703e-05
on_shell_rho_initial_1.05,309,3.09,0.015357583646888509,7913161.113341649,800,8.0,0.017852018338009614,2.29799727835201e-05
on_shell_rho_initial_1.05,310,3.1,0.015378632209769682,7082503.60856361,800,8.0,0.017852018338009614,2.3066091882848043e-05
on_shell_rho_initial_1.05,311,3.11,0.015399106746424845,6326600.2238685,800,8.0,0.017852018338009614,2.314500321068428e-05
on_shell_rho_initial_1.05,312,3.12,0.015419004084764987,5641807.29098222,800,8.0,0.017852018338009614,2.3216987664014927e-05
on_shell_rho_initial_1.05,313,3.13,0.015438321374180611,5023879.400116976,800,8.0,0.017852018338009614,2.3282384014748625e-05
on_shell_rho_initial_1.05,314,3.14,0.015457056088660489,4468206.535003191,800,8.0,0.017852018338009614,2.334156467122028e-05
on_shell_rho_initial_1.05,315,3.15,0.015475206029537707,3970008.9509316036,800,8.0,0.017852018338009614,2.339491869274881e-05
on_shell_rho_initial_1.05,316,3.16,0.015492769327879834,3524491.367505838,800,8.0,0.017852018338009614,2.3442848559547163e-05
on_shell_rho_initial_1.05,317,3.17,0.015509744446527989,3126960.180342883,800,8.0,0.017852018338009614,2.3485758135781255e-05
on_shell_rho_initial_1.05,318,3.18,0.015526130181702784,2772908.4358183797,800,8.0,0.017852018338009614,2.3524038686978768e-05
on_shell_rho_initial_1.05,319,3.19,0.015541925664269797,2458073.8999245963,800,8.0,0.017852018338009614,2.3558070642854634e-05
on_shell_rho_initial_1.05,320,3.2,0.015557130360608868,2178475.268990556,800,8.0,0.017852018338009614,2.3588219216318392e-05
on_shell_rho_initial_1.05,321,3.21,0.015571744073097773,1930431.1673077152,800,8.0,0.017852018338009614,2.361483187151001e-05
on_shell_rho_initial_1.05,322,3.22,0.015585766940214756,1710566.0163277208,800,8.0,0.017852018338009614,2.3638236196446638e-05
on_shell_rho_initial_1.05,323,3.23,0.015599199436255165,1515806.2389180963,800,8.0,0.017852018338009614,2.365873957497041e-05
on_shell_rho_initial_1.05,324,3.24,0.015612042370658986,1343369.608213926,800,8.0,0.017852018338009614,2.3676629434913833e-05
on_shell_rho_initial_1.05,325,3.25,0.015624296886946954,1190749.9484024444,800,8.0,0.017852018338009614,2.36921718719607e-05
on_shell_rho_initial_1.05,326,3.2600000000000002,0.01563596446129586,1055699.033096432,800,8.0,0.017852018338009614,2.3705610644593356e-05
on_shell_rho_initial_1.05,327,3.27,0.01564704690072384,936207.0316114867,800,8.0,0.017852018338009614,2.3717177534155342e-05
on_shell_rho_initial_1.05,328,3.2800000000000002,0.015657546340929626,830482.397538239,800,8.0,0.017852018338009614,2.3727089564932173e-05
on_shell_rho_initial_1.05,329,3.29,0.015667465243727488,736932.0177281139,800,8.0,0.017852018338009614,2.37355392577456e-05
on_shell_rho_initial_1.05,330,3.3000000000000003,0.015676806394116092,654142.0241118215,800,8.0,0.017852018338009614,2.3742696324495142e-05
on_shell_rho_initial_1.05,331,3.31,0.01568557289701846,580859.6570509848,800,8.0,0.017852018338009614,2.374872089289639e-05
on_shell_rho_initial_1.05,332,3.3200000000000003,0.015693768173688394,515976.37144976883,800,8.0,0.017852018338009614,2.3753773190394916e-05
on_shell_rho_initial_1.05,333,3.33,0.01570139595777884,458512.2852600631,800,8.0,0.017852018338009614,2.3758015426049122e-05
on_shell_rho_initial_1.05,334,3.34,0.01570846029106822,407601.98404231307,800,8.0,0.017852018338009614,2.376160265014289e-05
on_shell_rho_initial_1.05,335,3.35,0.01571496551884089,362481.63927852083,800,8.0,0.017852018338009614,2.376466019518563e-05
on_shell_rho_initial_1.05,336,3.36,0.015720916284918268,322477.35661228205,800,8.0,0.017852018338009614,2.376725743614237e-05
on_shell_rho_initial_1.05,337,3.37,0.015726317526375235,286994.62798929756,800,8.0,0.017852018338009614,2.3769477674996887e-05
on_shell_rho_initial_1.05,338,3.38,0.015731174468260674,255509.24808738098,800,8.0,0.017852018338009614,2.377147749970058e-05
on_shell_rho_initial_1.05,339,3.39,0.01573549261767944,227558.88982054227,800,8.0,0.017852018338009614,2.377335855621859e-05
on_shell_rho_initial_1.05,340,3.4,0.015739277757781944,202735.84792544314,800,8.0,0.017852018338009614,2.3775235784605113e-05
on_shell_rho_initial_1.05,341,3.41,0.015742535941443033,180680.52827591347,800,8.0,0.017852018338009614,2.3777201660663564e-05
on_shell_rho_initial_1.05,342,3.42,0.01574527348469493,161075.695181791,800,8.0,0.017852018338009614,2.3779329727581695e-05
on_shell_rho_initial_1.05,343,3.43,0.01574749695995533,143641.39846919957,800,8.0,0.017852018338009614,2.3781695689649454e-05
on_shell_rho_initial_1.05,344,3.44,0.015749213189056085,128130.50703189525,800,8.0,0.017852018338009614,2.378439528112045e-05
on_shell_rho_initial_1.05,345,3.45,0.015750429236078396,114324.78603060074,800,8.0,0.017852018338009614,2.3787555065221286e-05
on_shell_rho_initial_1.05,346,3.46,0.015751152399999867,102031.45426883937,800,8.0,0.017852018338009614,2.3791332225731663e-05
on_shell_rho_initial_1.05,347,3.47,0.01575139020715929,91080.16034785974,800,8.0,0.017852018338009614,2.379589965211133e-05
on_shell_rho_initial_1.05,348,3.48,0.01575115040354475,81320.32034351288,800,8.0,0.017852018338009614,2.3801412476405294e-05
on_shell_rho_initial_1.05,349,3.49,0.015750440946910617,72618.76506514753,800,8.0,0.017852018338009614,2.3807952223356186e-05
on_shell_rho_initial_1.05,350,3.5,0.01574926999872902,64857.64792006623,800,8.0,0.017852018338009614,2.3815480652442084e-05
on_shell_rho_initial_1.05,351,3.5100000000000002,0.015747645916030634,57932.57043285715,800,8.0,0.017852018338009614,2.3824142400946016e-05
on_shell_rho_initial_1.05,352,3.52,0.01574557724357715,51751.103280705735,800,8.0,0.017852018338009614,2.3834288344656107e-05
on_shell_rho_initial_1.05,353,3.5300000000000002,0.015743072705352003,46231.316800031615,800,8.0,0.017852018338009614,2.3846066272632925e-05
on_shell_rho_initial_1.05,354,3.54,0.015740141196206155,41300.580106151865,800,8.0,0.017852018338009614,2.385964795255986e-05
on_shell_rho_initial_1.05,355,3.5500000000000003,0.01573679177347241,36894.47635910328,800,8.0,0.017852018338009614,2.3875228562709298e-05
on_shell_rho_initial_1.05,356,3.56,0.015733033648504948,32955.84420799021,800,8.0,0.017852018338009614,2.3893002510962846e-05
on_shell_rho_initial_1.05,357,3.5700000000000003,0.01572887617819638,29433.937605168965,800,8.0,0.017852018338009614,2.391317624200174e-05
on_shell_rho_initial_1.05,358,3.58,0.015724328856483085,26283.686479048058,800,8.0,0.017852018338009614,2.3935977587943776e-05
on_shell_rho_initial_1.05,359,3.59,0.01571940130584916,23465.04686597925,800,8.0,0.017852018338009614,2.3961658812710505e-05
on_shell_rho_initial_1.05,360,3.6,0.01571410326883901,20942.429575244983,800,8.0,0.017852018338009614,2.399048976814714e-05
on_shell_rho_initial_1.05,361,3.61,0.01570844459958838,18684.197102708822,800,8.0,0.017852018338009614,2.4022736721200827e-05
on_shell_rho_initial_1.05,362,3.62,0.015702435255382924,16662.219328342337,800,8.0,0.017852018338009614,2.4058621379641398e-05
on_shell_rho_initial_1.05,363,3.63,0.0156960852882534,14851.479437851282,800,8.0,0.017852018338009614,2.4098253128378632e-05
on_shell_rho_initial_1.05,364,3.64,0.015689404836615864,13229.722343234469,800,8.0,0.017852018338009614,2.4141573108841988e-05
on_shell_rho_initial_1.05,365,3.65,0.015682404116988506,11777.142709042657,800,8.0,0.017852018338009614,2.4188572702889946e-05
on_shell_rho_initial_1.05,366,3.66,0.015675093415916844,10476.12673628001,800,8.0,0.017852018338009614,2.4239167500481106e-05
on_shell_rho_initial_1.05,367,3.67,0.015667483081793304,9311.009785977045,800,8.0,0.017852018338009614,2.4292838901898615e-05
on_shell_rho_initial_1.05,368,3.68,0.01565958351686835,8267.871416728736,800,8.0,0.017852018338009614,2.434871035752109e-05
on_shell_rho_initial_1.05,369,3.69,0.015651405169361674,7334.351407307871,800,8.0,0.017852018338009614,2.4405334805549595e-05
on_shell_rho_initial_1.05,370,3.7,0.01564295852568544,6499.489445939826,800,8.0,0.017852018338009614,2.44604332509527e-05
on_shell_rho_initial_1.05,371,3.71,0.01563425410279541,5753.5857383554885,800,8.0,0.017852018338009614,2.4510548944569635e-05
on_shell_rho_initial_1.05,372,3.72,0.015625302440676902,5088.080479885078,800,8.0,0.017852018338009614,2.4550558371922277e-05
on_shell_rho_initial_1.05,373,3.73,0.01561611409497219,4495.450360210554,800,8.0,0.017852018338009614,2.4572991793020393e-05
on_shell_rho_initial_1.05,374,3.74,0.015606699629755215,3969.119854953403,800,8.0,0.017852018338009614,2.456711480493759e-05
on_shell_rho_initial_1.05,375,3.75,0.015597069610459311,3503.3842186414786,800,8.0,0.017852018338009614,2.4517743765015833e-05
on_shell_rho_initial_1.05,376,3.7600000000000002,0.015587234596962884,3093.3395139957406,800,8.0,0.017852018338009614,2.4403838706248556e-05
on_shell_rho_initial_1.05,377,3.77,0.015577205136837658,2734.812327344483,800,8.0,0.017852018338009614,2.4197088948403763e-05
on_shell_rho_initial_1.05,378,3.7800000000000002,0.015566991758763644,2424.277910493254,800,8.0,0.017852018338009614,2.3861068428537495e-05
on_shell_rho_initial_1.05,379,3.79,0.01555660496611734,2158.751845694545,800,8.0,0.017852018338009614,2.3352331663355846e-05
on_shell_rho_initial_1.05,380,3.8000000000000003,0.015546055230772108,1935.6337819991343,800,8.0,0.017852018338009614,2.2624633255801704e-05
on_shell_rho_initial_1.05,381,3.81,0.015535352987041251,1752.4921814749655,800,8.0,0.017852018338009614,2.1638079625752533e-05
on_shell_rho_initial_1.05,382,3.8200000000000003,0.01552450862581652,1606.7901790678043,800,8.0,0.017852018338009614,2.0374144245602576e-05
on_shell_rho_initial_1.05,383,3.83,0.015513532488896914,1495.6009868943677,800,8.0,0.017852018338009614,1.8852402268392433e-05
on_shell_rho_initial_1.05,384,3.84,0.015502434863504123,1415.404744429275,800,8.0,0.017852018338009614,1.71408742947712e-05
on_shell_rho_initial_1.05,385,3.85,0.015491225976989757,1362.0657950328384,800,8.0,0.017852018338009614,1.5351402503015532e-05
on_shell_rho_initial_1.05,386,3.86,0.015479915991735333,1331.0275185626276,800,8.0,0.017852018338009614,1.3618652844102538e-05
on_shell_rho_initial_1.05,387,3.87,0.015468515000245493,1317.6571950831265,800,8.0,0.017852018338009614,1.2071192082034579e-05
on_shell_rho_initial_1.05,388,3.88,0.015457033020434776,1317.6070307988364,800,8.0,0.017852018338009614,1.0805977966984456e-05
on_shell_rho_initial_1.05,389,3.89,0.015445479991107717,1327.076617521635,800,8.0,0.017852018338009614,9.872672642994819e-06
on_shell_rho_initial_1.05,390,3.9,0.015433865767631913,1342.934305046212,800,8.0,0.017852018338009614,9.269706861381104e-06
on_shell_rho_initial_1.05,391,3.91,0.015422200117803283,1362.7185686574667,800,8.0,0.017852018338009614,8.95311252340334e-06
on_shell_rho_initial_1.05,392,3.92,0.015410492717902525,1384.5663056329622,800,8.0,0.017852018338009614,8.855674172398453e-06
on_shell_rho_initial_1.05,393,3.93,0.015398753148941475,1407.1111068428422,800,8.0,0.017852018338009614,8.907678508283066e-06
on_shell_rho_initial_1.05,394,3.94,0.01538699089309784,1429.3796878296203,800,8.0,0.017852018338009614,9.050450167579711e-06
on_shell_rho_initial_1.05,395,3.95,0.01537521533033736,1450.699444397237,800,8.0,0.017852018338009614,9.240780334856957e-06
on_shell_rho_initial_1.05,396,3.96,0.015363435735221571,1470.6226963105908,800,8.0,0.017852018338009614,9.44967194250662e-06
on_shell_rho_initial_1.05,397,3.97,0.015351661273898684,1488.8676064757228,800,8.0,0.017852018338009614,9.658952305875741e-06
on_shell_rho_initial_1.05,398,3.98,0.01533990100127131,1505.2725111842592,800,8.0,0.017852018338009614,9.857886383476004e-06
on_shell_rho_initial_1.05,399,3.99,0.015328163858340451,1519.761983054871,800,8.0,0.017852018338009614,1.0040602183421111e-05
on_shell_rho_initial_1.05,400,4.0,0.015316458669723596,1532.3215692110364,800,8.0,0.017852018338009614,1.0204278276596073e-05
on_shell_rho_initial_1.05,401,4.01,0.015304794141343392,1542.9792025581478,800,8.0,0.017852018338009614,1.0347949314968927e-05
on_shell_rho_initial_1.05,402,4.0200000000000005,0.015293178858283114,1551.7915933428042,800,8.0,0.017852018338009614,1.0471743096466815e-05
on_shell_rho_initial_1.05,403,4.03,0.015281621282805231,1558.8343076074864,800,8.0,0.017852018338009614,1.0576402699594098e-05
on_shell_rho_initial_1.05,404,4.04,0.015270129752529149,1564.1945629577883,800,8.0,0.017852018338009614,1.0662991644387472e-05
on_shell_rho_initial_1.05,405,4.05,0.01525871247876417,1567.9660240379171,800,8.0,0.017852018338009614,1.0732714853975166e-05
on_shell_rho_initial_1.05,406,4.0600000000000005,0.015247377544993737,1570.245070232606,800,8.0,0.017852018338009614,1.0786812250938966e-05
on_shell_rho_initial_1.05,407,4.07,0.015236132905506903,1571.128149262415,800,8.0,0.017852018338009614,1.0826497790423298e-05
on_shell_rho_initial_1.05,408,4.08,0.015224986384172922,1570.7099350868637,800,8.0,0.017852018338009614,1.0852926621476185e-05
on_shell_rho_initial_1.05,409,4.09,0.015213945673354972,1569.0820843686383,800,8.0,0.017852018338009614,1.0867179713933531e-05
on_shell_rho_initial_1.05,410,4.1,0.015203018332958895,1566.3324416818227,800,8.0,0.017852018338009614,1.0870259185943081e-05
on_shell_rho_initial_1.05,411,4.11,0.01519221178961289,1562.5445840719556,800,8.0,0.017852018338009614,1.0863090111592725e-05
on_shell_rho_initial_1.05,412,4.12,0.015181533335974185,1557.7976238295867,800,8.0,0.017852018338009614,1.0846520635126607e-05
on_shell_rho_initial_1.05,413,4.13,0.01517099013015449,1552.1661637671618,800,8.0,0.017852018338009614,1.0821293414634701e-05
on_shell_rho_initial_1.05,414,4.14,0.015160589195238603,1545.7201735602644,800,8.0,0.017852018338009614,1.0788083254153792e-05
on_shell_rho_initial_1.05,415,4.15,0.015150337418960358,1538.5251153192773,800,8.0,0.017852018338009614,1.0747524747010491e-05
on_shell_rho_initial_1.05,416,4.16,0.015140241553460814,1530.642074909885,800,8.0,0.017852018338009614,1.0700188613510025e-05
on_shell_rho_initial_1.05,417,4.17,0.01513030821514958,1522.1279664632964,800,8.0,0.017852018338009614,1.064659214608173e-05
on_shell_rho_initial_1.05,418,4.18,0.015120543884667418,1513.0357447355204,800,8.0,0.017852018338009614,1.0587206770962523e-05
on_shell_rho_initial_1.05,419,4.19,0.015110954906943155,1503.4146250093656,800,8.0,0.017852018338009614,1.0522462762937586e-05
on_shell_rho_initial_1.05,420,4.2,0.015101547491340349,1493.3103072100857,800,8.0,0.017852018338009614,1.0452753472959309e-05
on_shell_rho_initial_1.05,421,4.21,0.01509232771188914,1482.7651981179317,800,8.0,0.017852018338009614,1.0378439228866592e-05
on_shell_rho_initial_1.05,422,4.22,0.015083301507598916,1471.8186275114924,800,8.0,0.017852018338009614,1.0299850798438177e-05
on_shell_rho_initial_1.05,423,4.23,0.015074474682847424,1460.5070555906523,800,8.0,0.017852018338009614,1.021729256926005e-05
on_shell_rho_initial_1.05,424,4.24,0.01506585290784215,1448.8642702206284,800,8.0,0.017852018338009614,1.0131045372904525e-05
on_shell_rho_initial_1.05,425,4.25,0.015057441719149882,1436.9215733739375,800,8.0,0.017852018338009614,1.0041369053394636e-05
on_shell_rho_initial_1.05,426,4.26,0.015049246520290455,1424.7079568614613,800,8.0,0.017852018338009614,9.948504807833598e-06
on_shell_rho_initial_1.05,427,4.2700000000000005,0.015041272582390927,1412.2502678765834,800,8.0,0.017852018338009614,9.852677285798271e-06
on_shell_rho_initial_1.05,428,4.28,0.015033525044896334,1399.573365212273,800,8.0,0.017852018338009614,9.754096575110437e-06
on_shell_rho_initial_1.05,429,4.29,0.015026008916333542,1386.7002671388555,800,8.0,0.017852018338009614,9.652959925631452e-06
on_shell_rho_initial_1.05,430,4.3,0.015018729075124417,1373.652289691437,800,8.0,0.017852018338009614,9.549451100502255e-06
on_shell_rho_initial_1.05,431,4.3100000000000005,0.015011690270434721,1360.4491693937518,800,8.0,0.017852018338009614,9.443742266596597e-06
on_shell_rho_initial_1.05,432,4.32,0.015004897123073848,1347.1091759305264,800,8.0,0.017852018338009614,9.335997157363946e-06
on_shell_rho_initial_1.05,433,4.33,0.01499835412643046,1333.6492190645624,800,8.0,0.017852018338009614,9.226370828442915e-06
on_shell_rho_initial_1.05,434,4.34,0.014992065647439295,1320.084949067937,800,8.0,0.017852018338009614,9.115009997310414e-06
on_shell_rho_initial_1.05,435,4.3500000000000005,0.01498603592758094,1306.4308483194634,800,8.0,0.017852018338009614,9.002054282487467e-06
on_shell_rho_initial_1.05,436,4.36,0.014980269083909111,1292.7003156847034,800,8.0,0.017852018338009614,8.887636921819444e-06
on_shell_rho_initial_1.05,437,4.37,0.014974769110102093,1278.9057447951539,800,8.0,0.017852018338009614,8.7718853810757e-06
on_shell_rho_initial_1.05,438,4.38,0.014969539877535352,1265.05859663529,800,8.0,0.017852018338009614,8.654921888043552e-06
on_shell_rho_initial_1.05,439,4.39,0.014964585136372303,1251.1694667623422,800,8.0,0.017852018338009614,8.5368639559229e-06
on_shell_rho_initial_1.05,440,4.4,0.014959908516670395,1237.2481474487863,800,8.0,0.017852018338009614,8.417824740811024e-06
on_shell_rho_initial_1.05,441,4.41,0.014955513529499862,1223.3036850339513,800,8.0,0.017852018338009614,8.297913481274576e-06
on_shell_rho_initial_1.05,442,4.42,0.014951403568072508,1209.3444327814584,800,8.0,0.017852018338009614,8.17723580774278e-06
on_shell_rho_initial_1.05,443,4.43,0.014947581908878082,1195.3780995852555,800,8.0,0.017852018338009614,8.055894061501174e-06
on_shell_rho_initial_1.05,444,4.44,0.014944051712825977,1181.4117948840717,800,8.0,0.017852018338009614,7.933987602716107e-06
on_shell_rho_initial_1.05,445,4.45,0.01494081602638993,1167.4520701969439,800,8.0,0.017852018338009614,7.81161306160082e-06
on_shell_rho_initial_1.05,446,4.46,0.014937877782753737,1153.504957699486,800,8.0,0.017852018338009614,7.688864632724227e-06
on_shell_rho_initial_1.05,447,4.47,0.014935239802955969,1139.5760056624324,800,8.0,0.017852018338009614,7.565834272758776e-06
on_shell_rho_initial_1.05,448,4.48,0.014932904797026691,1125.6703125942931,800,8.0,0.017852018338009614,7.4426119124684945e-06
on_shell_rho_initial_1.05,449,4.49,0.014930875365119625,1111.7925587755385,800,8.0,0.017852018338009614,7.31928552402541e-06
on_shell_rho_initial_1.05,450,4.5,0.014929153998638452,1097.9470335205808,800,8.0,0.017852018338009614,7.195941104115606e-06
on_shell_rho_initial_1.05,451,4.51,0.01492774308134986,1084.1376625810703,800,8.0,0.017852018338009614,7.0726629820132025e-06
on_shell_rho_initial_1.05,452,4.5200000000000005,0.014926644890490162,1070.3680320907006,800,8.0,0.017852018338009614,6.9495339124105834e-06
on_shell_rho_initial_1.05,453,4.53,0.014925861597857791,1056.6414112814082,800,8.0,0.017852018338009614,6.8266351723886264e-06
on_shell_rho_initial_1.05,454,4.54,0.014925395270890264,1042.9607737551846,800,8.0,0.017852018338009614,6.7040466768307284e-06
on_shell_rho_initial_1.05,455,4.55,0.014925247873724533,1029.3288173694284,800,8.0,0.017852018338009614,6.581846998488663e-06
on_shell_rho_initial_1.05,456,4.5600000000000005,0.014925421268239595,1015.7479827668757,800,8.0,0.017852018338009614,6.4601134429829415e-06
on_shell_rho_initial_1.05,457,4.57,0.014925917215080355,1002.2204705923646,800,8.0,0.017852018338009614,6.33892206072589e-06
on_shell_rho_initial_1.05,458,4.58,0.014926737374661846,988.7482574707108,800,8.0,0.017852018338009614,6.218347675354021e-06
on_shell_rho_initial_1.05,459,4.59,0.014927883308152999,975.3331108386978,800,8.0,0.017852018338009614,6.098463921009858e-06
on_shell_rho_initial_1.05,460,4.6000000000000005,0.01492935647843916,961.9766027771005,800,8.0,0.017852018338009614,5.979343277738511e-06
on_shell_rho_initial_1.05,461,4.61,0.014931158251062721,948.6801230198031,800,8.0,0.017852018338009614,5.8610571019421715e-06
on_shell_rho_initial_1.05,462,4.62,0.014933289895141293,935.4448913071791,800,8.0,0.017852018338009614,5.743675713147213e-06
on_shell_rho_initial_1.05,463,4.63,0.014935752584261514,922.2719684602483,800,8.0,0.017852018338009614,5.627268212081507e-06
on_shell_rho_initial_1.05,464,4.64,0.014938547397327107,909.1622692431725,800,8.0,0.017852018338009614,5.5119027221620205e-06
on_shell_rho_initial_1.05,465,4.65,0.014941675319409061,896.1165709891497,800,8.0,0.017852018338009614,5.3976461751817e-06
on_shell_rho_initial_1.05,466,4.66,0.01494513724255216,883.1355239660501,800,8.0,0.017852018338009614,5.28456433548154e-06
on_shell_rho_initial_1.05,467,4.67,0.014948933966560463,870.2196607092404,800,8.0,0.017852018338009614,5.17272185814737e-06
on_shell_rho_initial_1.05,468,4.68,0.014953066199757233,857.369404792023,800,8.0,0.017852018338009614,5.062182288313062e-06
on_shell_rho_initial_1.05,469,4.69,0.014957534559713666,844.5850795318925,800,8.0,0.017852018338009614,4.953008019538363e-06
on_shell_rho_initial_1.05,470,4.7,0.014962339573947084,831.8669164316959,800,8.0,0.017852018338009614,4.8452603156877375e-06
on_shell_rho_initial_1.05,471,4.71,0.014967481680589144,819.2150633459823,800,8.0,0.017852018338009614,4.770236074957403e-06
on_shell_rho_initial_1.05,472,4.72,0.014972961229024837,806.6295923848184,800,8.0,0.017852018338009614,4.849731676981099e-06
on_shell_rho_initial_1.05,473,4.73,0.014978778480502974,794.1105076066942,800,8.0,0.017852018338009614,4.929396244143805e-06
on_shell_rho_initial_1.05,474,4.74,0.014984933608719001,781.6577525904456,800,8.0,0.017852018338009614,5.009091018908136e-06
on_shell_rho_initial_1.05,475,4.75,0.014991426700370982,769.2712180161607,800,8.0,0.017852018338009614,5.0886831025147055e-06
on_shell_rho_initial_1.05,476,4.76,0.014998257755689724,756.9507494259451,800,8.0,0.017852018338009614,5.168045130983218e-06
on_shell_rho_initial_1.05,477,4.7700000000000005,0.015005426688943462,744.6961546856064,800,8.0,0.017852018338009614,5.247055222307135e-06
on_shell_rho_initial_1.05,478,4.78,0.01501293332887263,732.5072128722315,800,8.0,0.017852018338009614,5.3255965761565865e-06
on_shell_rho_initial_1.05,479,4.79,0.015020777419134584,720.3836816819259,800,8.0,0.017852018338009614,5.403556987904464e-06
on_shell_rho_initial_1.05,480,4.8,0.015028958618712188,708.3253054326648,800,8.0,0.017852018338009614,5.480828613740881e-06
on_shell_rho_initial_1.05,481,4.8100000000000005,0.015037476502286812,696.3318239205306,800,8.0,0.017852018338009614,5.557307596552215e-06
on_shell_rho_initial_1.05,482,4.82,0.015046330560597345,684.4029810629048,800,8.0,0.017852018338009614,5.6328936317168755e-06
on_shell_rho_initial_1.05,483,4.83,0.015055520200763568,672.5385342529984,800,8.0,0.017852018338009614,5.7074896171192545e-06
on_shell_rho_initial_1.05,484,4.84,0.01506504474657664,660.7382641822743,800,8.0,0.017852018338009614,5.7810012581337816e-06
on_shell_rho_initial_1.05,485,4.8500000000000005,0.015074903438759463,649.0019851310706,800,8.0,0.017852018338009614,5.853336643934988e-06
on_shell_rho_initial_1.05,486,4.86,0.01508509543519983,637.3295557637477,800,8.0,0.017852018338009614,5.924405799782321e-06
on_shell_rho_initial_1.05,487,4.87,0.015095619811159207,625.7208904931775,800,8.0,0.017852018338009614,5.994120211611526e-06
on_shell_rho_initial_1.05,488,4.88,0.015106475559460202,614.1759715082243,800,8.0,0.017852018338009614,6.062392295495473e-06
on_shell_rho_initial_1.05,489,4.89,0.015117661590655718,602.6948615891001,800,8.0,0.017852018338009614,6.129134844513496e-06
on_shell_rho_initial_1.05,490,4.9,0.015129176733182937,591.2777178808109,800,8.0,0.017852018338009614,6.194260386671019e-06
on_shell_rho_initial_1.05,491,4.91,0.015141019733505323,579.9248063317328,800,8.0,0.017852018338009614,6.257680878182147e-06
on_shell_rho_initial_1.05,492,4.92,0.015153189256166955,568.6365173561229,800,8.0,0.017852018338009614,6.319307346636006e-06
on_shell_rho_initial_1.05,493,4.93,0.015165683883795439,557.4133831558491,800,8.0,0.017852018338009614,6.379048489964303e-06
on_shell_rho_initial_1.05,494,4.94,0.015178502117239962,546.2560931846447,800,8.0,0.017852018338009614,6.436810657107982e-06
on_shell_rho_initial_1.05,495,4.95,0.015191642375563698,535.1655136183539,800,8.0,0.017852018338009614,6.492497053332338e-06
on_shell_rho_initial_1.05,496,4.96,0.015205102996067057,524.1427064619671,800,8.0,0.017852018338009614,6.5460070577803005e-06
on_shell_rho_initial_1.05,497,4.97,0.01521888223428215,513.1889496702292,800,8.0,0.017852018338009614,6.597235689632217e-06
on_shell_rho_initial_1.05,498,4.98,0.015232978263942357,502.3057580203843,800,8.0,0.017852018338009614,6.6460730271555045e-06
on_shell_rho_initial_1.05,499,4.99,0.015247389176931195,491.49490451164627,800,8.0,0.017852018338009614,6.692403717377592e-06
on_shell_rho_initial_1.05,500,5.0,0.015262112983215094,480.75844200439735,800,8.0,0.017852018338009614,6.736106612184342e-06
on_shell_rho_initial_1.05,501,5.01,0.015277147610764368,470.09872470666807,800,8.0,0.017852018338009614,6.777054506496891e-06
on_shell_rho_initial_1.05,502,5.0200000000000005,0.01529249090546718,459.51842897276913,800,8.0,0.017852018338009614,6.815114092032268e-06
on_shell_rho_initial_1.05,503,5.03,0.015308140631041052,449.0205726983865,800,8.0,0.017852018338009614,6.850146227566872e-06
on_shell_rho_initial_1.05,504,5.04,0.015324094468946777,438.6085323929518,800,8.0,0.017852018338009614,6.882006558553964e-06
on_shell_rho_initial_1.05,505,5.05,0.015340350018309613,428.2860563670965,800,8.0,0.017852018338009614,6.910546973692775e-06
on_shell_rho_initial_1.05,506,5.0600000000000005,0.01535690479578717,418.05727188252257,800,8.0,0.017852018338009614,6.935618342527292e-06
on_shell_rho_initial_1.05,507,5.07,0.01537375623524655,407.9266886208141,800,8.0,0.017852018338009614,6.957070198798515e-06
on_shell_rho_initial_1.05,508,5.08,0.015390901687823434,397.89918726859906,800,8.0,0.017852018338009614,6.97475732465368e-06
on_shell_rho_initial_1.05,509,5.09,0.01540833842173741,387.9800000022299,800,8.0,0.017852018338009614,6.98854321444318e-06
on_shell_rho_initial_1.05,510,5.1000000000000005,0.015426063622137144,378.174673385242,800,8.0,0.017852018338009614,6.998306269871773e-06
on_shell_rho_initial_1.05,511,5.11,0.015444074390959414,368.4890114044287,800,8.0,0.017852018338009614,7.003947502208023e-06
on_shell_rho_initial_1.05,512,5.12,0.015462367746791413,358.92899415892373,800,8.0,0.017852018338009614,7.005399923150959e-06
on_shell_rho_initial_1.05,513,5.13,0.015480940624732238,349.50066712350025,800,8.0,0.017852018338009614,7.002639819606893e-06
on_shell_rho_initial_1.05,514,5.14,0.01549978987624938,340.2099955338522,800,8.0,0.017852018338009614,6.995699962773331e-06
on_shell_rho_initial_1.05,515,5.15,0.015518912269034943,331.0626781389875,800,8.0,0.017852018338009614,6.984684625197664e-06
on_shell_rho_initial_1.05,516,5.16,0.01553830448690297,322.0639166011981,800,8.0,0.017852018338009614,6.969785284328427e-06
on_shell_rho_initial_1.05,517,5.17,0.01555796312967161,313.2181361488826,800,8.0,0.017852018338009614,6.951298524453226e-06
on_shell_rho_initial_1.05,518,5.18,0.015577884713050057,304.5286571404314,800,8.0,0.017852018338009614,6.929642723487715e-06
on_shell_rho_initial_1.05,519,5.19,0.015598065668538929,295.9973198759668,800,8.0,0.017852018338009614,6.905373298364541e-06
on_shell_rho_initial_1.05,520,5.2,0.015618502343368671,287.6240715080626,800,8.0,0.017852018338009614,6.879194551134103e-06
on_shell_rho_initial_1.05,521,5.21,0.015639191000451247,279.40653220992397,800,8.0,0.017852018338009614,6.8519654731736555e-06
on_shell_rho_initial_1.05,522,5.22,0.015660127818317087,271.33956789636414,800,8.0,0.017852018338009614,6.824696630087774e-06
on_shell_rho_initial_1.05,523,5.23,0.015681308891043313,263.4149097690151,800,8.0,0.017852018338009614,6.798533491185255e-06
on_shell_rho_initial_1.05,524,5.24,0.015702730228328805,255.62087726407836,800,8.0,0.017852018338009614,6.7747238139543575e-06
on_shell_rho_initial_1.05,525,5.25,0.01572438775547965,247.94227600439467,800,8.0,0.017852018338009614,6.7545655982442864e-06
on_shell_rho_initial_1.05,526,5.26,0.015746277313442025,240.36055460922944,800,8.0,0.017852018338009614,6.739331194609797e-06
on_shell_rho_initial_1.05,527,5.2700000000000005,0.01576839465888714,232.85431055260858,800,8.0,0.017852018338009614,6.730167859598841e-06
on_shell_rho_initial_1.05,528,5.28,0.015790735464328746,225.40022804166358,800,8.0,0.017852018338009614,6.727976373087892e-06
on_shell_rho_initial_1.05,529,5.29,0.015813295318217086,217.97450215796468,800,8.0,0.017852018338009614,6.733274181548093e-06
on_shell_rho_initial_1.05,530,5.3,0.01583606972511309,210.5547464771198,800,8.0,0.017852018338009614,6.746057646217077e-06
on_shell_rho_initial_1.05,531,5.3100000000000005,0.015859054105910677,203.12229112857182,800,8.0,0.017852018338009614,6.7656868513353955e-06
on_shell_rho_initial_1.05,532,5.32,0.015882243798045356,195.66465307318262,800,8.0,0.017852018338009614,6.790827779436849e-06
on_shell_rho_initial_1.05,533,5.33,0.015905634055784136,188.17781230968382,800,8.0,0.017852018338009614,6.819497500186599e-06
on_shell_rho_initial_1.05,534,5.34,0.015929220050540437,180.66778000526003,800,8.0,0.017852018338009614,6.849264783943687e-06
on_shell_rho_initial_1.05,535,5.3500000000000005,0.015952996871207898,173.15083809207016,800,8.0,0.017852018338009614,6.8776548584436045e-06
on_shell_rho_initial_1.05,536,5.36,0.015976959524592167,165.65182168450832,800,8.0,0.017852018338009614,6.902784474752596e-06
on_shell_rho_initial_1.05,537,5.37,0.016001102935836654,158.19996589011595,800,8.0,0.017852018338009614,6.9242041672887045e-06
on_shell_rho_initial_1.05,538,5.38,0.016025421948928507,150.8222040638367,800,8.0,0.017852018338009614,6.943846078247677e-06
on_shell_rho_initial_1.05,539,5.39,0.016049911327259695,143.53439777009328,800,8.0,0.017852018338009614,6.966878787061532e-06
on_shell_rho_initial_1.05,540,5.4,0.0160745657541808,136.3317541177006,800,8.0,0.017852018338009614,7.002182997190713e-06
on_shell_rho_initial_1.05,541,5.41,0.01609937983369991,129.1805056863416,800,8.0,0.017852018338009614,7.0621537864445404e-06
on_shell_rho_initial_1.05,542,5.42,0.016124348091165967,122.01354181735438,800,8.0,0.017852018338009614,7.161627996983523e-06
on_shell_rho_initial_1.05,543,5.43,0.01614946497403637,114.732780190848,800,8.0,0.017852018338009614,7.3159721124701266e-06
on_shell_rho_initial_1.05,544,5.44,0.016174724852724896,107.22033184431572,800,8.0,0.017852018338009614,7.538648620519512e-06
on_shell_rho_initial_1.05,545,5.45,0.016200122021448875,99.35879109432902,800,8.0,0.017852018338009614,7.838817733518965e-06
on_shell_rho_initial_1.05,546,5.46,0.016225650699205056,91.05842994377936,800,8.0,0.017852018338009614,8.219566554708045e-06
on_shell_rho_initial_1.05,547,5.47,0.0162513050307776,82.28630042292268,800,8.0,0.017852018338009614,8.677160386340012e-06
on_shell_rho_initial_1.05,548,5.48,0.016277079087823783,73.09019997102746,800,8.0,0.017852018338009614,9.201407875022596e-06
on_shell_rho_initial_1.05,549,5.49,0.016302966870017532,63.61013916828079,800,8.0,0.017852018338009614,9.776878170254521e-06
on_shell_rho_initial_1.05,550,5.5,0.01632896230624101,54.07199658659406,800,8.0,0.017852018338009614,1.0384498744240481e-05
on_shell_rho_initial_1.05,551,5.51,0.01635505925590762,44.76225561528145,800,8.0,0.017852018338009614,1.1003252481464412e-05
on_shell_rho_initial_1.05,552,5.5200000000000005,0.01638125151032626,35.987954099600806,800,8.0,0.017852018338009614,1.1611555247288505e-05
on_shell_rho_initial_1.05,553,5.53,0.016407532794095188,28.03052984310265,800,8.0,0.017852018338009614,1.2188428344196985e-05
on_shell_rho_initial_1.05,554,5.54,0.016433896766656252,21.10431501905694,800,8.0,0.017852018338009614,1.2714338602067199e-05
on_shell_rho_initial_1.05,555,5.55,0.016460337023818175,15.32918201237834,800,8.0,0.017852018338009614,1.317191548372564e-05
on_shell_rho_initial_1.05,556,5.5600000000000005,0.01648684709947189,10.722619123633224,800,8.0,0.017852018338009614,1.35467101048836e-05
on_shell_rho_initial_1.05,557,5.57,0.016513420467323358,7.2109090791701815,800,8.0,0.017852018338009614,1.3828040357999413e-05
on_shell_rho_initial_1.05,558,5.58,0.016540050542682302,4.654149694955527,800,8.0,0.017852018338009614,1.4010389682654281e-05
on_shell_rho_initial_1.05,559,5.59,0.016566730684382112,2.877205821908695,800,8.0,0.017852018338009614,1.4095694407067444e-05
on_shell_rho_initial_1.05,560,5.6000000000000005,0.016593454196718916,1.698858967716017,800,8.0,0.017852018338009614,1.4097308588781136e-05
on_shell_rho_initial_1.05,561,5.61,0.01662021433158855,0.953794100500447,800,8.0,0.017852018338009614,1.3398480223761254e-05
on_shell_rho_initial_1.05,562,5.62,0.01664700429054468,0.5053468299194489,800,8.0,0.017852018338009614,7.079140504557073e-06
on_shell_rho_initial_1.05,563,5.63,0.01667381722707928,0.2499325370110646,800,8.0,0.017852018338009614,3.5147747650495485e-06
on_shell_rho_initial_1.05,564,5.64,0.016700646248847335,0.11649412823640697,800,8.0,0.017852018338009614,1.625612212961343e-06
on_shell_rho_initial_1.05,565,5.65,0.016727484420174313,0.0830562950321192,711,7.11,0.018139467961451376,6.894821888694022e-07
on_shell_rho_initial_1.05,566,5.66,0.016754324764414852,0.08355044619727975,713,7.13,0.018122256639163333,2.61684113983778e-07
on_shell_rho_initial_1.05,567,5.67,0.016781160266564437,0.08367035581371458,714,7.140000000000001,0.018113612174628792,9.271377988848417e-08
on_shell_rho_initial_1.05,568,5.68,0.016807983875848163,0.08359291194699593,715,7.15,0.01810495070591634,5.394712379922371e-08
on_shell_rho_initial_1.05,569,5.69,0.01683478850849087,0.08342448806667371,717,7.17,0.018087603103410295,5.168103257711481e-08
on_shell_rho_initial_1.05,570,5.7,0.01686156705046403,0.0832197671988946,718,7.18,0.018078930031633755,4.884497097818439e-08
on_shell_rho_initial_1.05,571,5.71,0.016888312360386383,0.08300441717729357,719,7.19,0.018070266074850978,4.5009650318570843e-08
on_shell_rho_initial_1.05,572,5.72,0.016915017272467473,0.08278937829661275,720,7.2,0.018061617641555575,4.171367533938535e-08
on_shell_rho_initial_1.05,573,5.73,0.016941674599556793,0.08257846857349921,721,7.21,0.01805299108712997,3.923821409708182e-08
on_shell_rho_initial_1.05,574,5.74,0.016968277136242473,0.0823724583893214,722,7.22,0.018044392711686133,3.737777033125255e-08
on_shell_rho_initial_1.05,575,5.75,0.016994817662044446,0.0821709961619359,723,7.23,0.018035828757983683,3.5882184342490284e-08
on_shell_rho_initial_1.05,576,5.76,0.01702128894468963,0.08197344320424199,724,7.24,0.01802730540942488,3.457301928684265e-08
on_shell_rho_initial_1.05,577,5.7700000000000005,0.017047683743425485,0.08177919275186964,725,7.25,0.018018828788125833,3.334593374360554e-08
on_shell_rho_initial_1.05,578,5.78,0.017073994812449596,0.08158776360428094,726,7.26,0.01801040495306312,3.2148817633885196e-08
on_shell_rho_initial_1.05,579,5.79,0.017100214904380594,0.08139880563696161,727,7.2700000000000005,0.018002039898295134,3.096235191574372e-08
on_shell_rho_initial_1.05,580,5.8,0.017126336773816257,0.08121207740478878,728,7.28,0.017993739551257232,2.9786753215018607e-08
on_shell_rho_initial_1.05,581,5.8100000000000005,0.017152353180920017,0.08102741967824142,729,7.29,0.01798550977112986,2.863388130943618e-08
on_shell_rho_initial_1.05,582,5.82,0.017178256895119474,0.08084473268356025,730,7.3,0.017977356347278615,2.75224754833595e-08
on_shell_rho_initial_1.05,583,5.83,0.017204040698845614,0.08066395833713795,731,7.3100000000000005,0.017969284997765404,2.647484316163316e-08
on_shell_rho_initial_1.05,584,5.84,0.01722969739130849,0.08048506656854187,732,7.32,0.017961301367929526,2.5513773251104515e-08
on_shell_rho_initial_1.05,585,5.8500000000000005,0.017255219792361796,0.08030804445945623,733,7.33,0.01795341102903772,2.46592033151405e-08
on_shell_rho_initial_1.05,586,5.86,0.017280600746392694,0.08013288729062923,734,7.34,0.017945619477002076,2.3924734858145992e-08
on_shell_rho_initial_1.05,587,5.87,0.01730583312630179,0.07995959118292736,735,7.3500000000000005,0.017937932131164694,2.331440407168148e-08
on_shell_rho_initial_1.05,588,5.88,0.01733090983745659,0.07978814755853662,736,7.36,0.017930354333141628,2.282033441855428e-08
on_shell_rho_initial_1.05,589,5.89,0.01735582382176811,0.07961853994141121,737,7.37,0.01792289134572587,2.2421956316037095e-08
on_shell_rho_initial_1.05,590,5.9,0.017380568061742395,0.07945074355971639,738,7.38,0.017915548351872864,2.2087568319138477e-08
on_shell_rho_initial_1.05,591,5.91,0.017405135584625215,0.07928472777412494,739,7.390000000000001,0.017908330453728735,2.1778621568501827e-08
on_shell_rho_initial_1.05,592,5.92,0.017429519466512187,0.07912046075513254,740,7.4,0.017901242671722432,2.1456224335030855e-08
on_shell_rho_initial_1.05,593,5.93,0.017453712836536708,0.0789579152414308,741,7.41,0.017894289943715423,2.10882356495366e-08
on_shell_rho_initial_1.05,594,5.94,0.01747770888106434,0.07879707391940542,742,7.42,0.017887477124207133,2.0654787055105482e-08
on_shell_rho_initial_1.05,595,5.95,0.01750150084789655,0.07863793308576887,743,7.43,0.017880808983594603,2.0150541204149825e-08
on_shell_rho_initial_1.05,596,5.96,0.017525082050523264,0.07848050376334095,744,7.44,0.01787429020748475,1.9583244139882878e-08
on_shell_rho_initial_1.05,597,5.97,0.017548445872315296,0.0783248101544092,745,7.45,0.017867925396057638,1.8969446021809433e-08
on_shell_rho_initial_1.05,598,5.98,0.017571585770803415,0.07817088599492258,746,7.46,0.01786171906347929,1.832901309333959e-08
on_shell_rho_initial_1.05,599,5.99,0.01759449528189728,0.07801876981354698,747,7.47,0.017855675637362404,1.7680132398189503e-08
on_shell_rho_initial_1.05,600,6.0,0.01761716802416103,0.07786850020782986,748,7.48,0.01784979945827359,1.703594125668725e-08
on_shell_rho_initial_1.05,601,6.01,0.01763959770299802,0.07772035043108383,750,7.5,0.017838565765572734,1.6403184518599277e-08
on_shell_rho_initial_1.05,602,6.0200000000000005,0.0176617781148214,0.0775742420959654,751,7.51,0.01783321649404932,1.578267948177585e-08
on_shell_rho_initial_1.05,603,6.03,0.017683703151356086,0.07743007298916017,752,7.5200000000000005,0.017828050953045058,1.51709465011048e-08
on_shell_rho_initial_1.05,604,6.04,0.017705366803797484,0.07728785935365184,753,7.53,0.017823073042015133,1.4562332165833287e-08
on_shell_rho_initial_1.05,605,6.05,0.01772676316684235,0.07714761273370137,754,7.54,0.017818286571296988,1.3951036222279574e-08
on_shell_rho_initial_1.05,606,6.0600000000000005,0.017747886442888158,0.07700934203370216,755,7.55,0.017813695261893466,1.3332627563778475e-08
on_shell_rho_initial_1.05,607,6.07,0.017768730946060216,0.07687305557467135,756,7.5600000000000005,0.017809302745293847,1.2704933887450885e-08
on_shell_rho_initial_1.05,608,6.08,0.017789291106242472,0.07673876282020611,757,7.57,0.017805112563326685,1.2068295802040268e-08
on_shell_rho_initial_1.05,609,6.09,0.017809561473050916,0.0766064755961705,758,7.58,0.017801128168042666,1.1425333828337021e-08
on_shell_rho_initial_1.05,610,6.1000000000000005,0.017829536719730636,0.07647620876105596,759,7.59,0.01779735292162603,1.0780402559678779e-08
on_shell_rho_initial_1.05,611,6.11,0.017849211647021097,0.07634798038083605,760,7.6000000000000005,0.017793790096333244,1.0138915814276572e-08
on_shell_rho_initial_1.05,612,6.12,0.0178685811869238,0.07622181151823978,761,7.61,0.017790442874457604,9.506676438066795e-09
on_shell_rho_initial_1.05,613,6.13,0.017887640406435854,0.07609772576626826,762,7.62,0.017787314348318508,8.889310553901803e-09
on_shell_rho_initial_1.05,614,6.140000000000001,0.017906384511173767,0.07597574864941162,763,7.63,0.017784407520274118,8.291844304217575e-09
on_shell_rho_initial_1.05,615,6.15,0.01792480884892978,0.07585590699397449,764,7.640000000000001,0.017781725302756388,7.718436394171707e-09
on_shell_rho_initial_1.05,616,6.16,0.017942908913146555,0.0757382283406809,765,7.65,0.01777927051832721,7.172251316189837e-09
on_shell_rho_initial_1.05,617,6.17,0.0179606803462767,0.07562274044474261,766,7.66,0.01777704589975474,6.6554431040655204e-09
on_shell_rho_initial_1.05,618,6.18,0.017978118943079015,0.07550998781867906,768,7.68,0.017773297642871055,6.169218028901152e-09
on_shell_rho_initial_1.05,619,6.19,0.017995220653796076,0.07539950872041147,769,7.69,0.017771779022046994,5.713952507688452e-09
on_shell_rho_initial_1.05,620,6.2,0.01801198158721288,0.07529131609409133,770,7.7,0.017770500602317517,5.289330515884329e-09
on_shell_rho_initial_1.05,621,6.21,0.018028398013633838,0.07518543647688114,771,7.71,0.01776946466918611,4.894491255804488e-09
on_shell_rho_initial_1.05,622,6.22,0.018044466367723756,0.07508189565100558,772,7.72,0.017768673419145363,4.5281703863797315e-09
on_shell_rho_initial_1.05,623,6.23,0.018060183251221534,0.0749807186791939,773,7.73,0.01776812895985428,4.329204913723672e-09
on_shell_rho_initial_1.05,624,6.24,0.018075545435566553,0.07488192997646678,774,7.74,0.017767833310324194,4.186279662202182e-09
on_shell_rho_initial_1.05,625,6.25,0.018090549864375208,0.07478555340406531,775,7.75,0.01776778840111281,4.046826366321801e-09
on_shell_rho_initial_1.05,626,6.26,0.01810519365576917,0.07469161237372837,776,7.76,0.017767996074525873,3.9108414786491095e-09
on_shell_rho_initial_1.05,627,6.2700000000000005,0.018119474104601335,0.07460012995337054,777,7.7700000000000005,0.017768458084825946,3.7783623608961935e-09
on_shell_rho_initial_1.05,628,6.28,0.01813338868453254,0.07451112896788933,778,7.78,0.01776917609844792,3.6494084724263272e-09
on_shell_rho_initial_1.05,629,6.29,0.018146935049957364,0.07442525893810253,780,7.8,0.01777138636359645,3.5239820194043096e-09
on_shell_rho_initial_1.05,630,6.3,0.018160111037788165,0.07434205616244394,781,7.8100000000000005,0.01777288151088207,3.402071758931517e-09
on_shell_rho_initial_1.05,631,6.3100000000000005,0.01817291466911222,0.07426142499247096,782,7.82,0.017774638453481217,3.2836540710426707e-09
on_shell_rho_initial_1.05,632,6.32,0.018185344150689356,0.0741833887028101,783,7.83,0.017776658422114892,3.1686944879123914e-09
on_shell_rho_initial_1.05,633,6.33,0.018197397876274765,0.07410797064438407,784,7.84,0.01777894256106043,3.0571499382100677e-09
on_shell_rho_initial_1.05,634,6.34,0.018209074427820847,0.07403519426744228,785,7.8500000000000005,0.01778149192839557,2.948969484468094e-09
on_shell_rho_initial_1.05,635,6.3500000000000005,0.018220372576507857,0.07396508312645211,786,7.86,0.017784307496233782,2.844096076517334e-09
on_shell_rho_initial_1.05,636,6.36,0.018231291283621182,0.07389766087336731,787,7.87,0.017787390150970268,2.7424674438698517e-09
on_shell_rho_initial_1.05,637,6.37,0.018241829701270036,0.07383379051472728,789,7.890000000000001,0.01779435983957345,2.6440169352040057e-09
on_shell_rho_initial_1.05,638,6.38,0.01825198717294603,0.0737728061600546,790,7.9,0.01779824821979613,2.5486746003624555e-09
on_shell_rho_initial_1.05,639,6.390000000000001,0.018261763233920376,0.07371460928962174,791,7.91,0.01780240638009732,2.4563677931095578e-09
on_shell_rho_initial_1.05,640,6.4,0.018271157611480238,0.07365922409847733,792,7.92,0.017806834781844492,2.3670220436290224e-09
on_shell_rho_initial_1.05,641,6.41,0.018280170225010318,0.07360667459756508,793,7.930000000000001,0.01781153380209901,2.2805614806633937e-09
on_shell_rho_initial_1.05,642,6.42,0.01828880118590162,0.07355698451711158,794,7.94,0.017816503733849416,2.1969092919190693e-09
on_shell_rho_initial_1.05,643,6.43,0.018297050797321055,0.0735109602865418,796,7.96,0.01782725708484416,2.116049993285845e-09
on_shell_rho_initial_1.05,644,6.44,0.018304919553789347,0.07346824501584652,797,7.97,0.017833040671815948,2.0378471187948445e-09
on_shell_rho_initial_1.05,645,6.45,0.018312408140609172,0.07342848729976448,798,7.98,0.017839095506117123,1.962223428430903e-09
on_shell_rho_initial_1.05,646,6.46,0.01831951743314563,0.07339170864891774,799,7.99,0.01784542146375895,1.8891022562295806e-09
on_shell_rho_initial_1.05,647,6.47,0.018326248495953868,0.07335795031496002,800,8.0,0.017852018338009614,1.818407753783601e-09
on_shell_rho_initial_1.05,648,6.48,0.01833260258174885,0.07332017372894814,800,8.0,0.017852018338009614,1.7500653072652527e-09
on_shell_rho_initial_1.05,649,6.49,0.018338581130212365,0.0732765116744387,800,8.0,0.017852018338009614,1.6840162770974963e-09
on_shell_rho_initial_1.05,650,6.5,0.018344185766632444,0.07322695269216632,800,8.0,0.017852018338009614,1.6202332918358666e-09
on_shell_rho_initial_1.05,651,6.51,0.01834941830037066,0.0731714845521046,800,8.0,0.017852018338009614,1.5585860466807255e-09
on_shell_rho_initial_1.05,652,6.5200000000000005,0.018354280723218954,0.073110094266116,800,8.0,0.017852018338009614,1.4990051566385468e-09
on_shell_rho_initial_1.05,653,6.53,0.01835877520770187,0.07304276810421703,800,8.0,0.017852018338009614,1.4414232548687152e-09
on_shell_rho_initial_1.05,654,6.54,0.01836290410504907,0.0729694916147254,800,8.0,0.017852018338009614,1.385774421708773e-09
on_shell_rho_initial_1.05,655,6.55,0.01836666994319156,0.07289024964744929,800,8.0,0.017852018338009614,1.3320238687920698e-09
on_shell_rho_initial_1.05,656,6.5600000000000005,0.01837007542451576,0.07280502638001872,800,8.0,0.017852018338009614,1.280124667316619e-09
on_shell_rho_initial_1.05,657,6.57,0.01837312342350043,0.07271380534713551,800,8.0,0.017852018338009614,1.2299707005204662e-09
on_shell_rho_initial_1.05,658,6.58,0.01837581698424065,0.07261656947244753,800,8.0,0.017852018338009614,1.1815032698405793e-09
on_shell_rho_initial_1.05,659,6.59,0.018378159317857603,0.07251330110280986,800,8.0,0.017852018338009614,1.1346657086255247e-09
on_shell_rho_initial_1.05,660,6.6000000000000005,0.018380153799793218,0.07240398204476463,800,8.0,0.017852018338009614,1.0894030588037874e-09
on_shell_rho_initial_1.05,661,6.61,0.018381803966988776,0.07228859360313322,800,8.0,0.017852018338009614,1.0457020762141554e-09
on_shell_rho_initial_1.05,662,6.62,0.018383113514946467,0.07216711662165815,800,8.0,0.017852018338009614,1.0034972778438679e-09
on_shell_rho_initial_1.05,663,6.63,0.01838408629467323,0.07203953152566535,800,8.0,0.017852018338009614,9.627114259974894e-10
on_shell_rho_initial_1.05,664,6.640000000000001,0.018384726309506043,0.07190581836674921,800,8.0,0.017852018338009614,9.232968630700244e-10
on_shell_rho_initial_1.05,665,6.65,0.01838503771181798,0.07176595686948996,800,8.0,0.017852018338009614,8.852074270805575e-10
on_shell_rho_initial_1.05,666,6.66,0.018385024799604476,0.07161992648022615,800,8.0,0.017852018338009614,8.675362187148317e-10
on_shell_rho_initial_1.05,667,6.67,0.018384692012949167,0.07146770641749443,800,8.0,0.017852018338009614,9.014931470869281e-10
on_shell_rho_initial_1.05,668,6.68,0.018384043930661502,0.07130927572320742,800,8.0,0.017852018338009614,9.345686799441853e-10
on_shell_rho_initial_1.05,669,6.69,0.018383085266836317,0.07114461331509132,800,8.0,0.017852018338009614,9.667382377280779e-10
on_shell_rho_initial_1.05,670,6.7,0.018381820866838774,0.07097369804130947,800,8.0,0.017852018338009614,9.979874187184738e-10
on_shell_rho_initial_1.05,671,6.71,0.018380255703662217,0.07079650873631382,800,8.0,0.017852018338009614,1.0283092477752528e-09
on_shell_rho_initial_1.05,672,6.72,0.01837839487408727,0.07061302427767666,800,8.0,0.017852018338009614,1.0577024623228795e-09
on_shell_rho_initial_1.05,673,6.73,0.018376243594786894,0.0704232236440555,800,8.0,0.017852018338009614,1.0861702816866438e-09
on_shell_rho_initial_1.05,674,6.74,0.018373807198380953,0.07022708597408713,800,8.0,0.017852018338009614,1.1137193945893462e-09
on_shell_rho_initial_1.05,675,6.75,0.01837109112944402,0.07002459062607441,800,8.0,0.017852018338009614,1.140358784257456e-09
on_shell_rho_initial_1.05,676,6.76,0.018368100940469895,0.06981571723832591,800,8.0,0.017852018338009614,1.1660993707689676e-09
on_shell_rho_initial_1.05,677,6.7700000000000005,0.018364842287796335,0.06960044579002034,800,8.0,0.017852018338009614,1.1909535024133941e-09
on_shell_rho_initial_1.05,678,6.78,0.018361320927493537,0.06937875666245964,800,8.0,0.017852018338009614,1.2149345075955968e-09
on_shell_rho_initial_1.05,679,6.79,0.018357542711219636,0.06915063070058383,800,8.0,0.017852018338009614,1.238056755557643e-09
on_shell_rho_initial_1.05,680,6.8,0.018353513582046708,0.06891604927461432,800,8.0,0.017852018338009614,1.2603345020915828e-09
on_shell_rho_initial_1.05,681,6.8100000000000005,0.018349239570260426,0.06867499434169703,800,8.0,0.017852018338009614,1.281782664593764e-09
on_shell_rho_initial_1.05,682,6.82,0.018344726789136633,0.06842744850739971,800,8.0,0.017852018338009614,1.3024162843312305e-09
on_shell_rho_initial_1.05,683,6.83,0.018339981430707208,0.06817339508671036,800,8.0,0.017852018338009614,1.3222504601892712e-09
on_shell_rho_initial_1.05,684,6.84,0.018335009761643668,0.0679128181643601,800,8.0,0.017852018338009614,1.3413000567873698e-09
on_shell_rho_initial_1.05,685,6.8500000000000005,0.01832981811897709,0.06764570265447516,800,8.0,0.017852018338009614,1.3595800595400136e-09
on_shell_rho_initial_1.05,686,6.86,0.018324412905870342,0.06737203435951761,800,8.0,0.017852018338009614,1.3771050896413277e-09
on_shell_rho_initial_1.05,687,6.87,0.01831880058742091,0.06709180002814445,800,8.0,0.017852018338009614,1.3938895599947912e-09
on_shell_rho_initial_1.05,688,6.88,0.018312987686462192,0.0668049874118724,800,8.0,0.017852018338009614,1.4099475327468365e-09
on_shell_rho_initial_1.05,689,6.890000000000001,0.018306980779383333,0.06651158532042135,800,8.0,0.017852018338009614,1.425293028426473e-09
on_shell_rho_initial_1.05,690,6.9,0.01830078649197131,0.06621158367557439,800,8.0,0.017852018338009614,1.4399394496508346e-09
on_shell_rho_initial_1.05,691,6.91,0.0182944114952789,0.0659049735634113,800,8.0,0.017852018338009614,1.4539000399838111e-09
on_shell_rho_initial_1.05,692,6.92,0.01828786250152192,0.06559174728478089,800,8.0,0.017852018338009614,1.4671876015382532e-09
on_shell_rho_initial_1.05,693,6.93,0.018281146260008995,0.06527189840388668,800,8.0,0.017852018338009614,1.4798146693958978e-09
on_shell_rho_initial_1.05,694,6.94,0.018274269553107222,0.06494542179487045,800,8.0,0.017852018338009614,1.4917932944211094e-09
on_shell_rho_initial_1.05,695,6.95,0.018267239192246494,0.06461231368628843,800,8.0,0.017852018338009614,1.5031353435028952e-09
on_shell_rho_initial_1.05,696,6.96,0.018260062013965586,0.06427257170338624,800,8.0,0.017852018338009614,1.5138522183035897e-09
on_shell_rho_initial_1.05,697,6.97,0.01825274487600259,0.06392619490808733,800,8.0,0.017852018338009614,1.5239548110262836e-09
on_shell_rho_initial_1.05,698,6.98,0.018245294653432415,0.06357318383661713,800,8.0,0.017852018338009614,1.5334539751559297e-09
on_shell_rho_initial_1.05,699,6.99,0.01823771823485764,0.06321354053464448,800,8.0,0.017852018338009614,1.5423599528509605e-09
on_shell_rho_initial_1.05,700,7.0,0.018230022518683883,0.06284726858991263,800,8.0,0.017852018338009614,1.550682653882068e-09
on_shell_rho_initial_1.05,701,7.01,0.018222214409408553,0.062474373162286954,800,8.0,0.017852018338009614,1.5584319513021012e-09
on_shell_rho_initial_1.05,702,7.0200000000000005,0.018214300813989268,0.06209486101127905,800,8.0,0.017852018338009614,1.5656168586291426e-09
on_shell_rho_initial_1.05,703,7.03,0.01820628863827362,0.06170874052093853,800,8.0,0.017852018338009614,1.5722465651030542e-09
on_shell_rho_initial_1.05,704,7.04,0.01819818478349088,0.06131602172211864,800,8.0,0.017852018338009614,1.578329539308158e-09
on_shell_rho_initial_1.05,705,7.05,0.018189996142810208,0.06091671631212074,800,8.0,0.017852018338009614,1.5838742807140881e-09
on_shell_rho_initial_1.05,706,7.0600000000000005,0.01818172959796718,0.06051083767171972,800,8.0,0.017852018338009614,1.5888886323471804e-09
on_shell_rho_initial_1.05,707,7.07,0.01817339201595992,0.060098400879589134,800,8.0,0.017852018338009614,1.5933804630057143e-09
on_shell_rho_initial_1.05,708,7.08,0.01816499024581655,0.05967942272415133,800,8.0,0.017852018338009614,1.5973570242749754e-09
on_shell_rho_initial_1.05,709,7.09,0.018156531115434905,0.059253921712890845,800,8.0,0.017852018338009614,1.6008255396269204e-09
on_shell_rho_initial_1.05,710,7.1000000000000005,0.018148021428495906,0.058821918079173745,800,8.0,0.017852018338009614,1.603792863663317e-09
on_shell_rho_initial_1.05,711,7.11,0.018139467961451376,0.05838343378662871,800,8.0,0.017852018338009614,1.606265571591863e-09
on_shell_rho_initial_1.05,712,7.12,0.018130877460587322,0.057938492531147176,800,8.0,0.017852018338009614,1.6082498968912024e-09
on_shell_rho_initial_1.05,713,7.13,0.018122256639163333,0.0574871197405713,800,8.0,0.017852018338009614,1.6097520004456956e-09
on_shell_rho_initial_1.05,714,7.140000000000001,0.018113612174628792,0.057029342572142594,800,8.0,0.017852018338009614,1.6107776019890622e-09
on_shell_rho_initial_1.05,715,7.15,0.01810495070591634,0.05656518990778797,800,8.0,0.017852018338009614,1.6113323356826968e-09
on_shell_rho_initial_1.05,716,7.16,0.018096278830813096,0.05609469234732241,800,8.0,0.017852018338009614,1.6114214497874423e-09
on_shell_rho_initial_1.05,717,7.17,0.018087603103410295,0.05561788219965583,800,8.0,0.017852018338009614,1.6110501752234459e-09
on_shell_rho_initial_1.05,718,7.18,0.018078930031633755,0.05513479347207419,800,8.0,0.017852018338009614,1.610223239288118e-09
on_shell_rho_initial_1.05,719,7.19,0.018070266074850978,0.05464546185767966,800,8.0,0.017852018338009614,1.6089454348317053e-09
on_shell_rho_initial_1.05,720,7.2,0.018061617641555575,0.0541499247211373,800,8.0,0.017852018338009614,1.607221104926673e-09
on_shell_rho_initial_1.05,721,7.21,0.01805299108712997,0.05364822108277328,800,8.0,0.017852018338009614,1.605054560001186e-09
on_shell_rho_initial_1.05,722,7.22,0.018044392711686133,0.05314039160113107,800,8.0,0.017852018338009614,1.60244986950197e-09
on_shell_rho_initial_1.05,723,7.23,0.018035828757983683,0.052626478554079995,800,8.0,0.017852018338009614,1.59941086991211e-09
on_shell_rho_initial_1.05,724,7.24,0.01802730540942488,0.05210652581857072,800,8.0,0.017852018338009614,1.5959412022949472e-09
on_shell_rho_initial_1.05,725,7.25,0.018018828788125833,0.05158057884912912,800,8.0,0.017852018338009614,1.5920443660143965e-09
on_shell_rho_initial_1.05,726,7.26,0.01801040495306312,0.05104868465518307,800,8.0,0.017852018338009614,1.5877236353064567e-09
on_shell_rho_initial_1.05,727,7.2700000000000005,0.018002039898295134,0.05051089177730905,800,8.0,0.017852018338009614,1.5829821996724742e-09
on_shell_rho_initial_1.05,728,7.28,0.017993739551257232,0.04996725026249073,800,8.0,0.017852018338009614,1.5778229416512315e-09
on_shell_rho_initial_1.05,729,7.29,0.01798550977112986,0.04941781163847285,800,8.0,0.017852018338009614,1.5722486450308601e-09
on_shell_rho_initial_1.05,730,7.3,0.017977356347278615,0.04886262888729655,800,8.0,0.017852018338009614,1.5662619460430574e-09
on_shell_rho_initial_1.05,731,7.3100000000000005,0.017969284997765404,0.048301756418096906,800,8.0,0.017852018338009614,1.559865263236044e-09
on_shell_rho_initial_1.05,732,7.32,0.017961301367929526,0.04773525003924092,800,8.0,0.017852018338009614,1.5530608735044935e-09
on_shell_rho_initial_1.05,733,7.33,0.01795341102903772,0.04716316692988216,800,8.0,0.017852018338009614,1.5458508549954987e-09
on_shell_rho_initial_1.05,734,7.34,0.017945619477002076,0.04658556561100507,800,8.0,0.017852018338009614,1.5382371717065994e-09
on_shell_rho_initial_1.05,735,7.3500000000000005,0.017937932131164694,0.046002505916030584,800,8.0,0.017852018338009614,1.530221591764217e-09
on_shell_rho_initial_1.05,736,7.36,0.017930354333141628,0.04541404896106025,800,8.0,0.017852018338009614,1.5218056948097345e-09
on_shell_rho_initial_1.05,737,7.37,0.01792289134572587,0.04482025711480103,800,8.0,0.017852018338009614,1.5129909148858104e-09
on_shell_rho_initial_1.05,738,7.38,0.017915548351872864,0.04422119396821413,800,8.0,0.017852018338009614,1.5037785427255939e-09
on_shell_rho_initial_1.05,739,7.390000000000001,0.017908330453728735,0.04361692430398981,800,8.0,0.017852018338009614,1.4941696522013298e-09
on_shell_rho_initial_1.05,740,7.4,0.017901242671722432,0.04300751406588225,800,8.0,0.017852018338009614,1.4841651283324619e-09
on_shell_rho_initial_1.05,741,7.41,0.017894289943715423,0.042393030327948306,800,8.0,0.017852018338009614,1.473765717528613e-09
on_shell_rho_initial_1.05,742,7.42,0.017887477124207133,0.041773541263742275,800,8.0,0.017852018338009614,1.4629719896834174e-09
on_shell_rho_initial_1.05,743,7.43,0.017880808983594603,0.0411491161155096,800,8.0,0.017852018338009614,1.4517842706807836e-09
on_shell_rho_initial_1.05,744,7.44,0.01787429020748475,0.040519825163420224,800,8.0,0.017852018338009614,1.4402027190769504e-09
on_shell_rho_initial_1.05,745,7.45,0.017867925396057638,0.03988573969488053,800,8.0,0.017852018338009614,1.4282272703694794e-09
on_shell_rho_initial_1.05,746,7.46,0.01786171906347929,0.039246931973957636,800,8.0,0.017852018338009614,1.4158577288789216e-09
on_shell_rho_initial_1.05,747,7.47,0.017855675637362404,0.038603475210948965,800,8.0,0.017852018338009614,1.4030935610225459e-09
on_shell_rho_initial_1.05,748,7.48,0.01784979945827359,0.037955443532126466,800,8.0,0.017852018338009614,1.389934119925834e-09
on_shell_rho_initial_1.05,749,7.49,0.01784409477928553,0.037302911949682625,800,8.0,0.017852018338009614,1.3763784482856323e-09
on_shell_rho_initial_1.05,750,7.5,0.017838565765572734,0.03664595633190222,800,8.0,0.017852018338009614,1.3624253595732042e-09
on_shell_rho_initial_1.05,751,7.51,0.01783321649404932,0.03598465337358324,800,8.0,0.017852018338009614,1.3480734374361116e-09
on_shell_rho_initial_1.05,752,7.5200000000000005,0.017828050953045058,0.035319080566729215,800,8.0,0.017852018338009614,1.3333209872010075e-09
on_shell_rho_initial_1.05,753,7.53,0.017823073042015133,0.03464931617153058,800,8.0,0.017852018338009614,1.3181660136929613e-09
on_shell_rho_initial_1.05,754,7.54,0.017818286571296988,0.0339754391876436,800,8.0,0.017852018338009614,1.3026062438039986e-09
on_shell_rho_initial_1.05,755,7.55,0.017813695261893466,0.033297529325792136,800,8.0,0.017852018338009614,1.2866391142717776e-09
on_shell_rho_initial_1.05,756,7.5600000000000005,0.017809302745293847,0.03261566697969792,800,8.0,0.017852018338009614,1.2702617050739644e-09
on_shell_rho_initial_1.05,757,7.57,0.017805112563326685,0.031929933198352085,800,8.0,0.017852018338009614,1.2534707955479339e-09
on_shell_rho_initial_1.05,758,7.58,0.017801128168042666,0.03124040965863678,800,8.0,0.017852018338009614,1.2362627771295518e-09
on_shell_rho_initial_1.05,759,7.59,0.01779735292162603,0.030547178638306825,800,8.0,0.017852018338009614,1.218633673117946e-09
on_shell_rho_initial_1.05,760,7.6000000000000005,0.017793790096333244,0.029850322989335522,800,8.0,0.017852018338009614,1.2005791463502336e-09
on_shell_rho_initial_1.05,761,7.61,0.017790442874457604,0.0291499261116321,800,8.0,0.017852018338009614,1.1820944051369204e-09
on_shell_rho_initial_1.05,762,7.62,0.017787314348318508,0.028446071927132974,800,8.0,0.017852018338009614,1.1631742520828114e-09
on_shell_rho_initial_1.05,763,7.63,0.017784407520274118,0.0277388448542712,800,8.0,0.017852018338009614,1.1438130240529778e-09
on_shell_rho_initial_1.05,764,7.640000000000001,0.017781725302756388,0.027028329782825447,800,8.0,0.017852018338009614,1.1240045763818315e-09
on_shell_rho_initial_1.05,765,7.65,0.01777927051832721,0.026314612049149696,800,8.0,0.017852018338009614,1.1037422728920794e-09
on_shell_rho_initial_1.05,766,7.66,0.01777704589975474,0.025597777411783276,800,8.0,0.017852018338009614,1.083018942807483e-09
on_shell_rho_initial_1.05,767,7.67,0.017775054090108818,0.024877912027442203,800,8.0,0.017852018338009614,1.061826852212815e-09
on_shell_rho_initial_1.05,768,7.68,0.017773297642871055,0.024155102427391852,800,8.0,0.017852018338009614,1.0401576835970886e-09
on_shell_rho_initial_1.05,769,7.69,0.017771779022046994,0.023429435494200204,800,8.0,0.017852018338009614,1.0180025101773693e-09
on_shell_rho_initial_1.05,770,7.7,0.017770500602317517,0.022700998438863182,800,8.0,0.017852018338009614,9.953517600383111e-10
on_shell_rho_initial_1.05,771,7.71,0.01776946466918611,0.02196987877830535,800,8.0,0.017852018338009614,9.72195175880944e-10
on_shell_rho_initial_1.05,772,7.72,0.017768673419145363,0.02123616431325036,800,8.0,0.017852018338009614,9.485217970299012e-10
on_shell_rho_initial_1.05,773,7.73,0.01776812895985428,0.02049994310645715,800,8.0,0.017852018338009614,9.243198969132947e-10
on_shell_rho_initial_1.05,774,7.74,0.017767833310324194,0.019761303461320212,800,8.0,0.017852018338009614,8.995769760131071e-10
on_shell_rho_initial_1.05,775,7.75,0.01776778840111281,0.019020333900828204,800,8.0,0.017852018338009614,8.742797054841686e-10
on_shell_rho_initial_1.05,776,7.76,0.017767996074525873,0.01827712314687792,800,8.0,0.017852018338009614,8.484138863577556e-10
on_shell_rho_initial_1.05,777,7.7700000000000005,0.017768458084825946,0.017531760099937472,800,8.0,0.017852018338009614,8.219644165464521e-10
on_shell_rho_initial_1.05,778,7.78,0.01776917609844792,0.01678433381905453,800,8.0,0.017852018338009614,7.949152347425391e-10
on_shell_rho_initial_1.05,779,7.79,0.01777015169422095,0.016034933502203478,800,8.0,0.017852018338009614,7.672492757085417e-10
on_shell_rho_initial_1.05,780,7.8,0.01777138636359645,0.015283648466967703,800,8.0,0.017852018338009614,7.38948433956456e-10
on_shell_rho_initial_1.05,781,7.8100000000000005,0.01777288151088207,0.014530568131550634,800,8.0,0.017852018338009614,7.099934999552098e-10
on_shell_rho_initial_1.05,782,7.82,0.017774638453481217,0.013775781996113413,800,8.0,0.017852018338009614,6.803641128960173e-10
on_shell_rho_initial_1.05,783,7.83,0.017776658422114892,0.01301937962443347,800,8.0,0.017852018338009614,6.500387076145171e-10
on_shell_rho_initial_1.05,784,7.84,0.01777894256106043,0.012261450625876474,800,8.0,0.017852018338009614,6.189944481103295e-10
on_shell_rho_initial_1.05,785,7.8500000000000005,0.01778149192839557,0.011502084637676423,800,8.0,0.017852018338009614,5.872071905137338e-10
on_shell_rho_initial_1.05,786,7.86,0.017784307496233782,0.010741371307520956,800,8.0,0.017852018338009614,5.546514002013932e-10
on_shell_rho_initial_1.05,787,7.87,0.017787390150970268,0.009979400276433703,800,8.0,0.017852018338009614,5.213000976198517e-10
on_shell_rho_initial_1.05,788,7.88,0.017790740693523557,0.009216261161952156,800,8.0,0.017852018338009614,4.87124798625571e-10
on_shell_rho_initial_1.05,789,7.890000000000001,0.01779435983957345,0.008452043541595176,800,8.0,0.017852018338009614,4.520954359686611e-10
on_shell_rho_initial_1.05,790,7.9,0.01779824821979613,0.007686836936615576,800,8.0,0.017852018338009614,4.1618029818673903e-10
on_shell_rho_initial_1.05,791,7.91,0.01780240638009732,0.006920730796031195,800,8.0,0.017852018338009614,3.793459570917652e-10
on_shell_rho_initial_1.05,792,7.92,0.017806834781844492,0.006153814480930916,800,8.0,0.017852018338009614,3.4155719204274393e-10
on_shell_rho_initial_1.05,793,7.930000000000001,0.01781153380209901,0.005386177249049743,800,8.0,0.017852018338009614,3.0277691536592673e-10
on_shell_rho_initial_1.05,794,7.94,0.017816503733849416,0.004617908239609497,800,8.0,0.017852018338009614,2.629660969271746e-10
on_shell_rho_initial_1.05,795,7.95,0.0178217447862469,0.0038490964584199814,800,8.0,0.017852018338009614,2.2208368377430282e-10
on_shell_rho_initial_1.05,796,7.96,0.01782725708484416,0.0030798307632390193,800,8.0,0.017852018338009614,1.8008652067678716e-10
on_shell_rho_initial_1.05,797,7.97,0.017833040671815948,0.002310199849387294,800,8.0,0.017852018338009614,1.3692926883367752e-10
on_shell_rho_initial_1.05,798,7.98,0.017839095506117123,0.0015402922356086354,800,8.0,0.017852018338009614,9.256432431785427e-11
on_shell_rho_initial_1.05,799,7.99,0.01784542146375895,0.0007701962501684214,800,8.0,0.017852018338009614,4.6941736704976563e-11
on_shell_rho_initial_1.05,800,8.0,0.017852018338009614,0.0,800,8.0,0.017852018338009614,0.0
alignment_0.8,0,0.0,0.01,1.5275550105419047e+19,800,8.0,0.01774562483302472,2.3312567564778632e-05
alignment_0.8,1,0.01,0.01003520794400882,1.4851028094284704e+19,800,8.0,0.01774562483302472,2.5286680875731943e-05
alignment_0.8,2,0.02,0.010068506807394292,1.4403038734634906e+19,800,8.0,0.01774562483302472,2.5213473694031798e-05
alignment_0.8,3,0.03,0.010099935868545224,1.390876368424647e+19,800,8.0,0.01774562483302472,2.5130746576593456e-05
alignment_0.8,4,0.04,0.01012953500478344,1.3368749334215969e+19,800,8.0,0.01774562483302472,2.5042050057082887e-05
alignment_0.8,5,0.05,0.010157344644965602,1.2787015505715534e+19,800,8.0,0.01774562483302472,2.495045153192091e-05
alignment_0.8,6,0.06,0.010183405719813278,1.2170135542401896e+19,800,8.0,0.01774562483302472,2.485845034265694e-05
alignment_0.8,7,0.07,0.010207759610376075,1.1526311547802608e+19,800,8.0,0.01774562483302472,2.476798594360636e-05
alignment_0.8,8,0.08,0.010230448095013146,1.086454058519725e+19,800,8.0,0.01774562483302472,2.4680494950151543e-05
alignment_0.8,9,0.09,0.010251513295262464,1.0193924339549172e+19,800,8.0,0.01774562483302472,2.4596988356578844e-05
alignment_0.8,10,0.1,0.010270997620943084,9.523141334236226e+18,800,8.0,0.01774562483302472,2.451813143404051e-05
alignment_0.8,11,0.11,0.010288943714821827,8.860077803263406e+18,800,8.0,0.01774562483302472,2.4444317565566666e-05
alignment_0.8,12,0.12,0.010305394397158676,8.211599448781427e+18,800,8.0,0.01774562483302472,2.437573180902402e-05
alignment_0.8,13,0.13,0.010320392610417542,7.583439562672742e+18,800,8.0,0.01774562483302472,2.4312403915675755e-05
alignment_0.8,14,0.14,0.010333981364423667,6.980177248285442e+18,800,8.0,0.01774562483302472,2.4254249950245734e-05
alignment_0.8,15,0.15,0.010346203682205894,6.405280922973e+18,800,8.0,0.01774562483302472,2.420110686422606e-05
alignment_0.8,16,0.16,0.010357102546763626,5.861195453709169e+18,800,8.0,0.01774562483302472,2.4152757044350438e-05
alignment_0.8,17,0.17,0.010366720848971432,5.349455217813448e+18,800,8.0,0.01774562483302472,2.4108948391835195e-05
alignment_0.8,18,0.18,0.010375101336804709,4.870809338152701e+18,800,8.0,0.01774562483302472,2.4069409791408573e-05
alignment_0.8,19,0.19,0.010382286566072211,4.4253489802465567e+18,800,8.0,0.01774562483302472,2.403385929932288e-05
alignment_0.8,20,0.2,0.01038831885279162,4.012629728248865e+18,800,8.0,0.01774562483302472,2.4002016282277764e-05
alignment_0.8,21,0.21,0.01039324022735403,3.6317845202810435e+18,800,8.0,0.01774562483302472,2.3973605392162608e-05
alignment_0.8,22,0.22,0.010397092390586601,3.2816246253380383e+18,800,8.0,0.01774562483302472,2.394835733173431e-05
alignment_0.8,23,0.23,0.010399916671816644,2.9607275911180754e+18,800,8.0,0.01774562483302472,2.3926017307823656e-05
alignment_0.8,24,0.24,0.01040175398901528,2.667512043865681e+18,800,8.0,0.01774562483302472,2.390634187539355e-05
alignment_0.8,25,0.25,0.010402644811089544,2.4002999663440353e+18,800,8.0,0.01774562483302472,2.388909856217927e-05
alignment_0.8,26,0.26,0.010402629122365531,2.1573674666087288e+18,800,8.0,0.01774562483302472,2.3874075072383645e-05
alignment_0.8,27,0.27,0.01040174638930814,1.9369852196081876e+18,800,8.0,0.01774562483302472,2.3861072798870784e-05
alignment_0.8,28,0.28,0.010400035529482848,1.7374499323272673e+18,800,8.0,0.01774562483302472,2.3849901923685573e-05
alignment_0.8,29,0.29,0.010397534882792662,1.5571081574017006e+18,800,8.0,0.01774562483302472,2.384039143761873e-05
alignment_0.8,30,0.3,0.010394282184964018,1.3943736331390628e+18,800,8.0,0.01774562483302472,2.3832383491409728e-05
alignment_0.8,31,0.31,0.01039031454328528,1.2477392942239268e+18,800,8.0,0.01774562483302472,2.3825725457359973e-05
alignment_0.8,32,0.32,0.010385668414559719,1.1157849746767469e+18,800,8.0,0.01774562483302472,2.382027959821705e-05
alignment_0.8,33,0.33,0.01038037958525833,9.971816353383933e+17,800,8.0,0.01774562483302472,2.381592797668765e-05
alignment_0.8,34,0.34,0.010374483153808218,8.90692845985027e+17,800,8.0,0.01774562483302472,2.3812554307479696e-05
alignment_0.8,35,0.35000000000000003,0.01036801351498225,7.951742046644044e+17,800,8.0,0.01774562483302472,2.3810049114063345e-05
alignment_0.8,36,0.36,0.01036100434634229,7.09571198848175e+17,800,8.0,0.01774562483302472,2.380831886066845e-05
alignment_0.8,37,0.37,0.010353488596657889,6.32915908550087e+17,800,8.0,0.01774562483302472,2.380727840885003e-05
alignment_0.8,38,0.38,0.01034549847624828,5.6432291711982464e+17,800,8.0,0.01774562483302472,2.3806841447130782e-05
alignment_0.8,39,0.39,0.010337065449167314,5.0298472426056166e+17,800,8.0,0.01774562483302472,2.3806925799008733e-05
alignment_0.8,40,0.4,0.010328220227169876,4.4816685894928557e+17,800,8.0,0.01774562483302472,2.3807473595493393e-05
alignment_0.8,41,0.41000000000000003,0.010318992765393664,3.992028429559661e+17,800,8.0,0.01774562483302472,2.380842985320033e-05
alignment_0.8,42,0.42,0.010309412259613945,3.5548915623176544e+17,800,8.0,0.01774562483302472,2.3809727395132336e-05
alignment_0.8,43,0.43,0.010299507145093553,3.164803303539829e+17,800,8.0,0.01774562483302472,2.381131611462385e-05
alignment_0.8,44,0.44,0.010289305096867998,2.816841933438043e+17,800,8.0,0.01774562483302472,2.3813153894658075e-05
alignment_0.8,45,0.45,0.010278833031416927,2.5065732614659846e+17,800,8.0,0.01774562483302472,2.3815202442504456e-05
alignment_0.8,46,0.46,0.01026811710963363,2.2300077019497942e+17,800,8.0,0.01774562483302472,2.381741756079047e-05
alignment_0.8,47,0.47000000000000003,0.010257182741008258,1.9835601087432253e+17,800,8.0,0.01774562483302472,2.3819752672513464e-05
alignment_0.8,48,0.48,0.010246054588953408,1.764012354414207e+17,800,8.0,0.01774562483302472,2.382218307181756e-05
alignment_0.8,49,0.49,0.010234756577210272,1.5684785660164118e+17,800,8.0,0.01774562483302472,2.3824696680223274e-05
alignment_0.8,50,0.5,0.010223311897195992,1.3943730099281704e+17,800,8.0,0.01774562483302472,2.3827260270615072e-05
alignment_0.8,51,0.51,0.010211743016267306,1.2393807590693635e+17,800,8.0,0.01774562483302472,2.3829843168642726e-05
alignment_0.8,52,0.52,0.010200071686839842,1.1014308635016278e+17,800,8.0,0.01774562483302472,2.3832428173196302e-05
alignment_0.8,53,0.53,0.010188318956245238,9.786718294608962e+16,800,8.0,0.01774562483302472,2.383500345783686e-05
alignment_0.8,54,0.54,0.010176505177284271,8.694493040160906e+16,800,8.0,0.01774562483302472,2.3837556542703266e-05
alignment_0.8,55,0.55,0.010164650019398452,7.722858554058182e+16,800,8.0,0.01774562483302472,2.3840066522851496e-05
alignment_0.8,56,0.56,0.010152772480395903,6.8586270479555736e+16,800,8.0,0.01774562483302472,2.384250636575154e-05
alignment_0.8,57,0.5700000000000001,0.010140890898675717,6.090032248380412e+16,800,8.0,0.01774562483302472,2.3844862032399138e-05
alignment_0.8,58,0.58,0.010129022965903246,5.406580172648235e+16,800,8.0,0.01774562483302472,2.3847150427589022e-05
alignment_0.8,59,0.59,0.01011718574006484,4.798914407863716e+16,800,8.0,0.01774562483302472,2.3849362936091525e-05
alignment_0.8,60,0.6,0.01010539565877692,4.258695222367638e+16,800,8.0,0.01774562483302472,2.3851468609224933e-05
alignment_0.8,61,0.61,0.010093668552963975,3.778491668192988e+16,800,8.0,0.01774562483302472,2.3853463435632673e-05
alignment_0.8,62,0.62,0.010082019660711178,3.3516841713220584e+16,800,8.0,0.01774562483302472,2.3855341273909626e-05
alignment_0.8,63,0.63,0.010070463641305972,2.9723772613174252e+16,800,8.0,0.01774562483302472,2.3857100425658693e-05
alignment_0.8,64,0.64,0.010059014589414198,2.635321371080924e+16,800,8.0,0.01774562483302472,2.3858735069144182e-05
alignment_0.8,65,0.65,0.010047686049348073,2.3358429415392932e+16,800,8.0,0.01774562483302472,2.386022906055215e-05
alignment_0.8,66,0.66,0.010036491029389787,2.0697820114077068e+16,800,8.0,0.01774562483302472,2.3861556815879633e-05
alignment_0.8,67,0.67,0.010025442016139483,1.8334364579637004e+16,800,8.0,0.01774562483302472,2.3862695879028306e-05
alignment_0.8,68,0.68,0.010014550988861603,1.623512083439704e+16,800,8.0,0.01774562483302472,2.3863654744269322e-05
alignment_0.8,69,0.6900000000000001,0.01000382943380576,1.4370779263229386e+16,800,8.0,0.01774562483302472,2.3864435525005902e-05
alignment_0.8,70,0.7000000000000001,0.009993288358397499,1.2715263889072128e+16,800,8.0,0.01774562483302472,2.386499689603297e-05
alignment_0.8,71,0.71,0.009982938305367136,1.1245379128869724e+16,800,8.0,0.01774562483302472,2.386530413100281e-05
alignment_0.8,72,0.72,0.009972789366782284,9940494237390190.0,800,8.0,0.01774562483302472,2.386533199738266e-05
alignment_0.8,73,0.73,0.009962851197912397,8782261165641510.0,800,8.0,0.01774562483302472,2.386504950978757e-05
alignment_0.8,74,0.74,0.009953133030940392,7754363151022173.0,800,8.0,0.01774562483302472,2.386442164380777e-05
alignment_0.8,75,0.75,0.009943643688492767,6842290755506435.0,800,8.0,0.01774562483302472,2.3863400906069415e-05
alignment_0.8,76,0.76,0.009934391596972526,6033142601470967.0,800,8.0,0.01774562483302472,2.386192108961771e-05
alignment_0.8,77,0.77,0.009925384799682123,5315448131497355.0,800,8.0,0.01774562483302472,2.3859895910524407e-05
alignment_0.8,78,0.78,0.00991663096972621,4679009844861849.0,800,8.0,0.01774562483302472,2.385722566508278e-05
alignment_0.8,79,0.79,0.009908137422686604,4114762650532221.0,800,8.0,0.01774562483302472,2.3853816784904177e-05
alignment_0.8,80,0.8,0.009899911129064133,3614648291989459.5,800,8.0,0.01774562483302472,2.3849584233237623e-05
alignment_0.8,81,0.81,0.00989195872645707,3171503510027657.5,800,8.0,0.01774562483302472,2.3844365316584648e-05
alignment_0.8,82,0.8200000000000001,0.009884286531425127,2778961014711223.5,800,8.0,0.01774562483302472,2.3837947627948356e-05
alignment_0.8,83,0.8300000000000001,0.009876900551184425,2431361678426256.0,800,8.0,0.01774562483302472,2.3830119034088857e-05
alignment_0.8,84,0.84,0.009869806494975824,2123675925581872.5,800,8.0,0.01774562483302472,2.3820610401054245e-05
alignment_0.8,85,0.85,0.009863009785172268,1851433853501951.5,800,8.0,0.01774562483302472,2.380909779033455e-05
alignment_0.8,86,0.86,0.0098565155681068,1610663064978530.2,800,8.0,0.01774562483302472,2.3795179991625393e-05
alignment_0.8,87,0.87,0.00985032872461867,1397833400644219.8,800,8.0,0.01774562483302472,2.3778349913458348e-05
alignment_0.8,88,0.88,0.009844453880317216,1209807839151001.5,800,8.0,0.01774562483302472,2.375796049826772e-05
alignment_0.8,89,0.89,0.009838895415564384,1043798872757289.1,800,8.0,0.01774562483302472,2.3733183973161603e-05
alignment_0.8,90,0.9,0.009833657475177816,897329719715231.9,800,8.0,0.01774562483302472,2.3702963323891926e-05
alignment_0.8,91,0.91,0.009828743977857409,768199790098284.2,800,8.0,0.01774562483302472,2.3665953265561124e-05
alignment_0.8,92,0.92,0.00982415862533913,654453897994787.2,800,8.0,0.01774562483302472,2.3620410179670043e-05
alignment_0.8,93,0.93,0.009819904911264247,554354882420360.0,800,8.0,0.01774562483302472,2.3563889334103496e-05
alignment_0.8,94,0.9400000000000001,0.009815986129723115,466359439267618.94,800,8.0,0.01774562483302472,2.3492984761972513e-05
alignment_0.8,95,0.9500000000000001,0.009812405383608214,389096678914944.5,800,8.0,0.01774562483302472,2.340292745606818e-05
alignment_0.8,96,0.96,0.009809165592651815,321349053358674.6,800,8.0,0.01774562483302472,2.328669494655431e-05
alignment_0.8,97,0.97,0.009806269501207082,262035496805436.28,800,8.0,0.01774562483302472,2.3133553878020377e-05
alignment_0.8,98,0.98,0.009803719685765244,210196650892573.25,800,8.0,0.01774562483302472,2.2926233844737482e-05
alignment_0.8,99,0.99,0.009801518562211795,164982191712642.62,800,8.0,0.01774562483302472,2.263507818881082e-05
alignment_0.8,100,1.0,0.009799668392826928,125640681399132.81,800,8.0,0.01774562483302472,2.2204617021313433e-05
alignment_0.8,101,1.01,0.009798171293035762,91513658846616.88,800,8.0,0.01774562483302472,2.1518055819219333e-05
alignment_0.8,102,1.02,0.009797029237914237,62041097264807.93,800,8.0,0.01774562483302472,2.028216212651159e-05
alignment_0.8,103,1.03,0.009796244068456906,36817468105517.836,800,8.0,0.01774562483302472,1.7512829973410397e-05
alignment_0.8,104,1.04,0.009795817497613064,16095273218099.494,800,8.0,0.01774562483302472,7.582563046332177e-06
alignment_0.8,105,1.05,0.009795751116095538,9559099183978.53,800,8.0,0.01774562483302472,3.5618003459279945e-05
alignment_0.8,106,1.06,0.009796046397919932,22604536187721.668,800,8.0,0.01774562483302472,3.2089511734262675e-05
alignment_0.8,107,1.07,0.009796704705765371,35669288420640.945,800,8.0,0.01774562483302472,2.9505230996452617e-05
alignment_0.8,108,1.08,0.009797727296114897,46926401923662.695,800,8.0,0.01774562483302472,2.8298096968858215e-05
alignment_0.8,109,1.09,0.009799115324175071,56400553507693.734,800,8.0,0.01774562483302472,2.7623562368963635e-05
alignment_0.8,110,1.1,0.009800869848593184,64263405406312.15,800,8.0,0.01774562483302472,2.720229899982316e-05
alignment_0.8,111,1.11,0.009802991835971286,70699183106642.55,800,8.0,0.01774562483302472,2.6920108263081252e-05
alignment_0.8,112,1.12,0.00980548216518282,75881470111208.38,800,8.0,0.01774562483302472,2.6722109525100655e-05
alignment_0.8,113,1.1300000000000001,0.009808341631497804,79968386997902.67,800,8.0,0.01774562483302472,2.6578693737168536e-05
alignment_0.8,114,1.1400000000000001,0.009811570950522545,83102223734876.53,800,8.0,0.01774562483302472,2.6472431723118264e-05
alignment_0.8,115,1.1500000000000001,0.009815170761960033,85410354592749.1,800,8.0,0.01774562483302472,2.6392321613659306e-05
alignment_0.8,116,1.16,0.0098191416331971,87006517611528.83,800,8.0,0.01774562483302472,2.6330989338054118e-05
alignment_0.8,117,1.17,0.009823484062724649,87992150408315.72,800,8.0,0.01774562483302472,2.628324268065467e-05
alignment_0.8,118,1.18,0.00982819848337515,88457662315491.72,800,8.0,0.01774562483302472,2.6245287199726976e-05
alignment_0.8,119,1.19,0.00983328526538309,88483595780224.8,800,8.0,0.01774562483302472,2.6214193185328676e-05
alignment_0.8,120,1.2,0.009838744719332573,88141683744504.27,800,8.0,0.01774562483302472,2.6187586197020763e-05
alignment_0.8,121,1.21,0.00984457709891996,87495794378923.69,800,8.0,0.01774562483302472,2.6163484641318908e-05
alignment_0.8,122,1.22,0.009850782603576995,86602772049095.69,800,8.0,0.01774562483302472,2.614016923096277e-05
alignment_0.8,123,1.23,0.009857361380946934,85513179669538.73,800,8.0,0.01774562483302472,2.6116106715411036e-05
alignment_0.8,124,1.24,0.009864313529218328,84271950093074.12,800,8.0,0.01774562483302472,2.6089901508739523e-05
alignment_0.8,125,1.25,0.009871639099321223,82918954016913.48,800,8.0,0.01774562483302472,2.6060267371362753e-05
alignment_0.8,126,1.26,0.009879338096990545,81489492114405.86,800,8.0,0.01774562483302472,2.6026014246386793e-05
alignment_0.8,127,1.27,0.009887410484701481,80014719091636.36,800,8.0,0.01774562483302472,2.5986047065323903e-05
alignment_0.8,128,1.28,0.009895856183481745,78522007329030.22,800,8.0,0.01774562483302472,2.5939374348988e-05
alignment_0.8,129,1.29,0.009904675074605632,77035257545533.83,800,8.0,0.01774562483302472,2.588512589777763e-05
alignment_0.8,130,1.3,0.009913867001171929,75575163550817.61,800,8.0,0.01774562483302472,2.582259236729978e-05
alignment_0.8,131,1.31,0.009923431769532675,74159435188622.67,800,8.0,0.01774562483302472,2.5751251247163565e-05
alignment_0.8,132,1.32,0.009933369150653439,72802988895895.77,800,8.0,0.01774562483302472,2.567078671048865e-05
alignment_0.8,133,1.33,0.009943678881342378,71518117539105.33,800,8.0,0.01774562483302472,2.5581123415648375e-05
alignment_0.8,134,1.34,0.009954360665380557,70314641780970.96,800,8.0,0.01774562483302472,2.5482447792487428e-05
alignment_0.8,135,1.35,0.009965414174553237,69200054576614.93,800,8.0,0.01774562483302472,2.5375219086489988e-05
alignment_0.8,136,1.36,0.00997683904957867,68179664553784.945,800,8.0,0.01774562483302472,2.5260169446925755e-05
alignment_0.8,137,1.37,0.009988634900937769,67256743737598.164,800,8.0,0.01774562483302472,2.5138289545808068e-05
alignment_0.8,138,1.3800000000000001,0.010000801309608192,66432683893023.76,800,8.0,0.01774562483302472,2.5010799053454394e-05
alignment_0.8,139,1.3900000000000001,0.01001333782770631,65707164056213.336,800,8.0,0.01774562483302472,2.4879103202309908e-05
alignment_0.8,140,1.4000000000000001,0.01002624397904067,65078329922388.48,800,8.0,0.01774562483302472,2.4744738094567387e-05
alignment_0.8,141,1.41,0.010039519259580618,64542983778194.29,800,8.0,0.01774562483302472,2.460930882760136e-05
alignment_0.8,142,1.42,0.010053163137843789,64096781968666.484,800,8.0,0.01774562483302472,2.4474425476516503e-05
alignment_0.8,143,1.43,0.010067175055206372,63734435546536.46,800,8.0,0.01774562483302472,2.434164176992579e-05
alignment_0.8,144,1.44,0.01008155442614002,63449908977704.06,800,8.0,0.01774562483302472,2.4212401158451985e-05
alignment_0.8,145,1.45,0.010096300638376155,63236611513097.695,800,8.0,0.01774562483302472,2.4087996585321094e-05
alignment_0.8,146,1.46,0.010111413052901768,63087577101047.96,800,8.0,0.01774562483302472,2.396953871386264e-05
alignment_0.8,147,1.47,0.010126891004004698,62995626800278.0,800,8.0,0.01774562483302472,2.3857933494460495e-05
alignment_0.8,148,1.48,0.010142733799196313,62953515477924.57,800,8.0,0.01774562483302472,2.3753877968880534e-05
alignment_0.8,149,1.49,0.010158940719055057,62954056445374.99,800,8.0,0.01774562483302472,2.3657866880405672e-05
alignment_0.8,150,1.5,0.010175511017026052,62990225786984.305,800,8.0,0.01774562483302472,2.3570205482786436e-05
alignment_0.8,151,1.51,0.010192443919148367,63055246460140.87,800,8.0,0.01774562483302472,2.3491028673127938e-05
alignment_0.8,152,1.52,0.010209738623712598,63142653116293.38,800,8.0,0.01774562483302472,2.3420324114929603e-05
alignment_0.8,153,1.53,0.010227394300851662,63246339402962.414,800,8.0,0.01774562483302472,2.335795712359073e-05
alignment_0.8,154,1.54,0.010245410092067676,63360589853477.35,800,8.0,0.01774562483302472,2.3303695429125805e-05
alignment_0.8,155,1.55,0.010263785109697991,63480098605404.7,800,8.0,0.01774562483302472,2.3257232675135253e-05
alignment_0.8,156,1.56,0.0102825184363235,63599977165276.28,800,8.0,0.01774562483302472,2.3218209666518715e-05
alignment_0.8,157,1.57,0.010301609124122538,63715753300190.67,800,8.0,0.01774562483302472,2.3186232970532187e-05
alignment_0.8,158,1.58,0.010321056194173792,63823362931506.625,800,8.0,0.01774562483302472,2.3160890689245867e-05
alignment_0.8,159,1.59,0.01034085863571184,63919136657513.25,800,8.0,0.01774562483302472,2.314176546922987e-05
alignment_0.8,160,1.6,0.010361015405339086,63999782277790.98,800,8.0,0.01774562483302472,2.3128444892680858e-05
alignment_0.8,161,1.61,0.010381525426198038,64062364440339.12,800,8.0,0.01774562483302472,2.31205294569859e-05
alignment_0.8,162,1.62,0.010402387587094475,64104282438802.625,800,8.0,0.01774562483302472,2.3117634805949034e-05
alignment_0.8,163,1.6300000000000001,0.010423600741326705,64123247857682.65,800,8.0,0.01774562483302472,2.3119398039097376e-05
alignment_0.8,164,1.6400000000000001,0.010445163705833947,64117261496714.09,800,8.0,0.01774562483302472,2.3125482424860113e-05
alignment_0.8,165,1.6500000000000001,0.0104670752601397,64084590525166.65,800,8.0,0.01774562483302472,2.3135576685600126e-05
alignment_0.8,166,1.6600000000000001,0.010489334145226438,64023746087920.27,800,8.0,0.01774562483302472,2.3149395640347633e-05
alignment_0.8,167,1.67,0.01051193906241288,63933461669111.86,800,8.0,0.01774562483302472,2.316668048604258e-05
alignment_0.8,168,1.68,0.01053488867217748,63812672380222.3,800,8.0,0.01774562483302472,2.3187198060714395e-05
alignment_0.8,169,1.69,0.010558181592931443,63660495271070.21,800,8.0,0.01774562483302472,2.321073973387986e-05
alignment_0.8,170,1.7,0.010581816399744893,63476210751455.8,800,8.0,0.01774562483302472,2.3237120100992344e-05
alignment_0.8,171,1.71,0.010605791623029902,63259245167301.766,800,8.0,0.01774562483302472,2.3266175570126207e-05
alignment_0.8,172,1.72,0.01063010574718437,63009154543801.74,800,8.0,0.01774562483302472,2.329776280661342e-05
alignment_0.8,173,1.73,0.010654757209200859,62725609487750.164,800,8.0,0.01774562483302472,2.3331757237866308e-05
alignment_0.8,174,1.74,0.010679744397244876,62408381230517.08,800,8.0,0.01774562483302472,2.336805147171238e-05
alignment_0.8,175,1.75,0.010705065649207136,62057328790191.195,800,8.0,0.01774562483302472,2.3406553738276223e-05
alignment_0.8,176,1.76,0.010730719251234826,61672387230910.69,800,8.0,0.01774562483302472,2.3447186292166312e-05
alignment_0.8,177,1.77,0.010756703436246963,61253556996764.55,800,8.0,0.01774562483302472,2.3489883914523594e-05
alignment_0.8,178,1.78,0.010783016382439387,60800894311406.88,800,8.0,0.01774562483302472,2.3534592119828282e-05
alignment_0.8,179,1.79,0.010809656211753794,60314502947760.32,800,8.0,0.01774562483302472,2.3581262275471256e-05
alignment_0.8,180,1.8,0.010836620987879523,59794526753321.22,800,8.0,0.01774562483302472,2.3629854443202607e-05
alignment_0.8,181,1.81,0.01086390871487823,59241144229630.42,800,8.0,0.01774562483302472,2.3680333733084737e-05
alignment_0.8,182,1.82,0.010891517335594772,58654563921203.15,800,8.0,0.01774562483302472,2.3732666946013532e-05
alignment_0.8,183,1.83,0.010919444729911097,58035021123859.695,800,8.0,0.01774562483302472,2.3786821098069388e-05
alignment_0.8,184,1.84,0.010947688713039076,57382776438862.84,800,8.0,0.01774562483302472,2.384276059309527e-05
alignment_0.8,185,1.85,0.010976247033795286,56698116060381.09,800,8.0,0.01774562483302472,2.3900444130410246e-05
alignment_0.8,186,1.86,0.011005117372858773,55981354009804.93,800,8.0,0.01774562483302472,2.395982135380246e-05
alignment_0.8,187,1.87,0.011034297341012796,55232836518518.0,800,8.0,0.01774562483302472,2.4020829137693772e-05
alignment_0.8,188,1.8800000000000001,0.01106378447737169,54452948768120.11,800,8.0,0.01774562483302472,2.4083387413355956e-05
alignment_0.8,189,1.8900000000000001,0.011093576247594012,53642124203855.74,800,8.0,0.01774562483302472,2.4147394443722264e-05
alignment_0.8,190,1.9000000000000001,0.011123670042083256,52800856635187.0,800,8.0,0.01774562483302472,2.4212721436393045e-05
alignment_0.8,191,1.9100000000000001,0.011154063174177397,51929715315737.6,800,8.0,0.01774562483302472,2.4279206568136063e-05
alignment_0.8,192,1.92,0.011184752878328699,51029363291053.26,800,8.0,0.01774562483302472,2.434664806688887e-05
alignment_0.8,193,1.93,0.01121573630826701,50100578445263.07,800,8.0,0.01774562483302472,2.441480018990812e-05
alignment_0.8,194,1.94,0.011247010535181116,49144277406416.11,800,8.0,0.01774562483302472,2.448336611856014e-05
alignment_0.8,195,1.95,0.011278572545908385,48161541926435.19,800,8.0,0.01774562483302472,2.455199000829961e-05
alignment_0.8,196,1.96,0.011310419241085409,47153646572318.32,800,8.0,0.01774562483302472,2.462025384848953e-05
alignment_0.8,197,1.97,0.011342547433323516,46122086940263.55,800,8.0,0.01774562483302472,2.4687673636089258e-05
alignment_0.8,198,1.98,0.01137495384540416,45068606418193.13,800,8.0,0.01774562483302472,2.4753698881194627e-05
alignment_0.8,199,1.99,0.011407635108480474,43995219194537.04,800,8.0,0.01774562483302472,2.4817716192131143e-05
alignment_0.8,200,2.0,0.011440587760270526,42904226526275.28,800,8.0,0.01774562483302472,2.487905837863586e-05
alignment_0.8,201,2.0100000000000002,0.011473808243228852,41798222630108.67,800,8.0,0.01774562483302472,2.493702096535098e-05
alignment_0.8,202,2.02,0.01150729290280498,40680085861244.78,800,8.0,0.01774562483302472,2.499088844411132e-05
alignment_0.8,203,2.0300000000000002,0.011541037985728055,39552950432209.64,800,8.0,0.01774562483302472,2.5039971250090572e-05
alignment_0.8,204,2.04,0.011575039638243438,38420153991586.234,800,8.0,0.01774562483302472,2.508365472786976e-05
alignment_0.8,205,2.05,0.01160929390440248,37285156830296.36,800,8.0,0.01774562483302472,2.5121460702480687e-05
alignment_0.8,206,2.06,0.01164379672440393,36151429956333.63,800,8.0,0.01774562483302472,2.5153119158003937e-05
alignment_0.8,207,2.07,0.011678543932972098,35022311785035.566,800,8.0,0.01774562483302472,2.5178645630783186e-05
alignment_0.8,208,2.08,0.011713531257727785,33900837188152.863,800,8.0,0.01774562483302472,2.5198415729328277e-05
alignment_0.8,209,2.09,0.011748754317562681,32789548103687.348,800,8.0,0.01774562483302472,2.521322395574179e-05
alignment_0.8,210,2.1,0.011784208621204948,31690301869336.766,800,8.0,0.01774562483302472,2.5224310187538355e-05
alignment_0.8,211,2.11,0.011819889565687339,30604101414915.797,800,8.0,0.01774562483302472,2.5233333806361354e-05
alignment_0.8,212,2.12,0.01185579243490663,29530979160274.31,800,8.0,0.01774562483302472,2.524227484610463e-05
alignment_0.8,213,2.13,0.011891912398259845,28469972241299.8,800,8.0,0.01774562483302472,2.5253246980350285e-05
alignment_0.8,214,2.14,0.01192824450932496,27419227649856.777,800,8.0,0.01774562483302472,2.5268217571944865e-05
alignment_0.8,215,2.15,0.011964783704546475,26376268384142.137,800,8.0,0.01774562483302472,2.5288648583904505e-05
alignment_0.8,216,2.16,0.012001524802081472,25338432122561.945,800,8.0,0.01774562483302472,2.531510029010647e-05
alignment_0.8,217,2.17,0.012038462500649676,24303460157161.008,800,8.0,0.01774562483302472,2.534687046433774e-05
alignment_0.8,218,2.18,0.012075591378451569,23270166441989.633,800,8.0,0.01774562483302472,2.538177719769224e-05
alignment_0.8,219,2.19,0.01211290589220958,22239061353681.33,800,8.0,0.01774562483302472,2.541621996684903e-05
alignment_0.8,220,2.2,0.012150400376273815,21212755040577.184,800,8.0,0.01774562483302472,2.5445662206246545e-05
alignment_0.8,221,2.21,0.012188069041722066,20195940754480.715,800,8.0,0.01774562483302472,2.546564651614807e-05
alignment_0.8,222,2.22,0.012225905975705425,19194783183866.066,800,8.0,0.01774562483302472,2.547335646209305e-05
alignment_0.8,223,2.23,0.012263905140779319,18215629102682.227,800,8.0,0.01774562483302472,2.5469556632711484e-05
alignment_0.8,224,2.24,0.012302060374345104,17263123606846.41,800,8.0,0.01774562483302472,2.5460480024792854e-05
alignment_0.8,225,2.25,0.012340365388236256,16338035129094.734,800,8.0,0.01774562483302472,2.545899052887323e-05
alignment_0.8,226,2.2600000000000002,0.0123788137683767,15435315710697.74,800,8.0,0.01774562483302472,2.5484274175809814e-05
alignment_0.8,227,2.27,0.012417398974503498,14543071431221.97,800,8.0,0.01774562483302472,2.5559592648323724e-05
alignment_0.8,228,2.2800000000000002,0.012456114340131262,13643099730250.158,800,8.0,0.01774562483302472,2.5708346398475786e-05
alignment_0.8,229,2.29,0.012494953072511014,12713392891900.59,800,8.0,0.01774562483302472,2.5949440710826277e-05
alignment_0.8,230,2.3000000000000003,0.012533908252779473,11732507742398.63,800,8.0,0.01774562483302472,2.6293412738403182e-05
alignment_0.8,231,2.31,0.012572972836215494,10685060581549.498,800,8.0,0.01774562483302472,2.6740485340213282e-05
alignment_0.8,232,2.32,0.012612139652621037,9567036579217.404,800,8.0,0.01774562483302472,2.7280795913597432e-05
alignment_0.8,233,2.33,0.012651401406852792,8389359177527.066,800,8.0,0.01774562483302472,2.789647481342769e-05
alignment_0.8,234,2.34,0.012690750679504564,7178420618648.851,800,8.0,0.01774562483302472,2.8564477760059734e-05
alignment_0.8,235,2.35,0.01273017992769966,5973042533773.693,800,8.0,0.01774562483302472,2.925929711380133e-05
alignment_0.8,236,2.36,0.012769681486085274,4818384311401.464,800,8.0,0.01774562483302472,2.995519097815737e-05
alignment_0.8,237,2.37,0.01280924756789887,3758272956273.1064,800,8.0,0.01774562483302472,3.0627644455827154e-05
alignment_0.8,238,2.38,0.01284887026623459,2827923925202.8555,800,8.0,0.01774562483302472,3.125429932795044e-05
alignment_0.8,239,2.39,0.012888541555581919,2048853104727.077,800,8.0,0.01774562483302472,3.181536350161736e-05
alignment_0.8,240,2.4,0.012928253293281625,1427025075873.6384,800,8.0,0.01774562483302472,3.229391262874707e-05
alignment_0.8,241,2.41,0.012967997221387926,954252887986.5063,800,8.0,0.01774562483302472,3.267612215298075e-05
alignment_0.8,242,2.42,0.013007764968529833,611966496155.05,800,8.0,0.01774562483302472,3.295145747408075e-05
alignment_0.8,243,2.43,0.013047548052052424,376000578818.35846,800,8.0,0.01774562483302472,3.311312756213835e-05
alignment_0.8,244,2.44,0.013087337880348545,221099224151.45224,800,8.0,0.01774562483302472,3.3158856783629446e-05
alignment_0.8,245,2.45,0.01312712575523414,124261389385.55968,800,8.0,0.01774562483302472,3.309171915284093e-05
alignment_0.8,246,2.46,0.013166902874680938,66610519777.062805,800,8.0,0.01774562483302472,3.292269970076417e-05
alignment_0.8,247,2.47,0.013206660335519553,33938647101.58873,800,8.0,0.01774562483302472,3.267332746669911e-05
alignment_0.8,248,2.48,0.013246389136630328,16332653270.13851,800,8.0,0.01774562483302472,3.2384579946771454e-05
alignment_0.8,249,2.49,0.013286080182026086,7335162327.119641,800,8.0,0.01774562483302472,3.213414308942966e-05
alignment_0.8,250,2.5,0.013325724284285974,2999839409.6355066,800,8.0,0.01774562483302472,3.2085805870313916e-05
alignment_0.8,251,2.5100000000000002,0.01336531216812991,1058326597.4840192,800,8.0,0.01774562483302472,3.26283622121114e-05
alignment_0.8,252,2.52,0.013404834474198811,296015580.0862909,800,8.0,0.01774562483302472,3.381557560109756e-05
alignment_0.8,253,2.5300000000000002,0.013444281763062662,150368716.78773057,800,8.0,0.01774562483302472,2.3502680723542093e-05
alignment_0.8,254,2.54,0.013483644519331624,157086281.78977013,800,8.0,0.01774562483302472,2.2434290487124517e-05
alignment_0.8,255,2.5500000000000003,0.013522913156042132,130739190.00656553,800,8.0,0.01774562483302472,2.3217535681983948e-05
alignment_0.8,256,2.56,0.013562078019194993,93575298.8784766,800,8.0,0.01774562483302472,2.3758476359942416e-05
alignment_0.8,257,2.57,0.013601129392511853,61359640.876793936,800,8.0,0.01774562483302472,2.4254152550776605e-05
alignment_0.8,258,2.58,0.013640057502347367,39281730.95938854,800,8.0,0.01774562483302472,2.398727468178996e-05
alignment_0.8,259,2.59,0.013678852522814857,28429891.524110284,800,8.0,0.01774562483302472,2.0376728322194204e-05
alignment_0.8,260,2.6,0.013717504581111246,26604607.39706719,800,8.0,0.01774562483302472,1.385541817116539e-05
alignment_0.8,261,2.61,0.013756003762968946,28616512.392956883,800,8.0,0.01774562483302472,9.838932891906523e-06
alignment_0.8,262,2.62,0.01379434011836199,31063596.28765752,800,8.0,0.01774562483302472,8.817269979066085e-06
alignment_0.8,263,2.63,0.013832503667341471,32925476.820776455,800,8.0,0.01774562483302472,8.946652764519279e-06
alignment_0.8,264,2.64,0.013870484406066056,34079842.86881997,800,8.0,0.01774562483302472,9.32053292466129e-06
alignment_0.8,265,2.65,0.01390827231298446,34625309.250403956,800,8.0,0.01774562483302472,9.695345825962286e-06
alignment_0.8,266,2.66,0.013945857355203083,34686934.25051356,800,8.0,0.01774562483302472,1.0022180312314238e-05
alignment_0.8,267,2.67,0.013983229495017273,34371433.51293104,800,8.0,0.01774562483302472,1.0296636295803662e-05
alignment_0.8,268,2.68,0.014020378696559243,33763713.79153863,800,8.0,0.01774562483302472,1.0522096963396068e-05
alignment_0.8,269,2.69,0.014057294932644637,32933319.86668783,800,8.0,0.01774562483302472,1.0702005236279599e-05
alignment_0.8,270,2.7,0.014093968191724236,31941626.967086744,800,8.0,0.01774562483302472,1.0839253107033133e-05
alignment_0.8,271,2.71,0.014130388485007035,30846970.75264647,800,8.0,0.01774562483302472,1.0937184108845269e-05
alignment_0.8,272,2.72,0.014166545853650878,29706793.42258049,800,8.0,0.01774562483302472,1.1000608916637901e-05
alignment_0.8,273,2.73,0.014202430376144647,28576691.930878233,800,8.0,0.01774562483302472,1.1036213320053473e-05
alignment_0.8,274,2.74,0.014238032175752221,27506935.18735262,800,8.0,0.01774562483302472,1.1052060195895035e-05
alignment_0.8,275,2.75,0.014273341428099556,26537646.11520868,800,8.0,0.01774562483302472,1.1056234367869642e-05
alignment_0.8,276,2.7600000000000002,0.014308348368784717,25694184.185348857,800,8.0,0.01774562483302472,1.1055079939516576e-05
alignment_0.8,277,2.77,0.01434304330116789,24984146.396567065,800,8.0,0.01774562483302472,1.1051757860224456e-05
alignment_0.8,278,2.7800000000000002,0.014377416604151665,24396927.811094236,800,8.0,0.01774562483302472,1.1045823166957922e-05
alignment_0.8,279,2.79,0.014411458740103323,23906190.332347892,800,8.0,0.01774562483302472,1.1034096785742886e-05
alignment_0.8,280,2.8000000000000003,0.014445160262732855,23474998.71017999,800,8.0,0.01774562483302472,1.1012517570667994e-05
alignment_0.8,281,2.81,0.01447851182510591,23062757.291018452,800,8.0,0.01774562483302472,1.0978194361283797e-05
alignment_0.8,282,2.82,0.0145115041876397,22632496.949556477,800,8.0,0.01774562483302472,1.0930825026414184e-05
alignment_0.8,283,2.83,0.014544128226123932,22156820.89311762,800,8.0,0.01774562483302472,1.08730304911715e-05
alignment_0.8,284,2.84,0.01457637493975348,21621170.17885217,800,8.0,0.01774562483302472,1.0809654448749163e-05
alignment_0.8,285,2.85,0.014608235459156071,21023919.349405833,800,8.0,0.01774562483302472,1.0746441424818236e-05
alignment_0.8,286,2.86,0.014639701054397767,20373766.871603806,800,8.0,0.01774562483302472,1.0688577623646485e-05
alignment_0.8,287,2.87,0.01467076314295717,19685544.942943215,800,8.0,0.01774562483302472,1.0639473455592932e-05
alignment_0.8,288,2.88,0.014701413297671436,18975760.090548582,800,8.0,0.01774562483302472,1.0600083298971823e-05
alignment_0.8,289,2.89,0.014731643254599438,18258932.651916765,800,8.0,0.01774562483302472,1.05688243666851e-05
alignment_0.8,290,2.9,0.014761444920810992,17545334.542482622,800,8.0,0.01774562483302472,1.0542066712723064e-05
alignment_0.8,291,2.91,0.014790810382172498,16840230.724625684,800,8.0,0.01774562483302472,1.0515006969625628e-05
alignment_0.8,292,2.92,0.014819731910907696,16144361.08287978,800,8.0,0.01774562483302472,1.0482672716160193e-05
alignment_0.8,293,2.93,0.014848201973153142,15455209.85234168,800,8.0,0.01774562483302472,1.0440802620637526e-05
alignment_0.8,294,2.94,0.014876213236347767,14768585.83055189,800,8.0,0.01774562483302472,1.0386430434558563e-05
alignment_0.8,295,2.95,0.014903758576459692,14080123.061281815,800,8.0,0.01774562483302472,1.031811648647291e-05
alignment_0.8,296,2.96,0.014930831085154965,13386448.669531085,800,8.0,0.01774562483302472,1.0235871019591202e-05
alignment_0.8,297,2.97,0.01495742407669944,12685906.17137054,800,8.0,0.01774562483302472,1.0140874184852147e-05
alignment_0.8,298,2.98,0.014983531094743291,11978835.263699189,800,8.0,0.01774562483302472,1.0035110757080214e-05
alignment_0.8,299,2.99,0.015009145918909018,11267484.748153288,800,8.0,0.01774562483302472,9.92100720328344e-06
alignment_0.8,300,3.0,0.015034262571161167,10555670.63929551,800,8.0,0.01774562483302472,9.801127941708533e-06
alignment_0.8,301,3.0100000000000002,0.015058875322001418,9848296.032092376,800,8.0,0.01774562483302472,9.677951723411164e-06
alignment_0.8,302,3.02,0.015082978696393733,9150833.245490877,800,8.0,0.01774562483302472,9.553727631000254e-06
alignment_0.8,303,3.0300000000000002,0.01510656747948698,8468842.508850891,800,8.0,0.01774562483302472,9.430396739726276e-06
alignment_0.8,304,3.04,0.015129636722082422,7807573.297786142,800,8.0,0.01774562483302472,9.309563887798214e-06
alignment_0.8,305,3.0500000000000003,0.01515218174582007,7171669.438572895,800,8.0,0.01774562483302472,9.192503741137287e-06
alignment_0.8,306,3.06,0.015174198148139275,6564980.339080465,800,8.0,0.01774562483302472,9.080182797221771e-06
alignment_0.8,307,3.0700000000000003,0.01519568180694502,5990467.862199045,800,8.0,0.01774562483302472,8.973296468101835e-06
alignment_0.8,308,3.08,0.015216628884959522,5450191.526784401,800,8.0,0.01774562483302472,8.87231046006257e-06
alignment_0.8,309,3.09,0.015237035833821772,4945352.5732204225,800,8.0,0.01774562483302472,8.777494772086532e-06
alignment_0.8,310,3.1,0.015256899397862936,4476377.677670476,800,8.0,0.01774562483302472,8.688963385788091e-06
alignment_0.8,311,3.11,0.015276216617555696,4043025.7312426725,800,8.0,0.01774562483302472,8.60670890159662e-06
alignment_0.8,312,3.12,0.015294984832668479,3644504.4245650936,800,8.0,0.01774562483302472,8.530623330976905e-06
alignment_0.8,313,3.13,0.015313201685118369,3279586.6918240143,800,8.0,0.01774562483302472,8.460523181558594e-06
alignment_0.8,314,3.14,0.015330865121424541,2946719.957144107,800,8.0,0.01774562483302472,8.396178138402364e-06
alignment_0.8,315,3.15,0.015347973394886813,2644124.2318506176,800,8.0,0.01774562483302472,8.337317251939417e-06
alignment_0.8,316,3.16,0.015364525067408628,2369876.7788303946,800,8.0,0.01774562483302472,8.283643667457426e-06
alignment_0.8,317,3.17,0.015380519010974827,2121982.733831165,800,8.0,0.01774562483302472,8.234848383431697e-06
alignment_0.8,318,3.18,0.015395954408778598,1898432.120895424,800,8.0,0.01774562483302472,8.190620182733698e-06
alignment_0.8,319,3.19,0.0154108307560072,1697244.3664094203,800,8.0,0.01774562483302472,8.15064552850822e-06
alignment_0.8,320,3.2,0.01542514786029576,1516501.768226103,800,8.0,0.01774562483302472,8.114612805982918e-06
alignment_0.8,321,3.21,0.015438905841809044,1354373.4764126595,800,8.0,0.01774562483302472,8.082223984940047e-06
alignment_0.8,322,3.22,0.015452105132975793,1209131.6043198102,800,8.0,0.01774562483302472,8.053193081739594e-06
alignment_0.8,323,3.23,0.015464746477890506,1079160.9490440493,800,8.0,0.01774562483302472,8.027246432890937e-06
alignment_0.8,324,3.24,0.01547683093135459,962963.673404543,800,8.0,0.01774562483302472,8.004125486445392e-06
alignment_0.8,325,3.25,0.015488359857581142,859160.1038177786,800,8.0,0.01774562483302472,7.983586572691555e-06
alignment_0.8,326,3.2600000000000002,0.015499334928561757,766486.6450452836,800,8.0,0.01774562483302472,7.965400693462123e-06
alignment_0.8,327,3.27,0.015509758122094838,683791.6215943898,800,8.0,0.01774562483302472,7.94935387090622e-06
alignment_0.8,328,3.2800000000000002,0.015519631719475466,610029.6984344816,800,8.0,0.01774562483302472,7.935249124591349e-06
alignment_0.8,329,3.29,0.01552895830284774,544255.374648829,800,8.0,0.01774562483302472,7.922906898960783e-06
alignment_0.8,330,3.3000000000000003,0.015537740752263917,485616.02180454513,800,8.0,0.01774562483302472,7.912161213797665e-06
alignment_0.8,331,3.31,0.015545982242408983,433344.72600308893,800,8.0,0.01774562483302472,7.902854208154843e-06
alignment_0.8,332,3.3200000000000003,0.015553686239040014,386753.16271850106,800,8.0,0.01774562483302472,7.894836166814888e-06
alignment_0.8,333,3.33,0.01556085649509612,345224.6833054903,800,8.0,0.01774562483302472,7.887978651912145e-06
alignment_0.8,334,3.34,0.015567497046509927,308207.6928853502,800,8.0,0.01774562483302472,7.882173924764102e-06
alignment_0.8,335,3.35,0.015573612207755322,275209.4173550897,800,8.0,0.01774562483302472,7.877321936149288e-06
alignment_0.8,336,3.36,0.015579206567132787,245790.09969736804,800,8.0,0.01774562483302472,7.873320196228736e-06
alignment_0.8,337,3.37,0.01558428498179387,219557.64707386683,800,8.0,0.01774562483302472,7.870059846568294e-06
alignment_0.8,338,3.38,0.015588852572506614,196162.7260576038,800,8.0,0.01774562483302472,7.86743097984341e-06
alignment_0.8,339,3.39,0.01559291471816396,175294.2877012134,800,8.0,0.01774562483302472,7.865339824168866e-06
alignment_0.8,340,3.4,0.015596477050037277,156675.4951020346,800,8.0,0.01774562483302472,7.863739697686155e-06
alignment_0.8,341,3.41,0.01559954544577745,140060.01063364683,800,8.0,0.01774562483302472,7.86263295164731e-06
alignment_0.8,342,3.42,0.01560212602326423,125228.65232580063,800,8.0,0.01774562483302472,7.861954041000182e-06
alignment_0.8,343,3.43,0.01560422513444304,111986.51105406652,800,8.0,0.01774562483302472,7.86158745963751e-06
alignment_0.8,344,3.44,0.015605849358616015,100160.19870301516,800,8.0,0.01774562483302472,7.861499641265051e-06
alignment_0.8,345,3.45,0.015607005495814357,89595.52479749604,800,8.0,0.01774562483302472,7.86161712727154e-06
alignment_0.8,346,3.46,0.01560770055990129,80155.35044534224,800,8.0,0.01774562483302472,7.861904490264716e-06
alignment_0.8,347,3.47,0.015607941771540157,71717.68958057188,800,8.0,0.01774562483302472,7.862349924399857e-06
alignment_0.8,348,3.48,0.015607736551043078,64174.01543060144,800,8.0,0.01774562483302472,7.86294510651193e-06
alignment_0.8,349,3.49,0.015607092511108268,57427.75565945285,800,8.0,0.01774562483302472,7.863667228351675e-06
alignment_0.8,350,3.5,0.015606017449453892,51392.958947243766,800,8.0,0.01774562483302472,7.864466363005913e-06
alignment_0.8,351,3.5100000000000002,0.015604519341356373,45993.114742965176,800,8.0,0.01774562483302472,7.865261455661912e-06
alignment_0.8,352,3.52,0.015602606332100645,41160.10786999594,800,8.0,0.01774562483302472,7.865948714713102e-06
alignment_0.8,353,3.5300000000000002,0.015600286729350123,36833.290378460595,800,8.0,0.01774562483302472,7.866426109260231e-06
alignment_0.8,354,3.54,0.015597568995443433,32958.654257095,800,8.0,0.01774562483302472,7.866638322078516e-06
alignment_0.8,355,3.5500000000000003,0.015594461739625276,29488.09021154582,800,8.0,0.01774562483302472,7.866646787761115e-06
alignment_0.8,356,3.56,0.015590973710218147,26378.718568071912,800,8.0,0.01774562483302472,7.866682555390167e-06
alignment_0.8,357,3.5700000000000003,0.015587113786780077,23592.28235304141,800,8.0,0.01774562483302472,7.866686298004526e-06
alignment_0.8,358,3.58,0.015582890972637726,21094.68488862224,800,8.0,0.01774562483302472,7.86635128555379e-06
alignment_0.8,359,3.59,0.015578314386869305,18855.50747643516,800,8.0,0.01774562483302472,7.865705902736221e-06
alignment_0.8,360,3.6,0.01557339325650944,16847.61719781162,800,8.0,0.01774562483302472,7.86476638837681e-06
alignment_0.8,361,3.61,0.015568136908818305,15046.806782425841,800,8.0,0.01774562483302472,7.863530780820994e-06
alignment_0.8,362,3.62,0.015562554763550042,13431.4730169252,800,8.0,0.01774562483302472,7.86203368590534e-06
alignment_0.8,363,3.63,0.01555665632527217,11982.333082333218,800,8.0,0.01774562483302472,7.860339793714864e-06
alignment_0.8,364,3.64,0.015550451175744667,10682.172844052826,800,8.0,0.01774562483302472,7.858541134646326e-06
alignment_0.8,365,3.65,0.015543948966366886,9515.62407217255,800,8.0,0.01774562483302472,7.856761244071496e-06
alignment_0.8,366,3.66,0.015537159410700056,8468.967558449249,800,8.0,0.01774562483302472,7.855170255853788e-06
alignment_0.8,367,3.67,0.015530092277072792,7529.959180677798,800,8.0,0.01774562483302472,7.854016223821026e-06
alignment_0.8,368,3.68,0.015522757381276606,6687.676129906768,800,8.0,0.01774562483302472,7.853679676017119e-06
alignment_0.8,369,3.69,0.015515164579357853,5932.380743849914,800,8.0,0.01774562483302472,7.854760183310991e-06
alignment_0.8,370,3.7,0.015507323760512424,5255.399670094985,800,8.0,0.01774562483302472,7.858206094592012e-06
alignment_0.8,371,3.71,0.015499244840088744,4649.016435991059,800,8.0,0.01774562483302472,7.865486719924388e-06
alignment_0.8,372,3.72,0.015490937752707844,4106.377180488126,800,8.0,0.01774562483302472,7.878430040207249e-06
alignment_0.8,373,3.73,0.015482412445604297,3621.413156613752,800,8.0,0.01774562483302472,7.899372687513466e-06
alignment_0.8,374,3.74,0.015473678872008663,3188.774629866647,800,8.0,0.01774562483302472,7.931819952542557e-06
alignment_0.8,375,3.75,0.01546474698466769,2803.77492930496,800,8.0,0.01774562483302472,7.980619697850516e-06
alignment_0.8,376,3.7600000000000002,0.015455626729546012,2462.342980545659,800,8.0,0.01774562483302472,8.052209501479116e-06
alignment_0.8,377,3.77,0.015446328039663046,2160.9835896626905,800,8.0,0.01774562483302472,8.154944930577126e-06
alignment_0.8,378,3.7800000000000002,0.015436860829085824,1896.7413480700973,800,8.0,0.01774562483302472,8.299067783819991e-06
alignment_0.8,379,3.79,0.01542723498708104,1667.1606668132833,800,8.0,0.01774562483302472,8.495995383089945e-06
alignment_0.8,380,3.8000000000000003,0.01541746037242934,1470.2291278401738,800,8.0,0.01774562483302472,8.756365250311923e-06
alignment_0.8,381,3.81,0.015407546807904342,1304.2844474677688,800,8.0,0.01774562483302472,9.086321002529481e-06
alignment_0.8,382,3.8200000000000003,0.015397504074918607,1167.8614014134762,800,8.0,0.01774562483302472,9.482227173263569e-06
alignment_0.8,383,3.83,0.015387341908338393,1059.464333111535,800,8.0,0.01774562483302472,9.925670779644665e-06
alignment_0.8,384,3.84,0.015377069991468633,977.2866037408402,800,8.0,0.01774562483302472,1.0382523925656747e-05
alignment_0.8,385,3.85,0.015366697951209273,918.9586196900741,800,8.0,0.01774562483302472,1.0809542971024275e-05
alignment_0.8,386,3.86,0.015356235353383782,881.4484902976543,800,8.0,0.01774562483302472,1.116735927540921e-05
alignment_0.8,387,3.87,0.015345691698240268,861.1989914487177,800,8.0,0.01774562483302472,1.1432771254834742e-05
alignment_0.8,388,3.88,0.015335076416130279,854.459227818243,800,8.0,0.01774562483302472,1.1603073348630011e-05
alignment_0.8,389,3.89,0.015324398863378061,857.6603300124391,800,8.0,0.01774562483302472,1.1691238376189426e-05
alignment_0.8,390,3.9,0.015313668318296681,867.6969370966866,800,8.0,0.01774562483302472,1.171727834304656e-05
alignment_0.8,391,3.91,0.015302893977393438,882.0522036896822,800,8.0,0.01774562483302472,1.1701358400550008e-05
alignment_0.8,392,3.92,0.015292084951743395,898.796302246102,800,8.0,0.01774562483302472,1.1660123361573539e-05
alignment_0.8,393,3.93,0.015281250263534447,916.5123358273961,800,8.0,0.01774562483302472,1.160577286000316e-05
alignment_0.8,394,3.94,0.015270398842783025,934.1971498267587,800,8.0,0.01774562483302472,1.1546550282117383e-05
alignment_0.8,395,3.95,0.015259539524218433,951.1649204835545,800,8.0,0.01774562483302472,1.1487678257334027e-05
alignment_0.8,396,3.96,0.0152486810443337,966.96538408275,800,8.0,0.01774562483302472,1.1432263846060082e-05
alignment_0.8,397,3.97,0.015237832038600655,981.319302486005,800,8.0,0.01774562483302472,1.1382012060462926e-05
alignment_0.8,398,3.98,0.015227001038846692,994.0695753093095,800,8.0,0.01774562483302472,1.133773509287049e-05
alignment_0.8,399,3.99,0.015216196470790724,1005.1450818682422,800,8.0,0.01774562483302472,1.1299695333651984e-05
alignment_0.8,400,4.0,0.015205426651735484,1014.5343178844536,800,8.0,0.01774562483302472,1.1267827841230766e-05
alignment_0.8,401,4.01,0.01519469978841343,1022.2663459543922,800,8.0,0.01774562483302472,1.124188047971915e-05
alignment_0.8,402,4.0200000000000005,0.015184023974983224,1028.3971232660938,800,8.0,0.01774562483302472,1.1221499660158858e-05
alignment_0.8,403,4.03,0.01517340719117384,1032.999755256301,800,8.0,0.01774562483302472,1.1206280972915221e-05
alignment_0.8,404,4.04,0.015162857300573167,1036.157611843335,800,8.0,0.01774562483302472,1.1195797342495962e-05
alignment_0.8,405,4.05,0.015152382049057932,1037.9595372804322,800,8.0,0.01774562483302472,1.1189653980286406e-05
alignment_0.8,406,4.0600000000000005,0.01514198906335384,1038.496364778254,800,8.0,0.01774562483302472,1.1187531740397365e-05
alignment_0.8,407,4.07,0.015131685849728902,1037.8583679452097,800,8.0,0.01774562483302472,1.1189107791253461e-05
alignment_0.8,408,4.08,0.01512147979283365,1036.1337233295478,800,8.0,0.01774562483302472,1.1194057058477124e-05
alignment_0.8,409,4.09,0.01511137815464957,1033.4073872258755,800,8.0,0.01774562483302472,1.120210158127725e-05
alignment_0.8,410,4.1,0.0151013880735639,1029.7604558761054,800,8.0,0.01774562483302472,1.1212988268195335e-05
alignment_0.8,411,4.11,0.015091516563562772,1025.2697776346788,800,8.0,0.01774562483302472,1.1226487654014978e-05
alignment_0.8,412,4.12,0.015081770513538456,1020.0077710860493,800,8.0,0.01774562483302472,1.1242392376033725e-05
alignment_0.8,413,4.13,0.015072156686706579,1014.042386674637,800,8.0,0.01774562483302472,1.126051535684746e-05
alignment_0.8,414,4.14,0.015062681720129069,1007.4371666127165,800,8.0,0.01774562483302472,1.1280687946910939e-05
alignment_0.8,415,4.15,0.015053352124338911,1000.2513702778328,800,8.0,0.01774562483302472,1.1302758008628965e-05
alignment_0.8,416,4.16,0.015044174283062492,992.5401419820238,800,8.0,0.01774562483302472,1.1326588034714984e-05
alignment_0.8,417,4.17,0.015035154453035682,984.3547046666256,800,8.0,0.01774562483302472,1.1352053334724308e-05
alignment_0.8,418,4.18,0.01502629876390971,975.742568458952,800,8.0,0.01774562483302472,1.137904022955066e-05
alignment_0.8,419,4.19,0.015017613218242996,966.7477465904218,800,8.0,0.01774562483302472,1.140744435292063e-05
alignment_0.8,420,4.2,0.015009103691575203,957.4109740041637,800,8.0,0.01774562483302472,1.1437168975158334e-05
alignment_0.8,421,4.21,0.01500077593257982,947.7699258512189,800,8.0,0.01774562483302472,1.1468123375480252e-05
alignment_0.8,422,4.22,0.014992635563291726,937.8594341406022,800,8.0,0.01774562483302472,1.1500221859001333e-05
alignment_0.8,423,4.23,0.014984688079405332,927.7116950761557,800,8.0,0.01774562483302472,1.153339101218793e-05
alignment_0.8,424,4.24,0.014976938850626322,917.3564477209954,800,8.0,0.01774562483302472,1.1567564288960329e-05
alignment_0.8,425,4.25,0.014969393121103718,906.8211435768349,800,8.0,0.01774562483302472,1.1602674548463177e-05
alignment_0.8,426,4.26,0.014962056009914668,896.1311131640974,800,8.0,0.01774562483302472,1.1638659316960346e-05
alignment_0.8,427,4.2700000000000005,0.014954932511601852,885.3097241722112,800,8.0,0.01774562483302472,1.1675460655375882e-05
alignment_0.8,428,4.28,0.014948027496764793,874.3785262077125,800,8.0,0.01774562483302472,1.1713023675906473e-05
alignment_0.8,429,4.29,0.014941345712699478,863.3573848086995,800,8.0,0.01774562483302472,1.1751296190893113e-05
alignment_0.8,430,4.3,0.014934891784082784,852.2646060838402,800,8.0,0.01774562483302472,1.179022837182549e-05
alignment_0.8,431,4.3100000000000005,0.014928670213698316,841.1170523709477,800,8.0,0.01774562483302472,1.1829772529141785e-05
alignment_0.8,432,4.32,0.014922685383200317,829.9302493016543,800,8.0,0.01774562483302472,1.1869882884352369e-05
alignment_0.8,433,4.33,0.014916941553912473,818.7184846698822,800,8.0,0.01774562483302472,1.1910515325348503e-05
alignment_0.8,434,4.34,0.014911442867658537,807.4948995653973,800,8.0,0.01774562483302472,1.1951627264205605e-05
alignment_0.8,435,4.3500000000000005,0.014906193347621862,796.2715722753062,800,8.0,0.01774562483302472,1.1993177398178268e-05
alignment_0.8,436,4.36,0.014901196899230952,785.059595505275,800,8.0,0.01774562483302472,1.2035125549180272e-05
alignment_0.8,437,4.37,0.014896457311068366,773.8691475178872,800,8.0,0.01774562483302472,1.2077432459416584e-05
alignment_0.8,438,4.38,0.014891978255800369,762.7095578181766,800,8.0,0.01774562483302472,1.2120059577439393e-05
alignment_0.8,439,4.39,0.01488776329112484,751.5893680417388,800,8.0,0.01774562483302472,1.2162968841472748e-05
alignment_0.8,440,4.4,0.014883815860735068,740.5163882767182,800,8.0,0.01774562483302472,1.2206122694024513e-05
alignment_0.8,441,4.41,0.014880139295294198,729.4977493385963,800,8.0,0.01774562483302472,1.224948451396865e-05
alignment_0.8,442,4.42,0.014876736813414868,718.5399519444518,800,8.0,0.01774562483302472,1.2293018051274108e-05
alignment_0.8,443,4.43,0.014873611522656356,707.6489088949415,800,8.0,0.01774562483302472,1.2336687205484688e-05
alignment_0.8,444,4.44,0.01487076642052075,696.8299870114395,800,8.0,0.01774562483302472,1.2380456328671576e-05
alignment_0.8,445,4.45,0.014868204395455472,686.0880446070335,800,8.0,0.01774562483302472,1.2424289987742039e-05
alignment_0.8,446,4.46,0.014865928227856729,675.4274663689154,800,8.0,0.01774562483302472,1.2468152920184104e-05
alignment_0.8,447,4.47,0.014863940591071913,664.8521957863239,800,8.0,0.01774562483302472,1.2512010007866124e-05
alignment_0.8,448,4.48,0.0148622440523991,654.3657652927909,800,8.0,0.01774562483302472,1.255582625238645e-05
alignment_0.8,449,4.49,0.014860841074082054,643.9713242644679,800,8.0,0.01774562483302472,1.2599566774950151e-05
alignment_0.8,450,4.5,0.014859734014299028,633.6716649924741,800,8.0,0.01774562483302472,1.2643196795325908e-05
alignment_0.8,451,4.51,0.014858925128143984,623.4692467582677,800,8.0,0.01774562483302472,1.2686681640062732e-05
alignment_0.8,452,4.5200000000000005,0.014858416568598772,613.3662181662617,800,8.0,0.01774562483302472,1.2729986708437757e-05
alignment_0.8,453,4.53,0.014858210387494965,603.3644379071334,800,8.0,0.01774562483302472,1.277307743737116e-05
alignment_0.8,454,4.54,0.01485830853646413,593.465494138652,800,8.0,0.01774562483302472,1.2815919234868466e-05
alignment_0.8,455,4.55,0.014858712867875086,583.6707222582936,800,8.0,0.01774562483302472,1.2858477589133308e-05
alignment_0.8,456,4.5600000000000005,0.014859425135749133,573.9812229473638,800,8.0,0.01774562483302472,1.2900717947419131e-05
alignment_0.8,457,4.57,0.014860446996669259,564.3978774367115,800,8.0,0.01774562483302472,1.294260580395144e-05
alignment_0.8,458,4.58,0.01486178001066356,554.9213628022997,800,8.0,0.01774562483302472,1.2984106784757946e-05
alignment_0.8,459,4.59,0.01486342564207541,545.5521659369465,800,8.0,0.01774562483302472,1.3025186521169354e-05
alignment_0.8,460,4.6000000000000005,0.014865385260416022,536.2905965878338,800,8.0,0.01774562483302472,1.3065810636338027e-05
alignment_0.8,461,4.61,0.014867660141195225,527.1367998865219,800,8.0,0.01774562483302472,1.3105944752679831e-05
alignment_0.8,462,4.62,0.014870251466730213,518.090768265704,800,8.0,0.01774562483302472,1.3145554501577374e-05
alignment_0.8,463,4.63,0.014873160326931988,509.15235276812444,800,8.0,0.01774562483302472,1.3184605561518293e-05
alignment_0.8,464,4.64,0.014876387720069321,500.32127376434005,800,8.0,0.01774562483302472,1.3223063646296933e-05
alignment_0.8,465,4.65,0.014879934553510105,491.59713110632174,800,8.0,0.01774562483302472,1.3260894499811713e-05
alignment_0.8,466,4.66,0.014883801644440073,482.9794137775541,800,8.0,0.01774562483302472,1.3298063895731903e-05
alignment_0.8,467,4.67,0.01488798972055887,474.46750912542774,800,8.0,0.01774562483302472,1.3334537552224062e-05
alignment_0.8,468,4.68,0.014892499420753545,466.06071179821924,800,8.0,0.01774562483302472,1.337028107507934e-05
alignment_0.8,469,4.69,0.01489733129574958,457.758232327259,800,8.0,0.01774562483302472,1.3405259974758683e-05
alignment_0.8,470,4.7,0.014902485808729622,449.55920543631277,800,8.0,0.01774562483302472,1.3439439911014022e-05
alignment_0.8,471,4.71,0.014907963335909321,441.46269921842,800,8.0,0.01774562483302472,1.3472786240383997e-05
alignment_0.8,472,4.72,0.014913764167128134,433.46772159874195,800,8.0,0.01774562483302472,1.3505264257219646e-05
alignment_0.8,473,4.73,0.014919888506378766,425.5732289337237,800,8.0,0.01774562483302472,1.3536839128281675e-05
alignment_0.8,474,4.74,0.014926336472332493,417.77813320089786,800,8.0,0.01774562483302472,1.3567475734535285e-05
alignment_0.8,475,4.75,0.014933108098835088,410.08130942721453,800,8.0,0.01774562483302472,1.3597138649440343e-05
alignment_0.8,476,4.76,0.014940203335372987,402.48160309932354,800,8.0,0.01774562483302472,1.362579210877788e-05
alignment_0.8,477,4.7700000000000005,0.01494762204751107,394.97783749773595,800,8.0,0.01774562483302472,1.3653399951959183e-05
alignment_0.8,478,4.78,0.014955364017303631,387.56882093692656,800,8.0,0.01774562483302472,1.3679925604424965e-05
alignment_0.8,479,4.79,0.014963428943679998,380.25335391046184,800,8.0,0.01774562483302472,1.3705331975343792e-05
alignment_0.8,480,4.8,0.014971816442806414,373.03023616081447,800,8.0,0.01774562483302472,1.3729581397137592e-05
alignment_0.8,481,4.8100000000000005,0.014980526048425829,365.89827371302584,800,8.0,0.01774562483302472,1.37526354994606e-05
alignment_0.8,482,4.82,0.014989557212177238,358.8562859366353,800,8.0,0.01774562483302472,1.3774455058728349e-05
alignment_0.8,483,4.83,0.014998909303896395,351.90311273446537,800,8.0,0.01774562483302472,1.3794999840825293e-05
alignment_0.8,484,4.84,0.015008581611899535,345.03762144258405,800,8.0,0.01774562483302472,1.3814228941115476e-05
alignment_0.8,485,4.8500000000000005,0.01501857334318333,338.2587144642456,800,8.0,0.01774562483302472,1.3832100702544953e-05
alignment_0.8,486,4.86,0.015028883623630775,331.56533656076516,800,8.0,0.01774562483302472,1.3848572029629397e-05
alignment_0.8,487,4.87,0.015039511498245575,324.95648084565363,800,8.0,0.01774562483302472,1.3863598952293979e-05
alignment_0.8,488,4.88,0.01505045593130718,318.431196559983,800,8.0,0.01774562483302472,1.3877136398544665e-05
alignment_0.8,489,4.89,0.01506171580653546,311.9885958211958,800,8.0,0.01774562483302472,1.3889138211460938e-05
alignment_0.8,490,4.9,0.01507328992722689,305.6278603823503,800,8.0,0.01774562483302472,1.3899557213696772e-05
alignment_0.8,491,4.91,0.015085177016365059,299.348248180034,800,8.0,0.01774562483302472,1.3908345355226553e-05
alignment_0.8,492,4.92,0.015097375716708595,293.14909956166906,800,8.0,0.01774562483302472,1.391545386931145e-05
alignment_0.8,493,4.93,0.015109884590859397,287.0298430715798,800,8.0,0.01774562483302472,1.3920833523476555e-05
alignment_0.8,494,4.94,0.015122702121314353,280.9900006511637,800,8.0,0.01774562483302472,1.3924434971313036e-05
alignment_0.8,495,4.95,0.01513582671050362,275.0291920675957,800,8.0,0.01774562483302472,1.3926209201548097e-05
alignment_0.8,496,4.96,0.015149256680818736,269.1471383390906,800,8.0,0.01774562483302472,1.3926108152852996e-05
alignment_0.8,497,4.97,0.015162990274633763,263.3436638748232,800,8.0,0.01774562483302472,1.3924085505378755e-05
alignment_0.8,498,4.98,0.01517702565432287,257.61869700530497,800,8.0,0.01774562483302472,1.3920097642544744e-05
alignment_0.8,499,4.99,0.015191360902277242,251.97226780830331,800,8.0,0.01774562483302472,1.3914105821336417e-05
alignment_0.8,500,5.0,0.015205994020779153,246.40450450781393,800,8.0,0.01774562483302472,1.3906076743434218e-05
alignment_0.8,501,5.01,0.015220922931931329,240.91562644776195,800,8.0,0.01774562483302472,1.3895983713591767e-05
alignment_0.8,502,5.0200000000000005,0.015236145477720143,235.50593192933707,800,8.0,0.01774562483302472,1.3883810953290794e-05
alignment_0.8,503,5.03,0.015251659419911913,230.17578342368105,800,8.0,0.01774562483302472,1.386955510114248e-05
alignment_0.8,504,5.04,0.015267462439984607,224.92558613321577,800,8.0,0.01774562483302472,1.385322869670248e-05
alignment_0.8,505,5.05,0.015283552139057723,219.75576027012164,800,8.0,0.01774562483302472,1.3834863925429266e-05
alignment_0.8,506,5.0600000000000005,0.015299926037819054,214.66670585515047,800,8.0,0.01774562483302472,1.3814516886425148e-05
alignment_0.8,507,5.07,0.015316581576446917,209.65875894120254,800,8.0,0.01774562483302472,1.3792272470649973e-05
alignment_0.8,508,5.08,0.015333516114526395,204.73213812436117,800,8.0,0.01774562483302472,1.376824983945948e-05
alignment_0.8,509,5.09,0.015350726930958026,199.8868801746621,800,8.0,0.01774562483302472,1.3742608357934094e-05
alignment_0.8,510,5.1000000000000005,0.015368211223873421,195.122763964489,800,8.0,0.01774562483302472,1.3715553527797523e-05
alignment_0.8,511,5.11,0.015385966110569707,190.439223066683,800,8.0,0.01774562483302472,1.3687342554348354e-05
alignment_0.8,512,5.12,0.015403988627427975,185.83524634373504,800,8.0,0.01774562483302472,1.365829135277205e-05
alignment_0.8,513,5.13,0.015422275729833181,181.30926857417288,800,8.0,0.01774562483302472,1.3628778954431191e-05
alignment_0.8,514,5.14,0.01544082429210506,176.85905312690622,800,8.0,0.01774562483302472,1.3599251235106986e-05
alignment_0.8,515,5.15,0.015459631107452354,172.48157141271852,800,8.0,0.01774562483302472,1.3570222266268454e-05
alignment_0.8,516,5.16,0.015478692887934895,168.17288590993994,800,8.0,0.01774562483302472,1.3542272445232243e-05
alignment_0.8,517,5.17,0.015498006264417283,163.92804620387065,800,8.0,0.01774562483302472,1.3516042343013286e-05
alignment_0.8,518,5.18,0.015517567786505638,159.74101058034455,800,8.0,0.01774562483302472,1.3492220084651132e-05
alignment_0.8,519,5.19,0.015537373922581709,155.60460949195465,800,8.0,0.01774562483302472,1.3471521506946778e-05
alignment_0.8,520,5.2,0.015557421059811038,151.51057038866753,800,8.0,0.01774562483302472,1.3454662361128797e-05
alignment_0.8,521,5.21,0.015577705504144647,147.44962521752342,800,8.0,0.01774562483302472,1.344232067732564e-05
alignment_0.8,522,5.22,0.015598223480363684,143.41172256597446,800,8.0,0.01774562483302472,1.3435089455899346e-05
alignment_0.8,523,5.23,0.015618971132161116,139.38636388741926,800,8.0,0.01774562483302472,1.3433420992914973e-05
alignment_0.8,524,5.24,0.015639944522229603,135.36307616692045,800,8.0,0.01774562483302472,1.343756549491743e-05
alignment_0.8,525,5.25,0.01566113963233203,131.33202030570553,800,8.0,0.01774562483302472,1.3447509161369974e-05
alignment_0.8,526,5.26,0.01568255236348076,127.28471469233918,800,8.0,0.01774562483302472,1.3462920179474527e-05
alignment_0.8,527,5.2700000000000005,0.01570417853609568,123.21482614623537,800,8.0,0.01774562483302472,1.3483114486273292e-05
alignment_0.8,528,5.28,0.015726013890186876,119.11894685419966,800,8.0,0.01774562483302472,1.3507056687458997e-05
alignment_0.8,529,5.29,0.015748054085595767,114.99723975271225,800,8.0,0.01774562483302472,1.3533414827708327e-05
alignment_0.8,530,5.3,0.015770294702257832,110.8538015431914,800,8.0,0.01774562483302472,1.356068842468216e-05
alignment_0.8,531,5.3100000000000005,0.01579273124047243,106.69657175562047,800,8.0,0.01774562483302472,1.3587427197435013e-05
alignment_0.8,532,5.32,0.015815359121268243,102.53662015861151,800,8.0,0.01774562483302472,1.3612548361543727e-05
alignment_0.8,533,5.33,0.01583817368675677,98.38668486049181,800,8.0,0.01774562483302472,1.3635743263362728e-05
alignment_0.8,534,5.34,0.015861170200543225,94.2589236680305,800,8.0,0.01774562483302472,1.3657936769977942e-05
alignment_0.8,535,5.3500000000000005,0.015884343848203586,90.16198452925104,800,8.0,0.01774562483302472,1.3681728724769254e-05
alignment_0.8,536,5.36,0.015907689737759374,86.09769217064925,800,8.0,0.01774562483302472,1.3711710795639254e-05
alignment_0.8,537,5.37,0.015931202900217795,82.05786583531999,800,8.0,0.01774562483302472,1.3754534412220739e-05
alignment_0.8,538,5.38,0.01595487829019203,78.02198112027553,800,8.0,0.01774562483302472,1.3818620065593787e-05
alignment_0.8,539,5.39,0.015978710786516564,73.95650498852056,800,8.0,0.01774562483302472,1.3913454827569781e-05
alignment_0.8,540,5.4,0.016002695192953706,69.81669149257333,800,8.0,0.01774562483302472,1.4048529619471907e-05
alignment_0.8,541,5.41,0.01602682623894915,65.55135786385979,800,8.0,0.01774562483302472,1.4232073097753475e-05
alignment_0.8,542,5.42,0.016051098580391023,61.110642894469834,800,8.0,0.01774562483302472,1.4469834649253312e-05
alignment_0.8,543,5.43,0.01607550680050988,56.45602379948631,800,8.0,0.01774562483302472,1.4764152635145852e-05
alignment_0.8,544,5.44,0.016100045410768198,51.571086408953406,800,8.0,0.01774562483302472,1.5113486624363895e-05
alignment_0.8,545,5.45,0.016124708851840804,46.47092099679496,800,8.0,0.01774562483302472,1.5512468401376703e-05
alignment_0.8,546,5.46,0.016149491494645396,41.207806742746314,800,8.0,0.01774562483302472,1.5952388163425653e-05
alignment_0.8,547,5.47,0.01617438764142802,35.87123680814391,800,8.0,0.01774562483302472,1.64219285194946e-05
alignment_0.8,548,5.48,0.016199391526930482,30.581348983852905,800,8.0,0.01774562483302472,1.690805199788499e-05
alignment_0.8,549,5.49,0.016224497319618274,25.476272115771742,800,8.0,0.01774562483302472,1.7396815104491147e-05
alignment_0.8,550,5.5,0.01624969912295236,20.6954222221518,800,8.0,0.01774562483302472,1.7874122902311994e-05
alignment_0.8,551,5.51,0.01627499097677126,16.361894254680145,800,8.0,0.01774562483302472,1.83263614603547e-05
alignment_0.8,552,5.5200000000000005,0.016300366858677865,12.567433909313202,800,8.0,0.01774562483302472,1.8740949532416602e-05
alignment_0.8,553,5.53,0.01632582068553932,9.36287820922685,800,8.0,0.01774562483302472,1.910695219927448e-05
alignment_0.8,554,5.54,0.016351346315109958,6.755590377399356,800,8.0,0.01774562483302472,1.9415707155568172e-05
alignment_0.8,555,5.55,0.016376937547582023,4.713718009169004,800,8.0,0.01774562483302472,1.966178135301949e-05
alignment_0.8,556,5.5600000000000005,0.016402588127357356,3.175594449227733,800,8.0,0.01774562483302472,1.9844482035536332e-05
alignment_0.8,557,5.57,0.016428291744767738,2.061720963691864,800,8.0,0.01774562483302472,1.9970223727677342e-05
alignment_0.8,558,5.58,0.016454042037986557,1.2866830576983133,800,8.0,0.01774562483302472,2.0056796215391903e-05
alignment_0.8,559,5.59,0.016479832594935163,0.7689548179152843,800,8.0,0.01774562483302472,1.5486683005827152e-05
alignment_0.8,560,5.6000000000000005,0.016505656955277212,0.43753505142961047,800,8.0,0.01774562483302472,8.872842820550163e-06
alignment_0.8,561,5.61,0.016531508612514997,0.23542744984986239,800,8.0,0.01774562483302472,4.832024375786808e-06
alignment_0.8,562,5.62,0.01655738101608075,0.12108749819521598,800,8.0,0.01774562483302472,2.482498711621257e-06
alignment_0.8,563,5.63,0.016583267573691593,0.08301533809744122,709,7.09,0.018002663398738655,1.1870380180239137e-06
alignment_0.8,564,5.64,0.016609161653528777,0.08335661250018518,711,7.11,0.017986783382428803,5.153038768096796e-07
alignment_0.8,565,5.65,0.016635056586690216,0.08344036889945222,712,7.12,0.017978794576783662,1.969491771509175e-07
alignment_0.8,566,5.66,0.016660945669598033,0.08337392320003108,714,7.140000000000001,0.017962751221474393,8.126656275149134e-08
alignment_0.8,567,5.67,0.016686822166583192,0.0832279076693502,715,7.15,0.017954709306009564,6.941664194590356e-08
alignment_0.8,568,5.68,0.01671267931244799,0.08304328024212362,716,7.16,0.017946662256655792,6.855185348010446e-08
alignment_0.8,569,5.69,0.016738510315165208,0.08284280663927883,717,7.17,0.01793861628969029,6.164728933506248e-08
alignment_0.8,570,5.7,0.01676430835861941,0.08263790171403303,718,7.18,0.01793057757684216,5.275827025511643e-08
alignment_0.8,571,5.71,0.016790066605446637,0.08243377839448851,719,7.19,0.017922552243060413,4.4667197923313166e-08
alignment_0.8,572,5.72,0.01681577819992143,0.08223248364015656,720,7.2,0.017914546364353908,3.823829435293776e-08
alignment_0.8,573,5.73,0.016841436270924406,0.08203457027719444,721,7.21,0.01790656596570312,3.3414785127201836e-08
alignment_0.8,574,5.74,0.01686703393498841,0.08183996178546919,722,7.22,0.017898617019043418,2.9848195117876754e-08
alignment_0.8,575,5.75,0.0168925642993935,0.0816483700536915,723,7.23,0.017890705441319647,2.7179048106002782e-08
alignment_0.8,576,5.76,0.0169180204653438,0.0814594797343183,724,7.24,0.017882837092609506,2.5126277730277408e-08
alignment_0.8,577,5.7700000000000005,0.016943395531196868,0.08127301805024953,725,7.25,0.01787501777431549,2.349459155386128e-08
alignment_0.8,578,5.78,0.016968682595776902,0.08108877253308122,726,7.26,0.01786725322743675,2.215624748332541e-08
alignment_0.8,579,5.79,0.016993874761734033,0.08090658763541793,727,7.2700000000000005,0.017859549130898978,2.1030501555953186e-08
alignment_0.8,580,5.8,0.0170189651389339,0.08072635456147136,728,7.28,0.01785191109995518,2.0067536229704326e-08
alignment_0.8,581,5.8100000000000005,0.017043946847970524,0.08054800030488092,729,7.29,0.017844344684653752,1.9237224593230633e-08
alignment_0.8,582,5.82,0.017068813023681084,0.08037147797728009,730,7.3,0.017836855368372716,1.8521646194157877e-08
alignment_0.8,583,5.83,0.017093556818733542,0.08019675883833603,731,7.3100000000000005,0.017829448566419086,1.790995807112904e-08
alignment_0.8,584,5.84,0.017118171407241034,0.08002382585900496,732,7.32,0.017822129624692255,1.7394748270118933e-08
alignment_0.8,585,5.8500000000000005,0.017142649988456,0.07985266856751272,733,7.33,0.017814903818410326,1.6969255257413878e-08
alignment_0.8,586,5.86,0.017166985790487897,0.07968327904112543,734,7.34,0.017807776350898204,1.6625169716915874e-08
alignment_0.8,587,5.87,0.01719117207406734,0.07951564905172559,735,7.3500000000000005,0.017800752352436437,1.6350969745350376e-08
alignment_0.8,588,5.88,0.01721520213632285,0.07934976845676839,736,7.36,0.01779383687916949,1.6130996684530003e-08
alignment_0.8,589,5.89,0.017239069314636916,0.07918562490289417,737,7.37,0.017787034912072366,1.5945604311380464e-08
alignment_0.8,590,5.9,0.017262766990489894,0.07902320477652776,738,7.38,0.017780351355974385,1.5772615007078464e-08
alignment_0.8,591,5.91,0.017286288593376675,0.0788624951357458,739,7.390000000000001,0.017773791038638905,1.558992395522338e-08
alignment_0.8,592,5.92,0.017309627604665458,0.07870348616266634,740,7.4,0.017767358709897825,1.5378617931745277e-08
alignment_0.8,593,5.93,0.01733277756157685,0.07854617356073973,741,7.41,0.017761059040837312,1.512570270915471e-08
alignment_0.8,594,5.94,0.017355732061097588,0.07839085490243919,743,7.43,0.017748875967828887,1.482562054195015e-08
alignment_0.8,595,5.95,0.017378484763950187,0.07823729850700621,744,7.44,0.01774300150570089,1.4480170768032438e-08
alignment_0.8,596,5.96,0.017401029398562088,0.07808547469445706,745,7.45,0.017737277585610257,1.4096973818049432e-08
alignment_0.8,597,5.97,0.01742335976499362,0.07793540885402223,746,7.46,0.01773170847444825,1.3687027654587095e-08
alignment_0.8,598,5.98,0.017445469738937784,0.07778713051412642,747,7.47,0.01772629835650655,1.326206005732273e-08
alignment_0.8,599,5.99,0.017467353275659032,0.07764067079322597,748,7.48,0.01772105133299332,1.2832315430037123e-08
alignment_0.8,600,6.0,0.017489004413953277,0.07749606002806798,749,7.49,0.01771597142159025,1.240514001231081e-08
alignment_0.8,601,6.01,0.017510417280046552,0.07735332594200822,750,7.5,0.017711062556049352,1.1984472054417172e-08
alignment_0.8,602,6.0200000000000005,0.017531586091496843,0.07721249255487293,751,7.51,0.01770632858582798,1.1571108041133843e-08
alignment_0.8,603,6.03,0.017552505161152088,0.07707357986628176,752,7.5200000000000005,0.01770177327576075,1.1163477502244223e-08
alignment_0.8,604,6.04,0.017573168900935927,0.07693660420520959,753,7.53,0.017697400305767105,1.0758659971625819e-08
alignment_0.8,605,6.05,0.017593571825673917,0.07680157905098331,754,7.54,0.017693213270593137,1.0353379288778845e-08
alignment_0.8,606,6.0600000000000005,0.01761370855689876,0.07666851610120747,755,7.55,0.01768921567958651,9.944811950617966e-09
alignment_0.8,607,6.07,0.017633573826562447,0.07653742637934074,756,7.5600000000000005,0.017685410956503167,9.531125968639593e-09
alignment_0.8,608,6.08,0.01765316248073974,0.0764083212220056,757,7.57,0.017681802439344793,9.11173268962944e-09
alignment_0.8,609,6.09,0.01767246948326861,0.07628121304560416,758,7.58,0.017678393380222153,8.687289323193966e-09
alignment_0.8,610,6.1000000000000005,0.017691489919306497,0.07615611584556108,759,7.59,0.017675186945236183,8.259522231317178e-09
alignment_0.8,611,6.11,0.01771021899886226,0.07603304544508277,760,7.6000000000000005,0.017672186214404643,7.830946129104505e-09
alignment_0.8,612,6.12,0.01772865206022613,0.0759123393945664,762,7.62,0.017666813754506773,7.404541744237814e-09
alignment_0.8,613,6.13,0.017746784573348294,0.0757938740524538,763,7.63,0.01766444775462423,6.98345123014312e-09
alignment_0.8,614,6.140000000000001,0.01776461214314805,0.07567750376633163,764,7.640000000000001,0.017662298917257308,6.57071988231117e-09
alignment_0.8,615,6.15,0.01778213051270624,0.07556325106754175,765,7.65,0.01766036989155006,6.169101414165425e-09
alignment_0.8,616,6.16,0.017799335566409683,0.07545113933577237,766,7.66,0.01765866324052751,5.780929672561369e-09
alignment_0.8,617,6.17,0.017816223332980576,0.07534119248018356,767,7.67,0.01765718144115591,5.408052967083314e-09
alignment_0.8,618,6.18,0.01783278998841362,0.07523343466094089,768,7.68,0.01765592688441919,5.051816655429569e-09
alignment_0.8,619,6.19,0.017849031858841125,0.07512789006230622,769,7.69,0.017654901875410547,4.713084839158598e-09
alignment_0.8,620,6.2,0.017864945423251146,0.07502458272047488,770,7.7,0.017654108633438564,4.411888503504562e-09
alignment_0.8,621,6.21,0.017880527316130445,0.07492353640348072,771,7.71,0.017653549292147065,4.27792316303754e-09
alignment_0.8,622,6.22,0.0178957743299921,0.07482477453718345,772,7.72,0.017653225899648108,4.146332364279524e-09
alignment_0.8,623,6.23,0.01791068341777203,0.07472832017125156,773,7.73,0.017653140418666915,4.017190363692683e-09
alignment_0.8,624,6.24,0.017925251695114826,0.07463443381028433,775,7.75,0.017653690616075725,3.890615843651507e-09
alignment_0.8,625,6.25,0.017939476442568516,0.07454334754375411,776,7.76,0.017654329794334712,3.7667046073482135e-09
alignment_0.8,626,6.26,0.01795335510760269,0.07445465392301456,777,7.7700000000000005,0.01765521388419101,3.6455323262158792e-09
alignment_0.8,627,6.2700000000000005,0.017966885306528887,0.0743683752067952,778,7.78,0.01765634442382369,3.527179490077604e-09
alignment_0.8,628,6.28,0.01798006482629168,0.0742845333785315,779,7.79,0.017657722867044062,3.4116859527430713e-09
alignment_0.8,629,6.29,0.017992891626119487,0.07420315018527186,780,7.8,0.01765935058348781,3.299042044755113e-09
alignment_0.8,630,6.3,0.01800536383903193,0.074124247172097,781,7.8100000000000005,0.017661228858810395,3.1892607541376675e-09
alignment_0.8,631,6.3100000000000005,0.018017479773215755,0.07404784570968198,782,7.82,0.017663358894886096,3.082343484697056e-09
alignment_0.8,632,6.32,0.018029237913279664,0.07397396701342272,783,7.83,0.017665741810010453,2.9782813470682306e-09
alignment_0.8,633,6.33,0.018040636921338095,0.07390310391504866,785,7.8500000000000005,0.017671270333934737,2.8770567978760763e-09
alignment_0.8,634,6.34,0.018051675637957225,0.07383522807765351,786,7.86,0.01767441776330731,2.778644278419257e-09
alignment_0.8,635,6.3500000000000005,0.01806235308296759,0.07376996119131986,787,7.87,0.017677821713306518,2.6830118549221097e-09
alignment_0.8,636,6.36,0.01807266845612348,0.07370732431183162,788,7.88,0.017681482887501813,2.590121649652919e-09
alignment_0.8,637,6.37,0.018082621137615256,0.07364733824972652,789,7.890000000000001,0.01768540190712482,2.4999311608337206e-09
alignment_0.8,638,6.38,0.01809221068843247,0.07359002352785177,790,7.9,0.017689579311309343,2.412393828354834e-09
alignment_0.8,639,6.390000000000001,0.018101436850578544,0.0735354003176033,791,7.91,0.017694015557299148,2.3274596485708573e-09
alignment_0.8,640,6.4,0.018110299547137894,0.07348427475299762,793,7.930000000000001,0.017703665995494663,2.2451094176469245e-09
alignment_0.8,641,6.41,0.018118798882196977,0.07343618506818185,794,7.94,0.017708880694646316,2.1652668563334615e-09
alignment_0.8,642,6.42,0.01812693514060854,0.07339087059587311,795,7.95,0.01771435524990995,2.087866698029899e-09
alignment_0.8,643,6.43,0.01813470878761505,0.07334834941953934,796,7.96,0.017720089712234533,2.0128507602798044e-09
alignment_0.8,644,6.44,0.018142120468324092,0.07330863872179356,797,7.97,0.017726084051928045,1.9401601763568964e-09
alignment_0.8,645,6.45,0.018149171007025747,0.07327195057490177,799,7.99,0.017738851842685376,1.869735496257944e-09
alignment_0.8,646,6.46,0.01815586140637223,0.07323917709731073,800,8.0,0.01774562483302472,1.8015169981481176e-09
alignment_0.8,647,6.47,0.018162192846418086,0.07320654477347772,800,8.0,0.01774562483302472,1.735445221414311e-09
alignment_0.8,648,6.48,0.018168166683518453,0.07316796743835496,800,8.0,0.01774562483302472,1.6714700376571255e-09
alignment_0.8,649,6.49,0.018173784449083182,0.07312343403623262,800,8.0,0.01774562483302472,1.6095778591104977e-09
alignment_0.8,650,6.5,0.018179047848184648,0.07307293286224717,800,8.0,0.01774562483302472,1.5496564588971358e-09
alignment_0.8,651,6.51,0.018183958758017316,0.07301645157209387,800,8.0,0.01774562483302472,1.4916481806337805e-09
alignment_0.8,652,6.5200000000000005,0.01818851922622245,0.07295397719590072,800,8.0,0.01774562483302472,1.4354964548409622e-09
alignment_0.8,653,6.53,0.01819273146915433,0.07288549615569383,800,8.0,0.01774562483302472,1.3811457279805956e-09
alignment_0.8,654,6.54,0.018196597869890155,0.07281099428650101,800,8.0,0.01774562483302472,1.328541556309759e-09
alignment_0.8,655,6.55,0.018200120976252662,0.07273045686036368,800,8.0,0.01774562483302472,1.2776563361353267e-09
alignment_0.8,656,6.5600000000000005,0.018203303498614647,0.07264386861327578,800,8.0,0.01774562483302472,1.228450035896678e-09
alignment_0.8,657,6.57,0.01820614830758266,0.07255121377495391,800,8.0,0.01774562483302472,1.1808329992178667e-09
alignment_0.8,658,6.58,0.018208658431579147,0.07245247610114766,800,8.0,0.01774562483302472,1.1347557140518026e-09
alignment_0.8,659,6.59,0.01821083705432295,0.07234763890821833,800,8.0,0.01774562483302472,1.090170031553026e-09
alignment_0.8,660,6.6000000000000005,0.01821268751220788,0.07223668510977925,800,8.0,0.01774562483302472,1.047029149547305e-09
alignment_0.8,661,6.61,0.0182142132915794,0.07211959725524338,800,8.0,0.01774562483302472,1.0052876900894437e-09
alignment_0.8,662,6.62,0.018215418025909372,0.07199635757017019,800,8.0,0.01774562483302472,9.64936662503772e-10
alignment_0.8,663,6.63,0.018216305492868956,0.07186694799834563,800,8.0,0.01774562483302472,9.259179948899296e-10
alignment_0.8,664,6.640000000000001,0.01821687961129964,0.07173135024554367,800,8.0,0.01774562483302472,9.052986157395776e-10
alignment_0.8,665,6.65,0.018217144438082727,0.07158954582495136,800,8.0,0.01774562483302472,9.397556760631597e-10
alignment_0.8,666,6.66,0.01821710416490732,0.07144151610423584,800,8.0,0.01774562483302472,9.733834734356266e-10
alignment_0.8,667,6.67,0.01821676311493712,0.0712872423542427,800,8.0,0.01774562483302472,1.0061505726990392e-09
alignment_0.8,668,6.68,0.018216125739376293,0.07112670579892127,800,8.0,0.01774562483302472,1.0380362209747893e-09
alignment_0.8,669,6.69,0.018215196614196204,0.07095988766556778,800,8.0,0.01774562483302472,1.069028036847889e-09
alignment_0.8,670,6.7,0.018213980436834334,0.07078676923584237,800,8.0,0.01774562483302472,1.0991203134915773e-09
alignment_0.8,671,6.71,0.01821248202228764,0.07060733189843887,800,8.0,0.01774562483302472,1.1283117561087728e-09
alignment_0.8,672,6.72,0.018210706299635573,0.07042155720262291,800,8.0,0.01774562483302472,1.156605240710246e-09
alignment_0.8,673,6.73,0.018208658308355507,0.07022942691218272,800,8.0,0.01774562483302472,1.1840062211528315e-09
alignment_0.8,674,6.74,0.018206343194595923,0.07003092306005787,800,8.0,0.01774562483302472,1.2105227254111385e-09
alignment_0.8,675,6.75,0.01820376620741178,0.06982602800341924,800,8.0,0.01774562483302472,1.236164217958138e-09
alignment_0.8,676,6.76,0.01820093269496533,0.06961472447905338,800,8.0,0.01774562483302472,1.2609416481255369e-09
alignment_0.8,677,6.7700000000000005,0.018197848100695913,0.06939699565891076,800,8.0,0.01774562483302472,1.2848669576560551e-09
alignment_0.8,678,6.78,0.018194517959461847,0.06917282520568585,800,8.0,0.01774562483302472,1.3079525679039372e-09
alignment_0.8,679,6.79,0.018190947893657786,0.06894219732830326,800,8.0,0.01774562483302472,1.3302115520482119e-09
alignment_0.8,680,6.8,0.0181871436093107,0.06870509683718706,800,8.0,0.01774562483302472,1.3516572374516153e-09
alignment_0.8,681,6.8100000000000005,0.018183110892157493,0.06846150919919652,800,8.0,0.01774562483302472,1.372303191005012e-09
alignment_0.8,682,6.82,0.018178855603707463,0.06821142059211532,800,8.0,0.01774562483302472,1.3921631213131814e-09
alignment_0.8,683,6.83,0.01817438367729241,0.06795481795858155,800,8.0,0.01774562483302472,1.4112504893521114e-09
alignment_0.8,684,6.84,0.018169701114107293,0.0676916890593522,800,8.0,0.01774562483302472,1.429578828846077e-09
alignment_0.8,685,6.8500000000000005,0.018164813979244288,0.0674220225257904,800,8.0,0.01774562483302472,1.447161400439459e-09
alignment_0.8,686,6.86,0.018159728397725925,0.06714580791119226,800,8.0,0.01774562483302472,1.4640115707308475e-09
alignment_0.8,687,6.87,0.018154450550710112,0.06686303574080361,800,8.0,0.01774562483302472,1.4801422867982158e-09
alignment_0.8,688,6.88,0.018148986671541134,0.06657369756055856,800,8.0,0.01774562483302472,1.4955664185715077e-09
alignment_0.8,689,6.890000000000001,0.0181433430417829,0.0662777859847093,800,8.0,0.01774562483302472,1.5102963634121554e-09
alignment_0.8,690,6.9,0.01813752598737906,0.06597529474198546,800,8.0,0.01774562483302472,1.5243442737137174e-09
alignment_0.8,691,6.91,0.01813154187479849,0.0656662187200654,800,8.0,0.01774562483302472,1.5377220837253124e-09
alignment_0.8,692,6.92,0.018125397107210523,0.06535055400839995,800,8.0,0.01774562483302472,1.5504415421780552e-09
alignment_0.8,693,6.93,0.018119098120692873,0.0650282979392607,800,8.0,0.01774562483302472,1.562513752456162e-09
alignment_0.8,694,6.94,0.018112651380475284,0.06469944912692213,800,8.0,0.01774562483302472,1.573949847170783e-09
alignment_0.8,695,6.95,0.018106063377221607,0.06436400750490043,800,8.0,0.01774562483302472,1.584760419543069e-09
alignment_0.8,696,6.96,0.018099340623352982,0.06402197436117653,800,8.0,0.01774562483302472,1.594956018197864e-09
alignment_0.8,697,6.97,0.01809248964941467,0.0636733523713447,800,8.0,0.01774562483302472,1.604546429756141e-09
alignment_0.8,698,6.98,0.018085517000488927,0.06331814562963542,800,8.0,0.01774562483302472,1.6135415844892155e-09
alignment_0.8,699,6.99,0.01807842923265608,0.062956359677772,800,8.0,0.01774562483302472,1.6219508127764994e-09
alignment_0.8,700,7.0,0.018071232909506137,0.06258800153162705,800,8.0,0.01774562483302472,1.6297833300064227e-09
alignment_0.8,701,7.01,0.018063934598702706,0.06221307970565849,800,8.0,0.01774562483302472,1.637047839338074e-09
alignment_0.8,702,7.0200000000000005,0.018056540868601208,0.06183160423510924,800,8.0,0.01774562483302472,1.643752977710425e-09
alignment_0.8,703,7.03,0.018049058284923095,0.06144358669595381,800,8.0,0.01774562483302472,1.6499068683100759e-09
alignment_0.8,704,7.04,0.01804149340749507,0.06104904022254149,800,8.0,0.01774562483302472,1.655517545211296e-09
alignment_0.8,705,7.05,0.018033852787077198,0.060647979522990864,800,8.0,0.01774562483302472,1.6605926757764178e-09
alignment_0.8,706,7.0600000000000005,0.018026142962200356,0.06024042089228353,800,8.0,0.01774562483302472,1.6651395519118226e-09
alignment_0.8,707,7.07,0.018018370456101048,0.0598263822232384,800,8.0,0.01774562483302472,1.6691654544119656e-09
alignment_0.8,708,7.08,0.01801054177371535,0.059405883015243854,800,8.0,0.01774562483302472,1.672677131229874e-09
alignment_0.8,709,7.09,0.018002663398738655,0.05897894438083646,800,8.0,0.01774562483302472,1.6756811843312265e-09
alignment_0.8,710,7.1000000000000005,0.01799474179075386,0.05854558905016288,800,8.0,0.01774562483302472,1.6781840588723452e-09
alignment_0.8,711,7.11,0.017986783382428803,0.058105841373372054,800,8.0,0.01774562483302472,1.6801917827667262e-09
alignment_0.8,712,7.12,0.017978794576783662,0.05765972732098566,800,8.0,0.01774562483302472,1.6817103493609816e-09
alignment_0.8,713,7.13,0.017970781744528933,0.05720727448230481,800,8.0,0.01774562483302472,1.6827452813496772e-09
alignment_0.8,714,7.140000000000001,0.017962751221474393,0.056748512061911935,800,8.0,0.01774562483302472,1.683302004581772e-09
alignment_0.8,715,7.15,0.017954709306009564,0.056283470874333816,800,8.0,0.01774562483302472,1.683385789827855e-09
alignment_0.8,716,7.16,0.017946662256655792,0.05581218333693118,800,8.0,0.01774562483302472,1.683001601163001e-09
alignment_0.8,717,7.17,0.01793861628969029,0.0553346834610879,800,8.0,0.01774562483302472,1.6821542232536167e-09
alignment_0.8,718,7.18,0.01793057757684216,0.054851006841770925,800,8.0,0.01774562483302472,1.6808481993477099e-09
alignment_0.8,719,7.19,0.017922552243060413,0.054361190645537336,800,8.0,0.01774562483302472,1.6790879411969038e-09
alignment_0.8,720,7.2,0.017914546364353908,0.0538652735970633,800,8.0,0.01774562483302472,1.676877615047381e-09
alignment_0.8,721,7.21,0.01790656596570312,0.053363295964272785,800,8.0,0.01774562483302472,1.6742212326110448e-09
alignment_0.8,722,7.22,0.017898617019043418,0.052855299542144435,800,8.0,0.01774562483302472,1.6711226069851924e-09
alignment_0.8,723,7.23,0.017890705441319647,0.05234132763527357,800,8.0,0.01774562483302472,1.6675853577468194e-09
alignment_0.8,724,7.24,0.017882837092609506,0.05182142503927173,800,8.0,0.01774562483302472,1.6636129098965378e-09
alignment_0.8,725,7.25,0.01787501777431549,0.05129563802106681,800,8.0,0.01774562483302472,1.6592086242458171e-09
alignment_0.8,726,7.26,0.01786725322743675,0.050764014298130065,800,8.0,0.01774562483302472,1.6543754942694936e-09
alignment_0.8,727,7.2700000000000005,0.017859549130898978,0.05022660301681536,800,8.0,0.01774562483302472,1.6491165301759467e-09
alignment_0.8,728,7.28,0.01785191109995518,0.04968345472982003,800,8.0,0.01774562483302472,1.6434344890258384e-09
alignment_0.8,729,7.29,0.017844344684653752,0.049134621372840234,800,8.0,0.01774562483302472,1.6373319064776598e-09
alignment_0.8,730,7.3,0.017836855368372716,0.04858015624049584,800,8.0,0.01774562483302472,1.6308113034887011e-09
alignment_0.8,731,7.3100000000000005,0.017829448566419086,0.04802011396159265,800,8.0,0.01774562483302472,1.6238748939495e-09
alignment_0.8,732,7.32,0.017822129624692255,0.04745455047378738,800,8.0,0.01774562483302472,1.616524820757087e-09
alignment_0.8,733,7.33,0.017814903818410326,0.046883522997718516,800,8.0,0.01774562483302472,1.6087630204129041e-09
alignment_0.8,734,7.34,0.017807776350898204,0.04630709001066457,800,8.0,0.01774562483302472,1.6005912446649753e-09
alignment_0.8,735,7.3500000000000005,0.017800752352436437,0.04572531121978764,800,8.0,0.01774562483302472,1.592011143543136e-09
alignment_0.8,736,7.36,0.01779383687916949,0.04513824753501887,800,8.0,0.01774562483302472,1.5830240839864112e-09
alignment_0.8,737,7.37,0.017787034912072366,0.044545961041638445,800,8.0,0.01774562483302472,1.5736314412282036e-09
alignment_0.8,738,7.38,0.017780351355974385,0.04394851497260164,800,8.0,0.01774562483302472,1.5638342191603508e-09
alignment_0.8,739,7.390000000000001,0.017773791038638905,0.04334597368065967,800,8.0,0.01774562483302472,1.5536334069369889e-09
alignment_0.8,740,7.4,0.017767358709897825,0.042738402610321476,800,8.0,0.01774562483302472,1.543029708784319e-09
alignment_0.8,741,7.41,0.017761059040837312,0.042125868269703784,800,8.0,0.01774562483302472,1.5320236944072234e-09
alignment_0.8,742,7.42,0.017754896623029974,0.04150843820230813,800,8.0,0.01774562483302472,1.5206157314933258e-09
alignment_0.8,743,7.43,0.017748875967828887,0.040886180958749574,800,8.0,0.01774562483302472,1.5088060071788359e-09
alignment_0.8,744,7.44,0.01774300150570089,0.0402591660684932,800,8.0,0.01774562483302472,1.496594434491436e-09
alignment_0.8,745,7.45,0.017737277585610257,0.039627464011624,800,8.0,0.01774562483302472,1.4839808474804444e-09
alignment_0.8,746,7.46,0.01773170847444825,0.03899114619067981,800,8.0,0.01774562483302472,1.47096475047004e-09
alignment_0.8,747,7.47,0.01772629835650655,0.03835028490257899,800,8.0,0.01774562483302472,1.4575454540262847e-09
alignment_0.8,748,7.48,0.01772105133299332,0.037704953310668615,800,8.0,0.01774562483302472,1.4437220767452738e-09
alignment_0.8,749,7.49,0.01771597142159025,0.03705522541691931,800,8.0,0.01774562483302472,1.4294934375225639e-09
alignment_0.8,750,7.5,0.017711062556049352,0.03640117603428843,800,8.0,0.01774562483302472,1.4148581343289682e-09
alignment_0.8,751,7.51,0.01770632858582798,0.03574288075927358,800,8.0,0.01774562483302472,1.3998144943233652e-09
alignment_0.8,752,7.5200000000000005,0.01770177327576075,0.03508041594467494,800,8.0,0.01774562483302472,1.3843605667575542e-09
alignment_0.8,753,7.53,0.017697400305767105,0.03441385867258421,800,8.0,0.01774562483302472,1.3684941050573498e-09
alignment_0.8,754,7.54,0.017693213270593137,0.03374328672761492,800,8.0,0.01774562483302472,1.3522125649669e-09
alignment_0.8,755,7.55,0.01768921567958651,0.03306877857038855,800,8.0,0.01774562483302472,1.3355130978570267e-09
alignment_0.8,756,7.5600000000000005,0.017685410956503167,0.032390413311289515,800,8.0,0.01774562483302472,1.318392503349553e-09
alignment_0.8,757,7.57,0.017681802439344793,0.031708270684499544,800,8.0,0.01774562483302472,1.300847258450415e-09
alignment_0.8,758,7.58,0.017678393380222153,0.03102243102232406,800,8.0,0.01774562483302472,1.282873444802071e-09
alignment_0.8,759,7.59,0.017675186945236183,0.0303329752298199,800,8.0,0.01774562483302472,1.2644667830126621e-09
alignment_0.8,760,7.6000000000000005,0.017672186214404643,0.02963998475972254,800,8.0,0.01774562483302472,1.2456225743132956e-09
alignment_0.8,761,7.61,0.017669394181598422,0.028943541587689782,800,8.0,0.01774562483302472,1.2263357163082688e-09
alignment_0.8,762,7.62,0.017666813754506773,0.02824372818786152,800,8.0,0.01774562483302472,1.2066006627818996e-09
alignment_0.8,763,7.63,0.01766444775462423,0.02754062750874118,800,8.0,0.01774562483302472,1.1864114055169883e-09
alignment_0.8,764,7.640000000000001,0.017662298917257308,0.026834322949402672,800,8.0,0.01774562483302472,1.1657614286800343e-09
alignment_0.8,765,7.65,0.01766036989155006,0.026124898336026013,800,8.0,0.01774562483302472,1.144643721550168e-09
alignment_0.8,766,7.66,0.01765866324052751,0.02541243789876241,800,8.0,0.01774562483302472,1.1230507524589493e-09
alignment_0.8,767,7.67,0.01765718144115591,0.024697026248930783,800,8.0,0.01774562483302472,1.1009743973918145e-09
alignment_0.8,768,7.68,0.01765592688441919,0.023978748356545558,800,8.0,0.01774562483302472,1.0784059579463273e-09
alignment_0.8,769,7.69,0.017654901875410547,0.023257689528175553,800,8.0,0.01774562483302472,1.0553361240761549e-09
alignment_0.8,770,7.7,0.017654108633438564,0.0225339353851333,800,8.0,0.01774562483302472,1.0317549339154461e-09
alignment_0.8,771,7.71,0.017653549292147065,0.021807571841993185,800,8.0,0.01774562483302472,1.00765173750026e-09
alignment_0.8,772,7.72,0.017653225899648108,0.02107868508543749,800,8.0,0.01774562483302472,9.830151797336565e-10
alignment_0.8,773,7.73,0.017653140418666915,0.020347361553429585,800,8.0,0.01774562483302472,9.578331631282943e-10
alignment_0.8,774,7.74,0.017653294726678693,0.019613687914713587,800,8.0,0.01774562483302472,9.320927997611852e-10
alignment_0.8,775,7.75,0.017653690616075725,0.018877751048631777,800,8.0,0.01774562483302472,9.057803983514451e-10
alignment_0.8,776,7.76,0.017654329794334712,0.018139638025262216,800,8.0,0.01774562483302472,8.788813933959211e-10
alignment_0.8,777,7.7700000000000005,0.01765521388419101,0.017399436085871016,800,8.0,0.01774562483302472,8.513803398869823e-10
alignment_0.8,778,7.78,0.01765634442382369,0.01665723262367614,800,8.0,0.01774562483302472,8.232608461649877e-10
alignment_0.8,779,7.79,0.017657722867044062,0.01591311516491981,800,8.0,0.01774562483302472,7.945055481647679e-10
alignment_0.8,780,7.8,0.01765935058348781,0.015167171350247559,800,8.0,0.01774562483302472,7.65096050443915e-10
alignment_0.8,781,7.8100000000000005,0.017661228858810395,0.014419488916388666,800,8.0,0.01774562483302472,7.350128953777038e-10
alignment_0.8,782,7.82,0.017663358894886096,0.013670155678134776,800,8.0,0.01774562483302472,7.042355034049155e-10
alignment_0.8,783,7.83,0.017665741810010453,0.012919259510611323,800,8.0,0.01774562483302472,6.727421382230303e-10
alignment_0.8,784,7.84,0.017668378639106492,0.012166888331839262,800,8.0,0.01774562483302472,6.405098394568996e-10
alignment_0.8,785,7.8500000000000005,0.017671270333934737,0.011413130085581964,800,8.0,0.01774562483302472,6.075143888895146e-10
alignment_0.8,786,7.86,0.01767441776330731,0.010658072724474162,800,8.0,0.01774562483302472,5.737302406673841e-10
alignment_0.8,787,7.87,0.017677821713306518,0.0099018041934288,800,8.0,0.01774562483302472,5.391304805131211e-10
alignment_0.8,788,7.88,0.017681482887501813,0.009144412413322147,800,8.0,0.01774562483302472,5.03686761325365e-10
alignment_0.8,789,7.890000000000001,0.01768540190712482,0.008385985264949665,800,8.0,0.01774562483302472,4.673692490956935e-10
alignment_0.8,790,7.9,0.017689579311309343,0.007626610573244831,800,8.0,0.01774562483302472,4.301465691978431e-10
alignment_0.8,791,7.91,0.017694015557299148,0.006866376091761099,800,8.0,0.01774562483302472,3.919857389292625e-10
alignment_0.8,792,7.92,0.01769871102066053,0.006105369487414712,800,8.0,0.01774562483302472,3.528521162076943e-10
alignment_0.8,793,7.930000000000001,0.017703665995494663,0.005343678325482631,800,8.0,0.01774562483302472,3.12709332805797e-10
alignment_0.8,794,7.94,0.017708880694646316,0.0045813900548531804,800,8.0,0.01774562483302472,2.715192376378218e-10
alignment_0.8,795,7.95,0.01771435524990995,0.0038185919935244217,800,8.0,0.01774562483302472,2.2924183456605547e-10
alignment_0.8,796,7.96,0.017720089712234533,0.0030553713143475674,800,8.0,0.01774562483302472,1.858352236687847e-10
alignment_0.8,797,7.97,0.017726084051928045,0.0022918150310108332,800,8.0,0.01774562483302472,1.4125553857611318e-10
alignment_0.8,798,7.98,0.017732338158863173,0.0015280099842604655,800,8.0,0.01774562483302472,9.545689082907049e-11
alignment_0.8,799,7.99,0.017738851842685376,0.0007640428283535436,800,8.0,0.01774562483302472,4.839131379894916e-11
alignment_0.8,800,8.0,0.01774562483302472,0.0,800,8.0,0.01774562483302472,0.0
alignment_1.2,0,0.0,0.01,1.3441018922409187e+19,800,8.0,0.01774562483302472,2.3400605945835e-05
alignment_1.2,1,0.01,0.01003520794400882,1.3090111700277373e+19,800,8.0,0.01774562483302472,2.5221624286357338e-05
alignment_1.2,2,0.02,0.010068506807394292,1.2719858213873275e+19,800,8.0,0.01774562483302472,2.5155689821275004e-05
alignment_1.2,3,0.03,0.010099935868545224,1.2310624238383112e+19,800,8.0,0.01774562483302472,2.5079359648401943e-05
alignment_1.2,4,0.04,0.01012953500478344,1.1861577880898736e+19,800,8.0,0.01774562483302472,2.4996147402398815e-05
alignment_1.2,5,0.05,0.010157344644965602,1.1375065858489051e+19,800,8.0,0.01774562483302472,2.4909162136974204e-05
alignment_1.2,6,0.06,0.010183405719813278,1.0855878623138515e+19,800,8.0,0.01774562483302472,2.4820986824325925e-05
alignment_1.2,7,0.07,0.010207759610376075,1.0310472740999047e+19,800,8.0,0.01774562483302472,2.47336614447688e-05
alignment_1.2,8,0.08,0.010230448095013146,9.746242989346466e+18,800,8.0,0.01774562483302472,2.4648724510010063e-05
alignment_1.2,9,0.09,0.010251513295262464,9.170899251476749e+18,800,8.0,0.01774562483302472,2.4567281855971258e-05
alignment_1.2,10,0.1,0.010270997620943084,8.591973177106201e+18,800,8.0,0.01774562483302472,2.4490082671404005e-05
alignment_1.2,11,0.11,0.010288943714821827,8.016457892344924e+18,800,8.0,0.01774562483302472,2.4417592166232387e-05
alignment_1.2,12,0.12,0.010305394397158676,7.4505701523347e+18,800,8.0,0.01774562483302472,2.4350055701048627e-05
alignment_1.2,13,0.13,0.010320392610417542,6.899616787178826e+18,800,8.0,0.01774562483302472,2.42875528069276e-05
alignment_1.2,14,0.14,0.010333981364423667,6.36794440196032e+18,800,8.0,0.01774562483302472,2.4230040460978884e-05
alignment_1.2,15,0.15,0.010346203682205894,5.858951511009981e+18,800,8.0,0.01774562483302472,2.4177388744517014e-05
alignment_1.2,16,0.16,0.010357102546763626,5.375144320876083e+18,800,8.0,0.01774562483302472,2.4129407042292578e-05
alignment_1.2,17,0.17,0.010366720848971432,4.918220344106227e+18,800,8.0,0.01774562483302472,2.408586510496335e-05
alignment_1.2,18,0.18,0.010375101336804709,4.489167217228382e+18,800,8.0,0.01774562483302472,2.4046509457322116e-05
alignment_1.2,19,0.19,0.010382286566072211,4.0883671523819986e+18,800,8.0,0.01774562483302472,2.4011072668190683e-05
alignment_1.2,20,0.2,0.01038831885279162,3.7157001744769034e+18,800,8.0,0.01774562483302472,2.397928569246041e-05
alignment_1.2,21,0.21,0.01039324022735403,3.3706414911008584e+18,800,8.0,0.01774562483302472,2.3950882583199944e-05
alignment_1.2,22,0.22,0.010397092390586601,3.0523501709824594e+18,800,8.0,0.01774562483302472,2.3925601940997978e-05
alignment_1.2,23,0.23,0.010399916671816644,2.7597476734361544e+18,800,8.0,0.01774562483302472,2.3903195190105227e-05
alignment_1.2,24,0.24,0.01040175398901528,2.491585693956164e+18,800,8.0,0.01774562483302472,2.388342418606417e-05
alignment_1.2,25,0.25,0.010402644811089544,2.246503536392281e+18,800,8.0,0.01774562483302472,2.3866060985681225e-05
alignment_1.2,26,0.26,0.010402629122365531,2.0230756440710062e+18,800,8.0,0.01774562483302472,2.3850896739674067e-05
alignment_1.2,27,0.27,0.01040174638930814,1.8198501319777556e+18,800,8.0,0.01774562483302472,2.383773574132193e-05
alignment_1.2,28,0.28,0.010400035529482848,1.635379368286535e+18,800,8.0,0.01774562483302472,2.3826390869566574e-05
alignment_1.2,29,0.29,0.010397534882792662,1.4682436808204196e+18,800,8.0,0.01774562483302472,2.381669312679653e-05
alignment_1.2,30,0.3,0.010394282184964018,1.3170691617399393e+18,800,8.0,0.01774562483302472,2.3808486380905694e-05
alignment_1.2,31,0.31,0.01039031454328528,1.1805405436531087e+18,800,8.0,0.01774562483302472,2.3801619835944677e-05
alignment_1.2,32,0.32,0.010385668414559719,1.0574100350242598e+18,800,8.0,0.01774562483302472,2.3795957217727115e-05
alignment_1.2,33,0.33,0.01038037958525833,9.46502846925806e+17,800,8.0,0.01774562483302472,2.379138135405504e-05
alignment_1.2,34,0.34,0.010374483153808218,8.467200593998312e+17,800,8.0,0.01774562483302472,2.378777708435901e-05
alignment_1.2,35,0.35000000000000003,0.01036801351498225,7.570394478048238e+17,800,8.0,0.01774562483302472,2.3785036017926882e-05
alignment_1.2,36,0.36,0.01036100434634229,6.765147326026735e+17,800,8.0,0.01774562483302472,2.378306525672845e-05
alignment_1.2,37,0.37,0.010353488596657889,6.042736231035828e+17,800,8.0,0.01774562483302472,2.3781780190317754e-05
alignment_1.2,38,0.38,0.01034549847624828,5.395149986785544e+17,800,8.0,0.01774562483302472,2.3781095505700423e-05
alignment_1.2,39,0.39,0.010337065449167314,4.815055090207485e+17,800,8.0,0.01774562483302472,2.3780929959346715e-05
alignment_1.2,40,0.4,0.010328220227169876,4.2957578608240685e+17,800,8.0,0.01774562483302472,2.3781225836586212e-05
alignment_1.2,41,0.41000000000000003,0.010318992765393664,3.8311641697682477e+17,800,8.0,0.01774562483302472,2.3781928381963843e-05
alignment_1.2,42,0.42,0.010309412259613945,3.415738264078613e+17,800,8.0,0.01774562483302472,2.3782971362436697e-05
alignment_1.2,43,0.43,0.010299507145093553,3.044461989552556e+17,800,8.0,0.01774562483302472,2.3784305101094896e-05
alignment_1.2,44,0.44,0.010289305096867998,2.7127946992255126e+17,800,8.0,0.01774562483302472,2.3785887701531328e-05
alignment_1.2,45,0.45,0.010278833031416927,2.4166345002970304e+17,800,8.0,0.01774562483302472,2.3787681083560763e-05
alignment_1.2,46,0.46,0.01026811710963363,2.152281284433365e+17,800,8.0,0.01774562483302472,2.378964175923834e-05
alignment_1.2,47,0.47000000000000003,0.010257182741008258,1.9164018493905254e+17,800,8.0,0.01774562483302472,2.3791724017597418e-05
alignment_1.2,48,0.48,0.010246054588953408,1.7059971628401488e+17,800,8.0,0.01774562483302472,2.3793903210540973e-05
alignment_1.2,49,0.49,0.010234756577210272,1.5183717451215174e+17,800,8.0,0.01774562483302472,2.3796167006648007e-05
alignment_1.2,50,0.5,0.010223311897195992,1.3511052065304043e+17,800,8.0,0.01774562483302472,2.379848277526886e-05
alignment_1.2,51,0.51,0.010211743016267306,1.2020261218207429e+17,800,8.0,0.01774562483302472,2.380082045282277e-05
alignment_1.2,52,0.52,0.010200071686839842,1.0691880166244928e+17,800,8.0,0.01774562483302472,2.3803163003817914e-05
alignment_1.2,53,0.53,0.010188318956245238,9.508473168869875e+16,800,8.0,0.01774562483302472,2.3805498566309487e-05
alignment_1.2,54,0.54,0.010176505177284271,8.454431952177282e+16,800,8.0,0.01774562483302472,2.380781478854861e-05
alignment_1.2,55,0.55,0.010164650019398452,7.515792388776544e+16,800,8.0,0.01774562483302472,2.3810091267205515e-05
alignment_1.2,56,0.56,0.010152772480395903,6.68006827544913e+16,800,8.0,0.01774562483302472,2.381230166828757e-05
alignment_1.2,57,0.5700000000000001,0.010140890898675717,5.936100668582567e+16,800,8.0,0.01774562483302472,2.3814432274803625e-05
alignment_1.2,58,0.58,0.010129022965903246,5.273921180447079e+16,800,8.0,0.01774562483302472,2.3816499193542484e-05
alignment_1.2,59,0.59,0.01011718574006484,4.6846281671755224e+16,800,8.0,0.01774562483302472,2.3818494005456748e-05
alignment_1.2,60,0.6,0.01010539565877692,4.160275289402736e+16,800,8.0,0.01774562483302472,2.382038658107432e-05
alignment_1.2,61,0.61,0.010093668552963975,3.69377182455083e+16,800,8.0,0.01774562483302472,2.3822173011351722e-05
alignment_1.2,62,0.62,0.010082019660711178,3.2787923913229388e+16,800,8.0,0.01774562483302472,2.38238472284599e-05
alignment_1.2,63,0.63,0.010070463641305972,2.90969587467426e+16,800,8.0,0.01774562483302472,2.3825407474315807e-05
alignment_1.2,64,0.64,0.010059014589414198,2.5814525955636532e+16,800,8.0,0.01774562483302472,2.3826848015061542e-05
alignment_1.2,65,0.65,0.010047686049348073,2.2895790666483084e+16,800,8.0,0.01774562483302472,2.382815319548585e-05
alignment_1.2,66,0.66,0.010036491029389787,2.0300796075941692e+16,800,8.0,0.01774562483302472,2.3829298156721766e-05
alignment_1.2,67,0.67,0.010025442016139483,1.799394071265126e+16,800,8.0,0.01774562483302472,2.3830261086604394e-05
alignment_1.2,68,0.68,0.010014550988861603,1.5943509516657312e+16,800,8.0,0.01774562483302472,2.383105021816195e-05
alignment_1.2,69,0.6900000000000001,0.01000382943380576,1.4121253165732118e+16,800,8.0,0.01774562483302472,2.38316676457093e-05
alignment_1.2,70,0.7000000000000001,0.009993288358397499,1.2502011969450014e+16,800,8.0,0.01774562483302472,2.3832073225486955e-05
alignment_1.2,71,0.71,0.009982938305367136,1.106338213820439e+16,800,8.0,0.01774562483302472,2.3832233345008824e-05
alignment_1.2,72,0.72,0.009972789366782284,9785417116650442.0,800,8.0,0.01774562483302472,2.3832123708222917e-05
alignment_1.2,73,0.73,0.009962851197912397,8650360066193495.0,800,8.0,0.01774562483302472,2.3831714504222734e-05
alignment_1.2,74,0.74,0.009953133030940392,7642405098931059.0,800,8.0,0.01774562483302472,2.383097211042229e-05
alignment_1.2,75,0.75,0.009943643688492767,6747484239071537.0,800,8.0,0.01774562483302472,2.382985096287128e-05
alignment_1.2,76,0.76,0.009934391596972526,5953077590962795.0,800,8.0,0.01774562483302472,2.3828287602559314e-05
alignment_1.2,77,0.77,0.009925384799682123,5248044241990176.0,800,8.0,0.01774562483302472,2.38261993401013e-05
alignment_1.2,78,0.78,0.00991663096972621,4622471533368381.0,800,8.0,0.01774562483302472,2.3823490998909054e-05
alignment_1.2,79,0.79,0.009908137422686604,4067540497642481.0,800,8.0,0.01774562483302472,2.3820073991640172e-05
alignment_1.2,80,0.8,0.009899911129064133,3575405553936843.0,800,8.0,0.01774562483302472,2.381586893274814e-05
alignment_1.2,81,0.81,0.00989195872645707,3139087226690864.0,800,8.0,0.01774562483302472,2.38107219310029e-05
alignment_1.2,82,0.8200000000000001,0.009884286531425127,2752377030267494.5,800,8.0,0.01774562483302472,2.3804432355537156e-05
alignment_1.2,83,0.8300000000000001,0.009876900551184425,2409753043481763.0,800,8.0,0.01774562483302472,2.3796802154280374e-05
alignment_1.2,84,0.84,0.009869806494975824,2106304228714645.0,800,8.0,0.01774562483302472,2.3787580883720866e-05
alignment_1.2,85,0.85,0.009863009785172268,1837663084847687.2,800,8.0,0.01774562483302472,2.3776468983478728e-05
alignment_1.2,86,0.86,0.0098565155681068,1599945666718156.0,800,8.0,0.01774562483302472,2.3763097640825634e-05
alignment_1.2,87,0.87,0.00985032872461867,1389698205675629.2,800,8.0,0.01774562483302472,2.3747003508584887e-05
alignment_1.2,88,0.88,0.009844453880317216,1203849638788692.0,800,8.0,0.01774562483302472,2.3727599218343972e-05
alignment_1.2,89,0.89,0.009838895415564384,1039669389391939.6,800,8.0,0.01774562483302472,2.3704139506486135e-05
alignment_1.2,90,0.9,0.009833657475177816,894729791220073.2,800,8.0,0.01774562483302472,2.3675682638253287e-05
alignment_1.2,91,0.91,0.009828743977857409,766872599389176.2,800,8.0,0.01774562483302472,2.3641046690484666e-05
alignment_1.2,92,0.92,0.00982415862533913,654179103215291.6,800,8.0,0.01774562483302472,2.35987241449313e-05
alignment_1.2,93,0.93,0.009819904911264247,554943517754748.3,800,8.0,0.01774562483302472,2.354662484906497e-05
alignment_1.2,94,0.9400000000000001,0.009815986129723115,467649462789244.9,800,8.0,0.01774562483302472,2.3481887362239522e-05
alignment_1.2,95,0.9500000000000001,0.009812405383608214,390949053666666.56,800,8.0,0.01774562483302472,2.3400603031113898e-05
alignment_1.2,96,0.96,0.009809165592651815,323644248767880.75,800,8.0,0.01774562483302472,2.3297168871196304e-05
alignment_1.2,97,0.97,0.009806269501207082,264670271258481.7,800,8.0,0.01774562483302472,2.316330924806449e-05
alignment_1.2,98,0.98,0.009803719685765244,213080912536120.84,800,8.0,0.01774562483302472,2.298627673707119e-05
alignment_1.2,99,0.99,0.009801518562211795,168035566586166.56,800,8.0,0.01774562483302472,2.2745413087627876e-05
alignment_1.2,100,1.0,0.009799668392826928,128787950872859.19,800,8.0,0.01774562483302472,2.240509652193897e-05
alignment_1.2,101,1.01,0.009798171293035762,94676745767916.97,800,8.0,0.01774562483302472,2.1899070370567993e-05
alignment_1.2,102,1.02,0.009797029237914237,65119474275537.06,800,8.0,0.01774562483302472,2.1093596536575297e-05
alignment_1.2,103,1.03,0.009796244068456906,39617042057287.25,800,8.0,0.01774562483302472,1.97264561912648e-05
alignment_1.2,104,1.04,0.009795817497613064,17840091706275.875,800,8.0,0.01774562483302472,1.8859948663466464e-05
alignment_1.2,105,1.05,0.009795751116095538,4374336163396.901,800,8.0,0.01774562483302472,8.252114062447042e-05
alignment_1.2,106,1.06,0.009796046397919932,18163063515879.523,800,8.0,0.01774562483302472,3.772384298798328e-05
alignment_1.2,107,1.07,0.009796704705765371,31678398234495.754,800,8.0,0.01774562483302472,3.144400278997306e-05
alignment_1.2,108,1.08,0.009797727296114897,43182810268891.62,800,8.0,0.01774562483302472,2.9298654988037684e-05
alignment_1.2,109,1.09,0.009799115324175071,52840509308697.37,800,8.0,0.01774562483302472,2.8246539950966175e-05
alignment_1.2,110,1.1,0.009800869848593184,60861199331218.92,800,8.0,0.01774562483302472,2.7633990144626067e-05
alignment_1.2,111,1.11,0.009802991835971286,67442657116278.24,800,8.0,0.01774562483302472,2.7240466078006735e-05
alignment_1.2,112,1.12,0.00980548216518282,72764016805465.08,800,8.0,0.01774562483302472,2.6971342773457133e-05
alignment_1.2,113,1.1300000000000001,0.009808341631497804,76985808261097.8,800,8.0,0.01774562483302472,2.6779332922183994e-05
alignment_1.2,114,1.1400000000000001,0.009811570950522545,80251353097498.36,800,8.0,0.01774562483302472,2.6638129982834942e-05
alignment_1.2,115,1.1500000000000001,0.009815170761960033,82688415168403.0,800,8.0,0.01774562483302472,2.6531854939603498e-05
alignment_1.2,116,1.16,0.0098191416331971,84410817245262.9,800,8.0,0.01774562483302472,2.6450261076648255e-05
alignment_1.2,117,1.17,0.009823484062724649,85519941375753.88,800,8.0,0.01774562483302472,2.6386367805088657e-05
alignment_1.2,118,1.18,0.00982819848337515,86106084247259.89,800,8.0,0.01774562483302472,2.6335216220544444e-05
alignment_1.2,119,1.19,0.00983328526538309,86249661080493.67,800,8.0,0.01774562483302472,2.6293088239712348e-05
alignment_1.2,120,1.2,0.009838744719332573,86022284036249.19,800,8.0,0.01774562483302472,2.6257057968595784e-05
alignment_1.2,121,1.21,0.00984457709891996,85487716492880.02,800,8.0,0.01774562483302472,2.622474797342801e-05
alignment_1.2,122,1.22,0.009850782603576995,84702717121013.89,800,8.0,0.01774562483302472,2.6194148445586512e-05
alignment_1.2,123,1.23,0.009857361380946934,83717781835490.23,800,8.0,0.01774562483302472,2.616350948792949e-05
alignment_1.2,124,1.24,0.009864313529218328,82577792915404.92,800,8.0,0.01774562483302472,2.6131272428936477e-05
alignment_1.2,125,1.25,0.009871639099321223,81322583749385.08,800,8.0,0.01774562483302472,2.6096028233482767e-05
alignment_1.2,126,1.26,0.009879338096990545,79987427517847.27,800,8.0,0.01774562483302472,2.6056495469427184e-05
alignment_1.2,127,1.27,0.009887410484701481,78603457903038.3,800,8.0,0.01774562483302472,2.6011513141145524e-05
alignment_1.2,128,1.28,0.009895856183481745,77198029757276.6,800,8.0,0.01774562483302472,2.5960045134803022e-05
alignment_1.2,129,1.29,0.009904675074605632,75795027366444.4,800,8.0,0.01774562483302472,2.590119484032597e-05
alignment_1.2,130,1.3,0.009913867001171929,74415127526163.83,800,8.0,0.01774562483302472,2.583424252421494e-05
alignment_1.2,131,1.31,0.009923431769532675,73076021675692.25,800,8.0,0.01774562483302472,2.575866886970215e-05
alignment_1.2,132,1.32,0.009933369150653439,71792606574737.77,800,8.0,0.01774562483302472,2.5674172474275176e-05
alignment_1.2,133,1.33,0.009943678881342378,70577155163200.73,800,8.0,0.01774562483302472,2.5580701171200846e-05
alignment_1.2,134,1.34,0.009954360665380557,69439469852346.805,800,8.0,0.01774562483302472,2.5478470317959775e-05
alignment_1.2,135,1.35,0.009965414174553237,68387029673672.82,800,8.0,0.01774562483302472,2.5367970704784904e-05
alignment_1.2,136,1.36,0.00997683904957867,67425136842138.59,800,8.0,0.01774562483302472,2.5249965363754228e-05
alignment_1.2,137,1.37,0.009988634900937769,66557067922777.13,800,8.0,0.01774562483302472,2.512547195229944e-05
alignment_1.2,138,1.3800000000000001,0.010000801309608192,65784233558566.49,800,8.0,0.01774562483302472,2.499573036339468e-05
alignment_1.2,139,1.3900000000000001,0.01001333782770631,65106349005890.75,800,8.0,0.01774562483302472,2.4862157139533482e-05
alignment_1.2,140,1.4000000000000001,0.01002624397904067,64521615849050.51,800,8.0,0.01774562483302472,2.4726289300924596e-05
alignment_1.2,141,1.41,0.010039519259580618,64026913351487.9,800,8.0,0.01774562483302472,2.4589722227695697e-05
alignment_1.2,142,1.42,0.010053163137843789,63617996296898.734,800,8.0,0.01774562483302472,2.4454046037533306e-05
alignment_1.2,143,1.43,0.010067175055206372,63289694938873.72,800,8.0,0.01774562483302472,2.4320785753521565e-05
alignment_1.2,144,1.44,0.01008155442614002,63036112008903.93,800,8.0,0.01774562483302472,2.4191349317726725e-05
alignment_1.2,145,1.45,0.010096300638376155,62850811558854.37,800,8.0,0.01774562483302472,2.4066989632795962e-05
alignment_1.2,146,1.46,0.010111413052901768,62726995730259.56,800,8.0,0.01774562483302472,2.3948775248725145e-05
alignment_1.2,147,1.47,0.010126891004004698,62657663681749.21,800,8.0,0.01774562483302472,2.3837570105442823e-05
alignment_1.2,148,1.48,0.010142733799196313,62635754648702.13,800,8.0,0.01774562483302472,2.3734031245323295e-05
alignment_1.2,149,1.49,0.010158940719055057,62654269057548.27,800,8.0,0.01774562483302472,2.3638616865316897e-05
alignment_1.2,150,1.5,0.010175511017026052,62706369597237.32,800,8.0,0.01774562483302472,2.3551600035243482e-05
alignment_1.2,151,1.51,0.010192443919148367,62785462452070.16,800,8.0,0.01774562483302472,2.3473088336670746e-05
alignment_1.2,152,1.52,0.010209738623712598,62885259720030.41,800,8.0,0.01774562483302472,2.340304716293491e-05
alignment_1.2,153,1.53,0.010227394300851662,62999824803593.36,800,8.0,0.01774562483302472,2.3341324337988472e-05
alignment_1.2,154,1.54,0.010245410092067676,63123602870733.8,800,8.0,0.01774562483302472,2.3287674565547795e-05
alignment_1.2,155,1.55,0.010263785109697991,63251438592212.94,800,8.0,0.01774562483302472,2.3241782324446957e-05
alignment_1.2,156,1.56,0.0102825184363235,63378583321560.79,800,8.0,0.01774562483302472,2.320328257433417e-05
alignment_1.2,157,1.57,0.010301609124122538,63500693738895.625,800,8.0,0.01774562483302472,2.317177877253095e-05
alignment_1.2,158,1.58,0.010321056194173792,63613823772386.29,800,8.0,0.01774562483302472,2.3146858055618747e-05
alignment_1.2,159,1.59,0.01034085863571184,63714411365363.234,800,8.0,0.01774562483302472,2.3128103749170848e-05
alignment_1.2,160,1.6,0.010361015405339086,63799261408225.67,800,8.0,0.01774562483302472,2.311510535228076e-05
alignment_1.2,161,1.61,0.010381525426198038,63865525909580.125,800,8.0,0.01774562483302472,2.3107466125561805e-05
alignment_1.2,162,1.62,0.010402387587094475,63910682394574.836,800,8.0,0.01774562483302472,2.3104804990451516e-05
alignment_1.2,163,1.6300000000000001,0.010423600741326705,63932512188407.27,800,8.0,0.01774562483302472,2.310676267593592e-05
alignment_1.2,164,1.6400000000000001,0.010445163705833947,63929078001659.0,800,8.0,0.01774562483302472,2.311300618604937e-05
alignment_1.2,165,1.6500000000000001,0.0104670752601397,63898701741268.984,800,8.0,0.01774562483302472,2.3123227956683107e-05
alignment_1.2,166,1.6600000000000001,0.010489334145226438,63839942757881.16,800,8.0,0.01774562483302472,2.3137146421851012e-05
alignment_1.2,167,1.67,0.01051193906241288,63751576824697.336,800,8.0,0.01774562483302472,2.3154506223043738e-05
alignment_1.2,168,1.68,0.01053488867217748,63632576007366.75,800,8.0,0.01774562483302472,2.317507742121319e-05
alignment_1.2,169,1.69,0.010558181592931443,63482089519450.664,800,8.0,0.01774562483302472,2.3198654351567614e-05
alignment_1.2,170,1.7,0.010581816399744893,63299425648976.43,800,8.0,0.01774562483302472,2.3225054330345282e-05
alignment_1.2,171,1.71,0.010605791623029902,63084034799284.93,800,8.0,0.01774562483302472,2.325411622256584e-05
alignment_1.2,172,1.72,0.01063010574718437,62835493657243.66,800,8.0,0.01774562483302472,2.328569894265549e-05
alignment_1.2,173,1.73,0.010654757209200859,62553490482352.0,800,8.0,0.01774562483302472,2.331967987207971e-05
alignment_1.2,174,1.74,0.010679744397244876,62237811500119.71,800,8.0,0.01774562483302472,2.335595340639392e-05
alignment_1.2,175,1.75,0.010705065649207136,61888328380426.63,800,8.0,0.01774562483302472,2.339442932026478e-05
alignment_1.2,176,1.76,0.010730719251234826,61504986781244.95,800,8.0,0.01774562483302472,2.3435031273669816e-05
alignment_1.2,177,1.77,0.010756703436246963,61087795937475.336,800,8.0,0.01774562483302472,2.347769524518301e-05
alignment_1.2,178,1.78,0.010783016382439387,60636819288353.29,800,8.0,0.01774562483302472,2.3522367782767324e-05
alignment_1.2,179,1.79,0.010809656211753794,60152166448948.89,800,8.0,0.01774562483302472,2.3569001218421544e-05
alignment_1.2,180,1.8,0.010836620987879523,59633985915918.33,800,8.0,0.01774562483302472,2.3617556382958434e-05
alignment_1.2,181,1.81,0.01086390871487823,59082459802646.54,800,8.0,0.01774562483302472,2.366799910011694e-05
alignment_1.2,182,1.82,0.010891517335594772,58497799366465.63,800,8.0,0.01774562483302472,2.372029677052611e-05
alignment_1.2,183,1.83,0.010919444729911097,57880241837887.69,800,8.0,0.01774562483302472,2.377441691986727e-05
alignment_1.2,184,1.84,0.010947688713039076,57230049077814.73,800,8.0,0.01774562483302472,2.3830324397524245e-05
alignment_1.2,185,1.85,0.010976247033795286,56547507952442.164,800,8.0,0.01774562483302472,2.388797828310436e-05
alignment_1.2,186,1.86,0.011005117372858773,55832932640267.55,800,8.0,0.01774562483302472,2.3947328541540334e-05
alignment_1.2,187,1.87,0.011034297341012796,55086669073637.555,800,8.0,0.01774562483302472,2.4008312314479885e-05
alignment_1.2,188,1.8800000000000001,0.01106378447737169,54309101724528.09,800,8.0,0.01774562483302472,2.407084975832964e-05
alignment_1.2,189,1.8900000000000001,0.011093576247594012,53500662950912.234,800,8.0,0.01774562483302472,2.413483929988595e-05
alignment_1.2,190,1.9000000000000001,0.011123670042083256,52661845118159.086,800,8.0,0.01774562483302472,2.4200152297912205e-05
alignment_1.2,191,1.9100000000000001,0.011154063174177397,51793215688165.93,800,8.0,0.01774562483302472,2.426662702611872e-05
alignment_1.2,192,1.92,0.011184752878328699,50895435564855.47,800,8.0,0.01774562483302472,2.433406176023028e-05
alignment_1.2,193,1.93,0.01121573630826701,49969280129725.15,800,8.0,0.01774562483302472,2.4402210793052726e-05
alignment_1.2,194,1.94,0.011247010535181116,49015663127211.07,800,8.0,0.01774562483302472,2.447077727388056e-05
alignment_1.2,195,1.95,0.011278572545908385,48035663017461.8,800,8.0,0.01774562483302472,2.4539405283900986e-05
alignment_1.2,196,1.96,0.011310419241085409,47030550636694.68,800,8.0,0.01774562483302472,2.460767670483096e-05
alignment_1.2,197,1.97,0.011342547433323516,46001817378908.125,800,8.0,0.01774562483302472,2.467510733838557e-05
alignment_1.2,198,1.98,0.01137495384540416,44951201929456.77,800,8.0,0.01774562483302472,2.4741146457850282e-05
alignment_1.2,199,1.99,0.011407635108480474,43880713253778.484,800,8.0,0.01774562483302472,2.4805180358461998e-05
alignment_1.2,200,2.0,0.011440587760270526,42792646861017.836,800,8.0,0.01774562483302472,2.486654144431052e-05
alignment_1.2,201,2.0100000000000002,0.011473808243228852,41689590714316.836,800,8.0,0.01774562483302472,2.4924524762427092e-05
alignment_1.2,202,2.02,0.01150729290280498,40574416461343.2,800,8.0,0.01774562483302472,2.497841422383627e-05
alignment_1.2,203,2.0300000000000002,0.011541037985728055,39450251246946.54,800,8.0,0.01774562483302472,2.5027519610871118e-05
alignment_1.2,204,2.04,0.011575039638243438,38320425436665.81,800,8.0,0.01774562483302472,2.5071225531653836e-05
alignment_1.2,205,2.05,0.01160929390440248,37188392025881.98,800,8.0,0.01774562483302472,2.510905302412085e-05
alignment_1.2,206,2.06,0.01164379672440393,36057614978849.195,800,8.0,0.01774562483302472,2.5140731255365685e-05
alignment_1.2,207,2.07,0.011678543932972098,34931426241820.78,800,8.0,0.01774562483302472,2.5166274965790167e-05
alignment_1.2,208,2.08,0.011713531257727785,33812855161380.55,800,8.0,0.01774562483302472,2.518605905083158e-05
alignment_1.2,209,2.09,0.011748754317562681,32704439485531.152,800,8.0,0.01774562483302472,2.5200877465497688e-05
alignment_1.2,210,2.1,0.011784208621204948,31608034070638.48,800,8.0,0.01774562483302472,2.5211969764253844e-05
alignment_1.2,211,2.11,0.011819889565687339,30524641372850.19,800,8.0,0.01774562483302472,2.522099531234928e-05
alignment_1.2,212,2.12,0.01185579243490663,29454295498138.863,800,8.0,0.01774562483302472,2.5229934458862674e-05
alignment_1.2,213,2.13,0.011891912398259845,28396037350736.793,800,8.0,0.01774562483302472,2.5240901622226422e-05
alignment_1.2,214,2.14,0.01192824450932496,27348019384588.188,800,8.0,0.01774562483302472,2.525586520278308e-05
alignment_1.2,215,2.15,0.011964783704546475,26307770995211.742,800,8.0,0.01774562483302472,2.5276288497395864e-05
alignment_1.2,216,2.16,0.012001524802081472,25272636056855.58,800,8.0,0.01774562483302472,2.5302733229682685e-05
alignment_1.2,217,2.17,0.012038462500649676,24240360416606.14,800,8.0,0.01774562483302472,2.5334498534509486e-05
alignment_1.2,218,2.18,0.012075591378451569,23209759391898.766,800,8.0,0.01774562483302472,2.5369403612990493e-05
alignment_1.2,219,2.19,0.01211290589220958,22181340188722.723,800,8.0,0.01774562483302472,2.540384848097268e-05
alignment_1.2,220,2.2,0.012150400376273815,21157704546487.88,800,8.0,0.01774562483302472,2.54332963381921e-05
alignment_1.2,221,2.21,0.012188069041722066,20143532474631.848,800,8.0,0.01774562483302472,2.5453288663469757e-05
alignment_1.2,222,2.22,0.012225905975705425,19144972486402.89,800,8.0,0.01774562483302472,2.5461006922835476e-05
alignment_1.2,223,2.23,0.012263905140779319,18168355779297.66,800,8.0,0.01774562483302472,2.5457212889761162e-05
alignment_1.2,224,2.24,0.012302060374345104,17218317343061.887,800,8.0,0.01774562483302472,2.5448136423491692e-05
alignment_1.2,225,2.25,0.012340365388236256,16295626351230.844,800,8.0,0.01774562483302472,2.5446638667300893e-05
alignment_1.2,226,2.2600000000000002,0.0123788137683767,15395250952676.8,800,8.0,0.01774562483302472,2.547190410300354e-05
alignment_1.2,227,2.27,0.012417398974503498,14505330687769.154,800,8.0,0.01774562483302472,2.5547194639600103e-05
alignment_1.2,228,2.2800000000000002,0.012456114340131262,13607711705230.562,800,8.0,0.01774562483302472,2.569591275746951e-05
alignment_1.2,229,2.29,0.012494953072511014,12680443205140.975,800,8.0,0.01774562483302472,2.59369670974148e-05
alignment_1.2,230,2.3000000000000003,0.012533908252779473,11702135598623.732,800,8.0,0.01774562483302472,2.6280898577020605e-05
alignment_1.2,231,2.31,0.012572972836215494,10657441432545.613,800,8.0,0.01774562483302472,2.672793326254166e-05
alignment_1.2,232,2.32,0.012612139652621037,9542351689855.4,800,8.0,0.01774562483302472,2.7268210644209785e-05
alignment_1.2,233,2.33,0.012651401406852792,8367756882967.109,800,8.0,0.01774562483302472,2.7883861982192317e-05
alignment_1.2,234,2.34,0.012690750679504564,7159977179181.448,800,8.0,0.01774562483302472,2.8551842860459038e-05
alignment_1.2,235,2.35,0.01273017992769966,5957731605050.374,800,8.0,0.01774562483302472,2.9246644926801583e-05
alignment_1.2,236,2.36,0.012769681486085274,4806062511742.935,800,8.0,0.01774562483302472,2.9942525311461118e-05
alignment_1.2,237,2.37,0.01280924756789887,3748685133873.4526,800,8.0,0.01774562483302472,3.061496811857588e-05
alignment_1.2,238,2.38,0.01284887026623459,2820726715027.1025,800,8.0,0.01774562483302472,3.1241614234072934e-05
alignment_1.2,239,2.39,0.012888541555581919,2043650900455.5596,800,8.0,0.01774562483302472,3.180267088952099e-05
alignment_1.2,240,2.4,0.012928253293281625,1423410065701.9841,800,8.0,0.01774562483302472,3.228121319156521e-05
alignment_1.2,241,2.41,0.012967997221387926,951840945404.384,800,8.0,0.01774562483302472,3.26634161996201e-05
alignment_1.2,242,2.42,0.013007764968529833,610423085337.1708,800,8.0,0.01774562483302472,3.293874504939703e-05
alignment_1.2,243,2.43,0.013047548052052424,375054306222.5812,800,8.0,0.01774562483302472,3.310040857140107e-05
alignment_1.2,244,2.44,0.013087337880348545,220543948168.76447,800,8.0,0.01774562483302472,3.3146131050776273e-05
alignment_1.2,245,2.45,0.01312712575523414,123949955340.02089,800,8.0,0.01774562483302472,3.307898651650779e-05
alignment_1.2,246,2.46,0.013166902874680938,66443915711.17149,800,8.0,0.01774562483302472,3.290996018358998e-05
alignment_1.2,247,2.47,0.013206660335519553,33853936584.705727,800,8.0,0.01774562483302472,3.2660581417966475e-05
alignment_1.2,248,2.48,0.013246389136630328,16291976291.008078,800,8.0,0.01774562483302472,3.2371828108959896e-05
alignment_1.2,249,2.49,0.013286080182026086,7316940333.788053,800,8.0,0.01774562483302472,3.2121384863155125e-05
alignment_1.2,250,2.5,0.013325724284285974,2992415334.746163,800,8.0,0.01774562483302472,3.207302275947065e-05
alignment_1.2,251,2.5100000000000002,0.01336531216812991,1055732891.4855003,800,8.0,0.01774562483302472,3.261535603138304e-05
alignment_1.2,252,2.52,0.013404834474198811,295331240.5666331,800,8.0,0.01774562483302472,3.37999512904038e-05
alignment_1.2,253,2.5300000000000002,0.013444281763062662,150044668.39229524,800,8.0,0.01774562483302472,2.3486078267507223e-05
alignment_1.2,254,2.54,0.013483644519331624,156722936.82719278,800,8.0,0.01774562483302472,2.2418004092536227e-05
alignment_1.2,255,2.5500000000000003,0.013522913156042132,130432471.92677589,800,8.0,0.01774562483302472,2.3201094547134702e-05
alignment_1.2,256,2.56,0.013562078019194993,93355345.96713638,800,8.0,0.01774562483302472,2.3741527478982505e-05
alignment_1.2,257,2.57,0.013601129392511853,61214292.01351212,800,8.0,0.01774562483302472,2.4236963423928762e-05
alignment_1.2,258,2.58,0.013640057502347367,39184361.97580438,800,8.0,0.01774562483302472,2.397243518032597e-05
alignment_1.2,259,2.59,0.013678852522814857,28351493.62459588,800,8.0,0.01774562483302472,2.0369115100628333e-05
alignment_1.2,260,2.6,0.013717504581111246,26526024.29119463,800,8.0,0.01774562483302472,1.3852154341844723e-05
alignment_1.2,261,2.61,0.013756003762968946,28532306.936674282,800,8.0,0.01774562483302472,9.836059704969832e-06
alignment_1.2,262,2.62,0.01379434011836199,30974205.156290445,800,8.0,0.01774562483302472,8.814341942130732e-06
alignment_1.2,263,2.63,0.013832503667341471,32832668.1008614,800,8.0,0.01774562483302472,8.943587331838489e-06
alignment_1.2,264,2.64,0.013870484406066056,33985370.87223813,800,8.0,0.01774562483302472,9.317284906575812e-06
alignment_1.2,265,2.65,0.01390827231298446,34530611.35089983,800,8.0,0.01774562483302472,9.691926788541611e-06
alignment_1.2,266,2.66,0.013945857355203083,34593123.47319425,800,8.0,0.01774562483302472,1.0018624744959856e-05
alignment_1.2,267,2.67,0.013983229495017273,34279354.84228389,800,8.0,0.01774562483302472,1.0292982057152674e-05
alignment_1.2,268,2.68,0.014020378696559243,33673997.26821253,800,8.0,0.01774562483302472,1.051837839939918e-05
alignment_1.2,269,2.69,0.014057294932644637,32846415.626312926,800,8.0,0.01774562483302472,1.0698251270723847e-05
alignment_1.2,270,2.7,0.014093968191724236,31857823.644868106,800,8.0,0.01774562483302472,1.0835486811656128e-05
alignment_1.2,271,2.71,0.014130388485007035,30766403.856246453,800,8.0,0.01774562483302472,1.0933422589012452e-05
alignment_1.2,272,2.72,0.014166545853650878,29629451.713716473,800,8.0,0.01774562483302472,1.0996863373535474e-05
alignment_1.2,273,2.73,0.014202430376144647,28502429.23106382,800,8.0,0.01774562483302472,1.103248953735561e-05
alignment_1.2,274,2.74,0.014238032175752221,27435492.579810403,800,8.0,0.01774562483302472,1.1048359721152669e-05
alignment_1.2,275,2.75,0.014273341428099556,26468685.77565044,800,8.0,0.01774562483302472,1.1052556257616263e-05
alignment_1.2,276,2.7600000000000002,0.014308348368784717,25627332.237386316,800,8.0,0.01774562483302472,1.1051422661540422e-05
alignment_1.2,277,2.77,0.01434304330116789,24919039.489468213,800,8.0,0.01774562483302472,1.1048120645274622e-05
alignment_1.2,278,2.7800000000000002,0.014377416604151665,24333256.953630425,800,8.0,0.01774562483302472,1.1042206355484938e-05
alignment_1.2,279,2.79,0.014411458740103323,23843735.473387253,800,8.0,0.01774562483302472,1.1030501299401154e-05
alignment_1.2,280,2.8000000000000003,0.014445160262732855,23413648.38452265,800,8.0,0.01774562483302472,1.1008943825073274e-05
alignment_1.2,281,2.81,0.01447851182510591,23002509.78046782,800,8.0,0.01774562483302472,1.097464126898016e-05
alignment_1.2,282,2.82,0.0145115041876397,22573443.121207166,800,8.0,0.01774562483302472,1.0927289492246798e-05
alignment_1.2,283,2.83,0.014544128226123932,22099113.269532874,800,8.0,0.01774562483302472,1.0869507562183076e-05
alignment_1.2,284,2.84,0.01457637493975348,21564986.074636236,800,8.0,0.01774562483302472,1.0806138045265777e-05
alignment_1.2,285,2.85,0.014608235459156071,20969426.666509584,800,8.0,0.01774562483302472,1.0742925381790413e-05
alignment_1.2,286,2.86,0.014639701054397767,20321099.264607683,800,8.0,0.01774562483302472,1.0685056834566631e-05
alignment_1.2,287,2.87,0.01467076314295717,19634789.58378046,800,8.0,0.01774562483302472,1.063594482354473e-05
alignment_1.2,288,2.88,0.014701413297671436,18926957.60501721,800,8.0,0.01774562483302472,1.0596546279538776e-05
alignment_1.2,289,2.89,0.014731643254599438,18212086.1226856,800,8.0,0.01774562483302472,1.0565281046639059e-05
alignment_1.2,290,2.9,0.014761444920810992,17500423.25796769,800,8.0,0.01774562483302472,1.0538521360535735e-05
alignment_1.2,291,2.91,0.014790810382172498,16797224.507804725,800,8.0,0.01774562483302472,1.0511465258362225e-05
alignment_1.2,292,2.92,0.014819731910907696,16103232.088924628,800,8.0,0.01774562483302472,1.0479140780728962e-05
alignment_1.2,293,2.93,0.014848201973153142,15415940.134715814,800,8.0,0.01774562483302472,1.0437286193098417e-05
alignment_1.2,294,2.94,0.014876213236347767,14731170.296168908,800,8.0,0.01774562483302472,1.0382934215831452e-05
alignment_1.2,295,2.95,0.014903758576459692,14044568.415345095,800,8.0,0.01774562483302472,1.0314643851558172e-05
alignment_1.2,296,2.96,0.014930831085154965,13352769.508894233,800,8.0,0.01774562483302472,1.023242393596728e-05
alignment_1.2,297,2.97,0.01495742407669944,12654119.554964377,800,8.0,0.01774562483302472,1.0137453402720507e-05
alignment_1.2,298,2.98,0.014983531094743291,11948954.976754325,800,8.0,0.01774562483302472,1.0031716003062102e-05
alignment_1.2,299,2.99,0.015009145918909018,11239516.194552392,800,8.0,0.01774562483302472,9.917637485860676e-06
alignment_1.2,300,3.0,0.015034262571161167,10529606.952822177,800,8.0,0.01774562483302472,9.79778182808982e-06
alignment_1.2,301,3.0100000000000002,0.015058875322001418,9824115.669728806,800,8.0,0.01774562483302472,9.674627522594322e-06
alignment_1.2,302,3.02,0.015082978696393733,9128499.061823377,800,8.0,0.01774562483302472,9.550423563540207e-06
alignment_1.2,303,3.0300000000000002,0.01510656747948698,8448302.128914148,800,8.0,0.01774562483302472,9.427111035654127e-06
alignment_1.2,304,3.04,0.015129636722082422,7788760.50494093,800,8.0,0.01774562483302472,9.306294895467836e-06
alignment_1.2,305,3.0500000000000003,0.01515218174582007,7154506.260530875,800,8.0,0.01774562483302472,9.189249921825039e-06
alignment_1.2,306,3.06,0.015174198148139275,6549379.528963464,800,8.0,0.01774562483302472,9.076942765288318e-06
alignment_1.2,307,3.0700000000000003,0.01519568180694502,5976335.515522595,800,8.0,0.01774562483302472,8.970068994614411e-06
alignment_1.2,308,3.08,0.015216628884959522,5437429.632693551,800,8.0,0.01774562483302472,8.869094463206594e-06
alignment_1.2,309,3.09,0.015237035833821772,4933861.3570008855,800,8.0,0.01774562483302472,8.774289305110131e-06
alignment_1.2,310,3.1,0.015256899397862936,4466057.646283598,800,8.0,0.01774562483302472,8.68576762366109e-06
alignment_1.2,311,3.11,0.015276216617555696,4033779.3785053976,800,8.0,0.01774562483302472,8.603522142550126e-06
alignment_1.2,312,3.12,0.015294984832668479,3636237.5868023033,800,8.0,0.01774562483302472,8.527444937453478e-06
alignment_1.2,313,3.13,0.015313201685118369,3272209.569222343,800,8.0,0.01774562483302472,8.457352637779785e-06
alignment_1.2,314,3.14,0.015330865121424541,2940147.8323092675,800,8.0,0.01774562483302472,8.393014967374475e-06
alignment_1.2,315,3.15,0.015347973394886813,2638277.924752593,800,8.0,0.01774562483302472,8.33416105913101e-06
alignment_1.2,316,3.16,0.015364525067408628,2364682.880979434,800,8.0,0.01774562483302472,8.280494089616945e-06
alignment_1.2,317,3.17,0.015380519010974827,2117373.6639395077,800,8.0,0.01774562483302472,8.231705132437758e-06
alignment_1.2,318,3.18,0.015395954408778598,1894346.0412725408,800,8.0,0.01774562483302472,8.187482981901231e-06
alignment_1.2,319,3.19,0.0154108307560072,1693624.9949479052,800,8.0,0.01774562483302472,8.147514159562518e-06
alignment_1.2,320,3.2,0.01542514786029576,1513298.115884008,800,8.0,0.01774562483302472,8.1114870752749e-06
alignment_1.2,321,3.21,0.015438905841809044,1351539.5351885757,800,8.0,0.01774562483302472,8.079103723520863e-06
alignment_1.2,322,3.22,0.015452105132975793,1206626.0058489454,800,8.0,0.01774562483302472,8.050078161674674e-06
alignment_1.2,323,3.23,0.015464746477890506,1076946.6096965217,800,8.0,0.01774562483302472,8.024136738324034e-06
alignment_1.2,324,3.24,0.01547683093135459,961007.4379963818,800,8.0,0.01774562483302472,8.001020938180218e-06
alignment_1.2,325,3.25,0.015488359857581142,857432.3969157177,800,8.0,0.01774562483302472,7.980487100414303e-06
alignment_1.2,326,3.2600000000000002,0.015499334928561757,764961.1361954289,800,8.0,0.01774562483302472,7.96230627201287e-06
alignment_1.2,327,3.27,0.015509758122094838,682444.9087214667,800,8.0,0.01774562483302472,7.946264499426898e-06
alignment_1.2,328,3.2800000000000002,0.015519631719475466,608841.0120248822,800,8.0,0.01774562483302472,7.932164819712203e-06
alignment_1.2,329,3.29,0.01552895830284774,543206.3041538412,800,8.0,0.01774562483302472,7.91982770732168e-06
alignment_1.2,330,3.3000000000000003,0.015537740752263917,484690.26452931337,800,8.0,0.01774562483302472,7.909087217589064e-06
alignment_1.2,331,3.31,0.015545982242408983,432527.8582076656,800,8.0,0.01774562483302472,7.89978552159916e-06
alignment_1.2,332,3.3200000000000003,0.015553686239040014,386032.4321702296,800,8.0,0.01774562483302472,7.891772953177193e-06
alignment_1.2,333,3.33,0.01556085649509612,344588.8221372345,800,8.0,0.01774562483302472,7.88492111414173e-06
alignment_1.2,334,3.34,0.015567497046509927,307646.7495051487,800,8.0,0.01774562483302472,7.879122296884173e-06
alignment_1.2,335,3.35,0.015573612207755322,274714.6059623428,800,8.0,0.01774562483302472,7.874276501409003e-06
alignment_1.2,336,3.36,0.015579206567132787,245353.6659408953,800,8.0,0.01774562483302472,7.870281296756929e-06
alignment_1.2,337,3.37,0.01558428498179387,219172.74839544183,800,8.0,0.01774562483302472,7.867027902082848e-06
alignment_1.2,338,3.38,0.015588852572506614,195823.32532351758,800,8.0,0.01774562483302472,7.86440650789955e-06
alignment_1.2,339,3.39,0.01559291471816396,174995.05881370234,800,8.0,0.01774562483302472,7.862323446517198e-06
alignment_1.2,340,3.4,0.015596477050037277,156411.7393865684,800,8.0,0.01774562483302472,7.860732105158363e-06
alignment_1.2,341,3.41,0.01559954544577745,139827.5829604765,800,8.0,0.01774562483302472,7.859634900225728e-06
alignment_1.2,342,3.42,0.01560212602326423,125023.89591450033,800,8.0,0.01774562483302472,7.858966429683606e-06
alignment_1.2,343,3.43,0.01560422513444304,111806.19955137845,800,8.0,0.01774562483302472,7.858611380258214e-06
alignment_1.2,344,3.44,0.015605849358616015,100001.48542884749,800,8.0,0.01774562483302472,7.858536360980668e-06
alignment_1.2,345,3.45,0.015607005495814357,89455.89775361832,800,8.0,0.01774562483302472,7.858668116549015e-06
alignment_1.2,346,3.46,0.01560770055990129,80032.59272252064,800,8.0,0.01774562483302472,7.85897145377645e-06
alignment_1.2,347,3.47,0.015607941771540157,71609.84446847445,800,8.0,0.01774562483302472,7.859434819624378e-06
alignment_1.2,348,3.48,0.015607736551043078,64079.35568364052,800,8.0,0.01774562483302472,7.860050180939056e-06
alignment_1.2,349,3.49,0.015607092511108268,57344.7564263986,800,8.0,0.01774562483302472,7.860795085405489e-06
alignment_1.2,350,3.5,0.015606017449453892,51320.27392354227,800,8.0,0.01774562483302472,7.861620041585715e-06
alignment_1.2,351,3.5100000000000002,0.015604519341356373,45929.55515540885,800,8.0,0.01774562483302472,7.862444577124753e-06
alignment_1.2,352,3.52,0.015602606332100645,41104.62395206332,800,8.0,0.01774562483302472,7.863165572397607e-06
alignment_1.2,353,3.5300000000000002,0.015600286729350123,36784.95503990363,800,8.0,0.01774562483302472,7.863681804702564e-06
alignment_1.2,354,3.54,0.015597568995443433,32916.648692654635,800,8.0,0.01774562483302472,7.863938892992543e-06
alignment_1.2,355,3.5500000000000003,0.015594461739625276,29451.69123053306,800,8.0,0.01774562483302472,7.863999165280528e-06
alignment_1.2,356,3.56,0.015590973710218147,26347.28747034538,800,8.0,0.01774562483302472,7.864094532139252e-06
alignment_1.2,357,3.5700000000000003,0.015587113786780077,23565.25526865221,800,8.0,0.01774562483302472,7.864167186425861e-06
alignment_1.2,358,3.58,0.015582890972637726,21071.56394931463,800,8.0,0.01774562483302472,7.86391251140506e-06
alignment_1.2,359,3.59,0.015578314386869305,18835.853287502494,800,8.0,0.01774562483302472,7.863360941259737e-06
alignment_1.2,360,3.6,0.01557339325650944,16831.042134575302,800,8.0,0.01774562483302472,7.862531217211934e-06
alignment_1.2,361,3.61,0.015568136908818305,15032.969074858232,800,8.0,0.01774562483302472,7.861424452486621e-06
alignment_1.2,362,3.62,0.015562554763550042,13420.071559147922,800,8.0,0.01774562483302472,7.860078920421572e-06
alignment_1.2,363,3.63,0.01555665632527217,11973.102868858514,800,8.0,0.01774562483302472,7.858563736504369e-06
alignment_1.2,364,3.64,0.015550451175744667,10674.880960529359,800,8.0,0.01774562483302472,7.856976317407747e-06
alignment_1.2,365,3.65,0.015543948966366886,9510.066175977729,800,8.0,0.01774562483302472,7.855446755616788e-06
alignment_1.2,366,3.66,0.015537159410700056,8464.964791374472,800,8.0,0.01774562483302472,7.854153150584663e-06
alignment_1.2,367,3.67,0.015530092277072792,7527.355461931297,800,8.0,0.01774562483302472,7.853353196112805e-06
alignment_1.2,368,3.68,0.015522757381276606,6686.335782381905,800,8.0,0.01774562483302472,7.853438882886314e-06
alignment_1.2,369,3.69,0.015515164579357853,5932.186409657761,800,8.0,0.01774562483302472,7.855023121557725e-06
alignment_1.2,370,3.7,0.015507323760512424,5256.2504721163505,800,8.0,0.01774562483302472,7.85906897630685e-06
alignment_1.2,371,3.71,0.015499244840088744,4650.826340547096,800,8.0,0.01774562483302472,7.867060725190904e-06
alignment_1.2,372,3.72,0.015490937752707844,4109.073526923133,800,8.0,0.01774562483302472,7.880841203911638e-06
alignment_1.2,373,3.73,0.015482412445604297,3624.935186929942,800,8.0,0.01774562483302472,7.902758999981961e-06
alignment_1.2,374,3.74,0.015473678872008663,3193.0719928412677,800,8.0,0.01774562483302472,7.936319713159028e-06
alignment_1.2,375,3.75,0.01546474698466769,2808.805964872774,800,8.0,0.01774562483302472,7.986348575432602e-06
alignment_1.2,376,3.7600000000000002,0.015455626729546012,2468.072524223779,800,8.0,0.01774562483302472,8.059218604658166e-06
alignment_1.2,377,3.77,0.015446328039663046,2167.3799662318042,800,8.0,0.01774562483302472,8.163148936673391e-06
alignment_1.2,378,3.7800000000000002,0.015436860829085824,1903.7720868810245,800,8.0,0.01774562483302472,8.308134999336484e-06
alignment_1.2,379,3.79,0.01542723498708104,1674.7864222196954,800,8.0,0.01774562483302472,8.505202714702059e-06
alignment_1.2,380,3.8000000000000003,0.01541746037242934,1478.3954585289198,800,8.0,0.01774562483302472,8.764453210941404e-06
alignment_1.2,381,3.81,0.015407546807904342,1312.9118111836194,800,8.0,0.01774562483302472,9.091441006160031e-06
alignment_1.2,382,3.8200000000000003,0.015397504074918607,1176.8353024568823,800,8.0,0.01774562483302472,9.482129826801656e-06
alignment_1.2,383,3.83,0.015387341908338393,1068.6298974243466,800,8.0,0.01774562483302472,9.918255268807847e-06
alignment_1.2,384,3.84,0.015377069991468633,986.4534347443309,800,8.0,0.01774562483302472,1.0366654257460566e-05
alignment_1.2,385,3.85,0.015366697951209273,927.9196265019029,800,8.0,0.01774562483302472,1.078570569006947e-05
alignment_1.2,386,3.86,0.015356235353383782,890.0091143992656,800,8.0,0.01774562483302472,1.1137652828026553e-05
alignment_1.2,387,3.87,0.015345691698240268,869.2055339640375,800,8.0,0.01774562483302472,1.1400154287241148e-05
alignment_1.2,388,3.88,0.015335076416130279,861.8146667812968,800,8.0,0.01774562483302472,1.1570372546366402e-05
alignment_1.2,389,3.89,0.015324398863378061,864.3240360071613,800,8.0,0.01774562483302472,1.1660494549880184e-05
alignment_1.2,390,3.9,0.015313668318296681,873.6731846314203,800,8.0,0.01774562483302472,1.1689604015057027e-05
alignment_1.2,391,3.91,0.015302893977393438,887.3750421419754,800,8.0,0.01774562483302472,1.1677122739834916e-05
alignment_1.2,392,3.92,0.015292084951743395,903.5160956683743,800,8.0,0.01774562483302472,1.1639228921060613e-05
alignment_1.2,393,3.93,0.015281250263534447,920.6860039175394,800,8.0,0.01774562483302472,1.1587887923545737e-05
alignment_1.2,394,3.94,0.015270398842783025,937.8820259717899,800,8.0,0.01774562483302472,1.1531260759421947e-05
alignment_1.2,395,3.95,0.015259539524218433,954.4153430680584,800,8.0,0.01774562483302472,1.1474571290644591e-05
alignment_1.2,396,3.96,0.0152486810443337,969.8310848322332,800,8.0,0.01774562483302472,1.1420966477981797e-05
alignment_1.2,397,3.97,0.015237832038600655,983.8448688062883,800,8.0,0.01774562483302472,1.1372204336710964e-05
alignment_1.2,398,3.98,0.015227001038846692,996.2945029520727,800,8.0,0.01774562483302472,1.1329150323340235e-05
alignment_1.2,399,3.99,0.015216196470790724,1007.1041207630419,800,8.0,0.01774562483302472,1.1292114757987282e-05
alignment_1.2,400,4.0,0.015205426651735484,1016.257939435343,800,8.0,0.01774562483302472,1.1261073560661032e-05
alignment_1.2,401,4.01,0.01519469978841343,1023.7812380248312,800,8.0,0.01774562483302472,1.1235808356438624e-05
alignment_1.2,402,4.0200000000000005,0.015184023974983224,1029.7266650571578,800,8.0,0.01774562483302472,1.1215993043663815e-05
alignment_1.2,403,4.03,0.01517340719117384,1034.1644503546893,800,8.0,0.01774562483302472,1.1201245376148355e-05
alignment_1.2,404,4.04,0.015162857300573167,1037.1754719303385,800,8.0,0.01774562483302472,1.1191156111844082e-05
alignment_1.2,405,4.05,0.015152382049057932,1038.846416552058,800,8.0,0.01774562483302472,1.1185344671757488e-05
alignment_1.2,406,4.0600000000000005,0.01514198906335384,1039.266248609597,800,8.0,0.01774562483302472,1.1183503148508183e-05
alignment_1.2,407,4.07,0.015131685849728902,1038.5236209511017,800,8.0,0.01774562483302472,1.1185317807722886e-05
alignment_1.2,408,4.08,0.01512147979283365,1036.7053023716228,800,8.0,0.01774562483302472,1.1190471011885815e-05
alignment_1.2,409,4.09,0.01511137815464957,1033.895023387252,800,8.0,0.01774562483302472,1.1198690745435471e-05
alignment_1.2,410,4.1,0.0151013880735639,1030.172810327392,800,8.0,0.01774562483302472,1.120972874458184e-05
alignment_1.2,411,4.11,0.015091516563562772,1025.6145752850177,800,8.0,0.01774562483302472,1.1223359495768907e-05
alignment_1.2,412,4.12,0.015081770513538456,1020.2919153938034,800,8.0,0.01774562483302472,1.123937885493823e-05
alignment_1.2,413,4.13,0.015072156686706579,1014.2720584937525,800,8.0,0.01774562483302472,1.1257602399711123e-05
alignment_1.2,414,4.14,0.015062681720129069,1007.6179095080028,800,8.0,0.01774562483302472,1.1277863665501853e-05
alignment_1.2,415,4.15,0.015053352124338911,1000.3881643578949,800,8.0,0.01774562483302472,1.1300012322450005e-05
alignment_1.2,416,4.16,0.015044174283062492,992.6374679713809,800,8.0,0.01774562483302472,1.1323912364989297e-05
alignment_1.2,417,4.17,0.015035154453035682,984.4165996611963,800,8.0,0.01774562483302472,1.1349440352052414e-05
alignment_1.2,418,4.18,0.01502629876390971,975.7726745771379,800,8.0,0.01774562483302472,1.1376483660369151e-05
alignment_1.2,419,4.19,0.015017613218242996,966.7493535373328,800,8.0,0.01774562483302472,1.1404938801988674e-05
alignment_1.2,420,4.2,0.015009103691575203,957.3870564046055,800,8.0,0.01774562483302472,1.143470979261784e-05
alignment_1.2,421,4.21,0.01500077593257982,947.7231760716052,800,8.0,0.01774562483302472,1.1465706543577701e-05
alignment_1.2,422,4.22,0.014992635563291726,937.7922912089596,800,8.0,0.01774562483302472,1.1497843898714012e-05
alignment_1.2,423,4.23,0.014984688079405332,927.6263702329367,800,8.0,0.01774562483302472,1.1531048891315342e-05
alignment_1.2,424,4.24,0.014976938850626322,917.2549470346653,800,8.0,0.01774562483302472,1.1565255362158386e-05
alignment_1.2,425,4.25,0.014969393121103718,906.7052880584781,800,8.0,0.01774562483302472,1.1600396494686029e-05
alignment_1.2,426,4.26,0.014962056009914668,896.0025566529731,800,8.0,0.01774562483302472,1.1636410098382972e-05
alignment_1.2,427,4.2700000000000005,0.014954932511601852,885.1699692750392,800,8.0,0.01774562483302472,1.167323848018359e-05
alignment_1.2,428,4.28,0.014948027496764793,874.2289385384697,800,8.0,0.01774562483302472,1.1710826961281728e-05
alignment_1.2,429,4.29,0.014941345712699478,863.1992057338365,800,8.0,0.01774562483302472,1.1749123524098377e-05
alignment_1.2,430,4.3,0.014934891784082784,852.0989641504727,800,8.0,0.01774562483302472,1.1788078503283956e-05
alignment_1.2,431,4.3100000000000005,0.014928670213698316,840.9449735720314,800,8.0,0.01774562483302472,1.1827644347994217e-05
alignment_1.2,432,4.32,0.014922685383200317,829.7526663121332,800,8.0,0.01774562483302472,1.1867775381140388e-05
alignment_1.2,433,4.33,0.014916941553912473,818.5362451706942,800,8.0,0.01774562483302472,1.1908427607471105e-05
alignment_1.2,434,4.34,0.014911442867658537,807.3087737573364,800,8.0,0.01774562483302472,1.1949558517456912e-05
alignment_1.2,435,4.3500000000000005,0.014906193347621862,796.0822596721289,800,8.0,0.01774562483302472,1.1991126886477004e-05
alignment_1.2,436,4.36,0.014901196899230952,784.867731084198,800,8.0,0.01774562483302472,1.2033092612552826e-05
alignment_1.2,437,4.37,0.014896457311068366,773.6753072961008,800,8.0,0.01774562483302472,1.2075416477993501e-05
alignment_1.2,438,4.38,0.014891978255800369,762.514263915569,800,8.0,0.01774562483302472,1.2118059997426835e-05
alignment_1.2,439,4.39,0.01488776329112484,751.3930932826432,800,8.0,0.01774562483302472,1.216098514765452e-05
alignment_1.2,440,4.4,0.014883815860735068,740.3195603781963,800,8.0,0.01774562483302472,1.220415441384735e-05
alignment_1.2,441,4.41,0.014880139295294198,729.3007547256097,800,8.0,0.01774562483302472,1.2247531215977315e-05
alignment_1.2,442,4.42,0.014876736813414868,718.3431392257635,800,8.0,0.01774562483302472,1.2291079324720694e-05
alignment_1.2,443,4.43,0.014873611522656356,707.4525920429289,800,8.0,0.01774562483302472,1.2334762680683085e-05
alignment_1.2,444,4.44,0.01487076642052075,696.6344482649445,800,8.0,0.01774562483302472,1.2378545645012382e-05
alignment_1.2,445,4.45,0.014868204395455472,685.8935371280312,800,8.0,0.01774562483302472,1.2422392817390929e-05
alignment_1.2,446,4.46,0.014865928227856729,675.2342166752633,800,8.0,0.01774562483302472,1.246626895228622e-05
alignment_1.2,447,4.47,0.014863940591071913,664.6604059812724,800,8.0,0.01774562483302472,1.251013895751081e-05
alignment_1.2,448,4.48,0.0148622440523991,654.1756151098399,800,8.0,0.01774562483302472,1.2553967841801828e-05
alignment_1.2,449,4.49,0.014860841074082054,643.7829729442988,800,8.0,0.01774562483302472,1.2597720741234715e-05
alignment_1.2,450,4.5,0.014859734014299028,633.485253007035,800,8.0,0.01774562483302472,1.2641362894792534e-05
alignment_1.2,451,4.51,0.014858925128143984,623.2848973956175,800,8.0,0.01774562483302472,1.2684859642729062e-05
alignment_1.2,452,4.5200000000000005,0.014858416568598772,613.1840389884316,800,8.0,0.01774562483302472,1.2728176398787903e-05
alignment_1.2,453,4.53,0.014858210387494965,603.1845220920052,800,8.0,0.01774562483302472,1.27712785958378e-05
alignment_1.2,454,4.54,0.01485830853646413,593.287921715817,800,8.0,0.01774562483302472,1.2814131668614052e-05
alignment_1.2,455,4.55,0.014858712867875086,583.4955612483005,800,8.0,0.01774562483302472,1.2856701108298435e-05
alignment_1.2,456,4.5600000000000005,0.014859425135749133,573.8085304103861,800,8.0,0.01774562483302472,1.2898952369221011e-05
alignment_1.2,457,4.57,0.014860446996669259,564.2277004407312,800,8.0,0.01774562483302472,1.2940850958705383e-05
alignment_1.2,458,4.58,0.01486178001066356,554.7537393158178,800,8.0,0.01774562483302472,1.2982362508657216e-05
alignment_1.2,459,4.59,0.01486342564207541,545.3871256528998,800,8.0,0.01774562483302472,1.302345265793484e-05
alignment_1.2,460,4.6000000000000005,0.014865385260416022,536.128161684351,800,8.0,0.01774562483302472,1.30640870379638e-05
alignment_1.2,461,4.61,0.014867660141195225,526.9769857292803,800,8.0,0.01774562483302472,1.3104231275706665e-05
alignment_1.2,462,4.62,0.014870251466730213,517.9335840563997,800,8.0,0.01774562483302472,1.3143851010924398e-05
alignment_1.2,463,4.63,0.014873160326931988,508.99780214324846,800,8.0,0.01774562483302472,1.3182911930281574e-05
alignment_1.2,464,4.64,0.014876387720069321,500.16935534809096,800,8.0,0.01774562483302472,1.3221379744394642e-05
alignment_1.2,465,4.65,0.014879934553510105,491.447839021187,800,8.0,0.01774562483302472,1.3259220215319178e-05
alignment_1.2,466,4.66,0.014883801644440073,482.8327381157467,800,8.0,0.01774562483302472,1.3296399108789089e-05
alignment_1.2,467,4.67,0.01488798972055887,474.3234363840946,800,8.0,0.01774562483302472,1.3332882159686513e-05
alignment_1.2,468,4.68,0.014892499420753545,465.91922528100474,800,8.0,0.01774562483302472,1.3368634969398221e-05
alignment_1.2,469,4.69,0.01489733129574958,457.6193125147067,800,8.0,0.01774562483302472,1.340362305239045e-05
alignment_1.2,470,4.7,0.014902485808729622,449.4228303272892,800,8.0,0.01774562483302472,1.3437812075496448e-05
alignment_1.2,471,4.71,0.014907963335909321,441.32884464352213,800,8.0,0.01774562483302472,1.347116739308908e-05
alignment_1.2,472,4.72,0.014913764167128134,433.33636150997836,800,8.0,0.01774562483302472,1.3503654311871875e-05
alignment_1.2,473,4.73,0.014919888506378766,425.4443356699548,800,8.0,0.01774562483302472,1.353523798798713e-05
alignment_1.2,474,4.74,0.014926336472332493,417.65167773178734,800,8.0,0.01774562483302472,1.3565883311254037e-05
alignment_1.2,475,4.75,0.014933108098835088,409.95726157677893,800,8.0,0.01774562483302472,1.3595554857685732e-05
alignment_1.2,476,4.76,0.014940203335372987,402.35993175036225,800,8.0,0.01774562483302472,1.3624216855307563e-05
alignment_1.2,477,4.7700000000000005,0.01494762204751107,394.8585107783755,800,8.0,0.01774562483302472,1.3651833153346368e-05
alignment_1.2,478,4.78,0.014955364017303631,387.45180639041837,800,8.0,0.01774562483302472,1.3678367172085203e-05
alignment_1.2,479,4.79,0.014963428943679998,380.138618649333,800,8.0,0.01774562483302472,1.3703781817071903e-05
alignment_1.2,480,4.8,0.014971816442806414,372.9177470063457,800,8.0,0.01774562483302472,1.3728039416933359e-05
alignment_1.2,481,4.8100000000000005,0.014980526048425829,365.78799732097133,800,8.0,0.01774562483302472,1.3751101603380363e-05
alignment_1.2,482,4.82,0.014989557212177238,358.748188909969,800,8.0,0.01774562483302472,1.3772929155324652e-05
alignment_1.2,483,4.83,0.014998909303896395,351.79716172386077,800,8.0,0.01774562483302472,1.3793481826753078e-05
alignment_1.2,484,4.84,0.015008581611899535,344.9337832355301,800,8.0,0.01774562483302472,1.3812718708269628e-05
alignment_1.2,485,4.8500000000000005,0.01501857334318333,338.15695606293696,800,8.0,0.01774562483302472,1.3830598138162142e-05
alignment_1.2,486,4.86,0.015028883623630775,331.46562524965157,800,8.0,0.01774562483302472,1.3847077018690651e-05
alignment_1.2,487,4.87,0.015039511498245575,324.85878425004626,800,8.0,0.01774562483302472,1.3862111368793255e-05
alignment_1.2,488,4.88,0.01505045593130718,318.3354826951096,800,8.0,0.01774562483302472,1.3875656110718454e-05
alignment_1.2,489,4.89,0.01506171580653546,311.8948331328031,800,8.0,0.01774562483302472,1.3887665082726232e-05
alignment_1.2,490,4.9,0.01507328992722689,305.5360177792729,800,8.0,0.01774562483302472,1.3898091097444305e-05
alignment_1.2,491,4.91,0.015085177016365059,299.25829505922303,800,8.0,0.01774562483302472,1.3906886090138121e-05
alignment_1.2,492,4.92,0.015097375716708595,293.0610058261723,800,8.0,0.01774562483302472,1.3914001285855856e-05
alignment_1.2,493,4.93,0.015109884590859397,286.9435791419703,800,8.0,0.01774562483302472,1.3919387447222048e-05
alignment_1.2,494,4.94,0.015122702121314353,280.90553747092594,800,8.0,0.01774562483302472,1.392299520729385e-05
alignment_1.2,495,4.95,0.01513582671050362,274.9465011029961,800,8.0,0.01774562483302472,1.3924775545851996e-05
alignment_1.2,496,4.96,0.015149256680818736,269.06619157410125,800,8.0,0.01774562483302472,1.3924680390690467e-05
alignment_1.2,497,4.97,0.015162990274633763,263.2644338017144,800,8.0,0.01774562483302472,1.392266339926567e-05
alignment_1.2,498,4.98,0.01517702565432287,257.5411566115904,800,8.0,0.01774562483302472,1.3918680949930049e-05
alignment_1.2,499,4.99,0.015191360902277242,251.89639056107586,800,8.0,0.01774562483302472,1.3912694281550215e-05
alignment_1.2,500,5.0,0.015205994020779153,246.33026433582083,800,8.0,0.01774562483302472,1.3904670085816939e-05
alignment_1.2,501,5.01,0.015220922931931329,240.84299772240232,800,8.0,0.01774562483302472,1.3894581642976124e-05
alignment_1.2,502,5.0200000000000005,0.015236145477720143,235.4348894463027,800,8.0,0.01774562483302472,1.3882413168529265e-05
alignment_1.2,503,5.03,0.015251659419911913,230.10630238575231,800,8.0,0.01774562483302472,1.3868161278468596e-05
alignment_1.2,504,5.04,0.015267462439984607,224.85764213626769,800,8.0,0.01774562483302472,1.3851838504317398e-05
alignment_1.2,505,5.05,0.015283552139057723,219.68932929408084,800,8.0,0.01774562483302472,1.3833477012322379e-05
alignment_1.2,506,5.0600000000000005,0.015299926037819054,214.60176426196608,800,8.0,0.01774562483302472,1.38131329006996e-05
alignment_1.2,507,5.07,0.015316581576446917,209.5952834821689,800,8.0,0.01774562483302472,1.3790891046135751e-05
alignment_1.2,508,5.08,0.015333516114526395,204.67010595944078,800,8.0,0.01774562483302472,1.376687059535616e-05
alignment_1.2,509,5.09,0.015350726930958026,199.8262689067725,800,8.0,0.01774562483302472,1.3741230920430934e-05
alignment_1.2,510,5.1000000000000005,0.015368211223873421,195.06355169190775,800,8.0,0.01774562483302472,1.371417751567614e-05
alignment_1.2,511,5.11,0.015385966110569707,190.38138845659645,800,8.0,0.01774562483302472,1.3685967593621844e-05
alignment_1.2,512,5.12,0.015403988627427975,185.77876873015543,800,8.0,0.01774562483302472,1.3656917082040655e-05
alignment_1.2,513,5.13,0.015422275729833181,181.2541280828379,800,8.0,0.01774562483302472,1.3627405011033575e-05
alignment_1.2,514,5.14,0.01544082429210506,176.80523082922977,800,8.0,0.01774562483302472,1.3597877292186817e-05
alignment_1.2,515,5.15,0.015459631107452354,172.4290495094715,800,8.0,0.01774562483302472,1.3568848008878253e-05
alignment_1.2,516,5.16,0.015478692887934895,168.12164794346023,800,8.0,0.01774562483302472,1.3540897598651718e-05
alignment_1.2,517,5.17,0.015498006264417283,163.8780772948958,800,8.0,0.01774562483302472,1.3514666666332725e-05
alignment_1.2,518,5.18,0.015517567786505638,159.69229768206887,800,8.0,0.01774562483302472,1.3490843376982055e-05
alignment_1.2,519,5.19,0.015537373922581709,155.5571416493277,800,8.0,0.01774562483302472,1.347014361908381e-05
alignment_1.2,520,5.2,0.015557421059811038,151.46433898556066,800,8.0,0.01774562483302472,1.345328319492879e-05
alignment_1.2,521,5.21,0.015577705504144647,147.40462418856265,800,8.0,0.01774562483302472,1.3440940188039161e-05
alignment_1.2,522,5.22,0.015598223480363684,143.36794854396635,800,8.0,0.01774562483302472,1.3433707656139845e-05
alignment_1.2,523,5.23,0.015618971132161116,139.34381625232433,800,8.0,0.01774562483302472,1.3432037950664771e-05
alignment_1.2,524,5.24,0.015639944522229603,135.32175695960964,800,8.0,0.01774562483302472,1.3436181342794134e-05
alignment_1.2,525,5.25,0.01566113963233203,131.29193397097947,800,8.0,0.01774562483302472,1.3446124058424495e-05
alignment_1.2,526,5.26,0.01568255236348076,127.24586762285011,800,8.0,0.01774562483302472,1.3461534343539604e-05
alignment_1.2,527,5.2700000000000005,0.01570417853609568,123.1772260140208,800,8.0,0.01774562483302472,1.3481728146908171e-05
alignment_1.2,528,5.28,0.015726013890186876,119.08260174122715,800,8.0,0.01774562483302472,1.3505670099579038e-05
alignment_1.2,529,5.29,0.015748054085595767,114.96215712653385,800,8.0,0.01774562483302472,1.353202822899991e-05
alignment_1.2,530,5.3,0.015770294702257832,110.8199871673686,800,8.0,0.01774562483302472,1.3559302017878792e-05
alignment_1.2,531,5.3100000000000005,0.01579273124047243,106.66402867289902,800,8.0,0.01774562483302472,1.3586041135596152e-05
alignment_1.2,532,5.32,0.015815359121268243,102.50534793033044,800,8.0,0.01774562483302472,1.361116269667692e-05
alignment_1.2,533,5.33,0.01583817368675677,98.35667927766069,800,8.0,0.01774562483302472,1.36343579605218e-05
alignment_1.2,534,5.34,0.015861170200543225,94.23017715323549,800,8.0,0.01774562483302472,1.3656551661286797e-05
alignment_1.2,535,5.3500000000000005,0.015884343848203586,90.13448740924298,800,8.0,0.01774562483302472,1.3680343517589861e-05
alignment_1.2,536,5.36,0.015907689737759374,86.07143490414887,800,8.0,0.01774562483302472,1.371032510111095e-05
alignment_1.2,537,5.37,0.015931202900217795,82.03284212332598,800,8.0,0.01774562483302472,1.375314776104656e-05
alignment_1.2,538,5.38,0.01595487829019203,77.99819161490102,800,8.0,0.01774562483302472,1.3817231963211324e-05
alignment_1.2,539,5.39,0.015978710786516564,73.93396107716528,800,8.0,0.01774562483302472,1.3912064837192955e-05
alignment_1.2,540,5.4,0.016002695192953706,69.79541841457842,800,8.0,0.01774562483302472,1.404713740818119e-05
alignment_1.2,541,5.41,0.01602682623894915,65.53139628284463,800,8.0,0.01774562483302472,1.4230678482406482e-05
alignment_1.2,542,5.42,0.016051098580391023,61.09204807245174,800,8.0,0.01774562483302472,1.4468437631650527e-05
alignment_1.2,543,5.43,0.01607550680050988,56.43886175584858,800,8.0,0.01774562483302472,1.4762753408708227e-05
alignment_1.2,544,5.44,0.016100045410768198,51.5554269093933,800,8.0,0.01774562483302472,1.5112085515564421e-05
alignment_1.2,545,5.45,0.016124708851840804,46.45682785283632,800,8.0,0.01774562483302472,1.5511065872171068e-05
alignment_1.2,546,5.46,0.016149491494645396,41.19532658574201,800,8.0,0.01774562483302472,1.595098476461313e-05
alignment_1.2,547,5.47,0.01617438764142802,35.86038805569164,800,8.0,0.01774562483302472,1.6420524885377284e-05
alignment_1.2,548,5.48,0.016199391526930482,30.572112959989322,800,8.0,0.01774562483302472,1.6906648866992563e-05
alignment_1.2,549,5.49,0.016224497319618274,25.468588097861744,800,8.0,0.01774562483302472,1.739541335752893e-05
alignment_1.2,550,5.5,0.01624969912295236,20.68918755258079,800,8.0,0.01774562483302472,1.7872723671880143e-05
alignment_1.2,551,5.51,0.01627499097677126,16.35696970450545,800,8.0,0.01774562483302472,1.8324966317090265e-05
alignment_1.2,552,5.5200000000000005,0.016300366858677865,12.563653447677673,800,8.0,0.01774562483302472,1.873956076681865e-05
alignment_1.2,553,5.53,0.01632582068553932,9.360061493244087,800,8.0,0.01774562483302472,1.910557331334783e-05
alignment_1.2,554,5.54,0.016351346315109958,6.753555854349483,800,8.0,0.01774562483302472,1.941434370756183e-05
alignment_1.2,555,5.55,0.016376937547582023,4.712294606405831,800,8.0,0.01774562483302472,1.966044244275107e-05
alignment_1.2,556,5.5600000000000005,0.016402588127357356,3.174630353098996,800,8.0,0.01774562483302472,1.9843183014476864e-05
alignment_1.2,557,5.57,0.016428291744767738,2.0610887655748846,800,8.0,0.01774562483302472,1.99689913664575e-05
alignment_1.2,558,5.58,0.016454042037986557,1.286281335713376,800,8.0,0.01774562483302472,2.0055678837477153e-05
alignment_1.2,559,5.59,0.016479832594935163,0.7687068299613438,800,8.0,0.01774562483302472,1.5480987804406516e-05
alignment_1.2,560,5.6000000000000005,0.016505656955277212,0.43738554432683724,800,8.0,0.01774562483302472,8.869579556860237e-06
alignment_1.2,561,5.61,0.016531508612514997,0.2353387126282714,800,8.0,0.01774562483302472,4.830246819947818e-06
alignment_1.2,562,5.62,0.01655738101608075,0.1210362360280408,800,8.0,0.01774562483302472,2.48158585333514e-06
alignment_1.2,563,5.63,0.016583267573691593,0.08301517194548355,709,7.09,0.018002663398738655,1.1866028224155127e-06
alignment_1.2,564,5.64,0.016609161653528777,0.08335654031303832,711,7.11,0.017986783382428803,5.151169636587696e-07
alignment_1.2,565,5.65,0.016635056586690216,0.0834403505682319,712,7.12,0.017978794576783662,1.968800486576698e-07
alignment_1.2,566,5.66,0.016660945669598033,0.08337393135866884,714,7.140000000000001,0.017962751221474393,8.123869027871115e-08
alignment_1.2,567,5.67,0.016686822166583192,0.08322792729256008,715,7.15,0.017954709306009564,6.939046133297948e-08
alignment_1.2,568,5.68,0.01671267931244799,0.08304330310963592,716,7.16,0.017946662256655792,6.852539098836332e-08
alignment_1.2,569,5.69,0.016738510315165208,0.08284282889686555,717,7.17,0.01793861628969029,6.16236344816021e-08
alignment_1.2,570,5.7,0.01676430835861941,0.08263792183452763,718,7.18,0.01793057757684216,5.2738419724998406e-08
alignment_1.2,571,5.71,0.016790066605446637,0.08243379600796517,719,7.19,0.017922552243060413,4.4650905258449763e-08
alignment_1.2,572,5.72,0.01681577819992143,0.0822324988932343,720,7.2,0.017914546364353908,3.822489392467563e-08
alignment_1.2,573,5.73,0.016841436270924406,0.08203458350284461,721,7.21,0.01790656596570312,3.3403589281341276e-08
alignment_1.2,574,5.74,0.01686703393498841,0.08183997334653033,722,7.22,0.017898617019043418,2.9838637996877516e-08
alignment_1.2,575,5.75,0.0168925642993935,0.08164838027828161,723,7.23,0.017890705441319647,2.7170709553870145e-08
alignment_1.2,576,5.76,0.0169180204653438,0.0814594888966856,724,7.24,0.017882837092609506,2.5118860316312328e-08
alignment_1.2,577,5.7700000000000005,0.016943395531196868,0.08127302637209004,725,7.25,0.01787501777431549,2.3487889239868775e-08
alignment_1.2,578,5.78,0.016968682595776902,0.08108878019270772,726,7.26,0.01786725322743675,2.215011527982987e-08
alignment_1.2,579,5.79,0.016993874761734033,0.08090659477885706,727,7.2700000000000005,0.017859549130898978,2.1024835455908577e-08
alignment_1.2,580,5.8,0.0170189651389339,0.08072636131297223,728,7.28,0.01785191109995518,2.0062257580855835e-08
alignment_1.2,581,5.8100000000000005,0.017043946847970524,0.0805480067758819,729,7.29,0.017844344684653752,1.9232271637538032e-08
alignment_1.2,582,5.82,0.017068813023681084,0.08037148427349751,730,7.3,0.017836855368372716,1.8516966936560024e-08
alignment_1.2,583,5.83,0.017093556818733542,0.0801967650647936,731,7.3100000000000005,0.017829448566419086,1.7905507696768862e-08
alignment_1.2,584,5.84,0.017118171407241034,0.08002383212281862,732,7.32,0.017822129624692255,1.739048711166976e-08
alignment_1.2,585,5.8500000000000005,0.017142649988456,0.0798526749782525,733,7.33,0.017814903818410326,1.6965147118683597e-08
alignment_1.2,586,5.86,0.017166985790487897,0.07968328570869937,734,7.34,0.017807776350898204,1.6621183985005118e-08
alignment_1.2,587,5.87,0.01719117207406734,0.07951565608199644,735,7.3500000000000005,0.017800752352436437,1.6347080784458808e-08
alignment_1.2,588,5.88,0.01721520213632285,0.07934977594549593,736,7.36,0.01779383687916949,1.6127185669841942e-08
alignment_1.2,589,5.89,0.017239069314636916,0.07918563292897823,737,7.37,0.017787034912072366,1.5941859600656463e-08
alignment_1.2,590,5.9,0.017262766990489894,0.0790232133958086,738,7.38,0.017780351355974385,1.576893346226117e-08
alignment_1.2,591,5.91,0.017286288593376675,0.07886250437664878,739,7.390000000000001,0.017773791038638905,1.558630929875259e-08
alignment_1.2,592,5.92,0.017309627604665458,0.07870349602471755,740,7.4,0.017767358709897825,1.5375079937715202e-08
alignment_1.2,593,5.93,0.01733277756157685,0.07854618401645865,741,7.41,0.017761059040837312,1.5122254173161132e-08
alignment_1.2,594,5.94,0.017355732061097588,0.07839086657085366,743,7.43,0.017748875967828887,1.4822275563941039e-08
alignment_1.2,595,5.95,0.017378484763950187,0.0782373106815905,744,7.44,0.01774300150570089,1.447694148676437e-08
alignment_1.2,596,5.96,0.017401029398562088,0.07808548730160107,745,7.45,0.017737277585610257,1.4093869454397718e-08
alignment_1.2,597,5.97,0.01742335976499362,0.07793542182276275,746,7.46,0.01773170847444825,1.3684053573478678e-08
alignment_1.2,598,5.98,0.017445469738937784,0.07778714378321058,747,7.47,0.01772629835650655,1.3259217125130238e-08
alignment_1.2,599,5.99,0.017467353275659032,0.07764068431557004,748,7.48,0.01772105133299332,1.2829602072448533e-08
alignment_1.2,600,6.0,0.017489004413953277,0.0774960737722607,749,7.49,0.01771597142159025,1.2402552079436885e-08
alignment_1.2,601,6.01,0.017510417280046552,0.07735333989105322,750,7.5,0.017711062556049352,1.1982004433431678e-08
alignment_1.2,602,6.0200000000000005,0.017531586091496843,0.07721250670279942,751,7.51,0.01770632858582798,1.1568755919359816e-08
alignment_1.2,603,6.03,0.017552505161152088,0.07707359421348592,752,7.5200000000000005,0.01770177327576075,1.1161236645428585e-08
alignment_1.2,604,6.04,0.017573168900935927,0.07693661875343587,753,7.53,0.017697400305767105,1.0756527513908747e-08
alignment_1.2,605,6.05,0.017593571825673917,0.07680159379872818,754,7.54,0.017693213270593137,1.0351353581534137e-08
alignment_1.2,606,6.0600000000000005,0.01761370855689876,0.07666853104011379,755,7.55,0.01768921567958651,9.942891990971053e-09
alignment_1.2,607,6.07,0.017633573826562447,0.07653744149188679,756,7.5600000000000005,0.017685410956503167,9.52931214442741e-09
alignment_1.2,608,6.08,0.01765316248073974,0.07640833648055426,757,7.57,0.017681802439344793,9.110025233643561e-09
alignment_1.2,609,6.09,0.01767246948326861,0.07628122841268482,758,7.58,0.017678393380222153,8.685688043829457e-09
alignment_1.2,610,6.1000000000000005,0.017691489919306497,0.0761561312751358,759,7.59,0.017675186945236183,8.258027745728355e-09
alignment_1.2,611,6.11,0.01771021899886226,0.07603306088448589,760,7.6000000000000005,0.017672186214404643,7.829556969494461e-09
alignment_1.2,612,6.12,0.01772865206022613,0.07591235567556809,762,7.62,0.017666813754506773,7.403256629720509e-09
alignment_1.2,613,6.13,0.017746784573348294,0.07579389022013447,763,7.63,0.01766444775462423,6.982267632951794e-09
alignment_1.2,614,6.140000000000001,0.01776461214314805,0.07567751975892205,764,7.640000000000001,0.017662298917257308,6.569634692578969e-09
alignment_1.2,615,6.15,0.01778213051270624,0.0755632668257216,765,7.65,0.01766036989155006,6.168110594871252e-09
alignment_1.2,616,6.16,0.017799335566409683,0.07545115480436478,766,7.66,0.01765866324052751,5.780028699152091e-09
alignment_1.2,617,6.17,0.017816223332980576,0.07534120760941904,767,7.67,0.01765718144115591,5.407236669104786e-09
alignment_1.2,618,6.18,0.01783278998841362,0.07523344940729909,768,7.68,0.01765592688441919,5.051079721085891e-09
alignment_1.2,619,6.19,0.017849031858841125,0.07512790438897128,769,7.69,0.017654901875410547,4.712421981412368e-09
alignment_1.2,620,6.2,0.017864945423251146,0.07502459659745989,770,7.7,0.017654108633438564,4.411889339428934e-09
alignment_1.2,621,6.21,0.017880527316130445,0.07492354980748415,771,7.71,0.017653549292147065,4.27792384975601e-09
alignment_1.2,622,6.22,0.0178957743299921,0.07482478745124227,772,7.72,0.017653225899648108,4.146332830043095e-09
alignment_1.2,623,6.23,0.01791068341777203,0.07472833258425016,773,7.73,0.017653140418666915,4.017190709903168e-09
alignment_1.2,624,6.24,0.017925251695114826,0.07463444640132465,775,7.75,0.017653690616075725,3.8906159490238896e-09
alignment_1.2,625,6.25,0.017939476442568516,0.07454335959825581,776,7.76,0.017654329794334712,3.766704712321474e-09
alignment_1.2,626,6.26,0.01795335510760269,0.07445466544395817,777,7.7700000000000005,0.01765521388419101,3.6455322724019347e-09
alignment_1.2,627,6.2700000000000005,0.017966885306528887,0.074368386200704,778,7.78,0.01765634442382369,3.5271794773951875e-09
alignment_1.2,628,6.28,0.01798006482629168,0.07428454385484362,779,7.79,0.017657722867044062,3.4116858790786508e-09
alignment_1.2,629,6.29,0.017992891626119487,0.07420316015576017,780,7.8,0.01765935058348781,3.2990419201638265e-09
alignment_1.2,630,6.3,0.01800536383903193,0.07412425665034497,781,7.8100000000000005,0.017661228858810395,3.1892606252594014e-09
alignment_1.2,631,6.3100000000000005,0.018017479773215755,0.07404785471061753,782,7.82,0.017663358894886096,3.0823433020705875e-09
alignment_1.2,632,6.32,0.018029237913279664,0.07397397555291013,783,7.83,0.017665741810010453,2.978281255866751e-09
alignment_1.2,633,6.33,0.018040636921338095,0.07390311248210092,785,7.8500000000000005,0.017671270333934737,2.877056632809311e-09
alignment_1.2,634,6.34,0.018051675637957225,0.07383523619252447,786,7.86,0.01767441776330731,2.778644216572318e-09
alignment_1.2,635,6.3500000000000005,0.01806235308296759,0.0737699688716702,787,7.87,0.017677821713306518,2.683011650587322e-09
alignment_1.2,636,6.36,0.01807266845612348,0.07370733157514199,788,7.88,0.017681482887501813,2.5901215363407176e-09
alignment_1.2,637,6.37,0.018082621137615256,0.07364734511312288,789,7.890000000000001,0.01768540190712482,2.499930992236487e-09
alignment_1.2,638,6.38,0.01809221068843247,0.073590030007967,790,7.9,0.017689579311309343,2.412393709337104e-09
alignment_1.2,639,6.390000000000001,0.018101436850578544,0.07353540643046858,791,7.91,0.017694015557299148,2.327459613078468e-09
alignment_1.2,640,6.4,0.018110299547137894,0.07348428085542986,793,7.930000000000001,0.017703665995494663,2.24510937916592e-09
alignment_1.2,641,6.41,0.018118798882196977,0.07343619081392046,794,7.94,0.017708880694646316,2.165266803312909e-09
alignment_1.2,642,6.42,0.01812693514060854,0.07339087599939505,795,7.95,0.01771435524990995,2.087866583623526e-09
alignment_1.2,643,6.43,0.01813470878761505,0.0733483544944599,796,7.96,0.017720089712234533,2.0128506884235655e-09
alignment_1.2,644,6.44,0.018142120468324092,0.07330864348085193,797,7.97,0.017726084051928045,1.9401601219888443e-09
alignment_1.2,645,6.45,0.018149171007025747,0.07327195529542521,799,7.99,0.017738851842685376,1.8697353985329683e-09
alignment_1.2,646,6.46,0.01815586140637223,0.07323918150691368,800,8.0,0.01774562483302472,1.8015169615613335e-09
alignment_1.2,647,6.47,0.018162192846418086,0.0732065486525494,800,8.0,0.01774562483302472,1.7354452254577696e-09
alignment_1.2,648,6.48,0.018168166683518453,0.07316797084212455,800,8.0,0.01774562483302472,1.6714700572065348e-09
alignment_1.2,649,6.49,0.018173784449083182,0.07312343701445508,800,8.0,0.01774562483302472,1.6095777822940812e-09
alignment_1.2,650,6.5,0.018179047848184648,0.07307293545972622,800,8.0,0.01774562483302472,1.5496563903376624e-09
alignment_1.2,651,6.51,0.018183958758017316,0.07301645382916008,800,8.0,0.01774562483302472,1.4916481635006488e-09
alignment_1.2,652,6.5200000000000005,0.01818851922622245,0.07295397914884627,800,8.0,0.01774562483302472,1.435496481976594e-09
alignment_1.2,653,6.53,0.01819273146915433,0.07288549783716712,800,8.0,0.01774562483302472,1.381145738695479e-09
alignment_1.2,654,6.54,0.018196597869890155,0.07281099572586432,800,8.0,0.01774562483302472,1.3285415235941297e-09
alignment_1.2,655,6.55,0.018200120976252662,0.07273045808401762,800,8.0,0.01774562483302472,1.2776563147410027e-09
alignment_1.2,656,6.5600000000000005,0.018203303498614647,0.0726438696449523,800,8.0,0.01774562483302472,1.2284500287149523e-09
alignment_1.2,657,6.57,0.01820614830758266,0.07255121463598138,800,8.0,0.01774562483302472,1.1808330227164677e-09
alignment_1.2,658,6.58,0.018208658431579147,0.07245247681068866,800,8.0,0.01774562483302472,1.1347557154402015e-09
alignment_1.2,659,6.59,0.01821083705432295,0.07234763948348581,800,8.0,0.01774562483302472,1.0901700276483992e-09
alignment_1.2,660,6.6000000000000005,0.01821268751220788,0.07223668556623013,800,8.0,0.01774562483302472,1.0470291662239245e-09
alignment_1.2,661,6.61,0.0182142132915794,0.07211959760675289,800,8.0,0.01774562483302472,1.0052876807028125e-09
alignment_1.2,662,6.62,0.018215418025909372,0.07199635782919002,800,8.0,0.01774562483302472,9.649366351785277e-10
alignment_1.2,663,6.63,0.018216305492868956,0.0718669481760449,800,8.0,0.01774562483302472,9.259180642037649e-10
alignment_1.2,664,6.640000000000001,0.01821687961129964,0.07173135035193777,800,8.0,0.01774562483302472,9.052918609768329e-10
alignment_1.2,665,6.65,0.018217144438082727,0.07158954586901671,800,8.0,0.01774562483302472,9.397492061851501e-10
alignment_1.2,666,6.66,0.01821710416490732,0.07144151609401347,800,8.0,0.01774562483302472,9.733774449542367e-10
alignment_1.2,667,6.67,0.01821676311493712,0.07128724229693197,800,8.0,0.01774562483302472,1.0061448036578174e-09
alignment_1.2,668,6.68,0.018216125739376293,0.07112670570096284,800,8.0,0.01774562483302472,1.038030694693545e-09
alignment_1.2,669,6.69,0.018215196614196204,0.0709598875327189,800,8.0,0.01774562483302472,1.069022747208236e-09
alignment_1.2,670,6.7,0.018213980436834334,0.07078676907324455,800,8.0,0.01774562483302472,1.0991153048195748e-09
alignment_1.2,671,6.71,0.01821248202228764,0.07060733171067961,800,8.0,0.01774562483302472,1.1283069109425147e-09
alignment_1.2,672,6.72,0.018210706299635573,0.07042155699379092,800,8.0,0.01774562483302472,1.1566006535287539e-09
alignment_1.2,673,6.73,0.018208658308355507,0.07022942668591764,800,8.0,0.01774562483302472,1.1840018692489977e-09
alignment_1.2,674,6.74,0.018206343194595923,0.07003092281959507,800,8.0,0.01774562483302472,1.210518582467274e-09
alignment_1.2,675,6.75,0.01820376620741178,0.06982602775163017,800,8.0,0.01774562483302472,1.2361603203045538e-09
alignment_1.2,676,6.76,0.01820093269496533,0.06961472421848211,800,8.0,0.01774562483302472,1.2609379402620762e-09
alignment_1.2,677,6.7700000000000005,0.018197848100695913,0.06939699539180647,800,8.0,0.01774562483302472,1.2848633792018729e-09
alignment_1.2,678,6.78,0.018194517959461847,0.06917282493403304,800,8.0,0.01774562483302472,1.307949139579494e-09
alignment_1.2,679,6.79,0.018190947893657786,0.06894219705384771,800,8.0,0.01774562483302472,1.330208238737449e-09
alignment_1.2,680,6.8,0.0181871436093107,0.06870509656146058,800,8.0,0.01774562483302472,1.3516541434442022e-09
alignment_1.2,681,6.8100000000000005,0.018183110892157493,0.06846150892353851,800,8.0,0.01774562483302472,1.3723003056198907e-09
alignment_1.2,682,6.82,0.018178855603707463,0.06821142031769252,800,8.0,0.01774562483302472,1.3921602853876667e-09
alignment_1.2,683,6.83,0.01817438367729241,0.06795481768640582,800,8.0,0.01774562483302472,1.4112477587519063e-09
alignment_1.2,684,6.84,0.018169701114107293,0.06769168879029666,800,8.0,0.01774562483302472,1.4295761844111287e-09
alignment_1.2,685,6.8500000000000005,0.018164813979244288,0.0674220222606039,800,8.0,0.01774562483302472,1.4471589568340945e-09
alignment_1.2,686,6.86,0.018159728397725925,0.0671458076505124,800,8.0,0.01774562483302472,1.464009323131139e-09
alignment_1.2,687,6.87,0.018154450550710112,0.06686303548516802,800,8.0,0.01774562483302472,1.4801400841330248e-09
alignment_1.2,688,6.88,0.018148986671541134,0.06657369731041599,800,8.0,0.01774562483302472,1.4955643393990296e-09
alignment_1.2,689,6.890000000000001,0.0181433430417829,0.06627778574042921,800,8.0,0.01774562483302472,1.5102943713434447e-09
alignment_1.2,690,6.9,0.01813752598737906,0.06597529450386667,800,8.0,0.01774562483302472,1.5243423197393508e-09
alignment_1.2,691,6.91,0.01813154187479849,0.06566621848834386,800,8.0,0.01774562483302472,1.5377203461657005e-09
alignment_1.2,692,6.92,0.018125397107210523,0.0653505537832559,800,8.0,0.01774562483302472,1.5504398294096932e-09
alignment_1.2,693,6.93,0.018119098120692873,0.06502829772082488,800,8.0,0.01774562483302472,1.5625121669172157e-09
alignment_1.2,694,6.94,0.018112651380475284,0.06469944891528173,800,8.0,0.01774562483302472,1.573948352848454e-09
alignment_1.2,695,6.95,0.018106063377221607,0.06436400730010426,800,8.0,0.01774562483302472,1.5847590621960882e-09
alignment_1.2,696,6.96,0.018099340623352982,0.06402197416323953,800,8.0,0.01774562483302472,1.5949546408822766e-09
alignment_1.2,697,6.97,0.01809248964941467,0.06367335218025204,800,8.0,0.01774562483302472,1.6045451492165869e-09
alignment_1.2,698,6.98,0.018085517000488927,0.06331814544534684,800,8.0,0.01774562483302472,1.61354034337174e-09
alignment_1.2,699,6.99,0.01807842923265608,0.06295635950022442,800,8.0,0.01774562483302472,1.6219497005342248e-09
alignment_1.2,700,7.0,0.018071232909506137,0.06258800136073826,800,8.0,0.01774562483302472,1.6297822420980603e-09
alignment_1.2,701,7.01,0.018063934598702706,0.06221307954132974,800,8.0,0.01774562483302472,1.6370468365888437e-09
alignment_1.2,702,7.0200000000000005,0.018056540868601208,0.06183160407722769,800,8.0,0.01774562483302472,1.6437520146855252e-09
alignment_1.2,703,7.03,0.018049058284923095,0.06144358654439444,800,8.0,0.01774562483302472,1.6499059579346054e-09
alignment_1.2,704,7.04,0.01804149340749507,0.06104904007716941,800,8.0,0.01774562483302472,1.6555166513077645e-09
alignment_1.2,705,7.05,0.018033852787077198,0.06064797938366308,800,8.0,0.01774562483302472,1.6605918150000613e-09
alignment_1.2,706,7.0600000000000005,0.018026142962200356,0.06024042075885039,800,8.0,0.01774562483302472,1.6651387864578386e-09
alignment_1.2,707,7.07,0.018018370456101048,0.05982638209554479,800,8.0,0.01774562483302472,1.6691646863348194e-09
alignment_1.2,708,7.08,0.01801054177371535,0.059405882893130986,800,8.0,0.01774562483302472,1.6726764174487436e-09
alignment_1.2,709,7.09,0.018002663398738655,0.05897894426414241,800,8.0,0.01774562483302472,1.6756805931780627e-09
alignment_1.2,710,7.1000000000000005,0.01799474179075386,0.05854558893872393,800,8.0,0.01774562483302472,1.678183435135832e-09
alignment_1.2,711,7.11,0.017986783382428803,0.05810584126702352,800,8.0,0.01774562483302472,1.6801912571688166e-09
alignment_1.2,712,7.12,0.017978794576783662,0.05765972721956235,800,8.0,0.01774562483302472,1.6817097853682333e-09
alignment_1.2,713,7.13,0.017970781744528933,0.05720727438564202,800,8.0,0.01774562483302472,1.6827447492675016e-09
alignment_1.2,714,7.140000000000001,0.017962751221474393,0.056748511969845934,800,8.0,0.01774562483302472,1.6833015550358322e-09
alignment_1.2,715,7.15,0.017954709306009564,0.056283470786702365,800,8.0,0.01774562483302472,1.6833853194092832e-09
alignment_1.2,716,7.16,0.017946662256655792,0.055812183253573816,800,8.0,0.01774562483302472,1.6830011628810594e-09
alignment_1.2,717,7.17,0.01793861628969029,0.05533468338184646,800,8.0,0.01774562483302472,1.6821538356913899e-09
alignment_1.2,718,7.18,0.01793057757684216,0.05485100676649001,800,8.0,0.01774562483302472,1.6808478472726467e-09
alignment_1.2,719,7.19,0.017922552243060413,0.054361190574064196,800,8.0,0.01774562483302472,1.679087603092846e-09
alignment_1.2,720,7.2,0.017914546364353908,0.053865273529248296,800,8.0,0.01774562483302472,1.6768772589295041e-09
alignment_1.2,721,7.21,0.01790656596570312,0.053363295899969715,800,8.0,0.01774562483302472,1.6742209191824209e-09
alignment_1.2,722,7.22,0.017898617019043418,0.05285529948121049,800,8.0,0.01774562483302472,1.6711223245821801e-09
alignment_1.2,723,7.23,0.017890705441319647,0.05234132757756942,800,8.0,0.01774562483302472,1.6675850767628072e-09
alignment_1.2,724,7.24,0.017882837092609506,0.05182142498466166,800,8.0,0.01774562483302472,1.6636126707318858e-09
alignment_1.2,725,7.25,0.01787501777431549,0.05129563796941884,800,8.0,0.01774562483302472,1.6592083743158244e-09
alignment_1.2,726,7.26,0.01786725322743675,0.050764014249316154,800,8.0,0.01774562483302472,1.6543752661196654e-09
alignment_1.2,727,7.2700000000000005,0.017859549130898978,0.05022660297071106,800,8.0,0.01774562483302472,1.6491162979595504e-09
alignment_1.2,728,7.28,0.01785191109995518,0.0496834546863047,800,8.0,0.01774562483302472,1.6434342832183679e-09
alignment_1.2,729,7.29,0.017844344684653752,0.04913462133179704,800,8.0,0.01774562483302472,1.6373317223522967e-09
alignment_1.2,730,7.3,0.017836855368372716,0.0485801562018118,800,8.0,0.01774562483302472,1.630811112876767e-09
alignment_1.2,731,7.3100000000000005,0.017829448566419086,0.048020113925158495,800,8.0,0.01774562483302472,1.6238747332366182e-09
alignment_1.2,732,7.32,0.017822129624692255,0.04745455043949751,800,8.0,0.01774562483302472,1.6165246800970346e-09
alignment_1.2,733,7.33,0.017814903818410326,0.04688352296547103,800,8.0,0.01774562483302472,1.6087628746376126e-09
alignment_1.2,734,7.34,0.017807776350898204,0.04630708998036111,800,8.0,0.01774562483302472,1.600591107019182e-09
alignment_1.2,735,7.3500000000000005,0.017800752352436437,0.04572531119133343,800,8.0,0.01774562483302472,1.5920109973205884e-09
alignment_1.2,736,7.36,0.01779383687916949,0.04513824750832274,800,8.0,0.01774562483302472,1.5830239783015113e-09
alignment_1.2,737,7.37,0.017787034912072366,0.04454596101661244,800,8.0,0.01774562483302472,1.5736312976127593e-09
alignment_1.2,738,7.38,0.017780351355974385,0.0439485149491612,800,8.0,0.01774562483302472,1.5638341117030661e-09
alignment_1.2,739,7.390000000000001,0.017773791038638905,0.04334597365872351,800,8.0,0.01774562483302472,1.5536332896444506e-09
alignment_1.2,740,7.4,0.017767358709897825,0.042738402589811555,800,8.0,0.01774562483302472,1.543029613895667e-09
alignment_1.2,741,7.41,0.017761059040837312,0.04212586825054513,800,8.0,0.01774562483302472,1.5320236096462883e-09
alignment_1.2,742,7.42,0.017754896623029974,0.04150843818442872,800,8.0,0.01774562483302472,1.5206156585846112e-09
alignment_1.2,743,7.43,0.017748875967828887,0.04088618094208047,800,8.0,0.01774562483302472,1.50880592210527e-09
alignment_1.2,744,7.44,0.01774300150570089,0.04025916605296816,800,8.0,0.01774562483302472,1.4965943754285125e-09
alignment_1.2,745,7.45,0.017737277585610257,0.03962746399717965,800,8.0,0.01774562483302472,1.4839807871554873e-09
alignment_1.2,746,7.46,0.01773170847444825,0.038991146177255534,800,8.0,0.01774562483302472,1.4709646953733767e-09
alignment_1.2,747,7.47,0.01772629835650655,0.038350284890116694,800,8.0,0.01774562483302472,1.4575454020311993e-09
alignment_1.2,748,7.48,0.01772105133299332,0.03770495329911276,800,8.0,0.01774562483302472,1.4437220189952665e-09
alignment_1.2,749,7.49,0.01771597142159025,0.0370552254062169,800,8.0,0.01774562483302472,1.429493401788541e-09
alignment_1.2,750,7.5,0.017711062556049352,0.03640117602438866,800,8.0,0.01774562483302472,1.4148580909724924e-09
alignment_1.2,751,7.51,0.01770632858582798,0.03574288075012816,800,8.0,0.01774562483302472,1.3998144493960795e-09
alignment_1.2,752,7.5200000000000005,0.01770177327576075,0.03508041593623771,800,8.0,0.01774562483302472,1.3843605176935241e-09
alignment_1.2,753,7.53,0.017697400305767105,0.03441385866481126,800,8.0,0.01774562483302472,1.3684940715110396e-09
alignment_1.2,754,7.54,0.017693213270593137,0.03374328672046425,800,8.0,0.01774562483302472,1.35221253088308e-09
alignment_1.2,755,7.55,0.01768921567958651,0.03306877856382031,800,8.0,0.01774562483302472,1.3355130740853047e-09
alignment_1.2,756,7.5600000000000005,0.017685410956503167,0.0323904133052658,800,8.0,0.01774562483302472,1.3183924915620164e-09
alignment_1.2,757,7.57,0.017681802439344793,0.03170827067898423,800,8.0,0.01774562483302472,1.300847234349165e-09
alignment_1.2,758,7.58,0.017678393380222153,0.031022431017282897,800,8.0,0.01774562483302472,1.282873421936008e-09
alignment_1.2,759,7.59,0.017675186945236183,0.030332975225220424,800,8.0,0.01774562483302472,1.2644667541807715e-09
alignment_1.2,760,7.6000000000000005,0.017672186214404643,0.029639984755533942,800,8.0,0.01774562483302472,1.2456225478674757e-09
alignment_1.2,761,7.61,0.017669394181598422,0.02894354158388287,800,8.0,0.01774562483302472,1.2263356980609005e-09
alignment_1.2,762,7.62,0.017666813754506773,0.028243728184408578,800,8.0,0.01774562483302472,1.2066006490025765e-09
alignment_1.2,763,7.63,0.01766444775462423,0.027540627505616096,800,8.0,0.01774562483302472,1.1864113872470995e-09
alignment_1.2,764,7.640000000000001,0.017662298917257308,0.02683432294658076,800,8.0,0.01774562483302472,1.1657614090745574e-09
alignment_1.2,765,7.65,0.01766036989155006,0.026124898333483974,800,8.0,0.01774562483302472,1.1446437120168527e-09
alignment_1.2,766,7.66,0.01765866324052751,0.025412437896478256,800,8.0,0.01774562483302472,1.1230507404113296e-09
alignment_1.2,767,7.67,0.01765718144115591,0.02469702624688384,800,8.0,0.01774562483302472,1.1009743810397133e-09
alignment_1.2,768,7.68,0.01765592688441919,0.023978748354716414,800,8.0,0.01774562483302472,1.0784059482760803e-09
alignment_1.2,769,7.69,0.017654901875410547,0.023257689526545885,800,8.0,0.01774562483302472,1.0553361151413695e-09
alignment_1.2,770,7.7,0.017654108633438564,0.022533935383686,800,8.0,0.01774562483302472,1.0317549251846443e-09
alignment_1.2,771,7.71,0.017653549292147065,0.0218075718407122,800,8.0,0.01774562483302472,1.0076517319680477e-09
alignment_1.2,772,7.72,0.017653225899648108,0.021078685084307797,800,8.0,0.01774562483302472,9.83015174443044e-10
alignment_1.2,773,7.73,0.017653140418666915,0.020347361552437153,800,8.0,0.01774562483302472,9.578331569706572e-10
alignment_1.2,774,7.74,0.017653294726678693,0.019613687913845355,800,8.0,0.01774562483302472,9.320927992923053e-10
alignment_1.2,775,7.75,0.017653690616075725,0.0188777510478756,800,8.0,0.01774562483302472,9.057803990267392e-10
alignment_1.2,776,7.76,0.017654329794334712,0.01813963802460678,800,8.0,0.01774562483302472,8.788813936762838e-10
alignment_1.2,777,7.7700000000000005,0.01765521388419101,0.017399436085305864,800,8.0,0.01774562483302472,8.513803415457863e-10
alignment_1.2,778,7.78,0.01765634442382369,0.016657232623191583,800,8.0,0.01774562483302472,8.232608480196788e-10
alignment_1.2,779,7.79,0.017657722867044062,0.015913115164506907,800,8.0,0.01774562483302472,7.945055490828069e-10
alignment_1.2,780,7.8,0.01765935058348781,0.015167171349898076,800,8.0,0.01774562483302472,7.650960494947941e-10
alignment_1.2,781,7.8100000000000005,0.017661228858810395,0.014419488916095074,800,8.0,0.01774562483302472,7.350128938739972e-10
alignment_1.2,782,7.82,0.017663358894886096,0.013670155677890148,800,8.0,0.01774562483302472,7.042355048644238e-10
alignment_1.2,783,7.83,0.017665741810010453,0.012919259510409342,800,8.0,0.01774562483302472,6.727421400073554e-10
alignment_1.2,784,7.84,0.017668378639106492,0.01216688833167421,800,8.0,0.01774562483302472,6.405098412814233e-10
alignment_1.2,785,7.8500000000000005,0.017671270333934737,0.01141313008544863,800,8.0,0.01774562483302472,6.075143905047407e-10
alignment_1.2,786,7.86,0.01767441776330731,0.010658072724367864,800,8.0,0.01774562483302472,5.737302413794503e-10
alignment_1.2,787,7.87,0.017677821713306518,0.00990180419334533,800,8.0,0.01774562483302472,5.391304806777017e-10
alignment_1.2,788,7.88,0.017681482887501813,0.009144412413257733,800,8.0,0.01774562483302472,5.036867613826225e-10
alignment_1.2,789,7.890000000000001,0.01768540190712482,0.008385985264900973,800,8.0,0.01774562483302472,4.673692495579211e-10
alignment_1.2,790,7.9,0.017689579311309343,0.007626610573208912,800,8.0,0.01774562483302472,4.301465694212056e-10
alignment_1.2,791,7.91,0.017694015557299148,0.006866376091735383,800,8.0,0.01774562483302472,3.9198573936746755e-10
alignment_1.2,792,7.92,0.01769871102066053,0.006105369487396965,800,8.0,0.01774562483302472,3.5285211641397493e-10
alignment_1.2,793,7.930000000000001,0.017703665995494663,0.00534367832547094,800,8.0,0.01774562483302472,3.127093329012692e-10
alignment_1.2,794,7.94,0.017708880694646316,0.004581390054845936,800,8.0,0.01774562483302472,2.7151923804715027e-10
alignment_1.2,795,7.95,0.01771435524990995,0.0038185919935202935,800,8.0,0.01774562483302472,2.292418353122677e-10
alignment_1.2,796,7.96,0.017720089712234533,0.0030553713143454857,800,8.0,0.01774562483302472,1.8583522387373958e-10
alignment_1.2,797,7.97,0.017726084051928045,0.002291815031009967,800,8.0,0.01774562483302472,1.4125553872790538e-10
alignment_1.2,798,7.98,0.017732338158863173,0.001528009984260212,800,8.0,0.01774562483302472,9.545689088879607e-11
alignment_1.2,799,7.99,0.017738851842685376,0.0007640428283535123,800,8.0,0.01774562483302472,4.8391313789949616e-11
alignment_1.2,800,8.0,0.01774562483302472,0.0,800,8.0,0.01774562483302472,0.0
