t,a,rho,rho_dot,Theta,mu,H,H_dot,energy_density,pressure,charge,friedmann_residual,continuity_residual
0.0,1.0,1.0,0.0,0.0,1.1236102527122116,0.6198414963432367,-0.6084337349397589,1.1958333333333333,0.06666666666666665,1.1236102527122116,0.0,-4.440892098500626e-16
0.01,1.006187429572049,0.9999992301276047,-0.00022970945234141991,0.011132616303183627,1.1030106357079963,0.6138685500472537,-0.5863280202162003,1.1728976823442792,0.04373295960433643,1.1236102527122116,-4.440892098500626e-16,-4.440892098500626e-16
0.02,1.0123537760522394,0.9999939399920192,-0.0008992236977148105,0.022062139219621753,1.082988975713409,0.6081115782515248,-0.5652297421778871,1.1510015401160965,0.021850174903019548,1.1236102527122116,-1.4654943925052066e-14,8.881784197001252e-16
0.03,1.0185003341406076,0.9999798735187508,-0.0019804335630562026,0.032794270616502655,1.0635297619590258,0.6025607730167489,-0.5450862396149196,1.1300848976183326,0.0009690495826258916,1.1236102527122116,-1.2034817586936697e-13,4.440892098500626e-16
0.04,1.0246283510368825,0.999953047354078,-0.003446884863394917,0.04333455820322868,1.0446176790650477,0.5972068348237798,-0.5258484370752838,1.110091811081308,-0.01895630415009386,1.1236102527122116,-6.905587213168474e-14,4.440892098500626e-16
0.05,1.0307390283470135,0.9999097348759092,-0.005273667849012254,0.053688397639007415,1.0262376369121728,0.592040938243487,-0.5074705444177142,1.0909700708312697,-0.037968691164512736,1.1236102527122116,-8.659739592076221e-15,4.440892098500626e-16
0.06,1.036833523865241,0.9998464512666286,-0.007437314877292071,0.06386103491523545,1.0083747959560914,0.5870547004649974,-0.489909785052001,1.0726709014146971,-0.05610809743179479,1.1236102527122116,-2.3092638912203256e-14,4.440892098500626e-16
0.07,1.0429129532415777,0.9997599395725213,-0.009915705647216552,0.07385756897074092,0.9910145884269898,0.5822401524111273,-0.47312614980232237,1.0551486896858053,-0.07341192884598641,1.1236102527122116,-1.3722356584366935e-13,-4.440892098500626e-16
0.08,1.0489783915442974,0.9996471576745753,-0.012687979391715638,0.08368295449980324,0.9741427358345923,0.5775897121983663,-0.4570821736971325,1.0383607379214954,-0.08991522749994546,1.1236102527122116,-1.1390888232654106e-13,-2.220446049250313e-16
0.09,1.0550308747257628,0.9995052661057976,-0.015734453477403466,0.09334200491874217,0.9577452631599884,0.5730961607243024,-0.4417427333018283,1.0222670393724604,-0.10565086777116672,1.1236102527122116,1.1102230246251565e-15,0.0
0.1,1.061071400999478,0.9993316166519012,-0.019036547908949663,0.10283939545907486,0.9418085100915632,0.568752619187959,-0.42707486248839066,1.0068300739557654,-0.12064973429235482,1.1236102527122116,-4.374278717023117e-14,-4.440892098500626e-16
0.11,1.0671009321354787,0.9991237416787774,-0.022576715277278066,0.11217966635935021,0.9263191396300368,0.5645525283681305,-0.41304758477503317,0.992014622055414,-0.13494088364722012,1.1236102527122116,-9.703349235223868e-14,0.0
0.12,1.0731203946801624,0.9988793441369447,-0.026338375732212274,0.12136722613192083,0.9112641443567717,0.5604896295024868,-0.3996317605781748,0.9777875946275311,-0.14855169142781832,1.1236102527122116,-2.9465319073551655e-13,0.0
0.13,1.0791306811070538,0.9985962881904074,-0.030305856591017748,0.13040635488089203,0.8966308506436674,0.5565579466257868,-0.3867999479065682,0.9641178780016378,-0.16150798609550876,1.1236102527122116,-6.616929226765933e-14,0.0
0.14,1.0851326509031893,0.9982725904309818,-0.034464336230668476,0.13930120765426413,0.882406921043382,0.5527517702393366,-0.37452627518384596,0.950976191952215,-0.17383417094573456,1.1236102527122116,2.3314683517128287e-15,2.220446049250313e-16
0.15,1.0911271315970728,0.9979064116291113,-0.0387997919359713,0.14805581780995103,0.868580355095932,0.5490656421965614,-0.36278632503460045,0.938334959759317,-0.18555333531252105,1.1236102527122116,-6.850076061937216e-14,2.220446049250313e-16
0.16,1.0971149197316896,0.9974960489915496,-0.04329895140678619,0.1566741003843727,0.8551394887420822,0.5454943417004907,-0.35155702798592225,0.9261681891249643,-0.19668735605417564,1.1236102527122116,-1.433297924791077e-13,-2.220446049250313e-16
0.17,1.1030967817873578,0.9970399288856451,-0.047949247647545365,0.1651598554485108,0.8420729925346124,0.5420328723183463,-0.3408165651535493,0.914451362922269,-0.20725699022865413,1.1236102527122116,-4.50195436485501e-13,-2.220446049250313e-16
0.18,1.109073455058351,0.9965365999974115,-0.052738776985270755,0.17351677144015507,0.8293698688125917,0.5386764499280368,-0.33054427907631345,0.9031613388634758,-0.21728195978012527,1.1236102527122116,-2.120525977034049e-13,2.220446049250313e-16
0.19,1.1150456484861029,0.9959847268983237,-0.05765625998373925,0.1817484284648066,0.8170194479801263,0.5354204915185231,-0.3207205919468285,0.8922762572717358,-0.22678102898206648,1.1236102527122116,9.29256671611256e-14,2.220446049250313e-16
0.2,1.1210140434531841,0.9953830839858641,-0.06269100503761983,0.18985830155402417,0.8050113840324445,0.532260604773906,-0.3113269305678507,0.8817754562147755,-0.2357720752864852,1.1236102527122116,-6.583622536027178e-14,0.0
0.21,1.1269792945406678,0.9947305497748529,-0.06783287444672287,0.19784976387540382,0.7933356494440583,0.5291925783766368,-0.3023456574268884,0.8716393933403288,-0.24427215417953535,1.1236102527122116,-8.737455203799982e-14,-3.3306690738754696e-16
0.22,1.1329420302507236,0.9940261015220843,-0.07307225279163133,0.2057260898911076,0.7819825295168285,0.5262123729722082,-0.2937600073411994,0.8618495738227558,-0.2522975585897671,1.1236102527122116,-3.6137759451548845e-13,-2.220446049250313e-16
0.23,1.1389028536986006,0.9932688101500515,-0.07840001743588203,0.2134904584548962,0.770942616298456,0.5233161127410638,-0.2855540291855251,0.8523884838725369,-0.2598638733125722,1.1236102527122116,-6.613598557692058e-13,0.0
0.24,1.1448623432751044,0.9924578354585905,-0.08380751100162571,0.22114595584779578,0.7602068021426681,0.5205000775299257,-0.27771253225444914,0.8432395293309081,-0.26698602490292594,1.1236102527122116,-2.0805579481475434e-13,3.3306690738754696e-16
0.25,1.1508210532816858,0.991592421604753,-0.08928651567478163,0.22869557874879104,0.7497662729867759,0.5177606954980405,-0.27022103685822946,0.8343869789104669,-0.2736783274296407,1.1236102527122116,1.7119639039719914e-13,1.1102230246251565e-16
0.26,1.1567795145412247,0.9906718928262058,-0.09482922920433501,0.23614223713521104,0.7396125014208363,0.5150945362377056,-0.26306572879053475,0.8258159116778536,-0.27995452443749397,1.1236102527122116,-7.460698725481052e-14,2.220446049250313e-16
0.27,1.1627382349855304,0.9896956493969272,-0.1004282424720138,0.24348875711303858,0.7297372395996651,0.5124983043319123,-0.25623341733650684,0.8175121684229796,-0.28582782744972784,1.1236102527122116,-1.2612133559741778e-13,-1.1102230246251565e-16
0.28,1.1686977002202363,0.9886631638068204,-0.10607651852378196,0.25073788367868605,0.7201325120404174,0.5099688333164597,-0.24971149652044933,0.8094623065950979,-0.2913109513151655,1.1236102527122116,-3.0264679651281767e-13,1.1102230246251565e-16
0.29,1.1746583740708247,0.9875739771361932,-0.1117673729496414,0.2578922834050596,0.710790608368307,0.507503080013329,-0.24348790932560752,0.8016535584949462,-0.29641614664431054,1.1236102527122116,-8.107958748837518e-13,2.220446049250313e-16
0.3,1.1806206991097299,0.9864276956226014,-0.11749445551937873,0.2649545470560573,0.7017040760360267,0.5050981192087011,-0.23755111463574274,0.7940737924633787,-0.30115522959421254,1.1236102527122116,-7.082112674083874e-13,-2.220446049250313e-16
0.31,1.1865850971656382,0.9852239874081011,-0.12325173298253886,0.2719271921293215,0.6928657130507806,0.5027511386487452,-0.23189005667371262,0.7867114768216943,-0.30553960922374057,1.1236102527122116,5.384581669432009e-14,0.0
0.32,1.1925519698168372,0.9839625794520882,-0.12903347295016432,0.278812665326043,0.6842685607419637,0.500459434329664,-0.22649413673315427,0.7795556463371166,-0.30958031261582153,1.1236102527122116,1.616484723854228e-13,-1.1102230246251565e-16
0.33,1.1985216988706402,0.9826432545939959,-0.13483422877640378,0.28561334494628327,0.6759058966000299,0.4982204060587542,-0.2213531870169743,0.7725958710041915,-0.3132880079439698,1.1236102527122116,-1.3988810110276972e-13,-2.220446049250313e-16
0.34,1.2044946468274782,0.9812658487700808,-0.14064882537459136,0.29233154321608845,0.6677712271924615,0.4960315532684531,-0.21645744640899142,0.7658222269706759,-0.3166730256720186,1.1236102527122116,-1.6775469902086115e-13,1.1102230246251565e-16
0.35000000000000003,1.2104711573319882,0.9798302483675781,-0.14647234589902738,0.29896950854428694,0.6598582811835094,0.4938904710635194,-0.21179753802449128,0.7592252694307227,-0.31974537802990316,1.1236102527122116,-3.609335053056384e-13,0.0
0.36,1.2164515556127573,0.9783363877027774,-0.15230011922821945,0.3055294277079103,0.6521610024783192,0.4917948464836264,-0.20736444839779597,0.7527960073251332,-0.32251477689970653,1.1236102527122116,-9.385825450181073e-13,0.0
0.37,1.2224361489103546,0.9767842466226884,-0.1581277081959977,0.3120134279706784,0.6446735434957006,0.4897424549669993,-0.20314950817454183,0.746525879714528,-0.32499065025235363,1.1236102527122116,-1.0437206654501097e-12,1.1102230246251565e-16
0.38,1.2284252268941946,0.9751738482231385,-0.16395089851665143,0.31842357913577374,0.6373902585802252,0.4877311570000771,-0.1991443741889977,0.7404067336959105,-0.3271821572537402,1.1236102527122116,-2.8754776337791554e-13,1.1102230246251565e-16
0.39,1.2344190620693984,0.9735052566743269,-0.1697656883565758,0.32476189553342616,0.6303056975642631,0.4857588949402003,-0.19534101281727187,0.7344308037417623,-0.3290982021459231,1.1236102527122116,3.3295588508508445e-13,0.0
0.4,1.2404179101750525,0.9717785751436788,-0.1755682785046151,0.3310303379433785,0.6234145994903444,0.4838236899982208,-0.19173168450599123,0.7285906923484456,-0.33074744699851377,1.1236102527122116,-6.916689443414725e-14,1.1102230246251565e-16
0.41000000000000003,1.2464220105741144,0.9699939438115428,-0.1813550630974128,0.3372308154544199,0.6167118864974317,0.48192363936944366,-0.18830892938324528,0.7228793518950994,-0.3321383234248655,1.1236102527122116,-2.3303581286882036e-13,-1.1102230246251565e-16
0.42,1.2524315866322333,0.9681515379909396,-0.18712262087298515,0.34336518726886806,0.6101926578584623,0.4800569135067731,-0.1850655538656071,0.7172900676403013,-0.3332790433691666,1.1236102527122116,-2.1738166822160565e-13,1.1102230246251565e-16
0.43,1.2584468460913696,0.9662515663189274,-0.19286770689914823,0.34943526444322565,0.6038521841987631,0.47822175351958573,-0.1819946181855857,0.7118164417417191,-0.33417760900662874,1.1236102527122116,-5.00155472593633e-13,0.0
0.44,1.2644679814352322,0.9642942690323735,-0.19858724475607153,0.3554428115732513,0.5976859018793605,0.4764164686945814,-0.17908942476617787,0.706452378241232,-0.33484182185141287,1.1236102527122116,-1.102562485755243e-12,0.0
0.45,1.270495170247695,0.9622799163197217,-0.20427831913679367,0.3613895484238142,0.5916894075498538,0.47463943412864723,-0.1763435073763271,0.7011920689395292,-0.33527929113365057,1.1236102527122116,-1.2709833185908792e-12,-1.1102230246251565e-16
0.46,1.276528575564058,0.9602088067467273,-0.2099381688388436,0.36727715150585294,0.5858584528688507,0.47288908846674665,-0.1737506210063983,0.696029980097309,-0.3354974415090325,1.1236102527122116,-5.998535002049721e-13,0.0
0.47000000000000003,1.2825683462159743,0.9580812657504183,-0.215564180120996,0.37310725560132035,0.5801889393928654,0.4711639317378793,-0.17130473240799557,0.6909608399010525,-0.3355035201544616,1.1236102527122116,2.419175970658216e-13,1.1102230246251565e-16
0.48,1.2886146171709039,0.955897644195364,-0.22115388039909956,0.3788814552369279,0.5746769136343558,0.4694625232821224,-0.1690000112465037,0.6859796266353025,-0.3353046032988073,1.1236102527122116,1.7141843500212417e-13,5.551115123125783e-17
0.49,1.294667509866813,0.9536583169869222,-0.22670493225530852,0.384601306107717,0.5693185622887726,0.4677834797619348,-0.16683082181835707,0.6810815575077975,-0.3349076022347066,1.1236102527122116,-1.9839685450051547e-13,0.0
0.5,1.3007271325388545,0.9513636817531984,-0.23221512774883746,0.39026832645749115,0.5641102076151916,0.4661254732564058,-0.1647917152889308,0.6762620780978976,-0.3343192688733662,1.1236102527122116,-2.9054536554440347e-13,-5.551115123125783e-17
0.51,1.3067935805415807,0.9490141575793927,-0.23768238300223374,0.3958839984127435,0.5590483029797471,0.4644872294298536,-0.16287742241122447,0.6715168523696959,-0.3335462008664052,1.1236102527122116,-2.965405698773793e-13,-1.1102230246251565e-16
0.52,1.3128669366670125,0.9466101837903543,-0.24310473304253086,0.4014497692710641,0.5541294285604591,0.46286752576952805,-0.16108284668771217,0.6668417532080113,-0.33259484633100855,1.1236102527122116,-6.465938895416912e-13,-5.551115123125783e-17
0.53,1.3189472714573538,0.9441522187858743,-0.24848032688700195,0.4069670527481802,0.5493502872037396,0.4612651898907591,-0.15940305794120183,0.6622328534491331,-0.33147150822113924,1.1236102527122116,-1.2010392680394943e-12,-5.551115123125783e-17
0.54,1.3250346435127345,0.9416407389244651,-0.2538074228539047,0.41243723018462514,0.5447077004312644,0.45967909790425965,-0.15783328626252843,0.6576864173697347,-0.33018234837498806,1.1236102527122116,-1.3795631303992195e-12,5.551115123125783e-17
0.55,1.331129099794007,0.9390762374541338,-0.2590843840856667,0.41786165171364253,0.5401986045930964,0.4581081728424593,-0.15636891630612904,0.6531988926038492,-0.32873339126863144,1.1236102527122116,-8.606448886894214e-13,0.0
0.56,1.337230675921098,0.9364592234868402,-0.2643096742713229,0.4232416373912541,0.535820047164507,0.45655138314136534,-0.1550054819067282,0.6487669024578478,-0.3271305275013868,1.1236102527122116,-3.341771304121721e-14,0.0
0.5700000000000001,1.3433393964674174,0.9337902210133328,-0.26948185355501353,0.42857847828941786,0.5315691831839703,0.45500774117444487,-0.15373866099222944,0.6443872385952332,-0.3253795170363571,1.1236102527122116,2.5413005033669833e-13,-5.551115123125783e-17
0.58,1.3494552752508298,0.9310697679550556,-0.2745995746173558,0.43387343755320495,0.5274432718298777,0.4534763018350241,-0.15256427076959994,0.6400568540647669,-0.3234859922178469,1.1236102527122116,-1.8562928971732617e-13,5.551115123125783e-17
0.59,1.3555783156201187,0.9282984152553753,-0.27966157892056903,0.4391277514248685,0.5234396731291455,0.45195616116564763,-0.15147826316257068,0.6357728566538315,-0.3214554605914973,1.1236102527122116,-3.111955138024314e-13,1.1102230246251565e-16
0.6,1.3617085107340527,0.9254767260196903,-0.284666693117384,0.44434263023987397,0.5195558447849193,0.45044645503611774,-0.15047672048317356,0.6315325025602847,-0.31929330755769947,1.1236102527122116,-3.2585045772748344e-13,1.1102230246251565e-16
0.61,1.3678458438410692,0.9226052746742311,-0.2896138255938393,0.4495192593860746,0.515789339142892,0.4489463578578854,-0.1495558513167807,0.6273331903282653,-0.31700479884594535,1.1236102527122116,-3.744782262060653e-13,-5.551115123125783e-17
0.62,1.3739902885528241,0.9196846461665799,-0.29450196315566984,0.4546588002357602,0.5121378002728773,0.44745508134156475,-0.14871198660633286,0.6231724550604061,-0.31459508285226534,1.1236102527122116,-6.785683126508957e-13,0.0
0.63,1.3801418091144815,0.9167154351967007,-0.2993301678427985,0.45976239104846556,0.5085989611699517,0.4459718732920157,-0.1479415759196224,0.6190479628777178,-0.3120691928445013,1.1236102527122116,-1.0947909245828669e-12,5.551115123125783e-17
0.64,1.386300360670801,0.9136982454802784,-0.304097573865974,0.4648311478468648,0.5051706410693385,0.444496016440069,-0.1472411838857757,0.6149575056155384,-0.3094320490525537,1.1236102527122116,-1.2705392293810291e-12,1.1102230246251565e-16
0.65,1.3924658895282602,0.9106336890427275,-0.308803384659474,0.46986616526659886,0.5018507428718555,0.4430268273092933,-0.146607486788332,0.610898995741225,-0.306688460655436,1.1236102527122116,-9.89097692638552e-13,1.1102230246251565e-16
0.66,1.398638333413493,0.9075223855420526,-0.3134468700436854,0.4748685173808184,0.49863725067704107,0.4415636551161472,-0.1460372693032314,0.6068704614799452,-0.30384312767573995,1.1236102527122116,-4.0234482412415673e-13,-5.551115123125783e-17
0.67,1.4048176217283395,0.9043649616187434,-0.31802736349137883,0.4798392585002239,0.4955282274212093,0.4401058807018587,-0.14552742137086594,0.602870042135745,-0.3009006427911981,1.1236102527122116,2.142730437526552e-14,1.1102230246251565e-16
0.68,1.4110036758017797,0.9011620502708865,-0.3225442594914895,0.4847794239493855,0.492521812617841,0.4386529154943759,-0.14507493519210354,0.598895983595807,-0.2978654930721922,1.1236102527122116,-9.059419880941277e-14,0.0
0.6900000000000001,1.4171964091389244,0.8979142902530491,-0.32699701100446105,0.48969003082026397,0.48961622019758827,0.43720420049887443,-0.14467690233892574,0.5949466340069318,-0.2947420616536609,1.1236102527122116,-2.9254376698872875e-13,-5.551115123125783e-17
0.7000000000000001,1.4233957276630624,0.8946223255099123,-0.331385127012486,0.49457207870826436,0.4868097364360662,0.43575920532030105,-0.14433051097296937,0.5910204396294017,-0.2915346293604901,1.1236102527122116,-3.553823901825126e-13,5.551115123125783e-17
0.71,1.4296015299562992,0.8912868046281444,-0.33570817015172405,0.4994265504257306,0.48410071797780574,0.4343174272110594,-0.14403304316283275,0.587115940840721,-0.28824737627784314,1.1236102527122116,-3.554934124849751e-13,-5.551115123125783e-17
0.72,1.4358137074974373,0.8879083803087018,-0.33996575442245947,0.5042544126952496,0.4814875899517039,0.4328783901438132,-0.14378187229301506,0.5832317682844179,-0.2848843832764117,1.1236102527122116,-4.0112357879706906e-13,-1.1102230246251565e-16
0.73,1.4420321448954063,0.8844877088647513,-0.3441575429796123,0.5090566168254466,0.4789688441704805,0.43144164391121864,-0.14357446055952636,0.5793666391643539,-0.2814496335033368,1.1236102527122116,-5.678790770957676e-13,-1.1102230246251565e-16
0.74,1.4482567201194314,0.8810254497404781,-0.3482832459957973,0.5138340993690121,0.47654303741464044,0.4300067632498721,-0.1434083565453759,0.5755193536722555,-0.2779470138406005,1.1236102527122116,-7.898126597183364e-13,-1.1102230246251565e-16
0.75,1.4544873047254392,0.8775222650515777,-0.352342618594936,0.5185877827643076,0.47420878979728476,0.4285733469883195,-0.14328119287093286,0.5716887915439721,-0.2743803163367865,1.1236102527122116,-9.238165787905928e-13,-5.551115123125783e-17
0.76,1.4607237640788742,0.8739788191463896,-0.356335458853603,0.5233185759611338,0.47196478320755386,0.4271410172183325,-0.14319068391442535,0.5678739087382092,-0.2707532396157766,1.1236102527122116,-8.636424908559093e-13,-5.551115123125783e-17
0.77,1.4669659575741016,0.8703957781866342,-0.3602616058672886,0.5280273750312534,0.46980975983062523,0.4257094184886535,-0.14313462359822599,0.5640737342318363,-0.26706939026551735,1.1236102527122116,-6.245004513516506e-13,-5.551115123125783e-17
0.78,1.4732137388505684,0.8667738097467117,-0.3641209378787582,0.5327150637642547,0.46774252074232603,0.42427821702041446,-0.14311088323690827,0.5602873669261992,-0.2633322842096146,1.1236102527122116,-3.559375016948252e-13,0.0
0.79,1.4794669560058982,0.863113582430523,-0.36791337046569067,0.5373825142493451,0.4657619245765574,0.42284709994343117,-0.14311740944336573,0.5565139726591489,-0.25954534806416496,1.1236102527122116,-2.495781359357352e-13,0.0
0.8,1.4857254518060925,0.8594157655047725,-0.37163885478477554,0.5420305874436618,0.463866886263862,0.4214157745525783,-0.14315222208955983,0.5527527813177715,-0.2557119204819348,1.1236102527122116,-3.26183524634871e-13,-5.551115123125783e-17
0.81,1.4919890638915212,0.8556810285514111,-0.3752973758716718,0.5466601337291878,0.46205637583699766,0.4199839675850259,-0.14321341231931314,0.5490030840514342,-0.2518352534888593,1.1236102527122116,-3.5216274341109965e-13,5.551115123125783e-17
0.8200000000000001,1.4982576249766788,0.851910041144168,-0.37888895099895886,0.5512719934609055,0.46032941729758176,0.41855142452023075,-0.14329914061164364,0.5452642305880069,-0.24791851381884625,1.1236102527122116,-3.731459585765151e-13,5.551115123125783e-17
0.8300000000000001,1.504530963051862,0.8481034725281571,-0.38241362807771884,0.5558669974986856,0.45868508755659254,0.41711790889346206,-0.14340763488888303,0.541535626625301,-0.24396478423086865,1.1236102527122116,-3.7625458304546555e-13,-5.551115123125783e-17
0.84,1.5108089015783916,0.8442619913227694,-0.3858714841132129,0.5604459677319221,0.4571225154326111,0.415683201631292,-0.14353718867067167,0.5378167313190381,-0.23997706482739428,1.1236102527122116,-3.892441924335799e-13,1.1102230246251565e-16
0.85,1.5170912596813648,0.8403862652377949,-0.3892626237074538,0.5650097175935971,0.45564088071284387,0.41424710040451684,-0.14368615927038034,0.5341070548528586,-0.23595827436681938,1.1236102527122116,-4.346523141407488e-13,-5.551115123125783e-17
0.86,1.523377852338888,0.8364769608046889,-0.3925871776079742,0.5695590525655132,0.4542394132738826,0.41280941899904167,-0.14385296603240583,0.530406156090102,-0.23191125157285988,1.1236102527122116,-5.112577028398846e-13,5.551115123125783e-17
0.87,1.529668490567856,0.8325347431224716,-0.39584530130142315,0.5740947706752051,0.45291739226083144,0.4113699867043291,-0.14403608860879058,0.5267136403045798,-0.22783875644133933,1.1236102527122116,-5.939693181744587e-13,-5.551115123125783e-17
0.88,1.5359629816064067,0.8285602756176069,-0.39903717365054314,0.5786176629849759,0.45167414532363637,0.40992864771894777,-0.14423406527373459,0.523029156987528,-0.22374347154452873,1.1236102527122116,-6.453726442146035e-13,5.551115123125783e-17
0.89,1.5422611290931754,0.8245542198172034,-0.4021629955730795,0.5831285140735042,0.4505090479095715,0.40848526057275636,-0.14444549127468936,0.5193523977280468,-0.2196280033330663,1.1236102527122116,-6.34492458573277e-13,0.0
0.9,1.5485627332434813,0.8205172351348812,-0.405222988761176,0.58762810251047,0.44942152261093593,0.4070396975652607,-0.1446690172188305,0.5156830941644399,-0.21549488343536666,1.1236102527122116,-5.559996907322784e-13,-5.551115123125783e-17
0.91,1.5548675910225673,0.8164499786686473,-0.40821739443980953,0.592117201324644,0.4484110385671356,0.4055918442196794,-0.14490334749380435,0.5120210160039774,-0.21134656995433335,1.1236102527122116,-4.4420023215252513e-13,0.0
0.92,1.5611754963160274,0.8123531050101263,-0.4111464721628152,0.5965965784658878,0.44747711092042264,0.4041415987522551,-0.1451472387217222,0.5083659691086817,-0.20718544876110817,1.1236102527122116,-3.6715075424353927e-13,-1.6653345369377348e-16
0.93,1.5674862400965728,0.8082272660665892,-0.41401049864606343,0.6010669972624947,0.446619300323187,0.402688871557277,-0.1453994982457626,0.5047177936471443,-0.20301383478718693,1.1236102527122116,-3.667066650336892e-13,0.0
0.9400000000000001,1.5737996105848215,0.8040731109007742,-0.41680976663947067,0.6055292168767354,0.44583721249202757,0.40123358470983717,-0.14565898264946922,0.501076362316349,-0.19883397331870034,1.1236102527122116,-3.8136160895874127e-13,5.551115123125783e-17
0.9500000000000001,1.5801153934118461,0.7998912855713466,-0.41954458382887694,0.6099839927512589,0.4451304978197962,0.3997756714785927,-0.14592459630567442,0.49744157861330907,-0.1946480412790346,1.1236102527122116,-3.8702374638432957e-13,1.1102230246251565e-16
0.96,1.5864333717758747,0.7956824329899284,-0.42221527177421686,0.6144320770546111,0.44449885103366515,0.39831507585547093,-0.1461952899566938,0.4938133751726717,-0.190458148512532,1.1236102527122116,-3.7614356074300304e-13,5.551115123125783e-17
0.97,1.5927533265965896,0.7914471927872611,-0.4248221648797111,0.6188742191229194,0.4439420109035203,0.396851752098839,-0.14647005932421492,0.4901917121608087,-0.18626633906306275,1.1236102527122116,-3.6270986214503864e-13,-1.1102230246251565e-16
0.98,1.5990750366662785,0.787186201189685,-0.4273656093956545,0.6233111658990267,0.44345975999920406,0.3953856642905004,-0.14674794374853634,0.4865765757264171,-0.1820745924482042,1.1236102527122116,-3.715916463420399e-13,-1.1102230246251565e-16
0.99,1.6053982787978387,0.7829000909057136,-0.42984596245092577,0.6277436623695827,0.443051924496112,0.39391678590626905,-0.14702802485670963,0.4829679765062023,-0.1778848249285298,1.1236102527122116,-4.194977698546154e-13,-5.551115123125783e-17
1.0,1.611722827969745,0.7785894910222584,-0.43226359111523893,0.6321724520004881,0.44271837402889136,0.3924450993997713,-0.14730942525913518,0.47936594818401496,-0.17369889077130946,1.1236102527122116,-4.999889391399392e-13,0.0
1.01,1.6180484574680878,0.7742550269100538,-0.4346188714901563,0.6365982771710876,0.44245902159309125,0.39097059579912596,-0.14759130727418882,0.47577054610184605,-0.16951858350790422,1.1236102527122116,-5.790368184932504e-13,5.551115123125783e-17
1.02,1.6243749390257933,0.7698973201378357,-0.4369121878278849,0.6410218796075072,0.44227382349469474,0.38949327431615166,-0.147872871680476,0.47218184592112744,-0.16534563718413972,1.1236102527122116,-6.058487045379479e-13,0.0
1.03,1.6307020429591363,0.7655169883948253,-0.4391439316768746,0.6454440008155318,0.44216277934756826,0.388013141967751,-0.1481533564963283,0.468599942332817,-0.16118172760293573,1.1236102527122116,-5.440092820663267e-13,0.0
1.04,1.6370295383016529,0.7611146454210683,-0.4413145010532409,0.6498653825134191,0.44212593211895357,0.38653021320912206,-0.14843203578617023,0.46502494781478043,-0.15702847355847716,1.1236102527122116,-4.197753256107717e-13,0.0
1.05,1.643357192935419,0.7566909009454753,-0.4434242996371579,0.654286767065196,0.44216336822300173,0.38504450957857683,-0.14870821849343593,0.4614569914353116,-0.152887438061432,1.1236102527122116,-3.7309044742528386e-13,-5.551115123125783e-17
1.06,1.6496847737169975,0.752246360636892,-0.4454737359957879,0.6587088979178088,0.44227521765811184,0.3835560593561908,-0.14898124730049866,0.45789621770717764,-0.14876012955864287,1.1236102527122116,-3.827493877395227e-13,5.551115123125783e-17
1.07,1.656012046603268,0.747781626057718,-0.4474632228276162,0.6631325200371453,0.44246165419590666,0.3820648972313926,-0.14925049751392272,0.4543427854805434,-0.1446480031391537,1.1236102527122116,-3.907985046680551e-13,0.0
1.08,1.6623387767741977,0.7432972946254365,-0.4493931762297928,0.6675583803464327,0.44272289561810374,0.38057106398181795,-0.14951537597556833,0.4507968668794245,-0.1405524617301202,1.1236102527122116,-3.8707925753556083e-13,0.0
1.09,1.6686647287523944,0.73879395958248,-0.4512640149877193,0.6719872281678994,0.44305920400094856,0.3790746061634217,-0.1497753199992329,0.4472586462810048,-0.1364748572825965,1.1236102527122116,-3.7519987117207165e-13,0.0
1.1,1.674989666520223,0.7342722099726381,-0.4530761598855359,0.6764198156672714,0.44347088604883184,0.37757557581089374,-0.15002979633239355,0.44372831933515705,-0.13241649194544042,1.1236102527122116,-3.687050664780145e-13,5.551115123125783e-17
1.11,1.6813133536341807,0.7297326306244933,-0.4548300330370255,0.6808568983019574,0.4439582934770066,0.3760740301484391,-0.15027830014287358,0.44020609202376054,-0.12837861922729782,1.1236102527122116,-3.8324898810060404e-13,5.551115123125783e-17
1.12,1.68763555333662,0.7251758021415832,-0.45652605723608974,0.6852992352733706,0.44452182344398955,0.3745700313106277,-0.15052035403013417,0.4366921797586146,-0.12436244514608613,1.1236102527122116,-4.2560399649005376e-13,5.551115123125783e-17
1.1300000000000001,1.6939560286649225,0.720602300898987,-0.458164655325953,0.6897475899838383,0.4451619190343259,0.3730636460730181,-0.15075550706088944,0.4331868065167641,-0.12036912936541846,1.1236102527122116,-4.861111513321248e-13,1.1102230246251565e-16
1.1400000000000001,1.7002745425582113,0.7160126990460359,-0.45974624958624977,0.6942027304985504,0.44587906979247943,0.3715549455922607,-0.15098333382873935,0.4296902040120697,-0.11639978631743553,1.1236102527122116,-5.335731856348502e-13,5.551115123125783e-17
1.1500000000000001,1.7065908579617006,0.7114075645148448,-0.4612712611371507,0.6986654300129946,0.4466738123087104,0.37004400515538416,-0.1512034335375136,0.4262026109018794,-0.11245548631153868,1.1236102527122116,-5.286326931752683e-13,-5.551115123125783e-17
1.16,1.7129047379287763,0.7067874610343635,-0.46274010935968346,0.7031364673263306,0.4475467308578876,0.36853090393797105,-0.15141542910801292,0.4227242720276678,-0.10853725662854097,1.1236102527122116,-4.5313752750075764e-13,-5.551115123125783e-17
1.17,1.7192159457209046,0.7021529481496472,-0.4641532113314029,0.7076166273211518,0.4484984580922845,0.3670157247709264,-0.1516189663078325,0.41925543768853635,-0.10464608259978389,1.1236102527122116,-3.740896481474465e-13,-1.1102230246251565e-16
1.18,1.7255242449043124,0.6975045812483802,-0.4655109812777547,0.7121067014513243,0.4495296757873913,0.3654985539166098,-0.15181371290435128,0.4157963629487349,-0.10078290867220596,1.1236102527122116,-3.836930773104541e-13,5.551115123125783e-17
1.19,1.7318293994436458,0.6928429115943409,-0.4668138300381595,0.7166074882384601,0.4506411156417174,0.3639794808539993,-0.15199935784048857,0.4123473069779415,-0.09694863945892768,1.1236102527122116,-3.919642388439115e-13,0.0
1.2,1.7381311737957352,0.6881684863613149,-0.46806216454326066,0.7211197937738835,0.4518335601374812,0.36245859806979325,-0.1521756104320232,0.4089085324174592,-0.09314414077101102,1.1236102527122116,-3.934075287759242e-13,0.0
1.21,1.7444293329993976,0.6834818486755356,-0.46925638730621294,0.7256444322314589,0.45310784345609884,0.3609360008589675,-0.15234219958736187,0.40548030477914754,-0.08937024063537163,1.1236102527122116,-3.9651615324487466e-13,-5.551115123125783e-17
1.22,1.7507236427635298,0.6787835376621323,-0.47039689592515305,0.7301822263893781,0.4544648524535816,0.3594117871325552,-0.15249887304873153,0.4020628918719611,-0.08562773029584314,1.1236102527122116,-4.050093593832571e-13,0.0
1.23,1.7570138695529303,0.6740740884966906,-0.4714840825968676,0.7347340081620157,0.45590552769607035,0.35788605723300076,-0.1526453966547614,0.3986565632564657,-0.08191736519783577,1.1236102527122116,-4.169997680492088e-13,5.551115123125783e-17
1.24,1.7632997806719168,0.669354032461761,-0.47251833364081886,0.7393006191424798,0.4574308645569341,0.3563589137568459,-0.15278155362409981,0.39526158972637776,-0.07823986595637061,1.1236102527122116,-4.298783551348606e-13,0.0
1.25,1.769581144345816,0.6646238970081385,-0.473500029032683,0.7438829111564756,0.459041914376956,0.3548304613845044,-0.1529071438597075,0.3918782428161772,-0.07459591930728413,1.1236102527122116,-4.430344979766687e-13,-5.551115123125783e-17
1.26,1.7758577298003968,0.6598842058207415,-0.4744295419465572,0.7484817468281046,0.4607397856892186,0.35330080671687963,-0.15302198327346697,0.3885067943338644,-0.0709861790414204,1.1236102527122116,-4.55802062759858e-13,0.0
1.27,1.782129307339327,0.6551354788889104,-0.47530723830499017,0.753098000158215,0.46252564551039,0.3517700581185812,-0.15312590313074584,0.3851475159179446,-0.06741126692164695,1.1236102527122116,-4.602429548583586e-13,0.0
1.28,1.788395648419723,0.6503782325809572,-0.47613347633599273,0.757732557115928,0.46440072070020527,0.35023832556749535,-0.15321874941455127,0.38180067861774536,-0.0638717735825515,1.1236102527122116,-4.404254738687996e-13,-5.551115123125783e-17
1.29,1.7946565257258686,0.6456129797227855,-0.47690860613618186,0.7623863162439556,0.46636629939103025,0.348705720510465,-0.1533003822089142,0.3784665524961909,-0.060368259412693887,1.1236102527122116,-3.919642388439115e-13,-5.551115123125783e-17
1.3,1.8009117132410783,0.6408402296806616,-0.47763296923943777,0.7670601892783996,0.4684237324892002,0.3471723557249552,-0.15337067510122487,0.37514540625443826,-0.05690125541939664,1.1236102527122116,-3.8707925753556083e-13,0.0
1.31,1.8071609863163316,0.6360604884513568,-0.4783068981924474,0.7717551017852917,0.4705744352462795,0.34563834518805814,-0.15342951460392976,0.3718375068807138,-0.053471264077559505,1.1236102527122116,-4.579669976578771e-13,0.0
1.32,1.8134041217386785,0.6312742587526811,-0.4789307161309524,0.7764719938121042,0.4728198889098677,0.3441038039493505,-0.15347679959327115,0.3685431193156022,-0.05007876015956453,1.1236102527122116,-4.666267372499533e-13,5.551115123125783e-17
1.33,1.8196408977972676,0.6264820401199991,-0.4795047363619875,0.7812118205554134,0.4751616424495771,0.3425688480101778,-0.15351244076708112,0.3652625061395659,-0.04672419154787252,1.1236102527122116,-4.652389584691718e-13,0.0
1.34,1.825871094347476,0.6216843290066277,-0.48002926194670814,0.785975553047571,0.47760131436283443,0.34103359420806423,-0.15353636011938127,0.36199592727852303,-0.04340798003080687,1.1236102527122116,-5.331846075762314e-13,-5.551115123125783e-17
1.35,1.832094492873432,0.6168816188880726,-0.48050458528463447,0.7907641788615531,0.480140594562466,0.3394981601061442,-0.1535484904321608,0.35874363972754286,-0.040130522080809194,1.1236102527122116,-6.82509604388315e-13,0.0
1.36,1.8383108765487686,0.6120744003706172,-0.48093098769899767,0.7955787028348917,0.4827812463475596,0.3379626638877036,-0.15354877478417808,0.35550589729255455,-0.03689218961538501,1.1236102527122116,-8.52595771760889e-13,5.551115123125783e-17
1.37,1.8445200302956617,0.6072631613042186,-0.4813087390221796,0.8004201478136382,0.4855251084597997,0.3364272242556363,-0.15353716607636136,0.3522829503492978,-0.03369333074084799,1.1236102527122116,-9.515166432549904e-13,-5.551115123125783e-17
1.3800000000000001,1.8507217408421897,0.6024483868996604,-0.48163809718023554,0.805289555417305,0.48837409722752334,0.33489196033662083,-0.15351362657339154,0.34907504561876146,-0.030534270478974,1.1236102527122116,-9.101608355877033e-13,-5.551115123125783e-17
1.3900000000000001,1.8569157967780643,0.597630559849914,-0.48191930777549136,0.8101879868257299,0.4913302087997829,0.33335699158982246,-0.153478127461057,0.34588242595837737,-0.02741531147668405,1.1236102527122116,-7.220335440649706e-13,0.0
1.4000000000000001,1.8631019886087752,0.5928101604556626,-0.4821526036662042,0.8151165235888156,0.4943955214727324,0.3318224377199275,-0.15343064841897877,0.3427053301682572,-0.024336734698876233,1.1236102527122116,-4.5230486023228877e-13,5.551115123125783e-17
1.41,1.8692801088081932,0.5879876667549366,-0.48233820454227877,0.8200762684600852,0.49757219811068054,0.3302884185943132,-0.1533711772083141,0.3395439928117819,-0.021298800104530058,1.1236102527122116,-2.1271873151818e-13,0.0
1.42,1.8754499518696786,0.5831635546568131,-0.4824763164960281,0.8250683462550058,0.5008624886641692,0.32875505416416045,-0.15329970927405825,0.33639864404987596,-0.01830174730620504,1.1236102527122116,-1.0669243266647754e-13,0.0
1.43,1.8816113143557356,0.5783382980791334,-0.4825671315869703,0.8300939047350238,0.5042687327874329,0.327222464389314,-0.15321624736157388,0.3332695094883267,-0.01534579621306087,1.1236102527122116,-1.6470158570314197e-13,0.0
1.44,1.8877639949462641,0.5735123690901864,-0.48261082739965117,0.8351541155182614,0.5077933625575956,0.3256907691666952,-0.1531208011469939,0.3301568100375276,-0.01243114765751524,1.1236102527122116,-3.0270230766404893e-13,0.0
1.45,1.8939077944854268,0.5686862380545171,-0.48260756659381665,0.8402501750177237,0.5114389052975796,0.3241600882621862,-0.15301338688128344,0.3270607617843169,-0.009557984005653775,1.1236102527122116,-3.8019587478288486e-13,5.551115123125783e-17
1.46,1.9000425160261567,0.5638603737892265,-0.4825574964539765,0.8453833054068972,0.5152079864940851,0.32263054124915136,-0.15289402705058397,0.3239815758823074,-0.006726469752345643,1.1236102527122118,-6.40321129452559e-13,0.0
1.47,1.9061679648739491,0.5590352437175273,-0.482460748416569,0.8505547556192469,0.5191033328346951,0.3211022474462065,-0.15276275004452175,0.32091945844363,-0.003936752101247332,1.1236102527122116,-6.774025784750393e-13,5.551115123125783e-17
1.48,1.9122839486303729,0.5542113140288264,-0.4823174375957465,0.8557658023727023,0.5231277753496164,0.319575325859697,-0.15261958984106283,0.31787461044663734,-0.0011889615264319697,1.1236102527122116,-5.804801084252631e-13,0.0
1.49,1.918390277233817,0.5493890498454722,-0.4821276622947607,0.8610177512298618,0.527284252661174,0.3180498951298129,-0.1524645857023243,0.314847227653574,0.0015167876787489654,1.1236102527122116,-7.09432512735475e-13,-5.551115123125783e-17
1.5,1.9244867629990767,0.5445689153929831,-0.4818915035023833,0.8663119376919477,0.5315758143471173,0.3165260734788945,-0.1522977818815291,0.31183750053626896,0.004180396867903946,1.1236102527122116,-1.2731482534888983e-12,5.551115123125783e-17
1.51,1.9305732206558353,0.5397513741755197,-0.4816090243766819,0.8716497283261867,0.5360056244157939,0.31500397866277013,-0.15211922734213537,0.3088456142118142,0.006801782523116667,1.1236102527122116,-2.184696867857383e-12,5.551115123125783e-17
1.52,1.9366494673860217,0.5349368891567375,-0.481280269714694,0.8770325219279204,0.5405769648938978,0.3134837279249813,-0.1519289754886754,0.3058717483876304,0.009380875751371032,1.1236102527122116,-3.1031288649785438e-12,0.0
1.53,1.9427153228600245,0.530125922946156,-0.4809052654065431,0.8824617507187535,0.5452932395271555,0.31196543795374554,-0.1517270839088522,0.30291607731533665,0.011917621795531685,1.1236102527122114,-3.5816904997432175e-12,0.0
1.54,1.948770609271743,0.5253189379911745,-0.48048401787254197,0.8879388815820453,0.5501579775939138,0.3104492248415105,-0.15151361412646133,0.2999787697528661,0.014411979559541183,1.1236102527122116,-3.253675107117715e-12,-5.551115123125783e-17
1.55,1.9548151513724548,0.5205163967748746,-0.48001651348182606,0.8934654173370499,0.5551748378311188,0.3089352040469507,-0.15128863136472043,0.2970599889342877,0.016863921147507233,1.1236102527122116,-1.9972357101494254e-12,0.0
1.56,1.9608487765034828,0.51571876201974,-0.4795027179510617,0.8990428980530124,0.5603476124716466,0.30742349035925975,-0.15105220431960897,0.29415989254681696,0.019273431416371667,1.1236102527122116,-3.197442310920451e-14,-5.551115123125783e-17
1.57,1.9668713146276395,0.5109264968974303,-0.4789425757217731,0.9046729024045262,0.5656802313913256,0.3059141978645905,-0.15080440494283717,0.2912786327145235,0.02164050754186367,1.1236102527122116,2.0868307082366755e-12,0.0
1.58,1.9728825983594298,0.5061400652447429,-0.47833600931483206,0.9103570490694578,0.571176766363292,0.3044074399144949,-0.15054530823408316,0.28841635598826176,0.023965158597460817,1.1236102527122116,3.599676112742145e-12,0.0
1.59,1.9788824629939947,0.5013599317858972,-0.4776829186606546,0.9160969981707459,0.57684143541651,0.3029033290962162,-0.15027499204215403,0.2855732033413791,0.02624740514609053,1.1236102527122116,3.809619286698762e-12,0.0
1.6,1.9848707465347735,0.49658656236127735,-0.47698318040364845,0.9218944527633796,0.58267860729439,0.30140197720468576,-0.14999353687474692,0.28274931017077526,0.028487278844324615,1.1236102527122116,2.4820701050032312e-12,0.0
1.61,1.9908472897198672,0.49182042416276534,-0.47623664717945563,0.9277511603678628,0.5886928060083981,0.29990349521607707,-0.14970102571650173,0.2799448063029101,0.030684822058831038,1.1236102527122116,3.658184866139891e-13,5.551115123125783e-17
1.62,1.9968119360474192,0.4870619859762467,-0.47544314686512296,0.9336689145500238,0.594888715479001,0.29840799326311035,-0.14939754385566945,0.27715981600524686,0.03284008749526732,1.1236102527122116,-4.2416070655804106e-13,5.551115123125783e-17
1.6300000000000001,2.002764531805797,0.48231171844014475,-0.4746024818294454,0.9396495565179498,0.6012711842292127,0.2969155806181809,-0.14908317873006505,0.27439445801856205,0.034953137846322924,1.1236102527122116,-5.115352585960409e-13,5.551115123125783e-17
1.6400000000000001,2.0087049260938024,0.47757009429996344,-0.4737144281089495,0.9456949768060983,0.6078452301826979,0.29542636566880637,-0.1487580197635892,0.27164884556972246,0.037024045439725164,1.1236102527122116,-5.031530747601209e-13,0.0
1.6500000000000001,2.01463297084429,0.47283758867494413,-0.4727787345708489,0.9518071170000686,0.6146160455061261,0.29394045589856055,-0.14842215821768545,0.268923086398554,0.039052891903143316,1.1236102527122116,-4.3459680298951753e-13,0.0
1.6600000000000001,2.020548520846529,0.468114679335458,-0.4717951220471665,0.9579879714978428,0.6215890014893182,0.2924579578701447,-0.1480756870516048,0.26621728279144685,0.041039767840633096,1.1236102527122116,-5.435651928564766e-13,5.551115123125783e-17
1.67,2.026451433766597,0.46340184698761216,-0.4707632824291368,0.964239589326171,0.6287696534574541,0.29097897720865085,-0.1477187007875899,0.26353153161569004,0.04298477251855902,1.1236102527122116,-1.0557110741160614e-12,0.0
1.68,2.0323415701673238,0.45869957556714763,-0.4696828777274171,0.9705640760066139,0.6361637456912506,0.28950361858637547,-0.14735129538338762,0.2608659243579377,0.04488801356259166,1.1236102527122116,-1.9778623183697164e-12,5.551115123125783e-17
1.69,2.0382187935276637,0.45400835254299526,-0.46855353909681124,0.9769635954704833,0.643777216333683,0.2880319857090634,-0.1469735681118293,0.2582205471665435,0.04674960666550229,1.1236102527122116,-2.9807267765136203e-12,-5.551115123125783e-17
1.7,2.0440829702614143,0.44932866923085346,-0.46737486582420773,0.9834403720219296,0.6516162022586549,0.28656418130345723,-0.14658561744720075,0.2555954808974775,0.04856967530546408,1.1236102527122116,-3.426814387808008e-12,0.0
1.71,2.0499339697351697,0.44466102111715383,-0.4661464242784371,0.9899966923484178,0.6596870438734531,0.2851003071060302,-0.1461875429580986,0.252990801163514,0.05034835047454064,1.1236102527122116,-2.5611734955077736e-12,1.1102230246251565e-16
1.72,2.0557716642854134,0.44000590819377966,-0.46486774682075166,0.9966349075778372,0.6679962898228711,0.28364046385278013,-0.14577944520643837,0.2504065783863457,0.05208577041701391,1.1236102527122116,1.5987211554602254e-13,5.551115123125783e-17
1.73,2.061595929234647,0.4353638353039026,-0.46353833067463046,1.0033574353814882,0.6765507015584811,0.28218475126996184,-0.14536142565224222,0.2478428778512406,0.05378208037716202,1.1236102527122116,4.675260178998997e-12,0.0
1.74,2.0674066429064553,0.43073531249930197,-0.46215763675361404,1.0101667621221935,0.6853572577316337,0.2807332680656342,-0.14493358656378577,0.24529975976380758,0.055437432356047936,1.1236102527122116,9.992395799685028e-12,0.0
1.75,2.0732036866394115,0.4261208554095336,-0.460725088445871,1.0170654450467735,0.6944231583633085,0.2792861119219006,-0.14449603093262578,0.24277727930838122,0.05705198487681727,1.1236102527122116,1.4126894098964726e-11,-5.551115123125783e-17
1.76,2.0789869447997122,0.4215209856233109,-0.45924007035420134,1.0240561145221365,0.7037558287379383,0.2778433794877194,-0.14404886239296735,0.2402754867074705,0.05862590275793679,1.1236102527122116,1.458025367107041e-11,-2.7755575615628914e-17
1.77,2.0847563047924536,0.416936231082466,-0.45770192699017875,1.0311414763142197,0.7133629229616025,0.2764051663721615,-0.14359218514474562,0.23779442728163439,0.060159356893712795,1.1236102527122116,9.720002580593246e-12,-2.7755575615628914e-17
1.78,2.0905116570714384,0.412367126488854,-0.4561099614211361,1.0383243139090357,0.7232523271176173,0.2749715671379927,-0.14312610387970953,0.23533414150906146,0.06165252404133585,1.1236102527122116,1.5208667658583863e-12,-2.7755575615628914e-17
1.79,2.0962528951485613,0.4078142137248933,-0.45446343387441007,1.045607490866219,0.7334321619419873,0.2735426752961029,-0.14265072371198184,0.23289466508654189,0.06310558661582046,1.1236102527122116,-1.1775580510686723e-12,-2.7755575615628914e-17
1.8,2.1019799156181733,0.40327804229316644,-0.4527615603835103,1.0529939530664287,0.7439107848990938,0.2721185833096015,-0.14216615014658396,0.2304760290287165,0.0645187325254452,1.1236102527122116,-9.201250872337141e-13,-5.551115123125783e-17
1.81,2.107692618157047,0.3987591697637095,-0.45100351127711824,1.0604867311506987,0.7546967916450023,0.27069938258498355,-0.1416724890050288,0.22807825971664936,0.06589215496878542,1.1236102527122116,-1.1376732889090135e-12,2.7755575615628914e-17
1.82,2.113390905531102,0.3942581622371121,-0.44918840965707163,1.0680889429338893,0.7657990167150623,0.26928516346778936,-0.14116984636637184,0.22570137895975254,0.06722605225046904,1.1236102527122116,-9.446055049266988e-13,2.7755575615628914e-17
1.83,2.1190746836054934,0.3897755948252408,-0.4473153298726937,1.075803795768225,0.7772265333147479,0.2678760152415887,-0.14065832852555424,0.22334540407355746,0.0685206276169676,1.1236102527122116,2.0733414984874798e-14,-2.7755575615628914e-17
1.84,2.1247438613518383,0.3853120521469327,-0.44538329594661813,1.0836345889232344,0.788988652099787,0.26647202612615,-0.14013804194941165,0.22101034795172947,0.06977608909329974,1.1236102527122116,1.2220224832049098e-12,2.7755575615628914e-17
1.85,2.130398350854769,0.38086812883940946,-0.44339127996788436,1.0915847159521583,0.8010949187962899,0.2650732832759669,-0.1396090932352527,0.21869621913765308,0.07099264932549626,1.1236102527122116,1.9537704787353505e-12,2.7755575615628914e-17
1.86,2.136038067317807,0.3764444300856803,-0.4413382004590801,1.0996576670282228,0.8135551104996993,0.26367987277912736,-0.1390715890729325,0.21640302189659816,0.07217052542973679,1.1236102527122116,2.0941026690479703e-12,0.0
1.87,2.141662929068549,0.37204157215819833,-0.43922292072431124,1.107857031234175,0.8263792304740755,0.2622918796565121,-0.1385256362109108,0.21413075628904266,0.07330993884859725,1.1236102527122116,2.242456220713507e-12,-2.7755575615628914e-17
1.8800000000000001,2.147272857563145,0.3676601829790381,-0.437044247184774,1.1161864987884749,0.8395775012543434,0.260909387861307,-0.13797134142629996,0.21187941824525014,0.07441111521432231,1.1236102527122116,3.0789260030417154e-12,-5.551115123125783e-17
1.8900000000000001,2.1528677773900706,0.3633009026968598,-0.43480092770871004,1.1246498631915487,0.8531603558336055,0.2595324802788164,-0.13740881149838155,0.20964899964067385,0.07547428421846793,1.1236102527122116,4.3122172499465705e-12,-8.326672684688674e-17
1.9000000000000001,2.1584476162731714,0.3589643842809275,-0.4324916499425199,1.1332510232754907,0.8671384266953605,0.2581612387265618,-0.13683815318449347,0.2074394883711888,0.07649967948663518,1.1236102527122116,4.1534276018495575e-12,0.0
1.9100000000000001,2.1640123050739763,0.35465129413244695,-0.4301150396498141,1.141993985140618,0.8815225324263682,0.256795743954653,-0.1362594731965632,0.20525086842652818,0.07748753845634049,1.1236102527122116,8.806011475570585e-13,2.7755575615628914e-17
1.92,2.169561777793273,0.35036231271337226,-0.42766965906598486,1.1508828639609003,0.8963236616205017,0.2554360756464165,-0.13567287817625204,0.20308311995996536,0.07843810225575765,1.1236102527122116,-1.6051604490030513e-12,0.0
1.93,2.1750959715726186,0.346098135186696,-0.425154005324464,1.1599218855584512,0.9115529537875527,0.25408231241937385,-0.1350784746874565,0.20093621937169193,0.07935161560478037,1.1236102527122116,-1.5707157796640558e-12,2.7755575615628914e-17
1.94,2.180614826694854,0.34185947207472533,-0.42256650892275127,1.1691153877952372,0.9272216768930476,0.25273453182591377,-0.1344763692042517,0.19881013938581424,0.08022832671300809,1.1236102527122116,-1.5805967645832197e-12,0.0
1.95,2.186118286583482,0.33764704993470107,-0.41990553223874233,1.1784678217604794,0.9433412011551051,0.251392810353945,-0.13386666809110584,0.19670484911765684,0.08106848717138783,1.1236102527122116,-1.2070344723724702e-12,-2.7755575615628914e-17
1.96,2.1916062978023283,0.33346161204644786,-0.4171693681713678,1.1879837526288881,0.9599229687164936,0.2500572234284484,-0.13324947759796502,0.19462031415326783,0.0818723518625096,1.1236102527122116,-7.991385331251877e-13,0.0
1.97,2.197078810054016,0.3293039191137573,-0.4143562388878371,1.197667860211594,0.9769784587441962,0.24872784541268173,-0.13262490385234144,0.1925564966236507,0.08264017886995778,1.1236102527122116,-8.370526494161368e-13,2.7755575615628914e-17
1.98,2.2025357761775224,0.3251747499771228,-0.41146429471548157,1.2075249391350902,0.9945191474929828,0.24740474960917053,-0.13199305285304794,0.19051335527822275,0.08337222939185177,1.1236102527122116,-1.1612932837579137e-12,-5.551115123125783e-17
1.99,2.207977152145235,0.3210749023364826,-0.40849161321314437,1.2175598985897216,1.0125564628283625,0.2460880082607868,-0.1313540304670367,0.18849084555917073,0.08406876765993043,1.1236102527122116,-1.2893575096484255e-12,0.0
2.0,2.2134028970599102,0.31700519348262574,-0.4054361984570649,1.2277777615892447,1.031101732667586,0.2447776925522146,-0.13070794242908101,0.18648891967668849,0.08473006086365462,1.1236102527122116,-1.3705148127485245e-12,-5.551115123125783e-17
2.0100000000000002,2.2188129731518753,0.3129664610358619,-0.40229598057615956,1.238183663683065,1.0501661267605629,0.24347387261206924,-0.13005489434225084,0.18450752668330322,0.08535637907686727,1.1236102527122116,-1.6180667916643188e-12,5.551115123125783e-17
2.02,2.2242073457735443,0.3089595636862374,-0.39906881557504076,1.2487828510592636,1.069760591230018,0.24217661751370592,-0.129394991678527,0.18254661254567883,0.08594799518726472,1.1236102527122116,-1.621647260918735e-12,-8.326672684688674e-17
2.0300000000000002,2.2295859833933536,0.3049853819330363,-0.3957524855029371,1.2595806779485137,1.089895775229796,0.2408859952758782,-0.12872833978284706,0.1806061202177049,0.08650518483170277,1.1236102527122116,-1.5479562076592401e-12,2.7755575615628914e-17
2.04,2.234948857591204,0.3010448188227607,-0.3923446990184855,1.2705826032506844,1.1105819490367028,0.23960207286461205,-0.12805504387777078,0.17868598971291896,0.08702822633345544,1.1236102527122116,-1.2477519018005978e-12,2.7755575615628914e-17
2.05,2.2402959430521343,0.2971388006783931,-0.3888430924116533,1.2817941862945115,1.131828912915087,0.23832491619454205,-0.1273752090708545,0.17678615817752694,0.08751740064449617,1.1236102527122116,-1.2176926134088717e-12,-2.7755575615628914e-17
2.06,2.2456272175589267,0.2932682778158487,-0.3852452311386168,1.293221081646041,1.1536458960470632,0.23705459012974475,-0.12668894036078202,0.17490655996023496,0.08797299128838776,1.1236102527122116,-1.563221774247836e-12,8.326672684688674e-17
2.07,2.2509426619840975,0.289434225241713,-0.3815486119493358,1.304869032852212,1.1760414448204022,0.23579115848439955,-0.1259963426454577,0.17304712668217254,0.08839528430715222,1.1236102527122116,-1.7426338150272613e-12,-5.551115123125783e-17
2.08,2.2562422602823555,0.28563764332691016,-0.37775066569120513,1.3167438650012084,1.1990232997561503,0.23453468402410524,-0.1252975207334025,0.17120778730864064,0.08878456821316957,1.1236102527122116,-1.6227019727921288e-12,2.7755575615628914e-17
2.09,2.261525999483192,0.2818795584498075,-0.3738487608675847,1.3288514759897458,1.222598260374869,0.23328522846768754,-0.12459257935581251,0.16938846822016349,0.08914113394314752,1.1236102527122116,-1.6125711876924242e-12,2.7755575615628914e-17
2.1,2.2667938696791365,0.2781610235970451,-0.3698402080264634,1.3411978264024564,1.2467720373740223,0.23204285248628093,-0.12388162317548115,0.16758909327787266,0.08946527481125074,1.1236102527122116,-1.5912271500440056e-12,-5.551115123125783e-17
2.11,2.272045864017223,0.27448311891769644,-0.36572226510918027,1.353788927819921,1.271549091450285,0.23080761570476607,-0.12316475680113484,0.1658095838934935,0.0897572864688613,1.1236102527122116,-1.4631906797291094e-12,0.0
2.12,2.277281978688604,0.2708469522183406,-0.3614921438447502,1.3666308294531937,1.2969324582478317,0.2295795767023371,-0.12244208480152118,0.16404985909738273,0.09001746686577372,1.1236102527122116,-1.5420997812043424e-12,0.0
2.13,2.282502212917029,0.26725365938844475,-0.35714701730005155,1.3797296029639619,1.3229235589793318,0.22835879301250941,-0.12171371171855715,0.16230983560408851,0.09024611621191758,1.1236102527122116,-1.758510004279401e-12,-2.7755575615628914e-17
2.14,2.287706568947107,0.2637044047436849,-0.35268402871123694,1.3930913253139823,1.3495219963998404,0.22714532112318303,-0.12097974208226138,0.16058942787826622,0.09044353694242616,1.1236102527122116,-1.6370793609610246e-12,2.7755575615628914e-17
2.15,2.292895052033241,0.2602003812746293,-0.3481003017244957,1.4067220594862333,1.3767253359679246,0.22593921647747575,-0.12024028042870051,0.15888854820250145,0.09061003368705214,1.1236102527122116,-1.6082135623207705e-12,-5.551115123125783e-17
2.16,2.298067670425654,0.2567428107850639,-0.3433929521487402,1.420627832969354,1.4045288722599878,0.22474053347277462,-0.11949543131377197,0.15720710673934934,0.0907459132367275,1.1236102527122116,-1.5842605005644828e-12,-8.326672684688674e-17
2.17,2.303224435357492,0.25333294390462735,-0.33855910137470824,1.4348146138163989,1.4329253809256721,0.2235493254606902,-0.1187452993307184,0.15554501159599726,0.09085148451524344,1.1236102527122116,-1.3913870056114774e-12,-2.7755575615628914e-17
2.18,2.308365361031349,0.24997205995844884,-0.33359589158115743,1.449288284151436,1.461904856790026,0.22236564474689904,-0.11798998912846645,0.15390216888855923,0.09092705855300867,1.1236102527122116,-1.530164883689622e-12,-2.7755575615628914e-17
2.19,2.313490464604115,0.24666146667567734,-0.3285005028453951,1.4640546110064365,1.4914542390593148,0.22118954259004392,-0.11722960542736262,0.152278482802596,0.09097294845918144,1.1236102527122116,-2.0082269180932144e-12,-8.326672684688674e-17
2.2,2.318599766171692,0.24340249971631697,-0.3232701722923269,1.4791192143477958,1.5215571250136009,0.22002106920072123,-0.11646425303622321,0.15067385565376012,0.09098946939640307,1.1236102527122116,-1.6987244944033364e-12,-5.551115123125783e-17
2.21,2.32369328875515,0.2401965219956412,-0.31790221541354896,1.4944875321582316,1.5521934740380825,0.218860273741727,-0.11569403687536169,0.14908818795351983,0.0909769385628557,1.1236102527122116,-1.5996093338799255e-12,0.0
2.22,2.328771058282774,0.23704492278533693,-0.31239404960855577,1.5101647825727829,1.5833393043910036,0.21770720432559362,-0.11491906198996808,0.14752137846409039,0.0909356751650934,1.1236102527122116,-1.5756562721236378e-12,2.7755575615628914e-17
2.23,2.3338331035739714,0.23394911656663125,-0.30674322008563343,1.5261559229237511,1.6149663857306458,0.21656190801367997,-0.11413943357031801,0.14597332425927684,0.09086600039913306,1.1236102527122116,-1.415950690031309e-12,-8.326672684688674e-17
2.24,2.338879456322405,0.230910541612292,-0.30094742816260994,1.5424656057070159,1.6470419310858093,0.21542443081483956,-0.11335525697159,0.14444392078394705,0.09076823743210222,1.1236102527122116,-1.6657786261475849e-12,-5.551115123125783e-17
2.25,2.3439101510773983,0.22793065827488976,-0.2950045619940237,1.5590981315007215,1.6795282926654669,0.2142948176832509,-0.11256663773037692,0.14293306190953442,0.09064271138099772,1.1236102527122116,-2.1777024628022446e-12,0.0
2.2600000000000002,2.348925225225657,0.22501094695444887,-0.28891272973677656,1.57605739887336,1.712382666732311,0.2131731125165862,-0.11177368158305066,0.1414406399903721,0.09048974929445806,1.1236102527122116,-1.5937251518494122e-12,2.7755575615628914e-17
2.27,2.3539247189736225,0.22215290572096702,-0.2826702951237443,1.5933468513814828,1.74555681355806,0.21205935815466703,-0.11097649448981399,0.13996654592482682,0.09030968014153724,1.1236102527122116,-1.5597245717202668e-12,-5.551115123125783e-17
2.2800000000000002,2.3589086753262087,0.21935804757336694,-0.27627591529451406,1.6109694219328747,1.7789967992330942,0.2109535963760187,-0.11017518264632538,0.13851066920363195,0.09010283478749323,1.1236102527122116,-1.5059620217527936e-12,2.7755575615628914e-17
2.29,2.3638771400676597,0.21662789730668103,-0.26972858080048356,1.6289274746555116,1.8126427670670018,0.20985586789615332,-0.10936985250554723,0.13707289796758448,0.08986954598142605,1.1236102527122116,-1.065841859215766e-12,2.7755575615628914e-17
2.3000000000000003,2.368830161741379,0.21396398796689858,-0.2630276575171028,1.6472227446778436,1.8464287470432517,0.20876621236455853,-0.10856061079748043,0.1356531190618569,0.08961014834291503,1.1236102527122116,-1.4075962617710047e-12,5.551115123125783e-17
2.31,2.3737677916278552,0.2113678568851824,-0.2561729301849024,1.665856276242025,1.8802825123227962,0.20768466836198163,-0.10774756454511684,0.13425121808731705,0.08932497834380045,1.1236102527122116,-3.7677083675191625e-12,0.0
2.32,2.3786900837223937,0.20884104126983602,-0.2491646471837532,1.6848283596738303,1.914125492638581,0.20661127339762253,-0.10693082107608823,0.13286707944671236,0.08901437428617073,1.1236102527122116,-3.5649261320713777e-12,-2.7755575615628914e-17
2.33,2.383597094715063,0.20638507333172512,-0.24200356612695512,1.7041384677454887,1.9478727550000707,0.20554606390567037,-0.10611048805283343,0.13150058640651818,0.08867867630311121,1.1236102527122116,-1.6260881530172355e-12,2.7755575615628914e-17
2.34,2.388488883966856,0.20400147496693222,-0.23469099965699833,1.7237851922813336,1.9814330615717601,0.2044890752417923,-0.10528667348622027,0.13015162114432613,0.08831822633958095,1.1236102527122116,-1.6060486274227515e-12,8.326672684688674e-17
2.35,2.3933655134853993,0.20169175198510333,-0.22722886080217072,1.7437661817911556,2.014709015186081,0.20344034168000824,-0.10445948574352046,0.1288200647903251,0.08793336812747989,1.1236102527122116,-1.6157630788882216e-12,5.551115123125783e-17
2.36,2.39822704790206,0.19945738787647316,-0.2196197071943678,1.7640780809845857,2.0475973026398933,0.20239989640837336,-0.1036290335724702,0.127505797482433,0.08752444718044272,1.1236102527122116,-1.6336376695846866e-12,5.551115123125783e-17
2.37,2.403073554447404,0.1972998371555726,-0.2118667832755478,1.784716473263793,2.0799890444106497,0.20136777152589233,-0.10279542611595868,0.12620869841334087,0.08709181077727342,1.1236102527122116,-1.8822443603738748e-12,-2.7755575615628914e-17
2.38,2.407905102926236,0.19522051829477668,-0.2039740595777971,1.805675827285051,2.1117702587990537,0.20034399803855235,-0.10195877292614437,0.12492864587623959,0.08663580794551001,1.1236102527122114,-1.6421169979352612e-12,2.7755575615628914e-17
2.39,2.412721765691777,0.1932208062785451,-0.19594626808645582,1.8269494487739102,2.142822446654354,0.1993286058535001,-0.10111918398040698,0.12366551731116916,0.08615678944817533,1.1236102527122116,-1.6254220192024604e-12,5.551115123125783e-17
2.4,2.417523617620081,0.19130202483691425,-0.1877889326906093,1.8485294387676974,2.173023300228733,0.19832162377687412,-0.10027676969507227,0.12241918935065797,0.08565510776661699,1.1236102527122116,-1.7016527076307852e-12,4.163336342344337e-17
2.41,2.4223107360830576,0.18946543839651198,-0.17950839359244114,1.870406659617707,2.2022475376530544,0.19732307950783182,-0.09943164093837048,0.12118953786292533,0.08513111708419344,1.1236102527122116,-1.5868834024601597e-12,-1.3877787807814457e-17
2.42,2.4270832009217673,0.18771224382482452,-0.17111182466648045,1.8925707099170828,2.230367860766921,0.196332999635041,-0.09858390904528375,0.11997643799748843,0.08458517327147537,1.1236102527122116,-1.5189238755652923e-12,5.551115123125783e-17
2.43,2.4318410944186146,0.18604356204043315,-0.16260724268612708,1.915009909629174,2.2572560307319174,0.19535140963145212,-0.09773368582863379,0.11877976422669237,0.08401763386772276,1.1236102527122116,-1.6441709105308178e-12,-4.163336342344337e-17
2.44,2.436584501268883,0.18446042957467515,-0.15400350745841812,1.937711296530597,2.2827840518792692,0.1943783338487841,-0.09688108358971424,0.11759939038651601,0.08342885806214106,1.1236102527122116,-1.6720930196001405e-12,0.0
2.45,2.4413135085525806,0.18296379018225026,-0.14531031203638195,1.9606606349354165,2.306825450051181,0.19341379551386825,-0.0960262151315195,0.11643518972027528,0.08281920667762771,1.1236102527122116,-1.8373913501790184e-12,-1.3877787807814457e-17
2.46,2.4460282057046747,0.1815544866024667,-0.13653816222176351,1.9838424376586206,2.329256627626223,0.1924578167223501,-0.09516919376581763,0.11528703491587583,0.08218904214819578,1.1236102527122116,-1.3021667077950383e-12,-2.7755575615628914e-17
2.47,2.4507286844862044,0.1802332525784976,-0.1276983449064745,2.0072400017503678,2.3499582734007762,0.1915104184353482,-0.09431013332815627,0.11415479815086846,0.08153872850505581,1.1236102527122116,-1.4777484791395068e-12,-1.3877787807814457e-17
2.48,2.455415038952976,0.17900070525601683,-0.1188028848279566,2.0308354586003743,2.368816801574803,0.19057162047175188,-0.09344914817876547,0.113038351123857,0.08086863134708137,1.1236102527122116,-1.6303625116620424e-12,-1.3877787807814457e-17
2.49,2.460087365425474,0.17785733806686102,-0.10986448980707948,2.054609838364236,2.385725791380408,0.18964144150465143,-0.09258635321538528,0.1119375650974414,0.08017911782448306,1.1236102527122116,-1.7592871603966387e-12,1.3877787807814457e-17
2.5,2.4647457624573925,0.17680351422063828,-0.10089648459900011,2.078543148707603,2.4005873960690014,0.18871989905539732,-0.09172186387831907,0.11085231093375807,0.07947055661375403,1.1236102527122116,-1.6285583992470265e-12,0.0
2.5100000000000002,2.4693903308039267,0.17583946091073496,-0.09191273391433749,2.1026144673400897,2.413313688857196,0.1878070094883095,-0.09085579615715375,0.10978245913157267,0.07874331789452138,1.1236102527122116,-1.2907591662170148e-12,-1.3877787807814457e-17
2.52,2.474021173389526,0.1749652643414383,-0.08292755542864619,2.126802047554309,2.4238279129265434,0.18690278800513557,-0.08998826659626274,0.10872787986236584,0.07799777332487937,1.1236102527122116,-1.6274620540102092e-12,1.3877787807814457e-17
2.5300000000000002,2.4786383952747677,0.17418086567352578,-0.07395562388307356,2.151083435675166,2.4320656034397397,0.18600724863900542,-0.08911939229525892,0.10768844300190944,0.07723429601075282,1.1236102527122116,-1.6976420269543269e-12,2.7755575615628914e-17
2.54,2.483242103623466,0.17348605796186545,-0.0650118677148272,2.175435598920669,2.4379755519850157,0.18512040424955178,-0.08824929091620089,0.10666401816808183,0.07645326048303502,1.1236102527122116,-1.7086887460493472e-12,-1.3877787807814457e-17
2.5500000000000003,2.487832407668674,0.17288048416231755,-0.0561113598090511,2.199835062043638,2.44152058672332,0.18424226651689782,-0.08737808068323273,0.10565447475192118,0.07565504266578675,1.1236102527122116,-1.3009315846801428e-12,0.0
2.56,2.4924094186786014,0.17236363624860496,-0.04726920425079022,2.224258050740147,2.442678146555248,0.18337284593616232,-0.08650588038615199,0.10465968195231395,0.07484001984895144,1.1236102527122116,-1.6245338407827603e-12,0.0
2.57,2.4969732499215267,0.17193485548016757,-0.03850042104691433,2.248680639715687,2.441440632581839,0.1825121518116311,-0.08563280937592767,0.10367950880379258,0.07400857065125734,1.1236102527122116,-1.6793372248358196e-12,0.0
2.58,2.50152401663088,0.1715933338158484,-0.0298198309121397,2.2730789030878524,2.4378155271002555,0.18166019225135557,-0.08475898756788323,0.10271382421115101,0.07316107499220671,1.1236102527122116,-1.7626455850461298e-12,0.0
2.59,2.506061835969335,0.1713381164774409,-0.021241942196128898,2.297429064812003,2.43182527625002,0.1808169741614658,-0.0838845354368937,0.10176249697728294,0.07229791405427148,1.1236102527122116,-1.256189596787749e-12,0.0
2.6,2.510586826992855,0.17116810561871676,-0.012780841998685451,2.32170764676546,2.423506940079926,0.17998250324031778,-0.08300957401728419,0.10082539583523688,0.07141947025062782,1.1236102527122116,-1.610642175187138e-12,-1.3877787807814457e-17
2.61,2.515099110613683,0.17108206506278445,-0.004450093417672484,2.3458916121914526,2.41291161976213,0.17915678397347787,-0.08213422489363319,0.0999023894727043,0.07052612718158457,1.1236102527122116,-1.6276147096760951e-12,1.3877787807814457e-17
2.62,2.5195988095635578,0.17107862601924406,0.003737359354052741,2.3699585023900958,2.4001036788591446,0.17833981962774156,-0.08125861019954402,0.09899334656348105,0.0696182696005728,1.1236102527122116,-1.6186219031766313e-12,-1.3877787807814457e-17
2.63,2.524086048356006,0.17115629371121183,0.011769276532016752,2.3938865646646565,2.3851597800668776,0.1775316122458928,-0.08038285260909729,0.0980981357929175,0.06869628337095939,1.1236102527122116,-1.5439455269827818e-12,0.0
2.64,2.5285609532483786,0.17131345480247184,0.019634197615733786,2.4176548698297426,2.3681677641163015,0.17673216264124703,-0.07950707532965591,0.09721662588474929,0.06776055542428673,1.1236102527122116,-1.6093376631332035e-12,0.0
2.65,2.533023652203352,0.17154838551727145,0.027321504679306476,2.4412434178344684,2.3492254005307225,0.17594147039251845,-0.0786314020923856,0.09634868562621438,0.06681147371548576,1.1236102527122116,-1.6333601138285303e-12,1.3877787807814457e-17
2.66,2.5374742748500747,0.1718592603313802,0.03482147345957842,2.4646332303931744,2.328439042253866,0.1751595338385221,-0.07775595714259197,0.09549418389327688,0.06584942717760148,1.1236102527122116,-1.5573237144295149e-12,0.0
2.67,2.5419129524448847,0.17224416111212865,0.04212531192705025,2.487806429818604,2.305922216950579,0.17438635007294653,-0.07688086522840787,0.09465298967472686,0.06487480567421948,1.1236102527122116,-1.6106005418237146e-12,-2.7755575615628914e-17
2.68,2.5463398178314938,0.172701086581541,0.04922518633381057,2.5107463035755417,2.281794187520066,0.17362191493973106,-0.07600625158794719,0.09382497209520835,0.06388799994978209,1.1236102527122116,-1.6150691894978308e-12,-2.7755575615628914e-17
2.69,2.550755005400907,0.17322796197810486,0.05611423504583106,2.5334373544321647,2.2561785129356977,0.17286622302793556,-0.07513224193593378,0.09301000043814399,0.0628894015789186,1.1236102527122116,-1.6184137363595141e-12,0.0
2.7,2.555158651050823,0.173822648798121,0.06278657068889529,2.555865336329968,2.229201638120523,0.17211926766722613,-0.07425896244862723,0.09220794416745974,0.06187940291344179,1.1236102527122116,-1.5440287937096286e-12,0.0
2.71,2.5595508921447467,0.17448295450343246,0.06923727139167139,2.578017276418111,2.2009915384531324,0.17138104092306353,-0.0733865397477763,0.09141867294886272,0.060858397027773126,1.1236102527122116,-1.608699284894044e-12,1.3877787807814457e-17
2.72,2.5639318674705316,0.17520664209030257,0.07546236205237253,2.599881483878925,2.1716764408291147,0.17065153359280855,-0.07251510088313996,0.09064205667007662,0.05982677766243882,1.1236102527122116,-1.6167484018225764e-12,5.551115123125783e-17
2.73,2.5683017171987474,0.17599143942629708,0.08145878673557697,2.621447546446172,2.1413836391253604,0.1699307352011181,-0.07164477331406482,0.08987796546075727,0.058784939165927245,1.1236102527122116,-1.605562904849478e-12,1.3877787807814457e-17
2.74,2.5726605828405336,0.17683504827101518,0.08722437334528854,2.6427063155926804,2.1102384178098452,0.1692186339961523,-0.07077568488965895,0.08912626971142358,0.057733276434618744,1.1236102527122116,-1.55589430228531e-12,5.551115123125783e-17
2.75,2.577008607205194,0.17773515291098144,0.09275779180929193,2.6636498815489023,2.0783630932540476,0.16851521694549657,-0.06990796382757371,0.08838684009166653,0.05667218485054892,1.1236102527122116,-1.6070755837205297e-12,1.3877787807814457e-17
2.7600000000000002,2.581345934357248,0.1786894283470198,0.09805850698289287,2.684271539328152,2.0458761784863264,0.16782046973315412,-0.06904173869212268,0.08765954756788776,0.055602060218266816,1.1236102527122116,-1.6043971706736215e-12,-2.7755575615628914e-17
2.77,2.585672709573391,0.17969554799193224,0.10312672750045714,2.7045657470527438,2.0128916733471303,0.16713437675561255,-0.06817713837049279,0.08694426342007593,0.05452329869869661,1.1236102527122116,-1.5975137879209456e-12,-2.7755575615628914e-17
2.7800000000000002,2.589989079298911,0.1807511908386827,0.10796335169562031,2.7245280777835155,1.9795184790441078,0.1664569211191588,-0.06731429204847088,0.0862408592582199,0.053436296742357184,1.1236102527122116,-1.6074641617791485e-12,-1.3877787807814457e-17
2.79,2.5942951911039205,0.18185404808084984,0.1125699116851236,2.744155166119371,1.9458599331409963,0.16578808463652306,-0.06645332918369933,0.08554920703729277,0.05234145101888335,1.1236102527122116,-1.6141810110781307e-12,1.3877787807814457e-17
2.8000000000000003,2.5985911936391264,0.18300182916443297,0.11694851657421983,2.76344465070529,1.912013459084592,0.1651278478249288,-0.06559437947967246,0.0848691790727928,0.05123915834752758,1.1236102527122116,-1.5938361741518747e-12,2.7755575615628914e-17
2.81,2.602877236591427,0.18419226727499677,0.12110179567791278,2.782395113793687,1.8780703222972206,0.1644761899033322,-0.06473757285677222,0.0842006480544878,0.05012981562331455,1.1236102527122116,-1.5611401060766639e-12,0.0
2.82,2.6071534706391533,0.18542312425863122,0.12503284250642893,2.8010060188533945,1.844115483917413,0.16383308879050906,-0.063883039422778,0.08354348705989148,0.04901381974237287,1.1236102527122116,-1.4281215099387623e-12,1.3877787807814457e-17
2.83,2.6114200474071634,0.1866921949881445,0.12874516017160575,2.8192776471682404,1.8102275423226646,0.16319852110336033,-0.0630309094431747,0.08289756956786336,0.047891567526724146,1.1236102527122116,-1.7300744170611893e-12,2.7755575615628914e-17
2.84,2.6156771194211816,0.18799731119674962,0.1322426087449408,2.8372110342371784,1.7764787520579992,0.1625724621555048,-0.06218131330736686,0.08226276946928325,0.046763455643502996,1.1236102527122116,-2.1025264862473136e-12,-1.3877787807814457e-17
2.85,2.6199248400624358,0.18933634479324668,0.13552935500326946,2.854807906715582,1.7429351099686679,0.16195488595615654,-0.06133438149614278,0.08163896107888721,0.04562988052560907,1.1236102527122116,-1.6016354908998665e-12,-1.3877787807814457e-17
2.86,2.6241633635221984,0.19070721068570679,0.13860982490471807,2.872070620527224,1.7096564983381728,0.16134576520937624,-0.060490244550960005,0.0810260191490885,0.044491238294153516,1.1236102527122116,-1.6035922589807683e-12,1.3877787807814457e-17
2.87,2.6283928447550684,0.1921078691527861,0.14148865898959598,2.889002100609451,1.6766968750962197,0.16074507131373902,-0.059649033033704,0.08042381887605238,0.043347924668883424,1.1236102527122116,-1.5135948050470915e-12,1.3877787807814457e-17
2.88,2.632613439433209,0.19353632777674812,0.1441706709204378,2.905605782801245,1.6441045022408198,0.16015277436211803,-0.05881087749338618,0.07983223591199712,0.04220033488677921,1.1236102527122116,-1.5597523272958824e-12,0.0
2.89,2.636825303899609,0.19499064298126345,0.14666080920114388,2.9218855581457426,1.6119222038124097,0.15956884314217354,-0.057975908427858484,0.07925114637352268,0.041048863614283684,1.1236102527122116,-1.883118661005767e-12,-1.3877787807814457e-17
2.9,2.641028595121188,0.19646892120199486,0.1489641221110302,2.9378457198865164,1.5801876458286255,0.15899324513725804,-0.057144256244568904,0.07868042684935604,0.03989390485812444,1.1236102527122116,-1.608768673833083e-12,3.469446951953614e-17
2.91,2.64522347064265,0.1979693197219343,0.15108572584238805,2.9534909133779714,1.548933631332268,0.15842594652679817,-0.05631605122307269,0.07811995441029641,0.03873585187757943,1.1236102527122116,-1.6080747844426924e-12,6.938893903907228e-18
2.92,2.649410088538636,0.19949004720452854,0.15303077572154508,2.9688260889438642,1.51818840451675,0.15786691218856105,-0.0554914234722659,0.07756960661434939,0.03757509709060236,1.1236102527122116,-1.552383221969933e-12,-2.0816681711721685e-17
2.93,2.653588607366975,0.20102936395362128,0.15480444045602365,2.983856457842469,1.4879759587489552,0.1573161057001258,-0.054670502889987406,0.07702926151465918,0.036412031982064705,1.1236102527122116,-1.5262374697400105e-12,-2.0816681711721685e-17
2.94,2.6577591861212424,0.20258558193057286,0.15641187924176755,2.998587451295549,1.4583163440551552,0.15677348934127447,-0.05385341912025402,0.07649879766550283,0.035247047009024264,1.1236102527122116,-1.7598700274845669e-12,-1.3877787807814457e-17
2.95,2.661921984182952,0.20415706455564597,0.15785822158241328,3.0130246825664013,1.429225970391638,0.15623902409710377,-0.05304030150925011,0.07597809412732197,0.03408053150437203,1.1236102527122116,-1.6591034102120261e-12,3.469446951953614e-17
2.96,2.6660771612746026,0.20574222632163014,0.15914854967059097,3.0271739120645047,1.4007179036573782,0.15571266966055605,-0.05223127906189769,0.07546703047300421,0.0329128735804335,1.1236102527122116,-1.6098788968577082e-12,-3.469446951953614e-17
2.97,2.670224877411463,0.20733953224201315,0.16028788312675407,3.0410410153317744,1.3728021520797806,0.15519438443657124,-0.05142648039580629,0.07496548679160508,0.03174446002969298,1.1236102527122116,-1.5935724961835263e-12,1.3877787807814457e-17
2.98,2.6743652928539507,0.20894749715833202,0.16128116594099545,3.0546319538543965,1.3454859410838356,0.15468412554604377,-0.05062603369535511,0.07447334369271125,0.03057567622515062,1.1236102527122116,-1.5848294898646031e-12,-2.0816681711721685e-17
2.99,2.678498568059801,0.21056468492713715,0.16213325542869797,3.067952748557053,1.3187739752757155,0.15418184883034602,-0.04983006666476948,0.07399048231012048,0.029406906019276206,1.1236102527122116,-1.6558004967137663e-12,6.938893903907228e-18
3.0,2.6826248636360126,0.21218970750545815,0.1628489130231473,3.081009455843555,1.2926686865833796,0.15368750885652038,-0.049038706480220025,0.0735167843047642,0.028238531641692363,1.1236102527122116,-1.6112666756384897e-12,0.0
3.0100000000000002,2.6867443402911615,0.21382122395347572,0.16343279674103867,3.0938081460570652,1.2671704679342832,0.15320105892254043,-0.04825207974158121,0.07305213186775947,0.027070933596021557,1.1236102527122116,-1.6102258415529036e-12,1.3877787807814457e-17
3.02,2.6908571587871584,0.21545793936856675,0.16388945514663086,3.10635488419098,1.242277892190797,0.15272245106356117,-0.04747031242295831,0.07259640772228329,0.02590449055535521,1.1236102527122116,-1.5758228055773316e-12,-2.0816681711721685e-17
3.0300000000000002,2.694963479891418,0.21709860376648718,0.16422332266884918,3.11865571272463,1.2179879162721616,0.1522516360582997,-0.046693529822974505,0.0721494951255942,0.024739579257077916,1.1236102527122116,-1.5341061754270413e-12,-2.0816681711721685e-17
3.04,2.6990634643288924,0.2187420109217979,0.16443871611882352,3.1307166364235774,1.1942960706267778,0.15178856343601344,-0.04592185651422032,0.0717112778704205,0.023576574396586676,1.1236102527122116,-1.6429912985671535e-12,0.0
3.0500000000000003,2.703157272733878,0.2203869971782085,0.16453983227005137,3.142543608957502,1.1711966343810163,0.1513331814842377,-0.0451554162919606,0.0712816402856423,0.022415848520175956,1.1236102527122116,-1.677741279237921e-12,-3.469446951953614e-17
3.06,2.707245065602386,0.2220324402405974,0.1645307463814019,3.1541425212101077,1.1486827965921078,0.15088543725658535,-0.04439433212270247,0.07086046723725128,0.021257771917356335,1.1236102527122116,-1.605937605120289e-12,-6.938893903907228e-18
3.0700000000000003,2.7113270032442918,0.2236772579561212,0.1644154115381567,3.1655191911293143,1.1267468041679922,0.1504452765812548,-0.04363872609195858,0.07044764412857185,0.02010271251224222,1.1236102527122116,-1.6099205302211317e-12,2.0816681711721685e-17
3.08,2.71540324573528,0.22532040709150425,0.16419765870428787,3.176679354986625,1.1053800970759673,0.15001264407035483,-0.04288871935146399,0.07004305689984816,0.018951035754439627,1.1236102527122116,-1.5511203432794218e-12,0.0
3.09,2.7194739528694147,0.22696088211521945,0.16388119739485948,3.1876286599383206,1.0845734314831308,0.14958748312929787,-0.04214443206632099,0.06964659202812643,0.01780310450948964,1.1236102527122116,-1.4947210136284639e-12,-1.3877787807814457e-17
3.1,2.7235392841115096,0.22859771398861475,0.1634696168722394,3.1983726577545,1.0643169915423094,0.14916973596695088,-0.04140598336145671,0.06925813652639531,0.016659278948627367,1.1236102527122116,-1.5951823195692327e-12,-6.938893903907228e-18
3.11,2.7275993985494615,0.23022996897071593,0.16296638778801342,3.2089167996095616,1.0446004905326531,0.14875934360647802,-0.04067349126774792,0.06887757794228576,0.015519916438291172,1.1236102527122116,-1.694269724517028e-12,-6.938893903907228e-18
3.12,2.731654454847056,0.23185674744206614,0.16237486420290828,3.219266431839889,1.025413262052616,0.14835624589648044,-0.039947072668173385,0.068504804356961,0.014385371429498774,1.1236102527122118,-1.6141810110781307e-12,0.0
3.13,2.735704611197186,0.23347718275131757,0.16169828591687704,3.229426792569057,1.0067443419655755,0.14796038152244606,-0.039226843243457106,0.06813970438368556,0.013255995346487939,1.1236102527122116,-1.602037946746293e-12,-6.938893903907228e-18
3.14,2.7397500252742715,0.23509044008386512,0.1609397810487584,3.2394030090964465,0.9885825418152322,0.14757168801947548,-0.03851291741763113,0.06778216716565652,0.012132136475928097,1.1236102527122116,-1.6010942571753617e-12,0.0
3.15,2.74379085418779,0.23669571535947267,0.16010236882160653,3.249200095991392,0.9709165143281918,0.14719010178492178,-0.03780540830340061,0.06743208237403428,0.011014139855521986,1.1236102527122116,-1.5286105714551468e-12,-6.938893903907228e-18
3.16,2.747827254435738,0.23829223415797798,0.15918896250606235,3.258822953803427,0.9537348116644052,0.14681555809175767,-0.03710442764764663,0.06708934020585693,0.009902347163009851,1.1236102527122116,-1.4722528751676123e-12,-6.938893903907228e-18
3.17,2.751859381858246,0.23987925067499322,0.15820237248003532,3.26827636831845,0.9370259370139291,0.1464479911025222,-0.03641008577659517,0.06675383138143824,0.008797096604996755,1.1236102527122116,-1.523961512539529e-12,0.0
3.18,2.7558873915913744,0.2414560467083247,0.15714530937276022,3.277565010299962,0.9207783901132918,0.14608733388387352,-0.03572249154113708,0.06642544714164778,0.0076987228062116685,1.1236102527122116,-1.6067008834497187e-12,-6.938893903907228e-18
3.19,2.759911438021301,0.24302193067633338,0.1560203872647262,3.286693435660074,0.9049807072142956,0.14573351842162421,-0.03504175226243189,0.06610407924530236,0.006607556699243813,1.1236102527122116,-1.6157769566760294e-12,-6.938893903907228e-18
3.2,2.7639316747390965,0.24457623666935793,0.15483012691509462,3.2956660860050087,0.8896214960034349,0.14538647563615212,-0.034367973677324075,0.06578961996632363,0.0055239254141238245,1.1236102527122116,-1.605340860244553e-12,0.0
3.21,2.7679482544952467,0.2461183235322611,0.1535769589943933,3.3044872895029354,0.874689465958045,0.1450461353986037,-0.033701259884090784,0.06548196209064704,0.004448152168841341,1.1236102527122116,-1.603911448100348e-12,-1.0408340855860843e-17
3.22,2.7719613291546503,0.24764757397930515,0.15226322730550268,3.3131612620362194,0.8601734545641546,0.14471242654761718,-0.0330417132885721,0.06518099891319741,0.003380556160589701,1.1236102527122116,-1.602717958348876e-12,-3.469446951953614e-18
3.23,2.7759710496522008,0.24916339374187202,0.15089119197492148,3.321692108597181,0.8460624497944925,0.14438527690642802,-0.03238943455032328,0.06488662423470465,0.0023214524572161763,1.1236102527122116,-1.5905332606536149e-12,-1.3877787807814457e-17
3.24,2.779977565948522,0.25066521074729137,0.14946303260256494,3.3300838248917417,0.832345609229213,0.1440646133006566,-0.03174452252938378,0.06459873235859709,0.0012711518898742558,1.1236102527122116,-1.5788065299560117e-12,-1.3877787807814457e-17
3.25,2.783981026986127,0.2521524743291809,0.14798085135673658,3.3383402991174034,0.8190122761550166,0.1437503615765551,-0.031107074233229944,0.06431721808770663,0.00022996094624551378,1.1236102527122116,-1.5292211941186906e-12,-3.469446951953614e-18
3.2600000000000002,2.7879815806459636,0.25362465446844684,0.14644667600676267,3.346465313889568,0.806051992958801,0.14344244661975714,-0.030477184764275845,0.06404197672105999,-0.0008018183351876096,1.1236102527122116,-1.3948980859268545e-12,-1.3877787807814457e-17
3.27,2.791979373704372,0.25508124106416946,0.14486246288609658,3.3544625482909023,0.7934545121039503,0.14314079237456498,-0.029854947268028034,0.06377290405080113,-0.001823888469642966,1.1236102527122116,-1.2640999358382032e-12,0.0
3.2800000000000002,2.7959745517904704,0.2565217432336029,0.14323009977869572,3.3623355800185,0.7812098049518441,0.1428453218638094,-0.02924045288176851,0.06350989635906608,-0.002835956629396421,1.1236102527122116,-1.3729295478270842e-12,-6.938893903907228e-18
3.29,2.7999672593439917,0.25794568864052425,0.14155140872152322,3.3700878876036406,0.7693080686674396,0.14255595720931444,-0.028633790683469135,0.06325285041446932,-0.003837734746270853,1.1236102527122116,-1.5929618735199824e-12,1.0408340855860843e-17
3.3000000000000003,2.8039576395735857,0.2593526228520073,0.1398281487257973,3.3777228526984353,0.7577397314209614,0.1422726196526054,-0.02803504764170889,0.06300166346920139,-0.004828939612655424,1.1236102527122116,-1.6899398547209898e-12,0.0
3.31,2.8079458344154773,0.260742108720663,0.1380620184143196,3.385243762412257,0.746495456095754,0.14199522957630223,-0.027444308566899268,0.06275623325646819,-0.005809292980152203,1.1236102527122116,-1.6648488143644613e-12,-1.3877787807814457e-17
3.3200000000000003,2.811931984493017,0.262113725794716,0.1362546585649493,3.392653811666843,0.7355661426612154,0.1417237065257749,-0.02686165606223796,0.06251645798744701,-0.006778521658303248,1.1236102527122116,-1.7021523079918666e-12,-6.938893903907228e-18
3.33,2.8159162290762683,0.2634670697513324,0.13440765456752515,3.3999561055751806,0.7249429293948876,0.14145796923157253,-0.0262871704761336,0.062282236348559276,-0.0077363576105820495,1.1236102527122116,-2.0466545125330526e-12,0.0
3.34,2.8198987060421805,0.2648017518538915,0.13252253879016973,3.4071536618238967,0.7146171930890254,0.14119793563237945,-0.025720929855355325,0.0620534674986577,-0.008682538048795398,1.1236102527122116,-2.600857029744219e-12,3.469446951953614e-18
3.35,2.823879551835481,0.2661173984333068,0.13060079285780793,3.414249413055005,0.7045805483674497,0.1409435228982479,-0.025163009899151944,0.06183005106661414,-0.00961680552587385,1.1236102527122116,-2.9233351850344036e-12,-1.0408340855860843e-17
3.36,2.827858901430228,0.26741365039217324,0.12864384984367422,3.421246209239179,0.6948248462331611,0.14069464745417606,-0.02461348391443608,0.061611887149286344,-0.010538908026831474,1.1236102527122116,-2.517992758743759e-12,0.0
3.37,2.8318368882919667,0.2686901627305193,0.12665309637458497,3.4281468200327323,0.6853421719547925,0.14045122500410054,-0.024072422772071334,0.06139887630977709,-0.011448599057729068,1.1236102527122116,-1.2400011573099334e-12,6.938893903907228e-18
3.38,2.835813644340426,0.2699466040919377,0.12462987465075293,3.434953937110483,0.6761248423887618,0.14021317055537202,-0.023539894864262244,0.06119091957585044,-0.012345637732506277,1.1236102527122116,4.0294850789379666e-13,-3.469446951953614e-18
3.39,2.8397892999126912,0.27118265632887467,0.1225754843809182,3.441670176466681,0.667165402823738,0.1399803984437833,-0.023015966063019266,0.06098791843833509,-0.013229788857570108,1.1236102527122116,1.3099313300735105e-12,6.938893903907228e-18
3.4,2.843763983726799,0.2723980140858517,0.12049118463357408,3.448298080676169,0.658456623424815,0.1397528223592184,-0.02250069967965946,0.0607897748493224,-0.01410082301402902,1.1236102527122116,4.831898769985798e-13,0.0
3.41,2.8477378228456893,0.27359238439939915,0.11837819560506109,3.4548401211079685,0.6499914953463796,0.13953035537199204,-0.02199415642529929,0.060596391219955484,-0.014958516637459451,1.1236102527122116,-1.3509401930456022e-12,0.0
3.42,2.8517109426423723,0.27476548631829395,0.11623770031635268,3.4612987001112336,0.6417632265520031,0.13931290995902648,-0.021496394372986696,0.06040767041965989,-0.015802652095712483,1.1236102527122116,-1.763596213510965e-12,-6.938893903907228e-18
3.43,2.8556834667675863,0.2759170505484534,0.1140708462571506,3.4676761532183327,0.6337652373721339,0.1391003980286646,-0.02100746892269254,0.06022351577951308,-0.01663301776492606,1.1236102527122116,-1.9943491302854e-12,6.938893903907228e-18
3.44,2.8596555171146787,0.27704681909669987,0.1118787469168231,3.47397475119491,0.6259911559677793,0.13889273094923596,-0.020527432765008936,0.0600438310884058,-0.017449408101012254,1.1236102527122116,-1.85985948863987e-12,3.469446951953614e-18
3.45,2.8636272137874523,0.27815454494268815,0.1096624832724303,3.480196702112029,0.6184348135954869,0.1386898195755817,-0.02005633584783773,0.05986852059477203,-0.018251623710508744,1.1236102527122116,-1.985217545907858e-12,-3.469446951953614e-18
3.46,2.867598675067787,0.2792399917191037,0.10742310519855577,3.486344153348113,0.6110902398034417,0.1384915742769297,-0.01959422534403502,0.059697489006387605,-0.019039471417514938,1.1236102527122116,-2.8890778658308136e-12,0.0
3.47,2.8715700173841534,0.2803029334064239,0.10516163281396779,3.492419193544105,0.6039516575571054,0.1382979049649603,-0.019141145620673258,0.05953064149083077,-0.019812764327933753,1.1236102527122116,-4.498255934404227e-12,3.469446951953614e-18
3.48,2.8755413552810354,0.2813431540417513,0.10287905776765699,3.4984238545126978,0.5970134783225088,0.13810872112202566,-0.01869713820994142,0.05936788367664543,-0.020571321891016982,1.1236102527122116,-6.1403937490212e-12,-3.469446951953614e-18
3.49,2.879512801389228,0.28236044744084854,0.10057634446599116,3.5043601131006974,0.5902702971334525,0.13792393182955248,-0.018262241781664735,0.05920912165509354,-0.02131496995813921,1.1236102527122116,-6.850575662298297e-12,6.938893903907228e-18
3.5,2.883484466396949,0.28335461693250213,0.09825443124273381,3.5102298930035256,0.5837168876656025,0.1377434457966603,-0.017836492117436646,0.05905426198238395,-0.022043540838702903,1.1236102527122116,-5.828483529146666e-12,5.204170427930421e-18
3.5100000000000002,2.887456459021736,0.2843254751043453,0.09591423147366686,3.5160350665309,0.5773481973374618,0.13756717138902538,-0.017419922086364368,0.05890321168226744,-0.022756873353061376,1.1236102527122116,-2.8875096758085306e-12,5.204170427930421e-18
3.52,2.891428885983071,0.28527284355926696,0.09355663463756438,3.521777456322718,0.5711593424555996,0.13739501665802206,-0.017012561622442357,0.05875587824889093,-0.02345481288232304,1.1236102527122116,1.2600961940556488e-12,-1.734723475976807e-18
3.5300000000000002,2.895401851975691,0.28619655268153615,0.09118250732525768,3.52745883701418,0.5651456034191444,0.13722688937017202,-0.01661443770357783,0.0586121696498066,-0.024137211414882603,1.1236102527122116,5.032710359564874e-12,-3.469446951953614e-18
3.54,2.8993754596435464,0.28709644141177026,0.08879269419853843,3.5330809368491662,0.5593024199964537,0.1370626970369329,-0.01622557433230374,0.05847199432903552,-0.024803927589505257,1.1236102527122116,6.4704422375605475e-12,3.469446951953614e-18
3.5500000000000003,2.9033498095543475,0.2879723570298756,0.08638801890064043,3.5386454392409163,0.55362538668503,0.13690234694485695,-0.015845992518224883,0.058335261210087905,-0.02545482673477127,1.1236102527122116,4.330681646624868e-12,-5.204170427930421e-18
3.56,2.9073250001746676,0.2888241549450888,0.08396928492004666,3.5441539842790206,0.5481102481640904,0.13674574618615112,-0.015475710262252222,0.05820187969884538,-0.02608978090467202,1.1236102527122116,-7.27681803702751e-14,3.469446951953614e-18
3.5700000000000003,2.9113011278460426,0.2896516984952051,0.08153727641392207,3.5496081701939444,0.5427528948363919,0.1365928016893099,-0.015114742542791434,0.05807175968719301,-0.026708668910900787,1.1236102527122116,-1.4373779944065745e-12,1.734723475976807e-18
3.58,2.9152782867668496,0.29045485878265503,0.07909275903497665,3.5550095548970324,0.5375493583586961,0.1364434202462751,-0.014763101304692211,0.05794481156655359,-0.027311376359317248,1.1236102527122116,-1.59224716744788e-12,-6.938893903907228e-18
3.59,2.919256568967686,0.2912335144749137,0.07663648065112035,3.560359657298593,0.5324958074450558,0.13629750854490028,-0.014420795448250576,0.05782094622721577,-0.027897795672095826,1.1236102527122116,-1.5752191218076916e-12,1.734723475976807e-18
3.6,2.923236064290431,0.29198755163017637,0.0741691720576827,3.5656599586549462,0.5275885437051062,0.13615497319954295,-0.014087830820952633,0.057700075064257124,-0.028467826110780407,1.1236102527122116,-1.5684120668879586e-12,0.0
3.61,2.9272168603688224,0.2927168635322971,0.07169154765702145,3.5709119038863584,0.5228239975829406,0.13601572078135377,-0.01376421021106424,0.05758210998454848,-0.029021373796590182,1.1236102527122116,-1.8218898611976897e-12,3.469446951953614e-18
3.62,2.931199042609443,0.2934213505294693,0.06920430610072627,3.5761169028434834,0.5181987244179613,0.13587965784895964,-0.013449933343045289,0.05746696341326433,-0.029558351726445352,1.1236102527122116,-2.383891695156848e-12,-1.734723475976807e-18
3.63,2.935182694173657,0.2941009198796381,0.06670813090098388,3.581276331536708,0.5137094006161568,0.1357466909791346,-0.013144996874898365,0.05735454830098175,-0.030078679785567643,1.1236102527122116,-3.0519822780128436e-12,-3.469446951953614e-18
3.64,2.9391678959604923,0.2947554856022194,0.06420369101218662,3.5863915333289813,0.5093528199329377,0.1356167267974529,-0.012849394397427003,0.05724477813130039,-0.030582284756639357,1.1236102527122116,-3.4692665407121126e-12,1.734723475976807e-18
3.65,2.943154726590447,0.2953849683356985,0.06169164138387474,3.591463820092693,0.505125889868195,0.13548967200891976,-0.012563116435389444,0.05713756692892111,-0.03106910032548801,1.1236102527122116,-3.295114181511849e-12,1.734723475976807e-18
3.66,2.947143262390219,0.2959892952006824,0.059172623486094325,3.5964944733311732,0.5010256281737797,0.1353654334285753,-0.012286150450540274,0.05703282926812547,-0.03153906708325441,1.1236102527122116,-2.385383557346188e-12,0.0
3.67,2.951133577378347,0.29656839966798043,0.05664726580826099,3.6014847452653878,0.49704915947325096,0.13524391801206653,-0.012018480846559801,0.056930480281601276,-0.03199213252498968,1.1236102527122116,-9.21408782605937e-13,3.469446951953614e-18
3.68,2.9551257432517466,0.29712222143128625,0.05411618433261155,3.6064358598863926,0.49319371199342543,0.13512503288618255,-0.011760088975876161,0.05683043566956167,-0.03242825104461863,1.1236102527122116,5.694264504363389e-13,-5.204170427930421e-18
3.69,2.9591198293731416,0.2976507062840351,0.05157998298333344,3.611349013974127,0.4894566144069867,0.13500868537934857,-0.011510953148389168,0.05673261170910606,-0.032847383926198535,1.1236102527122116,1.3579762314641641e-12,1.734723475976807e-18
3.7,2.9631159027593696,0.2981538060000113,0.04903925405245439,3.6162253780831106,0.48583529278520104,0.1348947830520735,-0.011271048642107769,0.056636925263771815,-0.03324949933139819,1.1236102527122116,8.760422942621915e-13,-6.938893903907228e-18
3.71,2.9671140280705575,0.2986314782172783,0.04649457860358193,3.6210660974956186,0.48232726765960404,0.13478323372734666,-0.011040347715714834,0.056543293793224,-0.03363457228311572,1.1236102527122116,-6.472669622503702e-13,1.734723475976807e-18
3.72,2.9711142676001994,0.2990836863254858,0.0439465268551942,3.6258722931445027,0.4789301511898222,0.1346739455209471,-0.010818819623066866,0.05645163536316931,-0.034002584645305554,1.1236102527122116,-1.3870710136032471e-12,3.469446951953614e-18
3.73,2.975116681267343,0.2995103993694014,0.04139565856059664,3.6306450625498807,0.47564164439348317,0.13456682687074573,-0.010606430629382822,0.05636186865923526,-0.034353525103265906,1.1236102527122116,-1.4695952788024158e-12,-1.734723475976807e-18
3.74,2.9791213266084493,0.2999115919417198,0.03884252334957987,3.6353854806799224,0.4724595345239308,0.13446178656670438,-0.010403144029333311,0.056273912996868784,-0.03468738913600216,1.1236102527122116,-1.484021239228639e-12,1.734723475976807e-18
3.75,2.9831282587701273,0.30028724408055263,0.03628766105602842,3.6400946007905843,0.469381692541635,0.13435873378070884,-0.01020892016707299,0.05618768833204157,-0.03500417898536511,1.1236102527122116,-1.4704140682830769e-12,-1.734723475976807e-18
3.7600000000000002,2.9871375305034142,0.3006373411749251,0.03373160203425565,3.6447734552562614,0.46640607066625467,0.134257578095852,-0.010023716457977847,0.05610311527360158,-0.03530390362329755,1.1236102527122116,-1.5417458976152432e-12,-3.469446951953614e-18
3.77,2.9911491921588076,0.3009618738711046,0.031174867457017877,3.649423056369275,0.4635307000299433,0.13415822953562803,-0.009847487412218461,0.05602011509526734,-0.03558657871491403,1.1236102527122116,-1.7494547477348021e-12,0.0
3.7800000000000002,2.995163291682253,0.3012608379820766,0.02861796959928917,3.654044397117305,0.4607536884216431,0.13406059859286726,-0.009680184660115878,0.0559386097479722,-0.035852226578231755,1.1236102527122116,-2.042289948267495e-12,-1.734723475976807e-18
3.79,2.999179874612077,0.3015342343999711,0.02606141210836156,3.6586384519393578,0.45807321812032703,0.13396459625839893,-0.009521756979245392,0.05585852187251707,-0.03610087614058288,1.1236102527122116,-2.288530476235451e-12,-3.469446951953614e-18
3.8000000000000003,3.0031989840768647,0.3017820690112488,0.023505690260827446,3.6632061774608626,0.4554875438151567,0.13387013404942802,-0.009372150323256308,0.05577977481249233,-0.03633256289173549,1.1236102527122116,-2.3355067879649027e-12,-2.6020852139652106e-18
3.81,3.007220660794287,0.302004352614449,0.020951291207008702,3.667748513208495,0.45299499061055226,0.13377712403761277,-0.009231307852378573,0.055702292627430386,-0.03654732883374484,1.1236102527122116,-2.0812171430684145e-12,0.0
3.8200000000000003,3.011244943070863,0.30220110084030855,0.018398694203389465,3.672266382305312,0.45059395211420517,0.13368547887682955,-0.009099169965588893,0.05562600010615246,-0.0367452224275555,1.1236102527122116,-1.5364168270970424e-12,0.0
3.83,3.01527186680267,0.302372334074055,0.015848370833617082,3.676760692146806,0.4482828886061071,0.13359511183061143,-0.008975674334410003,0.05555082278027175,-0.036926298536371,1.1236102527122116,-8.547468288711002e-13,-3.469446951953614e-18
3.84,3.019301465476986,0.3025180773796812,0.013300785218628243,3.6812323350584557,0.44606032528671874,0.13350593679924722,-0.008860755938317349,0.055476686937816135,-0.03709061836580763,1.1236102527122116,-3.0984242949116947e-13,0.0
3.85,3.0233337701748773,0.3026383604260064,0.010756394216464023,3.6856821889353824,0.4439248506024568,0.13341786834652727,-0.008754347101727303,0.055403519636931894,-0.037238249400847745,1.1236102527122116,-1.9827195441024514e-13,-1.734723475976807e-18
3.86,3.027368809574715,0.30273321741433007,0.008215647612333302,3.6901111178646913,0.44187511464674023,0.133330821726123,-0.00865637753254028,0.05533124871962945,-0.03736926533960837,1.1236102527122116,-6.465036839209404e-13,-1.734723475976807e-18
3.87,3.031406609956627,0.30280268700748403,0.00567898829948419,3.694519972731107,0.4399098276349055,0.1332447129075862,-0.008566774362211102,0.05525980282552946,-0.03748374602394143,1.1236102527122116,-1.2989401221297214e-12,-1.734723475976807e-18
3.88,3.0354471952078463,0.3028468122621057,0.003146852453686238,3.698909591812241,0.4380277584455468,0.13315945860191486,-0.008485462187211436,0.05518911140608207,-0.037581777367618335,1.1236102527122116,-1.4118844982036194e-12,0.0
3.89,3.0394905868289297,0.30286564056826554,0.0006196697054408626,3.7032808013752665,0.4362277332144513,0.13307497628656023,-0.00841236311158317,0.05511910474027476,-0.03766345128373967,1.1236102527122116,-1.4813358872878268e-12,2.6020852139652106e-18
3.9,3.0435368039410373,0.3028592235783364,-0.0019021367091124454,3.7076344162241837,0.43450863403146206,0.1329911842302289,-0.008347396791489046,0.055049713947203455,-0.03772886560486369,1.1236102527122116,-1.4945475412808662e-12,-8.673617379884035e-19
3.91,3.04758586329391,0.3028276171458948,-0.00441814979421472,3.7119712402589577,0.43286939767806093,0.13290800151710835,-0.008290480480678507,0.05498087100087076,-0.037778124003462865,1.1236102527122116,-1.4876641585281902e-12,-1.734723475976807e-18
3.92,3.051637779274877,0.3027708812640085,-0.006927958649979575,3.7162920670160458,0.4313090144347032,0.13282534807066373,-0.00824152907733533,0.05491250874444344,-0.03781133590897263,1.1236102527122116,-1.5290615995589008e-12,0.0
3.93,3.05569256391875,0.30268908000474404,-0.009431158334011962,3.720597680196974,0.4298265269508336,0.13274314467695966,-0.008200455172178838,0.05484456090444977,-0.03782861642217868,1.1236102527122116,-1.6581042094898635e-12,8.673617379884035e-19
3.94,3.0597502269185775,0.30258228146015986,-0.011927349728456563,3.7248888541864065,0.42842102917515423,0.13266131300749046,-0.008167169097751472,0.05477696210497405,-0.03783008622713974,1.1236102527122116,-1.861948095704946e-12,-8.673617379884035e-19
3.95,3.0638107756372563,0.30245055768470663,-0.014416139412201608,3.7291663545601677,0.4270916653447762,0.13257977564150977,-0.008141578978843655,0.05470964788181808,-0.037815871500717496,1.1236102527122116,-2.07914935268505e-12,-4.336808689942018e-18
3.96,3.0678742151200007,0.30229398463895907,-0.016897139537957025,3.733430938583651,0.4258376290319592,0.1324984560878496,-0.00812359078400748,0.05464255469660005,-0.03778610381978452,1.1236102527122116,-2.221431372184668e-12,3.469446951953614e-18
3.97,3.0719405481076514,0.30211264213460093,-0.0193699677139327,3.737683355701072,0.4246581622472293,0.13241727880621926,-0.008113108378112008,0.0545756199507618,-0.037740920066179386,1.1236102527122116,-2.204833537966522e-12,-1.734723475976807e-18
3.98,3.0760097750508337,0.30190661378058636,-0.02183424688983567,3.741924348015999,0.42355255459772806,0.1323361692279745,-0.008110033575892734,0.05450878199945511,-0.03768046232947768,1.1236102527122116,-1.982088104757196e-12,3.469446951953614e-18
3.99,3.0800818941249455,0.3016759869304004,-0.024289605246912135,3.7461546507636276,0.4225201424997365,0.1322550537763475,-0.008114266196448582,0.05444198016527817,-0.03760487780764736,1.1236102527122116,-1.568689622644115e-12,1.734723475976807e-18
4.0,3.084156901245978,0.30142085263034124,-0.026735676091753105,3.75037499277522,0.42156030844438147,0.13217385988612765,-0.00812570411863923,0.054375154751833,-0.0375143187056566,1.1236102527122116,-1.055142084815941e-12,-2.6020852139652106e-18
4.01,3.0882347900871614,0.3011413055687473,-0.029172097753589303,3.7545860969351827,0.42067248031561794,0.13209251602278405,-0.008144243337335788,0.05430824705707389,-0.03740894213210212,1.1236102527122116,-5.971959038397756e-13,1.734723475976807e-18
4.0200000000000005,3.0923155520964283,0.30083744402609114,-0.03159851348479522,3.7587886806312065,0.41985613075965156,0.13201095170101956,-0.008169778020477088,0.054241199386416736,-0.03728890999392678,1.1236102527122116,-3.7646274986258277e-13,-2.6020852139652106e-18
4.03,3.0963991765146894,0.3005093698258645,-0.034014571364324925,3.762983456197929,0.41911077660504475,0.13192909750274726,-0.00820220056688356,0.05417395506557878,-0.03715438888929539,1.1236102527122116,-5.230399446887191e-13,8.673617379884035e-19
4.04,3.10048565039492,0.3001571882861751,-0.036419924203804695,3.7671711313545626,0.41843597833282975,0.1318468850944792,-0.008241401664779975,0.05410645845311654,-0.037005549998698095,1.1236102527122116,-9.904924103132373e-13,-1.734723475976807e-18
4.05,3.1045749586220466,0.29978100817197983,-0.0388142294560004,3.7713524096369313,0.4178313395960237,0.13176424724411848,-0.008287270350977287,0.05403865495263018,-0.036842568974352306,1.1236102527122116,-1.3740883431090367e-12,8.673617379884035e-19
4.0600000000000005,3.1086670839331805,0.29938094165153684,-0.0411971491222025,3.7755279908334485,0.4172965067780013,0.13168111783723258,-0.008339694070359498,0.0539704910254061,-0.036665625829410145,1.1236102527122116,-1.3946066523828904e-12,0.0
4.07,3.112762006938546,0.2989571042539572,-0.043568349661924105,3.7796985714167697,0.41683116859759767,0.13159743189272946,-0.008398558735879053,0.05390191420278699,-0.036474904825837956,1.1236102527122116,-1.4166029460582763e-12,-8.673617379884035e-19
4.08,3.1168597061441314,0.2985096148198645,-0.045927501911034764,3.7838648449520114,0.4164350557821865,0.13151312557773542,-0.008463748789680073,0.053832873096511406,-0.036270594357925255,1.1236102527122116,-1.4229381561925436e-12,-8.673617379884035e-19
4.09,3.1209601579741513,0.29803859546012307,-0.04827428099454971,3.7880275025204493,0.4161079407672747,0.131428136222054,-0.008535147264048023,0.05376331741029804,-0.03605288683739839,1.1236102527122116,-1.4243883850184602e-12,-1.734723475976807e-18
4.1,3.1250633367944567,0.2975441715132811,-0.05060836624256101,3.7921872331352,0.415849637447774,0.13134240233196137,-0.008612635842905763,0.05369319795059234,-0.035821978576562885,1.1236102527122116,-1.4376902446322504e-12,-3.469446951953614e-18
4.11,3.1291692149366312,0.29702647150387484,-0.052929441107070985,3.796344724154683,0.41566000097467415,0.13125586360338137,-0.008696094923625611,0.053622466636935345,-0.0355780696704122,1.1236102527122116,-1.4716630691857802e-12,8.673617379884035e-19
4.12,3.1332777627227566,0.29648562710159493,-0.05523719307954608,3.8005006616943384,0.4155389275968044,0.13116846093443896,-0.008785403679104931,0.053551076511939875,-0.03532136387779714,1.1236102527122116,-1.5217480053841825e-12,-8.673617379884035e-19
4.13,3.137388948490838,0.2959217730813036,-0.0575313136090243,3.8046557310370273,0.4154863545474667,0.13108013643739155,-0.00888044012005455,0.05347898175085689,-0.0350520685017437,1.1236102527122116,-1.5712570133885606e-12,-8.673617379884035e-19
4.14,3.1415027386208703,0.29533504728389226,-0.05981149802060269,3.808810617042543,0.415502259975795,0.1309908334499378,-0.008981081157449578,0.053406137670714914,-0.03477039426900704,1.1236102527122116,-1.5970696987110955e-12,0.0
4.15,3.145619097561528,0.29472559057796727,-0.062077445434138234,3.812966004556674,0.41558666292276897,0.13090049654590222,-0.009087202665093216,0.05333250073901548,-0.034476555208947046,1.1236102527122116,-1.5782791740193147e-12,4.336808689942018e-18
4.16,3.14973798785747,0.29409354682235306,-0.06432885868299011,3.8171225788202445,0.41573962334187003,0.13080907154529553,-0.009198679542244124,0.05325802858196768,-0.03417076853181113,1.1236102527122116,-1.5049420043489192e-12,0.0
4.17,3.153859370177238,0.29343906282940124,-0.06656544423263686,3.821281025878568,0.41596124216444585,0.1307165055237496,-0.009315385776258997,0.053182679992245116,-0.033853254506507696,1.1236102527122116,-1.3854264957480211e-12,-1.734723475976807e-18
4.18,3.157983203341739,0.2927622883290948,-0.06878691209899461,3.825442032991743,0.4162516614099126,0.1306227468213262,-0.009437194505201968,0.05310641493624824,-0.03352423633795416,1.1236102527122116,-1.2491882528387066e-12,-8.673617379884035e-19
4.19,3.162109444353295,0.2920633759339356,-0.0709929757662701,3.8296062890462252,0.4166110643409987,0.13052774505069858,-0.009563978080373452,0.053029194560855544,-0.03318394004408064,1.1236102527122116,-1.1427594981405775e-12,-4.336808689942018e-18
4.2,3.166238048425238,0.29134248110460464,-0.07318335210417617,3.8337744849681106,0.417039675664302,0.13043145110470547,-0.009695608128711269,0.05295098119964701,-0.03283259433257112,1.1236102527122116,-1.115572911825069e-12,0.0
4.21,3.1703689690120505,0.2905997621163827,-0.07535776128434335,3.837947314138556,0.41753776177650176,0.1303338171632763,-0.009831955615017702,0.052871738378583,-0.032470430477421264,1.1236102527122116,-1.1925738174767275e-12,1.734723475976807e-18
4.22,3.1745021578400228,0.2898353800263214,-0.0775159266957538,3.842125472811775,0.4181056310566441,0.13023479669972698,-0.009972890903966502,0.05279143082112261,-0.032097682195392115,1.1236102527122116,-1.3302831058936704e-12,3.469446951953614e-18
4.23,3.1786375649384193,0.28904949864128776,-0.07965757485904426,3.8463096605361913,0.41874363420459465,0.13013434448643335,-0.010118283821839168,0.05271002445279899,-0.03171458552248271,1.1236102527122116,-1.3800766085481087e-12,0.0
4.24,3.182775138671089,0.2882422844887211,-0.08178243533941115,3.8505005805820858,0.41945216462084356,0.1300324166000015,-0.010268003717848806,0.05262748640567867,-0.03132137869114239,1.1236102527122116,-1.400546345564635e-12,3.469446951953614e-18
4.25,3.186914825768492,0.2874139067854793,-0.08389024065818261,3.854698940369588,0.4202316588416016,0.1299289704256742,-0.010421919525250898,0.052543785021575834,-0.03091830200668022,1.1236102527122116,-1.412654715426953e-12,-3.469446951953614e-18
4.26,3.191056571360413,0.28656453740854604,-0.08598072620352404,3.85890545190075,0.4210825970188958,0.129823964661173,-0.010579899822064249,0.052458889854989615,-0.0305055977242063,1.1236102527122116,-1.4142645388126596e-12,0.0
4.2700000000000005,3.195200319008904,0.285694350867102,-0.08805363013862577,3.863120832199163,0.42200550344795856,0.12971735931996772,-0.01074181289127495,0.05237277167551208,-0.03008350992611656,1.1236102527122116,-1.4188442087892383e-12,-1.734723475976807e-18
4.28,3.1993460107416443,0.2848035242752377,-0.09010869330805452,3.8673458037546546,0.4230009471447194,0.12960911573392764,-0.010907526780578044,0.052285402469580626,-0.029652284399881178,1.1236102527122116,-1.4389808788983771e-12,-1.734723475976807e-18
4.29,3.203493587085728,0.2838922373256022,-0.09214565914221291,3.8715810949737435,0.42406954247341155,0.1294991965553758,-0.01107690936161362,0.05219675544164555,-0.02921216851629729,1.1236102527122116,-1.4770892842186356e-12,0.0
4.3,3.2076429871018615,0.2829606722640155,-0.09416427355972139,3.87582744063643,0.4252119498251562,0.12938756575855334,-0.01124982838865855,0.05210680501474884,-0.02876341110828235,1.1236102527122116,-1.5229970062868858e-12,-1.734723475976807e-18
4.3100000000000005,3.211794148418939,0.28200901386507105,-0.09616428486754315,3.8800855823599223,0.4264288763484674,0.12927418864050008,-0.01142615155673664,0.05201552683051007,-0.02830626235028154,1.1236102527122116,-1.5570669753550703e-12,-1.734723475976807e-18
4.32,3.2159470072689795,0.2810374494087557,-0.09814544365866809,3.884356269069886,0.42772107673268445,0.12915903182135824,-0.011605746559110274,0.051922897748515176,-0.027840973638361355,1.1236102527122116,-1.5573306533234188e-12,0.0
4.33,3.2201014985224004,0.2800461686581124,-0.10010750270717614,3.8886402574798193,0.4290893540454192,0.12904206324410583,-0.011788481144118242,0.051828895845104014,-0.027367797471058664,1.1236102527122116,-1.5083073678923142e-12,0.0
4.34,3.2242575557236006,0.2790353638379752,-0.10205021686049451,3.8929383125791333,0.4305345606251737,0.12892325217372658,-0.011974223171325118,0.05173350041155333,-0.026886987331053706,1.1236102527122116,-1.4092824129896542e-12,-1.734723475976807e-18
4.3500000000000005,3.228415111126831,0.2780052296148008,-0.10397334292866968,3.8972512081305384,0.43205759903036456,0.12880256919582267,-0.012162840666949372,0.05163669195165106,-0.026398797567731114,1.1236102527122116,-1.2794695858353577e-12,8.673617379884035e-18
4.36,3.23257409573233,0.2769559630776255,-0.1058766395704696,3.901579727177325,0.4336594230460528,0.12867998621467713,-0.012354201878538161,0.05153845217865964,-0.02590348328069295,1.1236102527122116,-1.1575740366254195e-12,0.0
4.37,3.236734439322702,0.27588776372017243,-0.10775986717613688,3.9059246625611377,0.43534103874977126,0.12855547645077273,-0.01254817532885916,0.05143876401166507,-0.02540130020428231,1.1236102527122116,-1.0924386395494423e-12,-1.734723475976807e-18
4.38,3.240896070499508,0.2748008334241385,-0.10962278774660761,3.910286817450826,0.43710350563789807,0.12842901443777335,-0.012744629868980511,0.05133761157131078,-0.024892504593176216,1.1236102527122116,-1.1233861063608686e-12,-1.734723475976807e-18
4.39,3.2450589167200525,0.2736953764436856,-0.11146516476901586,3.91466700588297,0.4389479378141162,0.12830057601897543,-0.01294343473051254,0.05123498017491471,-0.02437735310910118,1.1236102527122116,-1.246919234532129e-12,1.734723475976807e-18
4.4,3.2492229043343412,0.2725715993911636,-0.11328676308830116,3.9190660533146717,0.4408755052415673,0.12817013834323526,-0.013144459576986558,0.051130856330969934,-0.02385610270872282,1.1236102527122116,-1.3687800892725477e-12,-1.734723475976807e-18
4.41,3.2533879586226435,0.2714297112241571,-0.1150873487759617,3.9234847971873235,0.44288743505999023,0.1280376798603873,-0.013347574554474799,0.051025227733179156,-0.023329010532643947,1.1236102527122116,-1.3825746103535153e-12,0.0
4.42,3.257554003833726,0.2702699232340175,-0.11686668899569448,3.92792408750259,0.44498501296910664,0.1279031803161849,-0.013552650341429164,0.050918083254060005,-0.022796333795594488,1.1236102527122116,-1.3896037098781733e-12,-1.734723475976807e-18
4.43,3.261720963221434,0.26909244903556473,-0.11862455186013598,3.932384787419282,0.44716958468213047,0.12776662074673725,-0.013759558197140037,0.05080941293742675,-0.022258329678361173,1.1236102527122116,-1.387903680871716e-12,-1.734723475976807e-18
4.44,3.2658887590828685,0.2678975045583584,-0.12036070628673312,3.936867773859346,0.44944255744875955,0.1276279834724631,-0.013968170009638153,0.050699207990726386,-0.021715255220727217,1.1236102527122116,-1.3941209298096169e-12,0.0
4.45,3.2700573127962613,0.2666853080394068,-0.12207492184749491,3.9413739381317194,0.4518054016508834,0.12748725209156278,-0.014178358342506896,0.050587460776651584,-0.02116736721594977,1.1236102527122116,-1.4195589148613408e-12,3.469446951953614e-18
4.46,3.2742265448589953,0.26545608001738275,-0.12376696861388348,3.945904186572148,0.4542596524727121,0.12734441147302913,-0.014389996480743104,0.05047416480420369,-0.020614922106661746,1.1236102527122116,-1.458354270678086e-12,-3.469446951953614e-18
4.47,3.2783963749257556,0.2642100433284113,-0.12543661699659198,3.9504594411997704,0.4568069116472918,0.12719944774920697,-0.014602958475650064,0.05035931471921582,-0.020058175882241937,1.1236102527122116,-1.4895029654127256e-12,3.469446951953614e-18
4.48,3.282566721846786,0.2629474231034887,-0.12708363757990057,3.9550406403914056,0.45944884928145113,0.1270523483079104,-0.014817119188742126,0.05024290629433904,-0.019497383977699134,1.1236102527122116,-1.487900080920923e-12,-1.734723475976807e-18
4.49,3.286737503706218,0.2616684467675937,-0.12870780095029613,3.9596487395744657,0.4621872057612746,0.12690310178410738,-0.015032354334641259,0.05012493641849429,-0.01893280117411367,1.1236102527122116,-1.4386339342031818e-12,1.734723475976807e-18
4.5,3.2909086378604515,0.2603733440405516,-0.13030887751904704,3.964284711939417,0.46502379374024616,0.12675169805118114,-0.015248540522948325,0.0500054030857935,-0.018364681500675727,1.1236102527122116,-1.3486087246938894e-12,1.734723475976807e-18
4.51,3.295080040976546,0.25906234693971275,-0.1318866373384173,3.9689495491727165,0.4679605002122504,0.12659812821177766,-0.015465555299073288,0.049884305383934305,-0.017793278138357235,1.1236102527122116,-1.250576031619488e-12,-5.204170427930421e-18
4.5200000000000005,3.299251629070599,0.2577356897845051,-0.13344084991121147,3.9736442622111503,0.4709992886716582,0.1264423845882486,-0.015683277184011683,0.04976164348207312,-0.017218843325248874,1.1236102527122116,-1.1946138522844763e-12,-5.204170427930421e-18
4.53,3.303423317546082,0.2563936092029232,-0.134971283993336,3.978369882018493,0.4741422013627481,0.12628446071269944,-0.015901585713056582,0.049637418618182924,-0.016641628263590516,1.1236102527122116,-1.2224804502025677e-12,-5.204170427930421e-18
4.54,3.3075950212321046,0.2550363441400118,-0.136477707389068,3.9831274603854214,0.4773913616207439,0.12612435131665173,-0.016120361473438982,0.049511633085904,-0.01606188302851811,1.1236102527122116,-1.3227335893262193e-12,-5.204170427930421e-18
4.55,3.3117666544216093,0.2536641358684097,-0.13795988673881246,3.987918070753401,0.4807489763067274,0.12596205232033078,-0.016339486140903997,0.04938429022090991,-0.015479856478534115,1.1236102527122116,-1.376315728052191e-12,0.0
4.5600000000000005,3.315938130910417,0.252277228001052,-0.13941758730145073,3.9927428090582873,0.48421733833815184,0.12579756082161928,-0.016558842515532895,0.049255394387133444,-0.014895796167402681,1.1236102527122116,-1.4011708460159866e-12,0.0
4.57,3.3201093640351775,0.25087586650606825,-0.14085057272530413,3.9976027946063266,0.4877988293181308,0.12563087508461543,-0.016778314556094732,0.0491249509621139,-0.014309948258217336,1.1236102527122116,-1.4009626791988694e-12,-1.734723475976807e-18
4.58,3.3242802667114915,0.2494602997241633,-0.1422586048121039,4.002499170974261,0.49149592226429956,0.12546199452791554,-0.016997787413518164,0.048992966322145795,-0.013722557439095603,1.1236102527122116,-1.3988601943459855e-12,-3.469446951953614e-18
4.59,3.32845075147208,0.24803077838832155,-0.1436414432716844,4.007433106937606,0.49531118444026656,0.12529091971252052,-0.0172171474632489,0.048859447826935756,-0.01313386684069429,1.1236102527122116,-1.4369200274089167e-12,-1.734723475976807e-18
4.6000000000000005,3.332620730504713,0.24658755564596704,-0.14499884546703404,4.012405797428561,0.49924728029160137,0.1251176523294168,-0.017436282336495145,0.04872440380379538,-0.012544117955567941,1.1236102527122116,-1.52312884527106e-12,5.204170427930421e-18
4.61,3.336790115690105,0.2451308870837181,-0.1463305661500283,4.017418464523081,0.5033069744879364,0.12494219518686146,-0.017655080950457824,0.04858784353149394,-0.011953550559293955,1.1236102527122116,-1.6209950048917676e-12,3.469446951953614e-18
4.62,3.340958818639741,0.24366103075484197,-0.1476363571872655,4.022472358458443,0.5074931350728512,0.12476455219737781,-0.017873433537529813,0.04844977722376885,-0.011362402633394487,1.1236102527122116,-1.6683390779981266e-12,0.0
4.63,3.3451267507335856,0.24217824720952066,-0.14891596727542317,4.027568758682623,0.511808736723024,0.12458472836446957,-0.018091231673450153,0.048310216012491816,-0.01077091029008274,1.1236102527122116,-1.6103299249614622e-12,-1.734723475976807e-18
4.64,3.3492938231576477,0.24068279952803417,-0.15016914164555523,4.032708974936812,0.5162568641179418,0.12440272976906025,-0.018308368304401697,0.04816917193048912,-0.010179307698855597,1.1236102527122116,-1.4333256803666927e-12,-1.734723475976807e-18
4.65,3.3534599469413564,0.23917495335696945,-0.1513956217557498,4.037894348372393,0.5208407154212105,0.1242185635556651,-0.018524737773043382,0.04802665789401543,-0.009587827014950413,1.1236102527122114,-1.185808395920418e-12,-1.734723475976807e-18
4.66,3.357625032994701,0.23765497694856447,-0.15259514497156604,4.043126252703705,0.5255636058742169,0.12403223791830308,-0.01874023584347134,0.04788268768488216,-0.008996698309679127,1.1236102527122116,-9.744982598647312e-13,0.0
4.67,3.36178899214511,0.23612314120329314,-0.15376744423367078,4.048406095397922,0.5304289715025658,0.12384376208615545,-0.0189547597251066,0.0477372759322424,-0.008406149502646197,1.1236102527122116,-9.24690879422485e-13,-5.204170427930421e-18
4.68,3.3659517351740194,0.23457971971580185,-0.1549122477120932,4.053735318903361,0.5354403729353037,0.12365314630897895,-0.019168208095510664,0.04759043809403781,-0.00781640629585318,1.1236102527122116,-1.09619952004536e-12,3.469446951953614e-18
4.69,3.3701131728530953,0.23302498882430414,-0.1560292784465176,4.059115401917551,0.5406014993364986,0.12346040184228012,-0.019380481122134405,0.04744219043811414,-0.007227692109685237,1.1236102527122116,-1.348331168937733e-12,1.734723475976807e-18
4.7,3.3742732159806383,0.23145922766370383,-0.15711825397382556,4.06454786069195,0.5459161724471802,0.12326554093232078,-0.019591480483263014,0.047292550023315755,-0.006640228020544998,1.1236102527122116,-1.4023157635101313e-12,0.0
4.71,3.3784317754190853,0.229882718222811,-0.15817888594439525,4.070034250367114,0.5513883507342662,0.12306857680101496,-0.019801109388470718,0.047141534680941094,-0.006054232699864357,1.1236102527122116,-1.4285586602547085e-12,5.204170427930421e-18
4.72,3.3825887621293553,0.2282957454048938,-0.15921087971441245,4.075576166372723,0.557022133650232,0.12286952363040281,-0.02000927259687722,0.046989162994578455,-0.00546992235605822,1.1236102527122116,-1.4113710200547303e-12,0.0
4.73,3.3867440872069388,0.22669859709296844,-0.1602139339286207,4.0811752458548956,0.5628217659919033,0.12266839654716148,-0.020215876435333558,0.046835454280827346,-0.004887510677510209,1.1236102527122116,-1.434054264226603e-12,5.204170427930421e-18
4.74,3.390897661916975,0.22509156421902676,-0.1611877400833298,4.086833169153238,0.5687916423597944,0.12246521160678925,-0.02042082881521474,0.04668042856931004,-0.004307208777739453,1.1236102527122116,-1.5597731439775941e-12,0.0
4.75,3.395049397729137,0.2234749408377074,-0.16213198207253246,4.092551661322554,0.5749363117105506,0.12225998577765101,-0.02062403924832783,0.04652410658258428,-0.0037292251423040323,1.1236102527122116,-1.7654558370772122e-12,6.938893903907228e-18
4.76,3.399199206352342,0.22184902420462366,-0.16304633571650454,4.09833249369961,0.5812604819955153,0.12205273692489656,-0.02082541886195759,0.046366509715991,-0.0031537655774289963,1.1236102527122116,-1.9454507449445657e-12,3.469446951953614e-18
4.7700000000000005,3.403346999769241,0.22021411485953277,-0.1639304682719847,4.104177485515936,0.5877690248772195,0.12184348379425076,-0.021024880413033666,0.046207660017422436,-0.002581033160377579,1.1236102527122116,-1.9619028623907298e-12,3.469446951953614e-18
4.78,3.407492690270417,0.21857051671453326,-0.1647840379230268,4.110088505557662,0.5944669805140186,0.12163224599567542,-0.02122233830140346,0.046047580166994694,-0.0020112281915825106,1.1236102527122116,-1.7175358357768289e-12,6.938893903907228e-18
4.79,3.4116361904882493,0.21691853714747467,-0.16560669325162028,4.116067473873387,0.6013595624013383,0.12141904398690194,-0.021417708582195924,0.045886293456606955,-0.0014445481485504154,1.1236102527122116,-1.2242776237236797e-12,0.0
4.8,3.4157774134303733,0.2152584871007683,-0.16639807268717174,4.122116363531059,0.6084521622559964,0.1212038990568349,-0.02161090897726104,0.04572382376936868,-0.0008811876415520115,1.1236102527122116,-6.402170460440004e-13,-3.469446951953614e-18
4.8100000000000005,3.4199162725126846,0.21359068118578256,-0.1671578039339427,4.128237202424872,0.6157503549278642,0.12098683330882547,-0.02180185888567067,0.045560195558873584,-0.0003213383711069377,1.1236102527122116,-2.4504703821648377e-13,-3.469446951953614e-18
4.82,3.424052681591829,0.21191543779301045,-0.16788550337553748,4.134432075133168,0.6232599033206206,0.12076786964381468,-0.021990479393265087,0.04539543382829766,0.00023481091272740257,1.1236102527122116,-3.220479438681423e-13,0.0
4.83,3.428186554997123,0.21023307920819326,-0.16858077545553604,4.140703124828332,0.6309867633005962,0.12054703174334558,-0.022176693281229128,0.04522956410929513,0.0007870744492553122,1.1236102527122116,-9.118678034880645e-13,0.0
4.84,3.432317807561846,0.20854393173458918,-0.16924321203336978,4.1470525552396715,0.6389370885695611,0.12032434405244455,-0.02236042503367976,0.045062612440664375,0.0013352695042211302,1.1236102527122116,-1.4004838955194998e-12,-3.469446951953614e-18
4.8500000000000005,3.4364463546564488,0.20684832582257795,-0.1698723917249191,4.153482632639382,0.6471172354661122,0.1200998317628298,-0.022541600845820922,0.04489460534859682,0.001879216406481598,1.1236102527122116,-1.402496174751633e-12,3.469446951953614e-18
4.86,3.4405721122203907,0.20514659620590434,-0.17046787921578788,4.159995687876884,0.6555337676706354,0.11987352079585052,-0.02272014863096286,0.04472556982653467,0.0024187385827132736,1.1236102527122116,-1.4058060271437967e-12,0.0
4.87,3.4446949967912195,0.2034390820438627,-0.17102922453633726,4.166594118505133,0.664193460784443,0.11964543778504029,-0.022895998024809246,0.04455553331278483,0.00295366258869436,1.1236102527122116,-1.400914106941542e-12,0.0
4.88,3.4488149255356917,0.2017261270718359,-0.17155596232306283,4.173280390910708,0.6731033067256,0.11941561005899225,-0.023069080390880757,0.04438452367035244,0.0034838181407251326,1.1236102527122116,-1.4204262765993292e-12,-3.469446951953614e-18
4.89,3.4529318162794005,0.20000807975901755,-0.17204761104938188,4.180057042497646,0.6822705179052264,0.11918406562397915,-0.023239328824574915,0.04421256916609417,0.0040090381448987834,1.1236102527122116,-1.5119017149345382e-12,-3.469446951953614e-18
4.9,3.457045587536217,0.19828529347398055,-0.17250367222959534,4.186926683913505,0.6917025311281364,0.11895083314659068,-0.02340667815649741,0.04403969844993048,0.004529158724801648,1.1236102527122116,-1.671156268923113e-12,1.0408340855860843e-17
4.91,3.4611561585374693,0.19655812665835565,-0.17292362959605073,4.193892001312775,0.7014070111581369,0.11871594193637926,-0.023571064955129707,0.043865940534178735,0.005044019247715414,1.1236102527122116,-1.796215953753233e-12,3.469446951953614e-18
4.92,3.4652634492607906,0.19482694300888018,-0.1733069482495327,4.200955758652746,0.7113918538809211,0.1184794219285053,-0.02373242752887819,0.04369132477304721,0.0055534623493750344,1.1236102527122116,-1.7011739239514156e-12,-6.938893903907228e-18
4.93,3.469367380458551,0.19309211166808293,-0.17365307378290656,4.208120800016955,0.7216651889892659,0.11824130366637346,-0.02389070592752473,0.04351588084230473,0.006057333957309084,1.1236102527122116,-1.202704602576432e-12,-1.0408340855860843e-17
4.94,3.4734678736858067,0.1913540074238655,-0.17396143137804262,4.215390051961323,0.7322353821062323,0.11800161828425056,-0.024045841943069354,0.04333963871910919,0.006555483312759718,1.1236102527122116,-2.617905892066119e-13,6.938893903907228e-18
4.95,3.477564851327688,0.1896130109182446,-0.17423142487604587,4.222766525878111,0.743111036252066,0.11776039748985696,-0.02419777910991911,0.043162628661941746,0.007047762991140412,1.1236102527122116,8.746128821179866e-13,0.0
4.96,3.4816582366261506,0.18786950886551576,-0.1744624358208189,4.230253320372794,0.7543009925495535,0.11751767354692191,-0.024346462704336252,0.04298488119055059,0.007534028920947136,1.1236102527122116,1.628745749382432e-12,3.469446951953614e-18
4.97,3.4857479537060176,0.1861238942801041,-0.17465382247598338,4.237853623648993,0.7658143300504672,0.11727347925769462,-0.02449183974300905,0.04280642706575914,0.00801414040098464,1.1236102527122116,1.2912032554268649e-12,6.938893903907228e-18
4.98,3.4898339276002366,0.18437656671436253,-0.17480491881518662,4.245570715896549,0.7776603645525221,0.11702784794540187,-0.02463385898055348,0.042627297268936826,0.008487960115711651,1.1236102527122116,-3.3315711300829776e-13,3.469446951953614e-18
4.99,3.4939160842742853,0.18262793250658213,-0.17491503348592824,4.253407971677541,0.7898486462617031,0.11678081343664698,-0.024772470905707784,0.04244752298088558,0.008955354148458071,1.1236102527122116,-1.5816792320322293e-12,3.469446951953614e-18
5.0,3.4979943506539897,0.18087840503953503,-0.1749834487799992,4.261368862197676,0.8023889561354367,0.11653241004471314,-0.024907627741386645,0.04226713556551567,0.009416191997861617,1.1236102527122116,-1.5599119218556723e-12,-3.469446951953614e-18
5.01,3.502068654650836,0.17912840500940858,-0.1750094195774994,4.269456957558473,0.8152913007355694,0.11628267255244844,-0.025039283442757066,0.04208616655218571,0.009870346591535212,1.1236102527122116,-1.5726239754876303e-12,6.938893903907228e-18
5.0200000000000005,3.5061389251827895,0.17737836070509383,-0.17499217224343008,4.277675929056426,0.828565905398636,0.11603163619422369,-0.025167393689337104,0.04190464761251843,0.010317694292856068,1.1236102527122116,-1.5276599429903115e-12,6.938893903907228e-18
5.03,3.5102050921989765,0.17562870829887928,-0.17493090354734406,4.286029551298108,0.8422232054932777,0.11577933663900473,-0.025291915882146035,0.04172261054329571,0.010758114912157325,1.1236102527122116,-1.42785089307651e-12,-3.469446951953614e-18
5.04,3.5142670867026515,0.17387989214802216,-0.17482477956688228,4.294521704248073,0.8562738355358742,0.11552580997318294,-0.025412809138731042,0.041540087247867306,0.011191491714999615,1.1236102527122116,-1.3668788323428771e-12,-6.938893903907228e-18
5.05,3.518324840773637,0.17213236510712818,-0.17467293458938946,4.303156375158437,0.8707286159037156,0.11527109268342543,-0.0255300342875877,0.04135710971762284,0.011617711429121644,1.1236102527122116,-1.3817974542362776e-12,-6.938893903907228e-18
5.0600000000000005,3.522378287590259,0.1703865888513674,-0.1744744700191943,4.3119376603507105,0.8855985368595928,0.11501522163956927,-0.025643553862228295,0.041173710013793205,0.012036664250330509,1.1236102527122116,-1.405556226963256e-12,3.469446951953614e-18
5.07,3.5264273614507573,0.16864303421055804,-0.17422845329813955,4.320869766820474,0.9008947395743925,0.11475823407758494,-0.02575333209496962,0.04098992024967001,0.012448243847391955,1.1236102527122116,-1.3845244395405132e-12,1.0408340855860843e-17
5.08,3.5304719977942005,0.16690218151414551,-0.1739339168469472,4.32995701363548,0.9166284938050729,0.11450016758263326,-0.025859334910305294,0.0408057725731275,0.012852347365755988,1.1236102527122116,-1.4234446954475288e-12,0.0
5.09,3.534512133220881,0.16516452094711037,-0.17358985703500457,4.339203833097746,0.9328111718542189,0.11424106007224154,-0.025961529917496885,0.0406212991491052,0.013248875429700841,1.1236102527122116,-1.5933782071542169e-12,3.469446951953614e-18
5.1000000000000005,3.5385477055121517,0.1634305529156759,-0.17319523319035787,4.3486147716274735,0.9494542184178262,0.11398094977950604,-0.026059886402630367,0.040436532142166165,0.013637732143291854,1.1236102527122116,-1.5795212360281141e-12,1.0408340855860843e-17
5.11,3.542578653649684,0.16170078842117172,-0.17274896667041567,4.358194490302727,0.9665691159023002,0.11371987523624898,-0.026154375321650596,0.04025150370050583,0.014018825091919165,1.1236102527122116,-1.590075293655957e-12,6.938893903907228e-18
5.12,3.546604917834243,0.15997574944500134,-0.17224993999097626,4.3679477650562895,0.9841673447034599,0.11345787525640043,-0.026244969291095023,0.04006624593859247,0.01439206534042971,1.1236102527122116,-1.510798430803817e-12,0.0
5.13,3.5506264395040392,0.158255969340925,-0.17169699604764493,4.377879486425968,1.0022603379800845,0.1131949889194869,-0.02633164257992806,0.03988079092145242,0.01475736743189831,1.1236102527122116,-1.3998177617047247e-12,6.938893903907228e-18
5.14,3.5546431613524287,0.1565419932349289,-0.17108893743661774,4.387994658831849,1.0208594303737781,0.11293125555417706,-0.026414371100421392,0.039695170648661765,0.015114649384712629,1.1236102527122116,-1.4159021177739817e-12,6.938893903907228e-18
5.15,3.558655027344929,0.15483437843090492,-0.17042452589729698,4.39829839931234,1.0399758001145536,0.11266671472181168,-0.02649313239849504,0.03950941703836291,0.015463832688514307,1.1236102527122116,-1.5464296510003805e-12,-3.469446951953614e-18
5.16,3.5626619827357278,0.15313369482106162,-0.16970248190322368,4.408795935641749,1.0596204039080608,0.11240140620004173,-0.02656790564403873,0.03932356191188313,0.015804842299497242,1.1236102527122116,-1.6212794995418278e-12,0.0
5.17,3.5666639740838835,0.15144052529999197,-0.16892148442780072,4.4194926037521665,1.0798039039654594,0.11213536996669994,-0.026638671621217167,0.03913763697903139,0.016137606634994237,1.1236102527122118,-1.598894627807823e-12,0.0
5.18,3.570660949269291,0.14975546618110305,-0.16808017091110491,4.430393844383218,1.1005365865070063,0.11186864618397657,-0.026705412718224072,0.03895167382359144,0.016462057566723517,1.1236102527122116,-1.5927051344455379e-12,-6.938893903907228e-18
5.19,3.574652857507046,0.14807912761018072,-0.167177137455789,4.4415051988861975,1.1218282711014407,0.11160127518213023,-0.026768112916388056,0.03876570388843628,0.01677813041306894,1.1236102527122116,-1.5973888878306752e-12,6.938893903907228e-18
5.2,3.5786396493618793,0.1464121339765125,-0.16621093929524547,4.452832304062537,1.143688210100984,0.11133329744359335,-0.026826757779399437,0.0385797584615105,0.01708576393074333,1.1236102527122116,-1.5574486145197852e-12,-6.938893903907228e-18
5.21,3.5826212767623034,0.14475512431842089,-0.16518009157110172,4.46438088594003,1.1661249774654383,0.11106475358735178,-0.026881334442371924,0.038393868662326615,0.017384900305595134,1.1236102527122116,-1.509445346492555e-12,-3.469446951953614e-18
5.22,3.5865976930138546,0.14310875271887255,-0.1640830704598153,4.476156752386622,1.189146346283653,0.11079568435327689,-0.02693183160046397,0.038208065428524875,0.017675485142437865,1.1236102527122116,-1.5694945343369682e-12,2.0816681711721685e-17
5.23,3.5905688528116326,0.14147368868762633,-0.16291831469447135,4.488165784445887,1.2127591542960723,0.11052613058646428,-0.02697823949696787,0.03802237950242712,0.017957467453781212,1.1236102527122116,-1.6568343919054485e-12,-3.469446951953614e-18
5.24,3.5945347122524978,0.13985061752604036,-0.1616842275374635,4.500413926257587,1.2369691567475907,0.11025613322180304,-0.027020549911612884,0.037836841418402156,0.01823079964819458,1.1236102527122116,-1.6150136783465996e-12,0.0
5.25,3.598495228847193,0.13824024067052443,-0.16037917925916256,4.512907173429434,1.2617808659389926,0.1099857332689442,-0.027058756148971273,0.037651481491020836,0.018495437518094557,1.1236102527122116,-1.5942386299983013e-12,-3.469446951953614e-18
5.26,3.6024503615308747,0.13664327600724704,-0.1590015101698094,4.525651559761555,1.287197376966528,0.10971497179683953,-0.02709285302564651,0.037466329802328585,0.018751340225887925,1.1236102527122116,-1.59180307823803e-12,-1.734723475976807e-17
5.2700000000000005,3.606400070673756,0.13506045815399792,-0.15754953428049065,4.538653142140824,1.313220179166034,0.1094438899187332,-0.027122836857947353,0.03728141619025689,0.01899847028998387,1.1236102527122116,-1.5643389361663651e-12,-6.938893903907228e-18
5.28,3.6103443180912063,0.13349253870219951,-0.15602154365487228,4.551917983475147,1.3398489529445266,0.10917252877731426,-0.02714870544941838,0.03709677023744763,0.019236793570095504,1.1236102527122116,-1.5883266923921724e-12,3.469446951953614e-18
5.29,3.6142830670529715,0.13194028641142388,-0.1544158135172268,4.565452133532289,1.3670813518456837,0.10890092952981822,-0.02717045807773264,0.036912421259915486,0.019466279251379746,1.1236102527122116,-1.6386059176198842e-12,-1.3877787807814457e-17
5.3,3.6182162822919977,0.1304044873486962,-0.15273060819408804,4.5792616075207775,1.3949127698863684,0.10862913333333721,-0.0271880954816794,0.0367283982963353,0.01968689982814946,1.1236102527122116,-1.5948423137679413e-12,-6.938893903907228e-18
5.3100000000000005,3.6221439300130056,0.12888594496427191,-0.15096418796553315,4.593352362260423,1.4233360944460693,0.108357181330445,-0.02720161984838951,0.036544730098143685,0.019898631087264557,1.1236102527122116,-1.5954806920071007e-12,0.0
5.32,3.6260659778998057,0.127385480093596,-0.14911481689051378,4.607730269835696,1.4523414453175856,0.10808511463457102,-0.02721103479942321,0.036361445118907654,0.020101452089895517,1.1236102527122116,-1.5761350558030074e-12,-6.938893903907228e-18
5.33,3.629982395122696,0.12590393087603205,-0.1471807716954855,4.622401088552979,1.481915900845391,0.10781297431584015,-0.027216345377594982,0.0361785715050018,0.020295345153507796,1.1236102527122116,-1.5496215421961779e-12,-1.734723475976807e-17
5.34,3.6338931523450553,0.12444215257911306,-0.14516035179120268,4.637370431107074,1.5120432125166767,0.10754080138693878,-0.027217558033340056,0.03599613708630461,0.02048029583287601,1.1236102527122116,-1.6382520340307849e-12,-1.0408340855860843e-17
5.3500000000000005,3.637798221729119,0.1230010173166801,-0.14305189048605038,4.652643729854904,1.542703509839181,0.10726863678896484,-0.027214680610417517,0.035814169366697256,0.020656292899919097,1.1236102527122116,-1.6703513572302597e-12,-3.469446951953614e-18
5.36,3.6416975769417474,0.12158141364845508,-0.14085376747094383,4.668226199077671,1.5738729978840253,0.10699652137771587,-0.027207722332468116,0.03563269551591773,0.020823328323953613,1.1236102527122116,-1.5918516504953573e-12,1.3877787807814457e-17
5.37,3.6455911931593974,0.12018424604840161,-0.13856442262288146,4.684122794200883,1.6055236504699446,0.10672449590999013,-0.027196693789060013,0.03545174236138174,0.02098139725091779,1.1236102527122116,-1.5925663565674597e-12,6.938893903907228e-18
5.38,3.649479047072158,0.11881043422825545,-0.13618237116848617,4.70033816795818,1.6376229026447222,0.10645260102982218,-0.02718160692082219,0.03527133637952575,0.021130497981180295,1.1236102527122116,-1.5556236854230576e-12,-3.469446951953614e-18
5.39,3.6533611168878983,0.11746091230211118,-0.13370622025291148,4.716876623465381,1.6701333468491897,0.10618087725520688,-0.02716247500574071,0.03509150368878462,0.02127063194812735,1.1236102527122116,-1.5765930228006653e-12,-3.469446951953614e-18
5.4,3.657237382335342,0.1161366277788077,-0.1311346869115087,4.733742064316134,1.703012437898091,0.1059093649647125,-0.02713931264438754,0.03491227004197761,0.021401803695126537,1.1236102527122116,-1.728367449160828e-12,3.469446951953614e-18
5.41,3.6611078246666264,0.11483854036760376,-0.12846661743876087,4.750937941799579,1.7362122127524606,0.10563810438426383,-0.027112135744840827,0.03473366081882685,0.021524020851717864,1.1236102527122116,-1.611169531123835e-12,3.469446951953614e-18
5.42,3.6649724266600034,0.11356762058208755,-0.1257010081320942,4.768467199378726,1.7696790319128526,0.10536713557438707,-0.027080961509444928,0.034555701020691006,0.02163729411140722,1.1236102527122116,-1.5826923105421997e-12,-3.469446951953614e-18
5.43,3.668831172620918,0.11232484813182649,-0.12283702731158223,4.7863322147794936,1.803353349966085,0.10509649841707064,-0.027045808418612295,0.03437841526285771,0.021741637205762804,1.1236102527122116,-1.5726656088510538e-12,1.3877787807814457e-17
5.44,3.6726840483832475,0.11111121008720125,-0.11987403854438675,4.8045347399264395,1.837169523737571,0.10482623260320391,-0.027006696216357744,0.03420182776900712,0.021837066879935203,1.1236102527122116,-1.4637249745597103e-12,6.938893903907228e-18
5.45,3.676531041310043,0.10992769880465046,-0.11681162491161114,4.823075839192042,1.8710556672104466,0.10455637761995328,-0.02696364589584118,0.034025962365885426,0.021923602867985028,1.1236102527122116,-1.5034154476900596e-12,1.734723475976807e-17
5.46,3.6803721402932386,0.10877530960818257,-0.11364961413619702,4.841955826476427,1.9049335627324704,0.10428697273837184,-0.0269166796838702,0.03385084247770296,0.02200126786632771,1.1236102527122116,-2.071155746907749e-12,6.938893903907228e-18
5.47,3.6842073357528347,0.10765503821707464,-0.11038810432451211,4.861174201741214,1.9387186387035975,0.10401805700120423,-0.026865821023966112,0.03367649111952712,0.02207008750520257,1.1236102527122116,-2.100403184712718e-12,1.3877787807814457e-17
5.48,3.688036619636503,0.10656787790648602,-0.1070274900581972,4.880729587641404,1.972320024378006,0.10374966921069652,-0.026811094563996964,0.03350293089498541,0.022130090325308292,1.1236102527122116,-1.599054222367613e-12,1.3877787807814457e-17
5.49,3.691859985417735,0.10551481641318172,-0.10356848847214307,4.900619667166403,2.0056406915681975,0.10348184791661408,-0.026752526140601755,0.03333018399173274,0.022181307750015908,1.1236102527122114,-1.5943080189373404e-12,-1.734723475976807e-17
5.5,3.695677428093265,0.10449683258520409,-0.10001216491885122,4.920841123207052,2.038577693185991,0.10321463140456004,-0.026690142760920868,0.03315827217483243,0.022223774054078375,1.1236102527122116,-1.5971945988013658e-12,-6.938893903907228e-18
5.51,3.6994889441807395,0.1035148927707718,-0.09635995780360614,4.9413895809781065,2.0710225080996323,0.10294805768415212,-0.026623972589226,0.032987216784769804,0.02225752633787415,1.1236102527122116,-1.5955708976278515e-12,-1.3877787807814457e-17
5.5200000000000005,3.7032945317154713,0.102569946970617,-0.09261370207437711,4.9622595544674155,2.1028614996573567,0.10268216447777137,-0.026554044930838305,0.0328170387336199,0.022282604497869583,1.1236102527122116,-1.6426096594024386e-12,3.469446951953614e-18
5.53,3.7070941902466887,0.10166292476292906,-0.08877565082913902,4.983444398075416,2.1339764942682153,0.10241698920918786,-0.02648039021608643,0.03264775850147769,0.022299051196901655,1.1236102527122116,-1.6020518245341009e-12,-2.42861286636753e-17
5.54,3.7108879208331764,0.10079473102175848,-0.08484849447038897,5.0049362646697615,2.1642454840288985,0.102152568992019,-0.02640303998487432,0.032479396133670284,0.02230691183494394,1.1236102527122116,-1.5998938285299857e-12,3.469446951953614e-18
5.55,3.714675726038656,0.09996624146297853,-0.08083537683282366,5.026726071253015,2.1935434543754297,0.1018889406192423,-0.026322026870446474,0.032311971237960986,0.02230623451821545,1.1236102527122116,-1.6189966034474423e-12,-1.0408340855860843e-17
5.5600000000000005,3.7184576099263564,0.09917829804298614,-0.07673990765321616,5.048803473571753,2.221743335198917,0.10162614055194111,-0.026237384583331382,0.03214550298191253,0.022297070028500093,1.1236102527122116,-1.5720341695057982e-12,3.469446951953614e-18
5.57,3.7222335780533924,0.09843170425514965,-0.07256617082388431,5.071156850786157,2.2487170697187273,0.10136420490897945,-0.0261491478956854,0.0319800100912114,0.022279471792335803,1.1236102527122116,-1.5793547025744203e-12,2.0816681711721685e-17
5.58,3.7260036374642973,0.09772722036663929,-0.06831872783398858,5.09377330142815,2.2743367918481705,0.10110316945611526,-0.02605735262455354,0.03181551084715031,0.022253495848798287,1.1236102527122116,-1.6013440573559024e-12,-3.469446951953614e-18
5.59,3.729767796684272,0.09706555864700149,-0.06400261591345163,5.1166386515902476,2.298476098542185,0.10084306959576579,-0.025962035615866533,0.03165202308523202,0.022219200817691038,1.1236102527122116,-1.6242771017083157e-12,0.0
5.6000000000000005,3.7335260657119154,0.09644737864414328,-0.059623340426830734,5.139737476243324,2.321011399479586,0.10058394035685246,-0.025863234728054667,0.03148956419375739,0.02217664786695605,1.1236102527122116,-1.6323609131063677e-12,3.469446951953614e-18
5.61,3.737278456011359,0.09587328256622107,-0.05518686116475349,5.163053134365162,2.341823322458378,0.1003258163846482,-0.02576098881541864,0.03132815111245714,0.022125900679536542,1.1236102527122116,-1.4785117574689366e-12,-3.469446951953614e-18
5.62,3.741024980504208,0.09534381083154243,-0.05069957232281911,5.186567818251463,2.360798149153944,0.10006873193127072,-0.025655337712562506,0.031167800332506684,0.022067025421060517,1.1236102527122116,-1.5967123456750443e-12,1.3877787807814457e-17
5.63,3.7447656535603473,0.09485943785293457,-0.0461682760188701,5.210262617319801,2.377829252599743,0.0998127208452174,-0.025546322215836935,0.03100852789396067,0.022000090703900972,1.1236102527122116,-1.6006779235411273e-12,-3.469446951953614e-18
5.64,3.748500490989085,0.09442056811593655,-0.04160014948276955,5.2341175960391215,2.392818505694527,0.09955781656257051,-0.02543398406851512,0.030850349387118302,0.021925167555050577,1.1236102527122116,-1.6445074468851573e-12,-3.469446951953614e-18
5.65,3.7522295100291863,0.09402753261882761,-0.03700270605025714,5.2581118857649205,2.405677628083782,0.09930405209718779,-0.02531836594277529,0.030693279951128503,0.02184232938013023,1.1236102527122116,-1.5369303052459315e-12,3.469446951953614e-18
5.66,3.755952729338849,0.09368058572931601,-0.03238375039811989,5.282223789536521,2.416329438884777,0.09905146003177707,-0.025199511423920233,0.030537334274985777,0.02175165192964871,1.1236102527122116,-1.5825708798988813e-12,-3.469446951953614e-18
5.67,3.7596701689848366,0.09337990251895428,-0.0277513285259739,5.30643089884983,2.424708983007584,0.09880007250853927,-0.025077464992086212,0.03038252659654061,0.021653213262038284,1.1236102527122116,-1.597336846126396e-12,0.0
5.68,3.7633818504314873,0.09312557661777379,-0.0231136732217567,5.330710220887456,2.4307645015269426,0.09854992122055124,-0.024952272006140107,0.030228870703783012,0.021547093708957712,1.1236102527122116,-1.6375477362995383e-12,1.734723475976807e-18
5.69,3.767087796529041,0.0929176186357772,-0.018479145827334762,5.355038314590104,2.434458219271343,0.09830103740295268,-0.02482397868593085,0.030076379934927754,0.021433375838378767,1.1236102527122116,-1.5567686029172023e-12,0.0
5.7,3.770788031501679,0.09275595517907834,-0.01385617528395023,5.379391433580833,2.435766927755982,0.09805345182448653,-0.02469263209572492,0.029925067179822067,0.021312144418807147,1.1236102527122116,-1.577956515452783e-12,0.0
5.71,3.774482580934924,0.0926404284876531,-0.009253195504327138,5.4037456738362275,2.434682346547794,0.0978071947790656,-0.024558280125985144,0.02977494488018406,0.021183486381235118,1.1236102527122116,-1.5969378597269213e-12,0.0
5.72,3.7781714717627786,0.09257079670050648,-0.004678582195316507,5.428077123805987,2.4312112528863565,0.09756229607765202,-0.024420971476477933,0.029626025031265952,0.02104749078242576,1.1236102527122116,-1.6420094450797507e-12,-1.734723475976807e-18
5.73,3.7818547322542972,0.09254673475232361,-0.00014059026562074708,5.452362014654751,2.4253753755690863,0.09731878504025587,-0.024280755638357354,0.029478319182891902,0.02090424876669961,1.1236102527122116,-1.5647622086945034e-12,-3.469446951953614e-18
5.74,3.7855323919998543,0.09256783588666383,0.004352707055142929,5.4765768682797855,2.4172110563675435,0.09707669048805351,-0.024137682877064203,0.029331838441455205,0.02075385352845302,1.1236102527122116,-1.5524387331211642e-12,0.0
5.75,3.7892044818968325,0.09263361376705319,0.008793476303736064,5.500698640808782,2.4067686885729134,0.09683604073579774,-0.023991804213989748,0.029186593471107528,0.020596400272921204,1.1236102527122116,-1.5964660149414556e-12,-1.734723475976807e-18
5.76,3.7928710341349983,0.09274350514944545,0.01317417808944076,5.524704859440805,2.3941119489242,0.09659686358431392,-0.023843171408755266,0.029042594495724258,0.02043198617744292,1.1236102527122116,-1.632860513467449e-12,1.734723475976807e-18
5.7700000000000005,3.7965320821814244,0.09289687307518288,0.017487616736068044,5.548573750656051,2.379316844437325,0.09635918631324666,-0.02369183694133802,0.02889985130097939,0.020260710352297,1.1236102527122116,-1.5944537357093225e-12,-6.938893903907228e-18
5.78,3.8001876607650393,0.09309301053406716,0.021726984523079636,5.572284358084081,2.3624706002933706,0.09612303567386661,-0.0235378539940452,0.028758373236532683,0.020082673801111114,1.1236102527122116,-1.4989468000159434e-12,0.0
5.79,3.803837805860756,0.09333114454011175,0.025885899939441917,5.595816648575761,2.3436704184001997,0.09588843788214502,-0.023381276433508208,0.02861816921847138,0.019897979381058153,1.1236102527122116,-1.5961537647157797e-12,0.0
5.8,3.807482554673087,0.09361044055949509,0.029958439526623484,5.619151605323697,2.3230221383487435,0.09565541861217434,-0.023222158791660272,0.028479247731076376,0.019706731761618693,1.1236102527122116,-1.605032079465829e-12,6.938893903907228e-18
5.8100000000000005,3.811121945619601,0.09393000722139613,0.033939163091047685,5.642271307283178,2.3006388337135157,0.09542400298938931,-0.02306055624819696,0.028341616830134003,0.019509037384874688,1.1236102527122116,-1.593673110145133e-12,-1.0408340855860843e-17
5.82,3.8147560183138127,0.09428890124927962,0.037823132183513034,5.66515899433506,2.2766393759569348,0.09519421558427403,-0.022896524611674258,0.028205284145260287,0.019305004423963802,1.1236102527122116,-1.5652236451391133e-12,6.938893903907228e-18
5.83,3.818384813547773,0.09468613254289576,0.04160592194802008,5.687799118071839,2.251146997198979,0.09496608040613318,-0.022730120301032365,0.028070256882824687,0.019094742741817477,1.1236102527122116,-1.5955119170296683e-12,1.734723475976807e-18
5.84,3.82200837327422,0.09512066934671387,0.04528362655875146,5.710177378311804,2.22428788059342,0.09473962089717575,-0.02256140032670613,0.027936541828695788,0.018878363849219433,1.1236102527122116,-1.603234905944717e-12,-1.0408340855860843e-17
5.8500000000000005,3.8256267405884556,0.09559144344190497,0.04885285861291591,5.73228074578354,2.1961898040356687,0.09451485992659722,-0.022390422271995725,0.02780414535145572,0.018655980862935413,1.1236102527122116,-1.5916053197617686e-12,8.673617379884035e-18
5.86,3.829239959709811,0.09609735530408625,0.052310742927993384,5.754097471594988,2.16698085922588,0.09429181978496223,-0.02221724427406199,0.027673073405466295,0.018427708463212334,1.1236102527122116,-1.5714304857361583e-12,-1.0408340855860843e-17
5.87,3.832848075962781,0.09663727917332479,0.05565490529094276,5.775617084352508,2.136788264142798,0.09407052217874183,-0.022041925004897704,0.02754333153412401,0.01819366285103873,1.1236102527122114,-1.5951476250997132e-12,6.938893903907228e-18
5.88,3.83645113575775,0.09721006798848689,0.05888345675167765,5.796830375917894,2.1057372828365306,0.09385098822517664,-0.021864523652113044,0.027414924873095096,0.017953961705039476,1.1236102527122116,-1.598606663710811e-12,1.734723475976807e-18
5.89,3.8400491865714947,0.09781455814544769,0.06199497410615054,5.817729376964752,2.0739502622757073,0.09363323844707788,-0.021685099899761116,0.027287858153844657,0.01770872413815966,1.1236102527122116,-1.5977948131240538e-12,2.0816681711721685e-17
5.9,3.843642276927255,0.09844957404319009,0.06498847720207203,5.83830732349486,2.0415457921452593,0.09341729276805583,-0.02150371390893624,0.027162135707078393,0.017458070653964305,1.1236102527122116,-1.5777483486356658e-12,-5.204170427930421e-18
5.91,3.847230456374588,0.09911393239076458,0.06786340372151764,5.858558615597077,2.00863798977255,0.0932031705076882,-0.021320426298235707,0.027037761466328504,0.01720212310251059,1.1236102527122116,-1.5958206978083922e-12,-1.0408340855860843e-17
5.92,3.8508137754687275,0.09980644625013452,0.07061958204439736,5.878478769647987,1.975335909337665,0.09299089037732444,-0.02113529812425298,0.026914738971576646,0.016941004636248293,1.1236102527122116,-1.5925767649083156e-12,1.5612511283791264e-17
5.93,3.854392285749856,0.10052592880285618,0.07325720279940985,5.898064365248795,1.9417430714978752,0.09278047047553196,-0.020948390861812896,0.026793071373010686,0.016674839665251073,1.1236102527122116,-1.5906408135091255e-12,0.0
5.94,3.8579660397219224,0.10127119682600542,0.07577678962112075,5.917312988008212,1.907957107652633,0.09257192828417755,-0.020759766384231024,0.026672761434798953,0.016403753812480427,1.1236102527122116,-1.592986159648646e-12,1.734723475976807e-18
5.95,3.861535090831223,0.10204107387511747,0.07817916961587944,5.936223169325011,1.8740695110303993,0.09236528066446242,-0.020569486943350875,0.026553811538931212,0.016127873868521856,1.1236102527122116,-1.6311570150140398e-12,1.734723475976807e-18
5.96,3.865099493444686,0.10283439317219735,0.08046544395881823,5.954794324172853,1.8401654856846799,0.09216054385319698,-0.02037761514927389,0.02643622368891791,0.015847327745825417,1.1236102527122116,-1.5936071906530458e-12,3.469446951953614e-18
5.97,3.8686593028278913,0.10365000019938558,0.08263695899741293,5.973026687821892,1.8063238836973525,0.09195773345950636,-0.0201842139508836,0.026319999514208332,0.01556224443387514,1.1236102527122116,-1.590901022030522e-12,-5.204170427930421e-18
5.98,3.872214575122771,0.10448675501162223,0.08469527817494998,5.990921252336199,1.772617220111929,0.09175686446134672,-0.019989346614902342,0.026205140273659167,0.015272753952263197,1.1236102527122116,-1.550287676010953e-12,-3.469446951953614e-18
5.99,3.8757653673251427,0.10534353427062011,0.08664215502911779,6.008479703563335,1.7391117555263718,0.09155795120251226,-0.019793076705896438,0.02609164685981635,0.014978987304918766,1.1236102527122116,-1.416321920855168e-12,-6.938893903907228e-18
6.0,3.879311737262119,0.10621923301541272,0.08847950747127857,6.025704359257414,1.7058676360607918,0.09136100738967311,-0.019595468066276572,0.025979519803365,0.014681076434158892,1.1236102527122116,-1.5809922815357424e-12,-1.214306433183765e-17
6.01,3.8828537435686625,0.10711276618477128,0.0902093934880335,6.042598108816405,1.6729390809025326,0.09116604608987242,-0.0193965847949522,0.025868759276536087,0.014379154172989728,1.1236102527122116,-2.09202447032375e-12,-1.734723475976807e-18
6.0200000000000005,3.886391445664218,0.10802306990358014,0.09183398837709686,6.059164355095819,1.6403746083547048,0.09097307972809754,-0.019196491225877948,0.025759365096459704,0.014073354197237039,1.1236102527122116,-1.853663056383681e-12,3.469446951953614e-18
6.03,3.8899249037302317,0.10894910254541502,0.09335556361745517,6.075406958732484,1.608217292014809,0.09078212008461212,-0.018995251910335447,0.02565133673206054,0.013763810981885512,1.1236102527122116,-1.5958276367022961e-12,1.0408340855860843e-17
6.04,3.8934541786855696,0.10988984559792615,0.0947764673347117,6.091330185015766,1.5765050390714597,0.09059317829328287,-0.018792931593858322,0.025544673306171918,0.013450659751084101,1.1236102527122116,-1.592465742605853e-12,5.204170427930421e-18
6.05,3.896979332162667,0.1108443043386357,0.09609910642088365,6.106938653680876,1.5452708841215956,0.09040626483970146,-0.018589595195220056,0.025439373599623786,0.013134036430457834,1.1236102527122116,-1.570112095894416e-12,-1.3877787807814457e-17
6.0600000000000005,3.9005004264837013,0.11181150833918772,0.09732593027806873,6.122237291716625,1.5145432923991577,0.09022138955941823,-0.018385307786342637,0.025335436056292647,0.012814077600368325,1.1236102527122116,-1.6171057548586276e-12,-5.204170427930421e-18
6.07,3.9040175246360405,0.11279051181589568,0.09845941612260557,6.137231289191981,1.484346467128056,0.0900385616366519,-0.018180134570763534,0.02523285878686359,0.012490920447470747,1.1236102527122116,-1.6424153703731292e-12,8.673617379884035e-18
6.08,3.9075306902478855,0.11378039384079845,0.0995020558094663,6.151926058179961,1.4547006565815879,0.08985778960299516,-0.01797414086266486,0.025131639573242857,0.01216470271678673,1.1236102527122116,-1.5966013233725818e-12,-1.9081958235744878e-17
6.09,3.911039987563638,0.11478025842825573,0.10045634409870742,6.166327194731858,1.425622457119969,0.0896790813363841,-0.017767392065760352,0.025031775872909466,0.011835562663543272,1.1236102527122116,-1.5955813059687074e-12,-1.734723475976807e-18
6.1000000000000005,3.914545481418895,0.11578923451092263,0.10132476828095843,6.180440443834387,1.3971251091644017,0.08950244406041624,-0.01755995365175458,0.02493326482287984,0.011503639004510919,1.1236102527122116,-1.5773805872587587e-12,1.0408340855860843e-17
6.11,3.918047237215605,0.11680647581869401,0.1021097990862721,6.194271667300554,1.3692187836636323,0.08932788434367707,-0.01735189113922259,0.024836103244202056,0.011169070869684817,1.1236102527122116,-1.6018089632474641e-12,-6.938893903907228e-18
6.12,3.9215453208967883,0.11783116067247211,0.10281388277723617,6.2078268144538296,1.3419108571800122,0.08915540809946047,-0.01714327007205302,0.024740287646027977,0.01083199775348204,1.1236102527122116,-1.6285514603531226e-12,1.214306433183765e-17
6.13,3.925039798921302,0.11886249170461437,0.10343943434342559,6.22111189550913,1.3152061741814554,0.08898502058559231,-0.016934155998050066,0.024645814229921716,0.010492559466032178,1.1236102527122116,-1.5972986822099244e-12,-5.204170427930421e-18
6.140000000000001,3.928530738238518,0.11989969551662867,0.1039888317056136,6.234132957511863,1.289107295557067,0.08881672640442985,-0.016724614447529346,0.024552678894230504,0.010150896084392893,1.1236102527122116,-1.5975346046026573e-12,1.734723475976807e-18
6.15,3.9320182062625992,0.12094202228305793,0.10446441083712814,6.246896062675722,1.2636147327500187,0.08865052950325897,-0.0165147109115862,0.02446087723809256,0.009807147903448811,1.1236102527122116,-1.582067810090848e-12,0.0
6.16,3.935502270846983,0.12198874531137104,0.10486846172559447,6.259407269004486,1.2387271671660318,0.08848643317470824,-0.016304510820649855,0.02437040456583335,0.0094614553870151,1.1236102527122116,-1.5890413984642748e-12,-3.469446951953614e-18
6.17,3.938983000258544,0.12303916056497823,0.1052032250863436,6.271672613023666,1.214441654812292,0.08832444005750686,-0.01609407952277823,0.02428125589107809,0.009113959118686742,1.1236102527122116,-1.6211060271942301e-12,-1.734723475976807e-18
6.18,3.9424604631516984,0.12409258615679376,0.10547088975390542,6.283698094486894,1.190753816303252,0.08816455213744487,-0.015883482261995787,0.024193425940916946,0.008764799752724317,1.1236102527122116,-1.5986656443089942e-12,5.204170427930421e-18
6.19,3.945934728542648,0.12514836182035935,0.10567359068062718,6.29548966291986,1.167658012531343,0.08800677074841094,-0.015672784156744047,0.02410690916026318,0.00841411796498072,1.1236102527122116,-1.5972223543769815e-12,1.734723475976807e-18
6.2,3.9494058657831497,0.12620584836285487,0.10581340746833633,6.307053205834975,1.1451475064703756,0.0878510965738734,-0.015462050178057466,0.024021699715823568,0.00806205440364568,1.1236102527122116,-1.5888713955636291e-12,0.0
6.21,3.9528739445345433,0.12726442710641245,0.10589236337737529,6.318394538509335,1.1232146116232642,0.08769752964841235,-0.015251345127943834,0.02393779150033818,0.007708749640145278,1.1236102527122116,-1.5618444038079105e-12,0.0
6.22,3.9563390347416387,0.1283234993216345,0.10591242475152218,6.3295193951803945,1.1018508277376065,0.0875460693594929,-0.01504073361772004,0.023855178136756063,0.007354344120013028,1.1236102527122116,-1.5812108566937155e-12,1.734723475976807e-18
6.23,3.9598012066064223,0.12938248565685204,0.10587550080444423,6.34043342153214,1.0810469644565006,0.08739671444953898,-0.014830280046229424,0.02377385298221525,0.006998978113710808,1.1236102527122116,-1.6278818570913955e-12,-5.204170427930421e-18
6.24,3.9632605305618114,0.13044082556695252,0.10578344372258655,6.35114216836431,1.060793253588055,0.08724946301818458,-0.01462004857820597,0.023693809132149055,0.006642791667628333,1.1236102527122116,-1.6062047525355894e-12,-1.734723475976807e-18
6.25,3.9667170772456566,0.1314979767454395,0.10563804904077219,6.361651086338622,1.0410794506889967,0.08710431252458734,-0.014410103122710885,0.023615039424530443,0.006285924555094647,1.1236102527122116,-1.594634146950824e-12,0.0
6.26,3.9701709174741966,0.13255341456015632,0.10544105624549477,6.371965521674309,1.0218949267063302,0.08696125979022297,-0.01420050731141294,0.023537536443738422,0.00592851622744343,1.1236102527122116,-1.5964209121310802e-12,6.071532165918825e-18
6.2700000000000005,3.973622122215853,0.13360663149676616,0.10519414957601722,6.382090712722847,1.0032287503437882,0.08682030100174105,-0.013991324477008535,0.02346129252459829,0.005570705765194419,1.1236102527122116,-1.5708302714134703e-12,-8.673617379884035e-18
6.28,3.9770707625650124,0.1346571366111244,0.10489895898997036,6.392031787324155,0.9850697618493756,0.08668143171403002,-0.0137826176317568,0.02338629975647742,0.005212631829417941,1.1236102527122116,-1.545940458980155e-12,4.336808689942018e-18
6.29,3.980516909715734,0.1357044549918841,0.10455706126288403,6.401793760856517,0.9674066388880865,0.08654464685353296,-0.013574449445946104,0.023312549987216772,0.004854432613121396,1.1236102527122116,-1.5707678213683351e-12,-3.469446951953614e-18
6.3,3.983960634935421,0.1367481272344098,0.10416998119742761,6.411381534906865,0.9502279551362127,0.08640994072181542,-0.013366882226424737,0.023240034827005714,0.004496245792825619,1.1236102527122116,-1.613639777353626e-12,0.0
6.3100000000000005,3.9874020095385974,0.13778770892738587,0.10373919292158268,6.420799896496856,0.9335222321954673,0.08627730699931276,-0.013159977895310851,0.023168745652363848,0.004138208480406169,1.1236102527122116,-1.6093237853453957e-12,1.734723475976807e-18
6.32,3.990841104860929,0.13882277015342426,0.10326612125503652,6.430053517800044,0.917277985392185,0.08614673874919464,-0.012953797968729088,0.02309867361013746,0.0037804571749753962,1.1236102527122116,-1.5952551779552238e-12,-8.673617379884035e-19
6.33,3.9942779922329317,0.13985289500267814,0.10275214312463779,6.439146956281286,0.9014837640222751,0.08601822842158895,-0.01274840353558939,0.023029809621299628,0.003423127715048357,1.1236102527122116,-1.5949463971764999e-12,3.469446951953614e-18
6.34,3.997712742953855,0.1408776811009707,0.10219858901619328,6.448084655215514,0.886128186530077,0.08589176785798534,-0.012543855236513201,0.0229621443848001,0.0030663552309647957,1.1236102527122116,-1.5908351025384349e-12,4.336808689942018e-18
6.3500000000000005,4.001145428265764,0.14189673915294254,0.10160674444907815,6.456870944537262,0.8711999710891547,0.08576734829578993,-0.012340213242853077,0.02289566838143152,0.0027102740974886182,1.1236102527122116,-1.5672255160303905e-12,4.336808689942018e-18
6.36,4.004576119327609,0.14290969249982172,0.10097785146219851,6.465510041974239,0.8566879620296285,0.08564496037312418,-0.012137537235866509,0.022830371877687702,0.0023550178867353024,1.1236102527122116,-1.5478451853567776e-12,8.673617379884035e-19
6.37,4.008004887189373,0.1439161766920665,0.10031311010058207,6.474006054423836,0.8425811525138216,0.08552459413383037,-0.011935886385931578,0.02276624492951379,0.0020007193212942375,1.1236102527122116,-1.5469535374901255e-12,8.673617379884035e-19
6.38,4.011431802766311,0.14491583907676364,0.0996136798955146,6.482362979540143,0.8288687038344944,0.08540623903268914,-0.011735319331942629,0.0227032773860694,0.0016475102277115558,1.1236102527122116,-1.550651967940908e-12,3.469446951953614e-18
6.390000000000001,4.014856936813307,0.1459083383997632,0.09888068133143518,6.490584707500242,0.8155399616779716,0.0852898839408411,-0.011535894160907102,0.022641458893529233,0.0012955214903530039,1.1236102527122116,-1.5555577659309705e-12,-6.071532165918825e-18
6.4,4.01828035989939,0.14689334442252705,0.09811519729280531,6.498675022918488,0.8025844696657172,0.08517551715140445,-0.011337668387653347,0.02258077889883965,0.0009448830055410473,1.1236102527122116,-1.586033387956931e-12,-2.6020852139652106e-18
6.41,4.0217021423824155,0.14787053755355428,0.09731827448496386,6.506637606879818,0.7899919804621799,0.08506312638528085,-0.011140698934553927,0.022521226653336623,0.000595723635862775,1.1236102527122116,-1.5975276657087534e-12,-1.734723475976807e-18
6.42,4.025122354383641,0.1488396084931311,0.09649092482914394,6.514476039081182,0.7777524647231717,0.0849526987972038,-0.01094504211176484,0.02246279121658895,0.0002481711653230939,1.1236102527122116,-1.599206878033499e-12,3.469446951953614e-18
6.43,4.028541065762738,0.14980025789254517,0.0956341268232342,6.522193800045769,0.76585611810851,0.0848442209819442,-0.010750753597360826,0.022405461460026505,-9.764774550278903e-05,1.1236102527122116,-1.5988495249974477e-12,-8.673617379884035e-19
6.44,4.031958346092823,0.1507521960266013,0.09474882686884842,6.52979427340127,0.7542933665868871,0.0847376789807165,-0.010557888417760865,0.022349226070631868,-0.0004416076037780676,1.1236102527122116,-1.6230905508507476e-12,-8.673617379884035e-19
6.45,4.0353742646356014,0.15169514247890417,0.09383594056168466,6.537280748202845,0.7430548702325173,0.08463305828783273,-0.010366500928368787,0.022294073554579824,-0.0007835841282145869,1.1236102527122116,-1.670181354329614e-12,-8.673617379884035e-19
6.46,4.038788890316747,0.15262882584009993,0.09289635394379213,6.544656421286585,0.7321315256870169,0.08453034385750949,-0.010176644794399827,0.022239992240869685,-0.0011234542924900438,1.1236102527122116,-1.6880698228138868e-12,8.673617379884035e-19
6.47,4.042202291701509,0.1535529834185767,0.09193092471715482,6.551924399642892,0.7215144674502112,0.08442952011084101,-0.009988372971957288,0.02218697028499164,-0.001461096368180266,1.1236102527122116,-1.6093931742844347e-12,8.673617379884035e-19
6.48,4.045614536970512,0.15446736096312103,0.09094048341791265,6.559087702799006,0.7111950681474533,0.08433057094295532,-0.009801737689376144,0.022134995672619236,-0.0017963899671637317,1.1236102527122116,-1.423732659544541e-12,-1.734723475976807e-18
6.49,4.049025693895739,0.15537171239702416,0.08992583455054272,6.566149265199914,0.7011649379063372,0.08423347973037025,-0.009616790428820424,0.022084056223288507,-0.0021292160834861275,1.1236102527122116,-1.2361639489810727e-12,-1.734723475976807e-18
6.5,4.052435829816654,0.15626579956313538,0.08888775768132125,6.573111938576857,0.6914159229622135,0.08413822933856631,-0.009433581908097878,0.022034139594000114,-0.0024594571346970174,1.1236102527122116,-1.2367884494324244e-12,-8.673617379884035e-19
6.51,4.05584501161646,0.15714939197935554,0.08782700849038962,6.579978494292673,0.6819401035996904,0.08404480212979312,-0.009252162062639813,0.021985233282663177,-0.0027869970026855647,1.1236102527122116,-1.4883823340472446e-12,-2.6020852139652106e-18
6.5200000000000005,4.059253305698578,0.15802226660457164,0.08674431978331155,6.586751625658862,0.6727297915217975,0.08395317997105352,-0.009072580027678911,0.02193732463146745,-0.0031117210740337076,1.1236102527122116,-1.645281133555443e-12,-3.469446951953614e-18
6.53,4.062660777963945,0.15888420761652733,0.08564040247287845,6.593433950261879,0.6637775267162758,0.08386334424190979,-0.00889488412135581,0.021890400831235515,-0.0034335162794222104,1.1236102527122116,-1.837651558700415e-12,8.673617379884035e-19
6.54,4.066067493787672,0.15973500619502523,0.08451594651047442,6.600028012210217,0.6550760739491447,0.08377527584306677,-0.008719121827397798,0.021844448924351376,-0.0037522711325009405,1.1236102527122116,-1.8151279090883321e-12,-6.071532165918825e-18
6.55,4.069473517996941,0.16057446031975176,0.0833716217896869,6.6065362843734885,0.646618418870085,0.08368895520446026,-0.008545339778546969,0.021799455809015086,-0.004067875768530125,1.1236102527122116,-1.7610218838726155e-12,-8.673617379884035e-19
6.5600000000000005,4.072878914848329,0.16140237457311696,0.08220807900679533,6.612961170567616,0.6383977638697791,0.08360436229396578,-0.00837358374003862,0.021755408242621774,-0.004380221982041634,1.1236102527122116,-1.9893808822502024e-12,-1.734723475976807e-18
6.57,4.076283748005449,0.16221855995151474,0.08102595048547717,6.619305007694976,0.6304075237091532,0.0835214766262709,-0.008203898593410948,0.021712292845140126,-0.004689203263812405,1.1236102527122116,-2.635797829997344e-12,-8.673617379884035e-19
6.58,4.079688080517045,0.16302283368524534,0.07982585096811418,6.625570067842865,0.6226413209635031,0.08344027727183254,-0.008036328320726682,0.02167009610266335,-0.004994714837155483,1.1236102527122116,-3.5524361230443446e-12,2.6020852139652106e-18
6.59,4.083091974795474,0.16381501906662974,0.07860837837441233,6.631758560338581,0.6150929813251061,0.08336074286593495,-0.007870915989195273,0.021628804371094462,-0.0052966536935142704,1.1236102527122116,-4.3573269992158714e-12,-4.336808689942018e-18
6.6000000000000005,4.086495492595585,0.16459494528584917,0.0773741145280462,6.637872633759389,0.607756528802738,0.0832828516178634,-0.007707703736182127,0.02158840387992391,-0.005594918627345994,1.1236102527122116,-4.5844057716681874e-12,2.6020852139652106e-18
6.61,4.089898694993908,0.1653624472740402,0.07612362585204055,6.643914377895671,0.6006261808519836,0.08320658132020926,-0.007546732754592677,0.02154888073605546,-0.005889410270275652,1.1236102527122116,-3.8785502587401766e-12,1.734723475976807e-18
6.62,4.093301642368162,0.1661173655531783,0.07485746403359939,6.649885825665541,0.5936963434660594,0.08313190935832172,-0.007388043278620019,0.02151022092763523,-0.006180031124498688,1.1236102527122116,-2.1790451387726506e-12,-1.734723475976807e-18
6.63,4.09670439437701,0.16685954609227993,0.07357616665909676,6.655788954979207,0.5869616062532204,0.08305881271992166,-0.007231674569848304,0.02147241032783886,-0.006466685595403628,1.1236102527122116,1.6503812205748147e-13,-2.6020852139652106e-18
6.640000000000001,4.100107009940052,0.16758884016945585,0.0722802578199391,6.661625690551364,0.580416737523477,0.08298726800489303,-0.0070776649037066095,0.0214354346985724,-0.006749280023381186,1.1236102527122116,2.403473253753674e-12,4.336808689942018e-19
6.65,4.103509547217994,0.16830510423934686,0.0709702486900126,6.667397905659914,0.5740566794044217,0.08291725143526722,-0.0069260515562726225,0.021399279694044253,-0.007027722714778559,1.1236102527122116,3.571393181189819e-12,2.168404344971009e-18
6.66,4.106912063592987,0.1690081998054738,0.06964663807542557,6.67310742384928,0.5678765430033149,0.08284873886541556,-0.006776870791429378,0.02136393086416704,-0.007301923971951079,1.1236102527122116,2.9062759143716477e-12,8.673617379884035e-19
6.67,4.110314615649066,0.16969799329703292,0.06830991293726002,6.6787560205766185,0.5618716036302501,0.08278170579246578,-0.006630157848383398,0.021329373657750932,-0.0075717961223553815,1.1236102527122116,5.450778717275284e-13,0.0
6.68,4.113717259152679,0.17037435594966882,0.06696054888804259,6.6843454247992,0.5560372960951091,0.0827161273669575,-0.006485946929556806,0.02129559342545201,-0.007837253546621637,1.1236102527122116,-1.4507908763228272e-12,4.336808689942018e-19
6.69,4.117120049036454,0.17103716370233632,0.06559901068954845,6.689877320612341,0.5503692100069487,0.0826519784025014,-0.006344271189924088,0.021262575425701893,-0.00809821270660941,1.1236102527122116,-1.601371812931518e-12,-8.673617379884035e-19
6.7,4.120523039383695,0.1716862970997523,0.06422575272946023,6.695353348858003,0.5448630851575785,0.08258923338537068,-0.0062051627267118705,0.021230304830765913,-0.008354592172838782,1.1236102527122116,-1.7081197567492268e-12,-4.336808689942018e-19
6.71,4.123926283406487,0.17232164117403986,0.0628412194229063,6.700775108455618,0.5395148071630186,0.08252786648680234,-0.006068652567439193,0.02119876672628155,-0.008606312648845225,1.1236102527122116,-1.668987864578142e-12,8.673617379884035e-19
6.72,4.127329833430264,0.17294308535434283,0.06144584564414335,6.706144157896948,0.5343204030454503,0.08246785157306713,-0.005934770660439295,0.02116794611698722,-0.008853296996575678,1.1236102527122116,-1.6587148321534073e-12,1.3010426069826053e-18
6.73,4.130733740876909,0.17355052337262394,0.06004005712186615,6.711462016633277,0.5292760369703242,0.08240916221637883,-0.0058035458651599795,0.021137827930415392,-0.009095470260208433,1.1236102527122116,-1.863460774575998e-12,-1.734723475976807e-18
6.74,4.1341380562483145,0.17414385317364495,0.058624270817049046,6.716730166422854,0.5243780060873691,0.08235177170586955,-0.005675005942995353,0.02110839702072629,-0.009332759689010931,1.1236102527122116,-2.3410579030880285e-12,-3.903127820947816e-18
6.75,4.137542829110405,0.17472297682894403,0.05719889528392502,6.721950052639539,0.519622736478376,0.08229565305862781,-0.005549177548635651,0.02107963817266348,-0.0095650947592445,1.1236102527122116,-2.986437486196536e-12,8.673617379884035e-19
6.76,4.140948108077622,0.1752878004545772,0.05576433101461099,6.727123085543143,0.5150067792141825,0.08224077903080103,-0.005426086221922269,0.02105153610560331,-0.009792407195114601,1.1236102527122116,-3.5699637690456143e-12,0.0
6.7700000000000005,4.144353940797851,0.17583823413239238,0.05432097076788381,6.732250641512008,0.5105268065225906,0.08218712212876365,-0.005305756380198959,0.021024075477672877,-0.010014630988760034,1.1236102527122116,-3.819500271617926e-12,1.734723475976807e-18
6.78,4.147760373937763,0.17637419183460304,0.05286919988261498,6.73733406423833,0.5061796080683767,0.08213465462035259,-0.0051882113111541344,0.020997240889913504,-0.010231702419268676,1.1236102527122116,-3.5191641267751095e-12,3.469446951953614e-18
6.79,4.151167453168601,0.17689559135143,0.05140939657636828,6.742374665886767,0.5019620873460197,0.08208334854617129,-0.005073473166152245,0.02097101689046882,-0.010443560070702912,1.1236102527122116,-2.599968851324519e-12,-4.336808689942018e-19
6.8,4.154575223152345,0.1774023542215781,0.04994193222966939,6.747373728216833,0.4978712581853575,0.08203317573096389,-0.004961562954055943,0.020945387978778568,-0.010650144849112484,1.1236102527122116,-1.1998978199923016e-12,-4.336808689942018e-19
6.8100000000000005,4.157983727528292,0.1778944056653167,0.04846717165645181,6.752332503669614,0.4939042413699732,0.081984107795061,-0.004852500535542846,0.02092033860976069,-0.010851399998509282,1.1236102527122116,3.2798069815598296e-13,0.0
6.82,4.161393008900002,0.1783716745199301,0.04698547336118706,6.757252216419313,0.49005826136782304,0.08193611616589846,-0.0047463046179238655,0.02089585319796572,-0.011047271115773695,1.1236102527122116,1.4786609436878706e-12,-8.673617379884035e-19
6.83,4.164803108822628,0.1788340931773077,0.045497189783203384,6.762134063390175,0.4863306431733123,0.08188917208961051,-0.004642992750471479,0.020871916121688358,-0.011237706164460038,1.1236102527122116,1.7483861580736004e-12,0.0
6.84,4.1682140677905934,0.17928159752343942,0.044002667528702154,6.766979215239276,0.4827188092598315,0.081843246642699,-0.004542581320268793,0.02084851172702207,-0.011422655487464326,1.1236102527122116,8.954018082540927e-13,8.673617379884035e-19
6.8500000000000005,4.1716259252256185,0.17971412687958588,0.042502247590976094,6.771788817305721,0.4792202766415556,0.08179831074377981,-0.004445085548591145,0.020825624331843,-0.011602071818516371,1.1236102527122116,-6.74807432154978e-13,0.0
6.86,4.175038719465133,0.18013162394514995,0.040996265559795915,6.776563990528522,0.47583265404178554,0.08175433516539334,-0.004350519487841051,0.020803238229764688,-0.011775910292494508,1.1236102527122116,-1.4455381336375694e-12,-1.734723475976807e-18
6.87,4.178452487753664,0.1805340347558141,0.039485051843754525,6.78130583242537,0.4725536390933558,0.08171129054506332,-0.004258896019383336,0.020781337696907647,-0.011944128456687226,1.1236102527122116,-1.5026591082545337e-12,8.673617379884035e-19
6.88,4.181867266231848,0.18092130862871497,0.037968931854855933,6.786015417940984,0.46938101572122926,0.08166914739718947,-0.004170226851323543,0.02075990699539454,-0.012106686278898188,1.1236102527122116,-1.5272713649316927e-12,4.336808689942018e-19
6.890000000000001,4.185283089925454,0.1812933981079543,0.036448226183430056,6.790693800261129,0.4663126516303356,0.08162787612512393,-0.004084522516919557,0.020738930376689155,-0.012263546154081074,1.1236102527122116,-1.514833397608939e-12,0.0
6.9,4.188699992736623,0.1816502589204642,0.034923250778543344,6.795342011658821,0.4633464958438786,0.08158744703274962,-0.004001792373736569,0.02071839208673999,-0.012414672911236605,1.1236102527122116,-1.526119508543644e-12,8.673617379884035e-19
6.91,4.192118007434949,0.1819918499301444,0.03339431711410231,6.799961064293573,0.4604805763540818,0.08154783033625458,-0.003922044603233701,0.020698276370424467,-0.012560033818714535,1.1236102527122116,-1.6108399336633994e-12,1.3010426069826053e-18
6.92,4.195537165649043,0.18231813309375972,0.03186173234758285,6.804551950988799,0.4577129978639489,0.08150899617590063,-0.0038452862109010235,0.020678567476062695,-0.012699598588443068,1.1236102527122116,-1.7734078094910899e-12,8.673617379884035e-19
6.93,4.198957497858587,0.18262907341850315,0.030325799471631932,6.809115645987969,0.45504193961793876,0.08147091462778218,-0.0037715230269395284,0.020659249659988988,-0.012833339379089464,1.1236102527122116,-1.9695391151319797e-12,1.3010426069826053e-18
6.94,4.2023790333868725,0.1829246389211265,0.02878681745879121,6.813653105690095,0.45246565331948974,0.08143355571557143,-0.003700759707478535,0.020640307191170354,-0.012961230798152394,1.1236102527122116,-2.123003162157744e-12,-4.336808689942018e-19
6.95,4.205801800393817,0.18320480058854352,0.027245081399591857,6.818165269365134,0.4499824611333334,0.08139688942224615,-0.0036329997363263164,0.02062172435586246,-0.013083249902985351,1.1236102527122116,-2.1533989869038095e-12,-2.168404344971009e-19
6.96,4.20922582586947,0.18346953233980878,0.025700882634267407,6.822653059849894,0.4475907537705784,0.0813608857017961,-0.003568245427250991,0.020603485462294135,-0.01319937620074833,1.1236102527122116,-2.006613625260556e-12,-1.0842021724855044e-18
6.97,4.212651135627989,0.18371881098937595,0.024154508878336003,6.827117384225018,0.44528898865458505,0.08132551449090399,-0.003506497926789863,0.02058557484537249,-0.013309591647283521,1.1236102527122116,-1.6806313285488983e-12,8.673617379884035e-19
6.98,4.216077754302099,0.18395261621153927,0.022606244342298625,6.8315591344736495,0.4430756881656911,0.08129074572059747,-0.0034477572175860495,0.020567976871400773,-0.013413880644909719,1.1236102527122116,-1.2395466597592275e-12,-4.336808689942018e-19
6.99,4.21950570533803,0.18417093050596184,0.021056369845703696,6.835979188122336,0.44094943796290653,0.08125654932786813,-0.003392022122251972,0.020550675942801737,-0.013512230039128895,1.1236102527122116,-8.093040126944118e-13,-6.505213034913027e-19
7.0,4.222935010990921,0.1843737391641946,0.01950516292582457,6.840378408864783,0.4389088853807504,0.08122289526725336,-0.003339290307759693,0.020533656502839327,-0.013604629114237963,1.1236102527122116,-5.492377386229208e-13,8.673617379884035e-19
7.01,4.226365692320705,0.18456103023708956,0.01795289794120141,6.844757647169025,0.43695273789946665,0.08118975352237756,-0.003289558290358412,0.020516903040331578,-0.013691069587837872,1.1236102527122116,-5.930707314139028e-13,2.168404344971009e-19
7.0200000000000005,4.229797769188463,0.1847327945030107,0.016399846170293993,6.849117740868599,0.4350797616869203,0.08115709411744867,-0.0032428214410194565,0.020500400094347334,-0.013771545604231963,1.1236102527122116,-9.533658584803817e-13,0.0
7.03,4.233231260253242,0.1848890254367469,0.014846275905495813,6.853459515738313,0.4332887802105444,0.08112488712870604,-0.0031990739914091043,0.020484132258879528,-0.013846053726705634,1.1236102527122116,-1.3835460555000623e-12,4.336808689942018e-19
7.04,4.23666618296946,0.18502971918048167,0.013292452545041803,6.857783786063437,0.43157867291098057,0.08109310269578036,-0.0031583090403699515,0.020468084187737715,-0.013914592928970066,1.1236102527122116,-1.4593777575289124e-12,-6.505213034913027e-19
7.05,4.2401025535851895,0.18515487452030419,0.011738638687792579,6.862091355221526,0.4299483739194184,0.08106171103285528,-0.003120518560823057,0.020452240600230997,-0.013977164586523153,1.1236102527122116,-1.5065067249242503e-12,4.336808689942018e-19
7.0600000000000005,4.243540387140064,0.1852644928528385,0.010185094207158346,6.8663830161900625,0.4283968708891575,0.08103068244001435,-0.0030856934072964193,0.02043658628498579,-0.014033772464845723,1.1236102527122116,-1.5243153961286282e-12,-8.673617379884035e-19
7.07,4.246979697464155,0.18535857816019535,0.008632076333999714,6.870659552086227,0.426923203853864,0.0809999873143536,-0.0030538233238843154,0.020421106105100093,-0.014084422708040136,1.1236102527122116,-1.5196489899782506e-12,6.505213034913027e-19
7.08,4.250420497177318,0.18543713698405662,0.0070798397331556465,6.874921736685639,0.4255264641542384,0.08096959616104182,-0.0030248969527054315,0.02040578500300143,-0.014129123826137662,1.1236102527122116,-1.5255852137130432e-12,-2.168404344971009e-19
7.09,4.253862797688997,0.18550017840021807,0.005528636576532268,6.879170334929268,0.4242057934252154,0.08093947960429979,-0.00299890184285465,0.020390608005259617,-0.014167886681336216,1.1236102527122116,-1.5708614964360379e-12,6.505213034913027e-19
7.1000000000000005,4.257306609198505,0.18554771399392023,0.003978716613483013,6.883406103421065,0.422960382640648,0.08090960839828548,-0.002975824459836043,0.020375560227412166,-0.014200724473252378,1.1236102527122116,-1.664498400222314e-12,-6.505213034913027e-19
7.11,4.260751940695787,0.18557975783593025,0.002430327238605902,6.887629790916757,0.42178947121421645,0.08087995343788147,-0.00295565019546866,0.020360626878796372,-0.0142276527231989,1.1236102527122116,-1.7919346562145222e-12,0.0
7.12,4.2641987999626645,0.1855963264593389,0.0008837135570799563,6.89184213880421,0.42069234615538686,0.08085048576937988,-0.00293836337825719,0.0203457932673823,-0.014248689257498632,1.1236102527122116,-1.9194264233579617e-12,-2.168404344971009e-19
7.13,4.267647193574546,0.18559743883703553,-0.0006608815523324214,6.896043881575809,0.4196683412793138,0.08082117660106101,-0.002923947284219838,0.020331044804601097,-0.014263854189844934,1.1236102527122116,-2.003681942586155e-12,-4.336808689942018e-19
7.140000000000001,4.271097126902621,0.18558311635982522,-0.002203217376495068,6.9002357472932685,0.41871683646964947,0.08079199731366113,-0.00291238414816589,0.020316367010163306,-0.014273169902719084,1.1236102527122116,-2.004226645757612e-12,0.0
7.15,4.274548604116519,0.18555338281515124,-0.0037430553091939572,6.904418458045303,0.41783725699330815,0.08076291947072535,-0.002903655175415761,0.020301745516861956,-0.014276661027874251,1.1236102527122116,-1.89592785915238e-12,2.168404344971009e-19
7.16,4.278001628187443,0.1855082643663863,-0.00528015879439734,6.908592730398587,0.41702907286629515,0.0807339148288414,-0.002897740553956206,0.020287166075354995,-0.014274354425895868,1.1236102527122116,-1.6791949775107895e-12,-2.168404344971009e-19
7.17,4.28145620089177,0.1854477895326563,-0.006814293271353262,6.912759275842435,0.4162917982697938,0.08070495534774987,-0.0028946194670235927,0.020272614558922084,-0.014266279164848128,1.1236102527122116,-1.3859226266621505e-12,0.0
7.18,4.284912322815118,0.1853719891691601,-0.008345226121402424,6.916918801227621,0.41562499101576794,0.08067601320032688,-0.002894270106107918,0.020258076968190205,-0.014252466498016276,1.1236102527122116,-1.0785747295294357e-12,-4.336808689942018e-19
7.19,4.288369993356874,0.18528089644794857,-0.009872726616381396,6.9210720091997615,0.41502825206142024,0.08064706078243493,-0.0028966696843703353,0.020243539435822994,-0.014232949840754546,1.1236102527122116,-8.405810769662736e-13,6.505213034913027e-19
7.2,4.2918292107351945,0.18517454683912687,-0.011396565868491512,6.925219598627707,0.41450122507191167,0.08061807072263755,-0.002901794450466677,0.02022898823116797,-0.014207764746449615,1.1236102527122116,-7.553783987201967e-13,-4.336808689942018e-19
7.21,4.295289971992455,0.18505297809244306,-0.01291651678151122,6.9293622650273505,0.4140435960308274,0.08058901589177364,-0.0029096197027694416,0.020214409764856354,-0.014176948881609761,1.1236102527122116,-8.722085553802827e-13,2.168404344971009e-19
7.22,4.298752273001167,0.1849162302192267,-0.014432354003225057,6.933500700981287,0.4136550928979464,0.08055986941238741,-0.0029201198039803707,0.020199790593349407,-0.014140542000090135,1.1236102527122116,-1.155815027020779e-12,6.505213034913027e-19
7.23,4.30221610847035,0.18476434547464135,-0.015943853878947305,6.9376355965547525,0.4133354853139439,0.08053060466800924,-0.0029332681961256176,0.020185117423425505,-0.014098585916464847,1.1236102527122116,-1.417969908157346e-12,0.0
7.24,4.305681471952286,0.18459736834185814,-0.017450794403900117,6.9417676397160895,0.4130845843443972,0.08050119531229444,-0.0029490374158399695,0.02017037711681937,-0.014051124478951432,1.1236102527122116,-1.4401708992028972e-12,0.0
7.25,4.309148355849587,0.18441534551946717,-0.01895295517308005,6.945897516767415,0.4129022422568121,0.08047161527801606,-0.0029673991098473802,0.020155556695169243,-0.013998203542235927,1.1236102527122116,-1.446689990025618e-12,2.168404344971009e-19
7.26,4.312616751423056,0.18421832590061804,-0.020450117343380654,6.950025912730741,0.41278835238168476,0.08044183878584509,-0.0029883240512346967,0.020140643343757744,-0.013939870937445746,1.1236102527122116,-1.4486849220229914e-12,2.168404344971009e-19
7.2700000000000005,4.31608664879973,0.18400636055919992,-0.02194206358724953,6.954153511765461,0.41274284898903557,0.08041184035302136,-0.00301178215572608,0.020125624416086313,-0.013876176442954698,1.1236102527122116,-1.4489520694382918e-12,0.0
7.28,4.31955803698138,0.18377950273500224,-0.023428578048653635,6.9582809975780515,0.4127657072161932,0.08038159480184552,-0.003037742498346447,0.02011048743819216,-0.013807171754123283,1.1236102527122116,-1.4530113223720775e-12,-2.168404344971009e-19
7.29,4.323030903853456,0.1835378078191831,-0.024909446299545328,6.962409053830571,0.41285694304077836,0.08035107726800098,-0.003066173330400709,0.020095220112888182,-0.013732910452306709,1.1236102527122116,-1.4639608969524431e-12,2.168404344971009e-19
7.3,4.326505236194434,0.18328133334019117,-0.026384455296529004,6.966538364549103,0.4130166132981915,0.08032026320870458,-0.0030970420967502874,0.02007981032394255,-0.013653447973185705,1.1236102527122116,-1.4802950532022408e-12,0.0
7.3100000000000005,4.329981019685587,0.1830101389501359,-0.027853393337628093,6.9706696145326,0.41324481574364336,0.08028912841068307,-0.0031303154533758107,0.02006424614019423,-0.013568841574439421,1.1236102527122116,-1.4962059369239e-12,1.3010426069826053e-18
7.32,4.333458238921148,0.18272428641160324,-0.02931605001904846,6.974803489762582,0.4135416891588298,0.08025764899797293,-0.0031659592852147827,0.020048515819600814,-0.013479150302780138,1.1236102527122116,-1.5036305534010808e-12,6.505213034913027e-19
7.33,4.3369368774188874,0.1824238395849116,-0.03077221619183798,6.978940677814131,0.4139074135034244,0.08022580143954078,-0.003203938724262897,0.020032607813214656,-0.013384434960369146,1.1236102527122116,-1.4954149030188546e-12,-4.336808689942018e-19
7.34,4.34041691763107,0.18210886441580468,-0.03222168391833736,6.983081868268627,0.41434221011163264,0.08019356255672197,-0.0032442181679275977,0.02001651076908338,-0.013284758070633618,1.1236102527122116,-1.4686168947619649e-12,-1.0842021724855044e-18
7.3500000000000005,4.343898340955803,0.18177942892357699,-0.03366424642832183,6.9872277531286855,0.41484634193411773,0.08016090953047433,-0.003286761297622418,0.020000213536070562,-0.013180183843504046,1.1236102527122116,-1.4271882287086868e-12,0.0
7.36,4.347381127748765,0.18143560318962776,-0.035099698074730006,6.991379027235732,0.4154201138256791,0.08012781990844489,-0.0033315310975905147,0.019983705167592312,-0.013070778140091993,1.1236102527122116,-1.3827584910419688e-12,2.168404344971009e-19
7.37,4.350865257335308,0.18107745934643915,-0.03652783428887939,6.9955363886906765,0.4160638728791351,0.08009427161184657,-0.0033784898739458325,0.019966974925265377,-0.012956608436827772,1.1236102527122116,-1.3524945052800774e-12,8.673617379884035e-19
7.38,4.354350708022934,0.18070507156697507,-0.037948451535063786,6.999700539278118,0.4167780088059328,0.08006024294214235,-0.0034275992739202206,0.019950012282462373,-0.012837743789077916,1.1236102527122116,-1.3528865527856482e-12,-2.168404344971009e-19
7.390000000000001,4.357837457114119,0.18031851605449592,-0.03936134726443231,7.003872184894551,0.41756295436408253,0.08002571258753442,-0.003478820305304919,0.01993280692776963,-0.012714254794261921,1.1236102527122116,-1.3880806226662656e-12,1.0842021724855044e-18
7.4,4.3613254809195094,0.1799178710327858,-0.04076631986804594,7.008052035980993,0.41841918583408105,0.0799906596292554,-0.0035321133560747295,0.01991534876834307,-0.012586213554488003,1.1236102527122116,-1.431514629057773e-12,8.673617379884035e-19
7.41,4.364814754771477,0.17950321673707656,-0.0421631686290725,7.012240807960691,0.4193472235422147,0.07995506354766937,-0.0035874382141770148,0.01989762793320343,-0.012453693638786121,1.1236102527122116,-1.4402992687401195e-12,-2.168404344971009e-19
7.42,4.368305253038029,0.17907463540611018,-0.043551693673785204,7.016439221683786,0.42034763242992745,0.07991890422819665,-0.0036447540874512095,0.019879634776522156,-0.012316770045060894,1.1236102527122116,-1.448632880318712e-12,-4.336808689942018e-19
7.43,4.37179694913697,0.17863221127307638,-0.044931695921574644,7.020648003875373,0.42142102268070414,0.07988216196698641,-0.0037040196237483553,0.019861359880568297,-0.01217551916129046,1.1236102527122116,-1.4502600509391783e-12,1.0842021724855044e-18
7.44,4.3752898155505076,0.17817603055823614,-0.046302977033989896,7.024867887590629,0.4225680503922766,0.07984481747642758,-0.0037651929311598277,0.01984279405873978,-0.012030018726583137,1.1236102527122116,-1.4502218870227068e-12,6.505213034913027e-19
7.45,4.378783823840095,0.17770618146176648,-0.047665339361938244,7.029099612678249,0.4237894183020035,0.07980685189044377,-0.0038282315983562414,0.019823928358421616,-0.011880347791832417,1.1236102527122116,-1.4573134365925e-12,-6.505213034913027e-19
7.46,4.3822789446615955,0.17722275415711025,-0.04901858589152973,7.033343926251039,0.425085876565166,0.0797682467695833,-0.003893092715039716,0.019804754063733426,-0.011726586680026015,1.1236102527122116,-1.4760345723452417e-12,-1.734723475976807e-18
7.47,4.38577514778077,0.17672584078488549,-0.05036252018844164,7.037601583164261,0.4264582235870699,0.07972898410590497,-0.003959732892496722,0.019785262698170075,-0.011568816946239374,1.1236102527122116,-1.503169116956471e-12,-8.673617379884035e-19
7.48,4.389272402089069,0.17621553544736993,-0.051696946340660674,7.041873346502408,0.4279073069101091,0.07968904632765868,-0.004028108284239159,0.019765446027132552,-0.011407121337336299,1.1236102527122116,-1.5285377130691558e-12,-1.3010426069826053e-18
7.49,4.392770675619725,0.1756919342035772,-0.05302166889945702,7.046159988075022,0.4294340241570082,0.07964841630376013,-0.004098174606721021,0.019745296060345842,-0.011241583751399721,1.1236102527122116,-1.5386719676158123e-12,1.3010426069826053e-18
7.5,4.396269935564128,0.1751551350649408,-0.05433649281844771,7.050462288922232,0.4310393240315449,0.07960707734805868,-0.004169887160118131,0.01972480505416028,-0.011072289196915153,1.1236102527122116,-1.522157400124513e-12,0.0
7.51,4.399770148288472,0.1746052379916221,-0.05564122339060282,7.054781039830634,0.43272420737812334,0.07956501322339754,-0.004243200849158287,0.019703965513732873,-0.010899323751729428,1.1236102527122116,-1.4751602717133494e-12,4.336808689942018e-19
7.5200000000000005,4.403271279350676,0.17404234488945902,-0.05693566618305175,7.0591170418601745,0.43448972830164706,0.0795222081454656,-0.004318070203989429,0.019682770195084864,-0.010722774521806797,1.1236102527122116,-1.4053896935095622e-12,-8.673617379884035e-19
7.53,4.406773293517545,0.1734665596075712,-0.058219626969544094,7.063471106882677,0.43633699534921855,0.07947864678643975,-0.004394449401073507,0.019661212107031756,-0.010542729599804228,1.1236102527122116,-1.3328955994484915e-12,-4.336808689942018e-19
7.54,4.41027615478218,0.17287798793663772,-0.059492911660422435,7.0678440581326605,0.4382671727552704,0.07943431427841723,-0.0044722922840941684,0.01963928451298233,-0.010359278023486929,1.1236102527122116,-1.2859852072111266e-12,-8.673617379884035e-19
7.55,4.413779826381612,0.17227673760786447,-0.060755326229960445,7.072236730771094,0.44028148175180415,0.07938919621663686,-0.004551552384866425,0.019616980932603025,-0.010172509734005193,1.1236102527122116,-1.2906065105511288e-12,0.0
7.5600000000000005,4.417284270814668,0.1716629182926565,-0.06200667664092388,7.076649972462736,0.4423812019454965,0.07934327866248853,-0.004632182944237182,0.019594295143344417,-0.009982515534052265,1.1236102527122116,-1.3517485741854074e-12,-4.336808689942018e-19
7.57,4.420789449860023,0.17103664160301246,-0.0632467687662086,7.081084643967704,0.44456767276351283,0.07929654814630997,-0.004714136932965882,0.019571221181826963,-0.009789387045922755,1.1236102527122116,-1.4257900415870495e-12,1.3010426069826053e-18
7.58,4.424295324594611,0.1703980210928486,-0.06447540830800076,7.085541619746305,0.44684229496888356,0.0792489916699837,-0.004797367072604841,0.019547753345147106,-0.00959321666949206,1.1236102527122116,-1.439889873999789e-12,-4.336808689942018e-19
7.59,4.427801855412559,0.169747172260682,-0.06569240071499186,7.090021788576187,0.4492065322451263,0.0792005967093613,-0.004881825856402907,0.019523886192205762,-0.00939409754016973,1.1236102527122116,-1.4482096077905737e-12,-1.734723475976807e-18
7.6000000000000005,4.431309002043499,0.1690842125519915,-0.06689755109283654,7.094526054194992,0.45166191286137847,0.07915135121640589,-0.0049674655699927465,0.01949961454452597,-0.00919212348679102,1.1236102527122116,-1.4468877485018794e-12,-1.734723475976807e-18
7.61,4.4348167235716796,0.16840926136331302,-0.06809066411383075,7.099055335952421,0.4542100314091033,0.07910124362118191,-0.005054238312155825,0.01947493348722324,-0.008987388989499906,1.1236102527122116,-1.4485461441449132e-12,-1.734723475976807e-18
7.62,4.438324978455075,0.16772244004704134,-0.06927154392178486,7.103610569483342,0.4568525506181719,0.07905026283361555,-0.005142096015457881,0.019449838369739732,-0.008779989137664628,1.1236102527122116,-1.4664658376517536e-12,0.0
7.63,4.441833724544682,0.1670238719171778,-0.07043999403313392,7.108192707399081,0.45959120325332947,0.0789983982450496,-0.005230990466812017,0.019424324806446236,-0.0085700195878113,1.1236102527122116,-1.5014794962908695e-12,-1.3010426069826053e-18
7.640000000000001,4.445342919104,0.16631368225609905,-0.0715958172341474,7.11280271999759,0.4624277940929984,0.07894563972959631,-0.005320873327963109,0.019398388677121146,-0.008357576521597696,1.1236102527122116,-1.54003546026793e-12,-4.336808689942018e-19
7.65,4.448852518828701,0.16559199832238933,-0.0727388154739688,7.117441595993505,0.4653642019925827,0.07889197764528792,-0.005411696155880328,0.01937202612730235,-0.008142756603850668,1.1236102527122116,-1.5602519276569637e-12,8.673617379884035e-19
7.66,4.452362479866447,0.1648589493597768,-0.073868789753218,7.122110343269158,0.46840238203450224,0.0788374028350254,-0.00550341042304512,0.019345233568507834,-0.007925656940689212,1.1236102527122116,-1.5422628452110843e-12,-2.6020852139652106e-18
7.67,4.455872757836862,0.1641146666072166,-0.07498554000788639,7.12680998964756,0.4715443677671864,0.07878190662732566,-0.005595967537621846,0.019318007678320558,-0.007706375037755226,1.1236102527122116,-1.4789523772318347e-12,-2.168404344971009e-18
7.68,4.459383307851626,0.1633592833101616,-0.07608886498825708,7.131541583688393,0.47479227353530923,0.07872548083686719,-0.0056893188634992604,0.019290345400333447,-0.007485008758572479,1.1236102527122116,-1.3835738110756779e-12,4.336808689942018e-19
7.69,4.462894084534677,0.16259293473306233,-0.07717856213258188,7.13630619550807,0.47814829690354266,0.07866811776483455,-0.005783415740191323,0.019262243943950368,-0.007261656283053369,1.1236102527122116,-1.2902734436437413e-12,0.0
7.7,4.466405042042515,0.1618157581731382,-0.0782544274352457,7.141104917624873,0.481614721176111,0.07860981019906196,-0.005878209502586722,0.0192337007840395,-0.007036416066172051,1.1236102527122116,-1.244445518855386e-12,-8.673617379884035e-19
7.71,4.469916134084568,0.1610278929754607,-0.07931625530915137,7.145938865830225,0.48519391801443285,0.07855055141397611,-0.00597365150053763,0.019204713660436024,-0.006809386796820442,1.1236102527122116,-1.2799414306208234e-12,-8.673617379884035e-19
7.72,4.473427313943631,0.16022948054939107,-0.08036383844205466,7.150809180087128,0.4888883501550884,0.07849033517033836,-0.006069693118278956,0.019175280577291745,-0.006580667356862911,1.1236102527122116,-1.3809717258617127e-12,-8.673617379884035e-19
7.73,4.476938534496362,0.15942066438643043,-0.08139696764666295,7.155717025456535,0.49270057423022606,0.07842915571478884,-0.006166285793676658,0.019145399802278824,-0.006350356780399757,1.1236102527122116,-1.4348973398359277e-12,4.336808689942018e-19
7.74,4.480449748234553,0.15860159008019165,-0.08241543170706767,7.16066359304283,0.4966332436881211,0.07836700777926635,-0.006263381037497167,0.019115069865958977,-0.006118554213152354,1.1236102527122116,-1.4511933321692538e-12,-1.734723475976807e-18
7.75,4.483960907285673,0.15777240534729634,-0.08341901721476264,7.165650100980834,0.5006891118239055,0.07830388658015758,-0.006360930452243614,0.019084289560651436,-0.0058853588722459355,1.1236102527122114,-1.4515923185687285e-12,1.3010426069826053e-18
7.76,4.487471963433586,0.15693326005007288,-0.08440750839870144,7.170677795450979,0.5048710349170724,0.07823978781729127,-0.006458885750881577,0.019053057939274108,-0.005650870006194833,1.1236102527122116,-1.449167175149313e-12,8.673617379884035e-19
7.7700000000000005,4.490982868139529,0.15608430622116085,-0.08538068694822705,7.1757479517244755,0.5091819754769517,0.07817470767274415,-0.006557198775383741,0.019021374314097457,-0.005415186855176194,1.1236102527122116,-1.4720585861383029e-12,1.3010426069826053e-18
7.78,4.494493572562999,0.1552256980897666,-0.08633833182767096,7.180861875243501,0.5136250055996701,0.0781086428094461,-0.006655821515030622,0.018989238255301327,-0.0051784086116127845,1.1236102527122116,-1.5278854570421885e-12,1.3010426069826053e-18
7.79,4.498004027582734,0.15435759210983907,-0.08728021908319251,7.1860209027345965,0.5182033104363997,0.07804159036961224,-0.006754706124526679,0.018956649589434726,-0.004940634381041867,1.1236102527122116,-1.5950990528423858e-12,-1.3010426069826053e-18
7.8,4.501514183817758,0.1534801469902487,-0.08820612164136225,7.191226403356625,0.5229201917736278,0.07797354797300106,-0.006853804941916659,0.0189236083977707,-0.004701963143293629,1.1236102527122116,-1.6334919528127045e-12,1.734723475976807e-18
7.8100000000000005,4.5050239916484776,0.15259352372704893,-0.0891158090989958,7.1964797798847515,0.5277790717258576,0.0779045137149987,-0.006953070506287681,0.01889011501454764,-0.004462493714000701,1.1236102527122116,-1.6047059514523454e-12,-8.673617379884035e-19
7.82,4.508533401237789,0.1516978856379022,-0.0900090475037427,7.201782469931835,0.532783496540755,0.07783448616452844,-0.007052455575243229,0.01885617002508902,-0.004222324706459316,1.1236102527122116,-1.4946897886058963e-12,2.168404344971009e-18
7.83,4.512042362552183,0.15079339839875017,-0.09088559912493688,7.207135947208661,0.5379371405163027,0.07776346436178563,-0.007151913142136212,0.018821774263793306,-0.003981554493860664,1.1236102527122116,-1.329186760656853e-12,8.673617379884035e-19
7.84,4.51555082538282,0.14988023008281065,-0.09174522221421229,7.212541722824417,0.5432438100289929,0.077691447815797,-0.007251396453049046,0.018786928811986597,-0.0037402811719098265,1.1236102527122116,-1.1745673877960883e-12,-4.336808689942018e-19
7.8500000000000005,4.51905873936654,0.14895855120198082,-0.09258767075539057,7.218001346628838,0.548707447671515,0.07761843650180454,-0.007350859023510599,0.018751634995631154,-0.0034986025218466596,1.1236102527122116,-1.1163882318587781e-12,1.3010426069826053e-18
7.86,4.522566054006796,0.14802853475072872,-0.09341269420314485,7.223516408597422,0.5543321364976749,0.07754443085847329,-0.007450254654940584,0.01871589438288375,-0.003256615973882035,1.1236102527122116,-1.2091022627558345e-12,-4.336808689942018e-19
7.87,4.526072718694483,0.14709035625255273,-0.09422003720994657,7.229088540261157,0.5601221043715385,0.07746943178492247,-0.007549537450814312,0.01867970878149902,-0.003014418571059321,1.1236102527122116,-1.3913939445053813e-12,-4.336808689942018e-19
7.88,4.529578682728802,0.14614419380924853,-0.09500943934157201,7.234719416179022,0.566081728415593,0.07739344063760437,-0.0076486618326048065,0.018643080236162506,-0.0027721069335075333,1.1236102527122116,-1.4391127178825514e-12,1.734723475976807e-18
7.890000000000001,4.533083895339306,0.1451902281541683,-0.09578063478549775,7.240410755433507,0.5722155395437124,0.07731645922718916,-0.007747582555891293,0.018606011026318654,-0.002529777222844219,1.1236102527122116,-1.444008107531758e-12,-1.3010426069826053e-18
7.9,4.5365883057059335,0.14422864270687713,-0.09653335203776821,7.246164323206549,0.5785282270942644,0.07723848981504229,-0.007846254725496868,0.018568503662918467,-0.0022875251075124663,1.1236102527122116,-1.4410937720921169e-12,4.336808689942018e-19
7.91,4.540091862979926,0.1432596236317542,-0.09726731358076529,7.251981932386172,0.5850246435360881,0.07715953510967281,-0.00794463381070078,0.018530560885536777,-0.0020454457283326597,1.1236102527122116,-1.4509365930948093e-12,4.336808689942018e-19
7.92,4.543594516304604,0.1422833598998215,-0.09798223554663844,7.257865445220914,0.5917098092444443,0.07707959826300888,-0.008042675660138974,0.018492185659337072,-0.001803633664548698,1.1236102527122116,-1.4830255079534282e-12,0.0
7.930000000000001,4.54709621483604,0.14130004335395122,-0.09867782736618914,7.263816775023589,0.598588917335509,0.07699868286652357,-0.00814033651641685,0.018453381171916524,-0.0015621829003515594,1.1236102527122116,-1.5204192072015843e-12,4.336808689942018e-19
7.94,4.550596907763688,0.14030986877769747,-0.0993537914030974,7.269837887922854,0.6056673385451973,0.07691679294722678,-0.00823757303046523,0.01841415083008363,-0.001321186791868276,1.1236102527122116,-1.5292281330125945e-12,0.0
7.95,4.554096544330959,0.1393130339678894,-0.10000982257283171,7.27593080466317,0.6129506261367439,0.07683393296352034,-0.008334342275625713,0.01837449825655734,-0.0010807380346339844,1.1236102527122116,-1.4818181404141484e-12,-8.673617379884035e-19
7.96,4.557595073855693,0.13830973981112854,-0.10064560794558149,7.282097602453649,0.6204445208189889,0.0767501078009144,-0.008430601761451021,0.018334427286576173,-0.000840928631565303,1.1236102527122116,-1.3818772515161726e-12,0.0
7.97,4.5610924457505,0.13730019036432758,-0.1012608263325531,7.288340416866372,0.628154955654574,0.07666532276760259,-0.008526309447205518,0.018293941964403697,-0.0006018498614522444,1.1236102527122116,-1.2773185287251465e-12,0.0
7.98,4.564588609542936,0.13628459293943165,-0.1018551478549694,7.294661443784689,0.6360880609341696,0.07657958358989367,-0.008621423755049989,0.018253046539715462,-0.0003635922479867295,1.1236102527122116,-1.2457535003562725e-12,0.0
7.99,4.56808351489548,0.13526315819246157,-0.10242823349511299,7.301062941402042,0.6442501689894184,0.07649289640749729,-0.008715903582893501,0.0182117454638505,-0.00012624552934648384,1.1236102527122116,-1.335251353928868e-12,-8.673617379884035e-19
8.0,4.571577111625282,0.13423610021701785,-0.10297973462875397,7.3075472322718795,0.6526478189134635,0.07640526776866156,-0.008809708316893343,0.018170043385907816,0.00011010137164586993,1.1236102527122116,-1.4400945713699542e-12,-3.469446951953614e-18
