t,largest_normalized_singular_value,smallest_normalized_singular_value,normalized_condition_number,initial_q_over_H,q_over_H,complex_mode_count,maximum_abs_imaginary_omega_over_H,maximum_real_mode_adiabaticity,force_mode_adiabaticity
0.0,1.0,1.0,1.0,0.01,0.01,1.0,2.4836631990258127,nan,32266.31343333783
0.01,7.66053793322626,0.12939256989592945,59.20384717134559,0.01,0.01003520794400882,1.0,2.4616447423216865,nan,32352.05404451929
0.02,9.069107615424949,0.10832683971041668,83.71985779026531,0.01,0.010068506807394292,1.0,2.4411557174054885,nan,32442.66986991119
0.03,23.088083755377433,0.04217049832874659,547.4937378114608,0.01,0.010099935868545224,1.0,2.422024105139926,nan,32538.078895815517
0.04,33.96250257122129,0.028409110795160807,1195.4792536838727,0.01,0.01012953500478344,1.0,2.4041108276681973,nan,32638.20058040953
0.05,41.37391200012765,0.02310771050474753,1790.4808004076083,0.01,0.010157344644965602,1.0,2.387303788785347,nan,32742.95568291358
0.06,45.43020060271628,0.020851211968883496,2178.779855603228,0.01,0.010183405719813278,1.0,2.37151317441959,nan,32852.266107925876
0.07,46.49911204812511,0.020183238326535582,2303.8479403471724,0.01,0.010207759610376075,1.0,2.3566677148211266,nan,32966.054763647575
0.08,45.09088479133714,0.020619315600440336,2186.8274226509343,0.01,0.010230448095013146,1.0,2.342711688449649,nan,33084.245432871605
0.09,41.768184119674984,0.022050260243134986,1894.2263564748118,0.01,0.010251513295262464,1.0,2.3296025035560337,nan,33206.76265569676
0.1,37.08235386695718,0.024601298995889087,1507.3331645273565,0.01,0.010270997620943084,1.0,2.317308733945384,nan,33333.53162305223
0.11,31.532935462454656,0.028654812515126023,1100.4411718209412,0.01,0.010288943714821827,1.0,2.3058085150028207,nan,33464.478080184126
0.12,25.546012198404224,0.035030557597268926,729.2493739921473,0.01,0.010305394397158676,1.0,2.2950882279200018,nan,33599.52823931128
0.13,19.46684828555561,0.0455255514024067,427.60269092592466,0.01,0.010320392610417542,1.0,2.2851414163425128,nan,33738.60870078159
0.14,13.563640634539466,0.06470364533186179,209.62714797554642,0.01,0.010333981364423667,1.0,2.275967891931288,nan,33881.64638203194
0.15,8.045814757098569,0.10800992332031406,74.49144032107044,0.01,0.010346203682205894,1.0,2.267572994607732,nan,34028.568453838576
0.16,3.176109862801148,0.27092144233903975,11.723360969068159,0.01,0.010357102546763626,1.0,2.2599669803951,nan,34179.30228325843
0.17,2.2858879347613366,0.3727075884852371,6.133193971315881,0.01,0.010366720848971432,1.0,2.253164515243672,nan,34333.77538278039
0.18,5.9144246332382595,0.1426145210080666,41.47140551629891,0.01,0.010375101336804709,1.0,2.247184257479241,nan,34491.915365261244
0.19,9.232937719114808,0.09044246739465203,102.08630950796862,0.01,0.010382286566072211,1.0,2.2420485148733142,nan,34653.64990415907
0.2,12.03626523350367,0.06868094093713313,175.24898566140823,0.01,0.01038831885279162,1.0,2.237782964912122,nan,34818.90669876167
0.21,14.334519640643137,0.057087501561479445,251.0973373953984,0.01,0.01039324022735403,1.0,2.2344164289523762,nan,34987.61344400173
0.22,16.16777788461245,0.05010159617744039,322.6998562551273,0.01,0.010397092390586601,1.0,2.2319806925999117,nan,35159.697804521944
0.23,17.585836679015326,0.045593099857328505,385.71267876160056,0.01,0.010399916671816644,1.0,2.2305103659498755,nan,35335.087392717374
0.24,18.641713110303893,0.04257161902557228,437.8906308239307,0.01,0.01040175398901528,1.0,2.2300427784251102,nan,35513.70975044299
0.25,19.388334514203564,0.04051295413476115,478.5712355043464,0.01,0.010402644811089544,1.0,2.2306179038177207,nan,35695.49233410928
0.26,19.876561468514684,0.039111747187564244,508.19927254066846,0.01,0.010402629122365531,1.0,2.232278311826969,nan,35880.36250297841
0.27,20.154002002309273,0.03817577699604629,527.9264389143027,0.01,0.01040174638930814,1.0,2.235069143039243,nan,36068.24751037268
0.28,20.26437722485127,0.03757545987006373,539.2981827747595,0.01,0.010400035529482848,1.0,2.239038104816882,nan,36259.07449760644
0.29,20.247248840769686,0.037217622008837485,544.0231736450515,0.01,0.010397534882792662,1.0,2.24423548600659,nan,36452.77049042628
0.3,20.13800323282635,0.037030963721033844,543.8152618584924,0.01,0.010394282184964018,1.0,2.250714188868312,nan,36649.262397808234
0.31,19.96803272068908,0.036957588839901426,540.2958728500845,0.01,0.01039031454328528,1.0,2.2585297771112924,nan,36848.47701287043
0.32,19.765016521845382,0.03694799899283093,534.9414599064056,0.01,0.010385668414559719,1.0,2.267740539385747,nan,37050.34101580814
0.33,19.553248313055263,0.03695822316135923,529.0635382465758,0.01,0.01038037958525833,1.0,2.2784075681787628,nan,37254.78097866131
0.34,19.354021922334763,0.036948290073657186,523.813737624992,0.01,0.010374483153808218,1.0,2.2905948548135373,nan,37461.72337177754
0.35000000000000003,19.18604025634666,0.03688165894082286,520.2054573285582,0.01,0.01036801351498225,1.0,2.3043694020549106,nan,37671.094571828384
0.36,19.06579717992866,0.0367254114207541,519.1445498457856,0.01,0.01036100434634229,1.0,2.3198013568658187,nan,37882.82087124985
0.37,19.007947251639564,0.03645094779141577,521.4664749023605,0.01,0.010353488596657889,1.0,2.3369641672029613,nan,38096.828489014144
0.38,19.02568028097167,0.03603493622585038,527.9787415670024,0.01,0.01034549847624828,1.0,2.355934768343737,nan,38313.04358256616
0.39,19.131069415341504,0.03546035213333762,539.505906297971,0.01,0.010337065449167314,1.0,2.3767938061466487,nan,38531.39226087281
0.4,19.33536316227114,0.03471743601288539,556.9352286008336,0.01,0.010328220227169876,1.0,2.3996259069984007,nan,38751.800598467074
0.41000000000000003,19.649265611849554,0.03380427204892526,581.2657519561722,0.01,0.010318992765393664,1.0,2.424520007023947,nan,38974.19465034504
0.42,20.083236555513203,0.03272678005517088,613.6636883205998,0.01,0.010309412259613945,1.0,2.4515697564734706,nan,39198.50046776723
0.43,20.647755293251798,0.031498162347409604,655.5225370139684,0.01,0.010299507145093553,1.0,2.4808740188702743,nan,39424.64411466822
0.44,21.353545578465518,0.03013783260602695,708.5295700459643,0.01,0.010289305096867998,1.0,2.51253748900962,nan,39652.55168478617
0.45,22.21180597622413,0.028669875668115855,774.7437147390971,0.01,0.010278833031416927,1.0,2.546671458889996,nan,39882.14931934061
0.46,23.234454090925798,0.02712123261481603,856.6887213759256,0.01,0.01026811710963363,1.0,2.5833947663859087,nan,40113.36322519972
0.47000000000000003,24.43436798775751,0.02551986459547443,957.4646407838145,0.01,0.010257182741008258,1.0,2.622834967988224,nan,40346.11969350021
0.48,25.825587028852077,0.02389312853006178,1080.87925766435,0.01,0.010246054588953408,1.0,2.665129784524877,nan,40580.34511864155
0.49,27.423499987260147,0.022266452906073576,1231.60613425679,0.01,0.010234756577210272,1.0,2.710428877732998,nan,40815.966017540726
0.5,29.245092632467106,0.02066233234182381,1415.3819689208287,0.01,0.010223311897195992,1.0,2.758896026490356,nan,41052.909049225724
0.51,31.30921668144891,0.019099721988796795,1639.2498644647164,0.01,0.010211743016267306,1.0,2.810711784879217,nan,41291.101034621555
0.52,33.63682504401579,0.017593829427454386,1911.8535383506119,0.01,0.010200071686839842,1.0,2.866076721597265,nan,41530.46897642755
0.53,36.251210088933306,0.01615618947313002,2243.7970382325666,0.01,0.010188318956245238,1.0,2.9252153629637374,nan,41770.94007917935
0.54,39.17828391892257,0.014794924930815969,2648.089402421984,0.01,0.010176505177284271,1.0,2.988380992146447,nan,42012.44176934856
0.55,42.44691020189082,0.013515128267715172,3140.69606747926,0.01,0.010164650019398452,1.0,3.0558614984302266,nan,42254.90171547695
0.56,46.08926876902854,0.012319314529135223,3741.220232670191,0.01,0.010152772480395903,1.0,3.1279865268274243,nan,42498.24784831762
0.5700000000000001,50.141208394087435,0.011207902970919217,4473.736837674916,0.01,0.010140890898675717,1.0,3.2051362564006793,nan,42742.40838093314
0.58,54.64256729685465,0.010179681688417248,5367.807066013531,0.01,0.010129022965903246,1.0,3.2877522443622715,nan,42987.31182868005
0.59,59.63759751228182,0.009232201156471288,6459.73766185532,0.01,0.01011718574006484,1.0,3.3763509256276056,nan,43232.88702907078
0.6,65.17553283830775,0.008362102683425573,7794.156004265699,0.01,0.01010539565877692,1.0,3.471540573807044,nan,43479.06316169559
0.61,71.31111563212453,0.007565414513214442,9425.936345928705,0.01,0.010093668552963975,1.0,3.574042839315035,nan,43725.769767726524
0.62,78.10512350397399,0.006837795010862654,11422.559959737702,0.01,0.010082019660711178,1.0,3.6847204313116477,nan,43972.93676937786
0.63,85.62498379189034,0.0061747172889704055,13867.0290127838,0.01,0.010070463641305972,1.0,3.804613175793826,nan,44220.494489136254
0.64,93.94546696341871,0.005571608902641588,16861.461133583456,0.01,0.010059014589414198,1.0,3.934985684270571,nan,44468.37366875548
0.65,103.14949603816744,0.005023953917097093,20531.537060309776,0.01,0.010047686049348073,1.0,4.077391407148581,nan,44716.50548801293
0.66,113.32904682181531,0.004527367842146331,25031.994477411044,0.01,0.010036491029389787,1.0,4.233760267956107,nan,44964.821583211065
0.67,124.58609013829883,0.004077652259157988,30553.387640765905,0.01,0.010025442016139483,1.0,4.406520985548551,nan,45213.25406539778
0.68,137.033503717648,0.0036708333376897976,37330.352841322034,0.01,0.010014550988861603,1.0,4.598775695905696,nan,45461.73553826737
0.6900000000000001,150.7960976495106,0.0033031816259557795,45651.7729647632,0.01,0.01000382943380576,1.0,4.814555670191366,nan,45710.199115701245
0.7000000000000001,166.01197189580552,0.002971215720970038,55873.41596375445,0.01,0.009993288358397499,1.0,5.0592069080917526,nan,45958.57843915475
0.71,182.8339772834833,0.0026717024037460815,68433.5115419763,0.01,0.009982938305367136,1.0,5.339991692523394,nan,46206.80769463378
0.72,201.43113706230946,0.0024016547628354706,83871.81212694093,0.01,0.009972789366782284,1.0,5.667065534901848,nan,46454.82162924994
0.73,221.9902152857244,0.0021583246339352733,102853.02395912964,0.01,0.009962851197912397,1.0,6.055142245271146,nan,46702.55556751993
0.74,244.71746817561274,0.0019391914253170488,126195.62204159528,0.01,0.009953133030940392,1.0,6.526505010508696,nan,46949.945427280465
0.75,269.8405967363548,0.0017419490607328695,154907.2833523777,0.01,0.009943643688492767,1.0,7.116873395605861,nan,47196.92773524496
0.76,297.6109419594215,0.001564492012875746,190228.48279830633,0.01,0.009934391596972526,1.0,7.888002623005184,nan,47443.43964219949
0.77,328.3059008361514,0.0014049014225245063,233686.07617053261,0.01,0.009925384799682123,1.0,8.958586314608045,nan,47689.41893783147
0.78,362.2315127613818,0.0012614317503193795,287159.025979542,0.01,0.00991663096972621,1.0,10.59638345733406,nan,47934.804065179764
0.79,399.72512287242307,0.0011324981146163542,352958.7534967634,0.01,0.009908137422686604,1.0,13.598150727708003,nan,48179.534134689675
0.8,441.15813328491316,0.0010166639407507426,433927.19619734475,0.01,0.009899911129064133,1.0,22.542335102075214,nan,48423.548937852574
0.81,486.93936884166527,0.0009126279324247661,533557.3803312302,0.01,0.00989195872645707,1.0,279.0822231324557,nan,48666.788960489765
0.8200000000000001,537.5190280660125,0.0008192118115054672,656141.6968319984,0.01,0.009884286531425127,1.0,508.3168771202154,nan,48909.19539583163
0.8300000000000001,593.3924917927892,0.0007353501273161758,806952.3207380236,0.01,0.009876900551184425,1.0,662.0132514098949,nan,49150.71015691402
0.84,655.1043725055479,0.0006600805678117811,992461.2304180842,0.01,0.009869806494975824,1.0,785.5431537944103,nan,49391.27588876264
0.85,723.2530924745259,0.0005925345892471991,1220609.0675540166,0.01,0.009863009785172268,1.0,891.4664789489439,nan,49630.835980156386
0.86,798.495782259432,0.000531928844818875,1501132.698549793,0.01,0.0098565155681068,1.0,985.4270230587636,nan,49869.33457501033
0.87,881.5536694425999,0.00047755723361799895,1845964.436061208,0.01,0.00985032872461867,1.0,1070.5356730172407,nan,50106.7165833838
0.88,973.2179739497648,0.000428783616641423,2269718.189264758,0.01,0.009844453880317216,1.0,1148.7216072617218,nan,50342.92769211436
0.89,1074.356289724403,0.00038503519501729695,2790280.742195891,0.01,0.009838895415564384,1.0,1221.2776640248399,nan,50577.91437507557
0.9,1185.9193874313132,0.00034579651155614607,3429529.6447452987,0.01,0.009833657475177816,1.0,1289.1193596402113,nan,50811.623903055435
0.91,1308.9482997176995,0.0003106040233090858,4214202.655112259,0.01,0.009828743977857409,1.0,1352.9223318117831,nan,51044.00435324976
0.92,1444.5816695680437,0.00027904114543529266,5176948.608473334,0.01,0.00982415862533913,1.0,1413.2014072540453,nan,51275.00461836322
0.93,1594.0642866339817,0.0002507335601653047,6357602.411033609,0.01,0.009819904911264247,1.0,1470.358869749233,nan,51504.574415363466
0.9400000000000001,1758.756778623536,0.00022534495162675834,7804731.2173054,0.01,0.009815986129723115,1.0,1524.7153769661793,nan,51732.66429404303
0.9500000000000001,1940.1451483241733,0.00020257332467652368,9577495.71135423,0.01,0.009812405383608214,1.0,1576.5311285484522,nan,51959.225644956525
0.96,2139.8508429617627,0.00018214763940802294,11747892.258808544,0.01,0.009809165592651815,1.0,1626.0202558340245,nan,52184.21070715052
0.97,2359.6418750665007,0.00016382470600898104,14403455.574870024,0.01,0.009806269501207082,2.0,1673.361115889687,nan,52407.572575515114
0.98,2601.4445878665397,0.00014738638859382937,17650507.707571678,0.01,0.009803719685765244,2.0,1718.7037550932205,nan,52629.26520779332
0.99,2867.356330050286,0.0001326370704537174,21618061.37787721,0.01,0.009801518562211795,2.0,1762.1754289185908,nan,52849.24343125762
1.0,3159.6590958841452,0.00011940136489138641,26462503.998663105,0.01,0.009799668392826928,2.0,1803.8847716620096,nan,53067.462949055596
1.01,3480.8341138080714,0.00010752205396934842,32373210.753585134,0.01,0.009798171293035762,2.0,1843.9250191863787,nan,53283.880346225706
1.02,3833.577302420913,9.685823703990565e-05,39579259.54032672,0.01,0.009797029237914237,2.0,1882.376574826682,nan,53498.45309538321
1.03,4220.815415541946,8.728366827853053e-05,48357447.60489351,0.01,0.009796244068456906,2.0,1919.3091131282881,nan,53711.139562075
1.04,4645.722622928201,7.868526314820654e-05,59041838.80249361,0.01,0.009795817497613064,2.0,1954.7833746687947,nan,53921.899009801135
1.05,5111.738698039396,7.096173410784554e-05,72035143.47987503,0.01,0.009795751116095538,2.0,1988.8526718741673,nan,54130.69160470828
1.06,5622.589483158791,6.402235220913466e-05,87822288.4531344,0.01,0.009796046397919932,2.0,2021.5629482565864,nan,54337.478420131
1.07,6182.3077828887845,5.778585569197111e-05,106986523.0661933,0.01,0.009796704705765371,2.0,2052.954053237104,nan,54542.22144068371
1.08,6795.254765746848,5.217947482367378e-05,130228500.54948899,0.01,0.009797727296114897,2.0,2083.0607767054985,nan,54744.883566066
1.09,7466.143007618949,4.713804816571375e-05,158388887.49427494,0.01,0.009799115324175071,2.0,2111.913323404063,nan,54945.428614611206
1.1,8200.060882417723,4.260322921479492e-05,192475101.85378316,0.01,0.009800869848593184,2.0,2139.53779935716,nan,55143.82132653384
1.11,9002.498441568847,3.8522771830207184e-05,233692904.58246937,0.01,0.009802991835971286,2.0,2165.9565908485342,nan,55340.02736690205
1.12,9879.375072518984,3.484989270558454e-05,283483658.2132678,0.01,0.00980548216518282,2.0,2191.1886695153225,nan,55534.01332833757
1.1300000000000001,10837.068902999,3.154269608315391e-05,343568250.2988951,0.01,0.009808341631497804,2.0,2215.249844685734,nan,55725.746733444445
1.1400000000000001,11882.447842255999,2.856366167570781e-05,415998760.14361,0.01,0.009811570950522545,2.0,2238.152977695831,nan,55915.196036967485
1.1500000000000001,13022.902084286008,2.5879187413102928e-05,503219126.48974305,0.01,0.009815170761960033,2.0,2259.9082418852568,nan,56102.330627679185
1.16,14266.377751676084,2.3459177662224203e-05,608136310.534402,0.01,0.0098191416331971,2.0,2280.523425967034,nan,56287.12082999432
1.17,15621.41255641418,2.1276677805943893e-05,734203558.4169137,0.01,0.009823484062724649,2.0,2300.0043878102615,nan,56469.5379053092
1.18,17097.17571045994,1.9307536587647792e-05,885518234.438983,0.01,0.00982819848337515,2.0,2318.3549134196764,nan,56649.554053151405
1.19,18703.510386050737,1.7530115295400356e-05,1066935959.6829499,0.01,0.00983328526538309,2.0,2335.5758129858546,nan,56827.14241214572
1.2,20450.977055500563,1.592502174356543e-05,1284204027.1476467,0.01,0.009838744719332573,2.0,2351.666240959218,nan,57002.277060556844
1.21,22350.90001370856,1.4474874465537827e-05,1544117019.2475374,0.01,0.00984457709891996,2.0,2366.6234287160337,nan,57174.93301671855
1.22,24415.41704858991,1.3164092807218214e-05,1854698033.9733171,0.01,0.009850782603576995,2.0,2380.4426338460544,nan,57345.08623918948
1.23,26657.53246499872,1.1978705995752447e-05,2225410029.6351933,0.01,0.009857361380946934,2.0,2393.1171540602145,nan,57512.7136266871
1.24,29091.174854712357,1.0906185383369114e-05,2667401463.6752467,0.01,0.009864313529218328,2.0,2404.638358886069,nan,57677.793017802054
1.25,31731.25973518394,9.93529111768254e-06,3193792648.7840476,0.01,0.009871639099321223,2.0,2414.995689789246,nan,57840.30319049326
1.26,34593.756990765534,9.055936645448602e-06,3820008724.1281567,0.01,0.009879338096990545,2.0,2424.1766344332154,nan,58000.22386136402
1.27,37695.76291670956,8.259071161128371e-06,4564164926.21181,0.01,0.009887410484701481,2.0,2432.1666425650396,nan,58157.535684717834
1.28,41055.57692527333,7.536568170402171e-06,5447516163.458587,0.01,0.009895856183481745,2.0,2438.9490708699996,nan,58312.220251391525
1.29,44692.78395262547,6.881130498338085e-06,6494976946.5089445,0.01,0.009904675074605632,2.0,2444.5052186925127,nan,58464.26008736247
1.3,48628.34805283528,6.286202455688758e-06,7735727316.390931,0.01,0.009913867001171929,2.0,2448.814603488119,nan,58613.63865213942
1.31,52884.71364374699,5.7458955547816175e-06,9203911407.6373,0.01,0.009923431769532675,2.0,2451.85422657935,nan,58760.340337109716
1.32,57485.91286221544,5.254913723754057e-06,10939458930.097921,0.01,0.009933369150653439,2.0,2453.597715390562,nan,58904.35046348586
1.33,62457.69254756085,4.808498695421453e-06,12989021418.89561,0.01,0.009943678881342378,2.0,2454.0171711663643,nan,59045.65528017204
1.34,67827.6487799486,4.402366767557349e-06,15407087224.03489,0.01,0.009954360665380557,2.0,2453.0821203912074,nan,59184.24196139463
1.35,73625.36272729738,4.032663266847311e-06,18257255281.53429,0.01,0.009965414174553237,2.0,2450.758783068513,nan,59320.098604126986
1.36,79882.55502300484,3.6959235744102373e-06,21613692332.843163,0.01,0.00997683904957867,2.0,2447.0098078128854,nan,59453.21422534276
1.37,86633.26301654484,3.389022764470448e-06,25562903833.15903,0.01,0.009988634900937769,2.0,2441.7942417109975,nan,59583.57875909755
1.3800000000000001,93914.04161160017,3.1091520422166927e-06,30205676768.590405,0.01,0.010000801309608192,2.0,2435.067546112618,nan,59711.183053436995
1.3900000000000001,101764.18712936387,2.853771080215815e-06,35659548109.81826,0.01,0.01001333782770631,2.0,2426.7814945757095,nan,59836.018867129154
1.4000000000000001,110225.98270480322,2.6206017004068847e-06,42061326102.20359,0.01,0.01002624397904067,2.0,2416.88383391565,nan,59958.07886621736
1.41,119344.9633805887,2.4075751653617488e-06,49570607430.09309,0.01,0.010039519259580618,2.0,2405.3176930613035,nan,60077.35662038916
1.42,129170.19945889358,2.2128380534913453e-06,58373092081.95013,0.01,0.010053163137843789,2.0,2392.020723802439,nan,60193.84659915552
1.43,139754.59948678425,2.0347057783176507e-06,68685409446.43953,0.01,0.010067175055206372,2.0,2376.924104024471,nan,60307.54416783343
1.44,151155.24218585854,1.8716677827215518e-06,80759653813.17136,0.01,0.01008155442614002,2.0,2359.9515689010373,nan,60418.44558332412
1.45,163433.79158720994,1.7223556212299786e-06,94889690359.3566,0.01,0.010096300638376155,2.0,2341.0188978800584,nan,60526.54798969707
1.46,176656.94813511817,1.5855331007546804e-06,111418013317.43448,0.01,0.010111413052901768,2.0,2320.0354757993714,nan,60631.849414136865
1.47,190896.876981604,1.4600765350449778e-06,130744431815.50302,0.01,0.010126891004004698,2.0,2296.8970817468607,nan,60734.34876201221
1.48,206231.78143341813,1.3449747743221648e-06,153335055326.48672,0.01,0.010142733799196313,2.0,2271.491113742733,nan,60834.04581212381
1.49,222746.53168910777,1.2393203692713525e-06,179732809378.47382,0.01,0.010158940719055057,2.0,2243.6935109268657,nan,60930.94121180364
1.5,240533.20251804736,1.1422779603357829e-06,210573267514.80038,0.01,0.010175511017026052,2.0,2213.364174914615,nan,61025.03647171763
1.51,259691.65817111664,1.0530970453073166e-06,246598031328.9484,0.01,0.010192443919148367,2.0,2180.343553805094,nan,61116.333960554686
1.52,280330.24065047665,9.710965070778902e-07,288673925410.373,0.01,0.010209738623712598,2.0,2144.4497046605657,nan,61204.836899596594
1.53,302566.5652987747,8.956618328075803e-07,337813395877.70135,0.01,0.010227394300851662,2.0,2105.4751275352796,nan,61290.54935716106
1.54,326528.4199770891,8.262395984122693e-07,395198221683.586,0.01,0.010245410092067676,2.0,2063.182659417679,nan,61373.47624291018
1.55,352354.753896148,7.623164872769142e-07,462215837879.62054,0.01,0.010263785109697991,2.0,2017.2996654750664,nan,61453.62330201524
1.56,380196.7288864567,7.034282619280963e-07,540491119654.9564,0.01,0.0102825184363235,2.0,1967.5096718891596,nan,61530.99710916759
1.57,410218.790624443,6.491695342139959e-07,631913189088.7784,0.01,0.010301609124122538,2.0,1913.4403881033315,nan,61605.60506242494
1.58,442599.7008248523,5.991396685369998e-07,738725415904.4546,0.01,0.010321056194173792,2.0,1854.6467296028134,nan,61677.45537688078
1.59,477533.45293475996,5.530064479014711e-07,863522396071.3055,0.01,0.01034085863571184,2.0,1790.5867800778087,nan,61746.557078143844
1.6,515229.9746375196,5.104545454394372e-07,1009355248651.9077,0.01,0.010361015405339086,2.0,1720.5873931096141,nan,61812.91999561336
1.61,555915.552593896,4.711840436472383e-07,1179826779130.2664,0.01,0.010381525426198038,2.0,1643.7937958753141,nan,61876.55475553518
1.62,599833.9844973872,4.3495379063610803e-07,1379075196977.0085,0.01,0.010402387587094475,2.0,1559.0939221266422,nan,61937.47277391368
1.6300000000000001,647248.6865371137,4.0152412395241924e-07,1611979574641.4802,0.01,0.010423600741326705,2.0,1465.0147127755463,nan,61995.68625092307
1.6400000000000001,698443.2807117441,3.7064388756094186e-07,1884405231414.7632,0.01,0.010445163705833947,2.0,1359.4963535915292,nan,62051.2081627136
1.6500000000000001,753721.0956327571,3.421594516266388e-07,2202835818357.6074,0.01,0.0104670752601397,2.0,1239.4898989876244,nan,62104.05225416409
1.6600000000000001,813405.3071908675,3.158899469233785e-07,2574964208620.9385,0.01,0.010489334145226438,2.0,1100.1152515073813,nan,62154.233031627606
1.67,877838.5294368209,2.916212070346468e-07,3010201275699.8394,0.01,0.01051193906241288,2.0,932.551943109493,nan,62201.765755233864
1.68,947381.2974139946,2.692323733622457e-07,3518823853100.74,0.01,0.01053488867217748,2.0,717.0889382425063,nan,62246.66643113822
1.69,1022409.5672110872,2.485808501102359e-07,4112986043605.8867,0.01,0.010558181592931443,2.0,379.41260021935034,nan,62288.95180370129
1.7,1103311.1408521263,2.29534474224802e-07,4806733910356.153,0.01,0.010581816399744893,2.0,20.2244952200474,nan,62328.63934758215
1.71,1190480.8934537433,2.1201613917092078e-07,5615048449184.403,0.01,0.010605791623029902,2.0,12.630732715687394,nan,62365.74725972718
1.72,1284314.5947454013,1.9585320355192807e-07,6557536825813.9375,0.01,0.01063010574718437,2.0,10.026658916269168,nan,62400.29445123564
1.73,1385200.9326434988,1.8099472558330103e-07,7653266846198.641,0.01,0.010654757209200859,2.0,8.631002381820812,nan,62432.30053908257
1.74,1493510.9927983752,1.6729524964229555e-07,8927396300801.992,0.01,0.010679744397244876,2.0,7.751645904792995,nan,62461.78583767738
1.75,1609583.8451851944,1.5473211843743115e-07,10402390023736.797,0.01,0.010705065649207136,2.0,7.15190880514036,nan,62488.771350237614
1.76,1733705.918674646,1.432124279789672e-07,12105834271095.979,0.01,0.010730719251234826,2.0,6.725419371999621,nan,62513.27875995416
1.77,1866080.362018201,1.3262509801599418e-07,14070341058621.932,0.01,0.010756703436246963,2.0,6.415767934673884,nan,62535.330420925144
1.78,2006781.8831174953,1.229334503022159e-07,16324132107120.422,0.01,0.010783016382439387,2.0,6.1893885096435115,nan,62554.94934883323
1.79,2155717.900214414,1.1416204455503179e-07,18882965074922.523,0.01,0.010809656211753794,2.0,6.024565823831282,nan,62572.15921155689
1.8,2312603.7870738856,1.0607763706549441e-07,21801049222524.05,0.01,0.010836620987879523,2.0,5.906394478427192,nan,62586.98432267346
1.81,2476900.0548517625,9.87887285830047e-08,25072698984789.652,0.01,0.01086390871487823,2.0,5.8242285650875205,nan,62599.4496303626
1.82,2647717.490304676,9.211153237784607e-08,28744690506760.953,0.01,0.010891517335594772,2.0,5.770267100673553,nan,62609.5807075244
1.83,2823731.0536265625,8.611799084458232e-08,32789095819972.945,0.01,0.010919444729911097,2.0,5.7386980913870556,nan,62617.40374267431
1.84,3003080.6982656154,8.076192487514638e-08,37184362592994.38,0.01,0.010947688713039076,2.0,5.725141303258759,nan,62622.94553030574
1.85,3183243.9884770685,7.601409287334985e-08,41877023958975.61,0.01,0.010976247033795286,2.0,5.72626599544911,nan,62626.23346112641
1.86,3360886.4558495106,7.178041511313594e-08,46821775139531.94,0.01,0.011005117372858773,2.0,5.739519979799994,nan,62627.295512173
1.87,3531694.5637729596,6.81767968805929e-08,51802001932688.13,0.01,0.011034297341012796,1.0,5.76293395000506,nan,62626.16023680888
1.8800000000000001,3690195.695640279,6.50083882173274e-08,56764915987513.91,0.01,0.01106378447737169,1.0,5.794978635176783,nan,62622.85675460902
1.8900000000000001,3829566.7318102545,6.25375244568953e-08,61236301965387.63,0.01,0.011093576247594012,1.0,5.834459792934975,nan,62617.414741136396
1.9000000000000001,3941427.4564283355,6.058647849736814e-08,65054572475268.56,0.01,0.011123670042083256,1.0,5.880440611676727,nan,62609.864417614284
1.9100000000000001,4015609.854108113,5.928990308401427e-08,67728392951122.914,0.01,0.011154063174177397,1.0,5.932184107267523,nan,62600.23654049845
1.92,4039949.236334012,5.882534185648678e-08,68677020971507.016,0.01,0.011184752878328699,1.0,5.989110192812611,nan,62588.56239095362
1.93,4000165.0379848294,5.9313308875929326e-08,67441272688939.234,0.01,0.01121573630826701,1.0,6.050763587998294,nan,62574.8737643037
1.94,3879799.064829913,6.097162488383413e-08,63632863192048.43,0.01,0.011247010535181116,1.0,6.116789798877616,nan,62559.20295924821
1.95,3660239.063764762,6.449866216540839e-08,56749069529194.11,0.01,0.011278572545908385,1.0,6.1869171682125295,nan,62541.58276691113
1.96,3320959.3513660706,7.093287606985399e-08,46818337777473.21,0.01,0.011310419241085409,1.0,6.260943553409327,nan,62522.04646003985
1.97,2840085.455216214,8.273494733512534e-08,34327518741411.566,0.01,0.011342547433323516,1.0,6.338726591277239,nan,62500.627781968746
1.98,2195591.0595350782,1.068012187960462e-07,20557734118445.84,0.01,0.01137495384540416,1.0,6.420176806189823,nan,62477.36093540068
1.99,1368923.282795686,1.7092365640033424e-07,8008974951889.744,0.01,0.011407635108480474,1.0,6.505253038273878,nan,62452.28057111005
2.0,394590.40585681266,5.917543886096793e-07,666814498467.6813,0.01,0.011440587760270526,1.0,6.593959835170917,nan,62425.42177667303
2.0100000000000002,1000536.580848157,2.3293610914287102e-07,4295326235721.055,0.01,0.011473808243228852,1.0,6.686346581308852,nan,62396.82006532086
2.02,2481097.8539674324,9.375712430863965e-08,26463032780313.22,0.01,0.01150729290280498,1.0,6.782508245200721,nan,62366.51136425657
2.0300000000000002,4205225.32222154,5.5179503473380144e-08,76209915956388.36,0.01,0.011541037985728055,1.0,6.882587716896274,nan,62334.53200284949
2.04,6142017.8069211235,3.773847949435249e-08,162752126985939.3,0.01,0.011575039638243438,1.0,6.9867797917767245,nan,62300.91870118351
2.05,8249214.001884878,2.810433749346483e-08,293521026916328.75,0.01,0.01160929390440248,1.0,7.095336941059309,nan,62265.7085583327
2.06,10459616.860487625,2.2029526716045516e-08,474799889952661.4,0.01,0.01164379672440393,1.0,7.208577097713265,nan,62228.93904041419
2.07,12675469.8030828,1.8288072980466767e-08,693100351066035.8,0.01,0.011678543932972098,1.0,7.326893786740866,nan,62190.64796853235
2.08,14765083.32966748,1.552890494500471e-08,950812911918626.0,0.01,0.011713531257727785,1.0,7.450769046009037,nan,62150.87350689761
2.09,16562368.929377014,1.3913555823836479e-08,1190376431379434.5,0.01,0.011748754317562681,1.0,7.5807897258862145,nan,62109.654151066956
2.1,17870715.9845451,1.300234274999673e-08,1374422773507458.5,0.01,0.011784208621204948,1.0,7.717667932035397,nan,62067.02871521042
2.11,18472969.101584252,1.2612697392692678e-08,1464632705156852.0,0.01,0.011819889565687339,1.0,7.862266595672281,nan,62023.03632016675
2.12,18149094.744319756,1.3007557901735707e-08,1395273031373396.5,0.01,0.01185579243490663,1.0,8.015631432711332,nan,61977.716381163125
2.13,16702530.236344289,1.3413435153915631e-08,1245209004605245.2,0.01,0.011891912398259845,1.0,8.179030903285073,nan,61931.10859532149
2.14,13995124.574085537,1.6210745787507227e-08,863323918438770.9,0.01,0.01192824450932496,1.0,8.35400622560181,nan,61883.252929169386
2.15,9988574.553355694,2.2831478974388137e-08,437491349752710.4,0.01,0.011964783704546475,1.0,8.542434055858426,nan,61834.18960640405
2.16,4788027.721848804,4.750070024264336e-08,100799097642573.1,0.01,0.012001524802081472,1.0,8.74660514849863,nan,61783.95909502642
2.17,1338993.1871697218,1.6941077629452094e-07,7903825343683.448,0.01,0.012038462500649676,1.0,8.969323197889162,nan,61732.60209479139
2.18,7872428.947697502,2.869458800409819e-08,274352395182434.84,0.01,0.012075591378451569,1.0,9.214029189407407,nan,61680.15952461642
2.19,14170697.532390302,1.5890664209714646e-08,891762442738368.8,0.01,0.01211290589220958,1.0,9.484958054438916,nan,61626.672509661366
2.2,19416396.033682767,1.1409167536971016e-08,1701824078817722.8,0.01,0.012150400376273815,1.0,9.78733642114385,nan,61572.18236844847
2.21,22759845.289832875,9.795629907013322e-09,2323469292519681.5,0.01,0.012188069041722066,1.0,10.127633175753157,nan,61516.730600439456
2.22,23455404.927066334,9.388197154763381e-09,2498392879954117.5,0.01,0.012225905975705425,1.0,10.51387922638512,nan,61460.35887267018
2.23,21031558.78017359,1.0938433442336493e-08,1922721282809320.0,0.01,0.012263905140779319,1.0,10.9560810038794,nan,61403.10900695053
2.24,15455644.627121292,1.470744500478113e-08,1050872168625953.4,0.01,0.012302060374345104,1.0,11.46676723409214,nan,61345.02296694423
2.25,7247990.709890174,3.099585756043609e-08,233837398941389.34,0.01,0.012340365388236256,1.0,12.061736916412158,nan,61286.142844960654
2.2600000000000002,2510758.8919590856,8.944337950304612e-08,28070930525087.977,0.01,0.0123788137683767,1.0,12.761130564054668,nan,61226.51084890149
2.27,12268633.700316489,1.8163593609511223e-08,675451893720641.0,0.01,0.012417398974503498,1.0,13.59105001014205,nan,61166.169289427606
2.2800000000000002,20309764.980538774,1.1110216705705417e-08,1828025997918575.8,0.01,0.012456114340131262,1.0,14.586151321237011,nan,61105.16056638343
2.29,25069953.1205976,8.653279895735104e-09,2897161934280398.5,0.01,0.012494953072511014,1.0,15.794033527526043,nan,61043.52715587847
2.3000000000000003,25529979.091920298,8.657402432668364e-09,2948919065559888.5,0.01,0.012533908252779473,1.0,17.283094776023933,nan,60981.31159699697
2.31,21498733.833764773,1.0366501013366417e-08,2073865984872293.5,0.01,0.012572972836215494,1.0,19.157512133294077,nan,60918.55647854975
2.32,13708976.163044788,1.644987132943322e-08,833378929749788.6,0.01,0.012612139652621037,1.0,21.58820826026964,nan,60855.3044258505
2.33,3672701.0667180982,6.070024949454805e-08,60505534940972.055,0.01,0.012651401406852792,2.0,24.88444347039855,nan,60791.59808747388
2.34,6695359.615258522,3.320329345690429e-08,201647454760735.2,0.01,0.012690750679504564,2.0,29.688714771905964,nan,60727.480121866596
2.35,15529000.2178973,1.4319299748470496e-08,1084480420877844.8,0.01,0.01273017992769966,2.0,37.66434972969171,nan,60662.99318411596
2.36,21498748.19853193,1.0453409371721095e-08,2056625492606369.0,0.01,0.012769681486085274,2.0,55.485969907298355,nan,60598.17991250375
2.37,24070688.563008156,9.395894998184325e-09,2561830306496572.0,0.01,0.01280924756789887,2.0,452.21809255525824,nan,60533.08291541121
2.38,23555766.15065601,9.207766654779367e-09,2558249685707358.5,0.01,0.01284887026623459,2.0,2230.6049870082966,nan,60467.744758014516
2.39,20928571.825632926,1.0592358167337458e-08,1975817990196759.5,0.01,0.012888541555581919,2.0,3178.331765892204,nan,60402.20794844792
2.4,17520224.000396077,1.2610046625846198e-08,1389386139499732.5,0.01,0.012928253293281625,2.0,3935.4352159023656,nan,60336.51492515437
2.41,14717904.680580918,1.5138423860106764e-08,972221733027702.4,0.01,0.012967997221387926,2.0,4593.2614701630555,nan,60270.70804309602
2.42,13789712.504038269,1.5966855433042914e-08,863646105012066.8,0.01,0.013007764968529833,2.0,5185.742794339141,nan,60204.82956080173
2.43,15909585.290893676,1.369778430131874e-08,1161471442455258.8,0.01,0.013047548052052424,2.0,5729.03680855975,nan,60138.921626917676
2.44,22419085.035319548,9.81537652518901e-09,2284077944211909.5,0.01,0.013087337880348545,2.0,6231.709619080334,nan,60073.026266714754
2.45,35365865.68710296,5.980438315494607e-09,5913590914477655.0,0.01,0.01312712575523414,2.0,6698.495434244858,nan,60007.185369265346
2.46,58435293.52579554,3.4518558102849305e-09,1.6928660041849214e+16,0.01,0.013166902874680938,2.0,7131.9283769188405,nan,59941.440673811056
2.47,98574179.00031005,2.272373127927703e-09,4.337939829899548e+16,0.01,0.013206660335519553,2.0,7533.294823185647,nan,59875.83375717422
2.48,168953408.38629058,1.1106357415026914e-10,1.521231507980253e+18,0.01,0.013246389136630328,2.0,7902.994503419335,nan,59810.40601978138
2.49,294567735.7204871,4.2313017744590005e-09,6.961633828590482e+16,0.01,0.013286080182026086,2.0,8240.92140855626,nan,59745.19867311817
2.5,522993856.37999594,7.551361405696904e-09,6.925822090642338e+16,0.01,0.013325724284285974,2.0,8546.632397679843,nan,59680.252726467676
2.5100000000000002,945124585.9004713,6.251723732491132e-09,1.511782392092151e+17,0.01,0.01336531216812991,2.0,8819.502909555009,nan,59615.60897392938
2.52,1734943932.3864288,3.101738963272726e-11,5.593455648362634e+19,0.01,0.013404834474198811,2.0,9058.850208331422,nan,59551.307981422775
2.5300000000000002,3225006174.7268925,7.531255159963696e-08,4.282162941273176e+16,0.01,0.013444281763062662,2.0,9263.908511298892,nan,59487.3900735789
2.54,6047305266.721274,1.984976916744565e-08,3.046536821515827e+17,0.01,0.013483644519331624,2.0,9433.997846828175,nan,59423.895321105425
2.5500000000000003,11390070332.326002,1.0305758596318923e-07,1.1052141602069333e+17,0.01,0.013522913156042132,2.0,9568.503719871595,nan,59360.86352783114
2.56,21451302756.61186,1.062871447212587e-07,2.0182405701901728e+17,0.01,0.013562078019194993,2.0,9666.995415857587,nan,59298.33421800404
2.57,40206917990.84567,1.4141096215663597e-07,2.8432674085273443e+17,0.01,0.013601129392511853,2.0,9729.099783672651,nan,59236.34662352762
2.58,74642063653.1929,8.941301286056033e-07,8.34800900508713e+16,0.01,0.013640057502347367,2.0,9754.658168405791,nan,59174.939671437336
2.59,136583703802.23753,5.057896331893745e-07,2.7004053630157885e+17,0.01,0.013678852522814857,2.0,9743.642150336034,nan,59114.15197133278
2.6,245153643228.15045,1.3258060963567298e-06,1.8490912351498787e+17,0.01,0.013717504581111246,2.0,9696.279667998135,nan,59054.021802847616
2.61,429530504480.1354,8.485197360603144e-07,5.0621156612626336e+17,0.01,0.013756003762968946,2.0,9612.847000106243,nan,58994.587103438775
2.62,731064816523.9792,4.391174226169075e-07,1.664850399620265e+18,0.01,0.01379434011836199,2.0,9493.830379560748,nan,58935.88545596655
2.63,1202812568499.915,6.1276634097355206e-06,1.962922060289585e+17,0.01,0.013832503667341471,2.0,9339.824748711211,nan,58877.95407656875
2.64,1903462547336.7666,1.366004589479764e-05,1.3934525271702717e+17,0.01,0.013870484406066056,2.0,9151.528948813257,nan,58820.82980254865
2.65,2882089714745.9976,2.5328158056782532e-05,1.1378994509923368e+17,0.01,0.01390827231298446,2.0,8929.68178858199,nan,58764.549080441044
2.66,4151253131162.404,2.4740294488018088e-05,1.6779319798205664e+17,0.01,0.013945857355203083,2.0,8675.036516882847,nan,58709.14795410357
2.67,5649839871358.283,6.0675368652885174e-05,9.311587217014178e+16,0.01,0.013983229495017273,2.0,8388.308520550934,nan,58654.6620529069
2.68,7204051508063.043,3.735602252595333e-05,1.928484624683472e+17,0.01,0.014020378696559243,2.0,8070.075517147247,nan,58601.12658019898
2.69,8503373690980.524,0.00013905747201522223,6.11500667152189e+16,0.01,0.014057294932644637,2.0,7720.708616155786,nan,58548.57630168326
2.7,9113909799214.307,0.00012442780105639375,7.32465712793852e+16,0.01,0.014093968191724236,2.0,7340.234059409271,nan,58497.04553407558
2.71,8548244472322.308,0.00015207577616345032,5.6210428037761224e+16,0.01,0.014130388485007035,2.0,6928.172021253916,nan,58446.568133742825
2.72,6395018266979.188,3.66937969075564e-05,1.7428063612741734e+17,0.01,0.014166545853650878,2.0,6483.252648634134,nan,58397.1774857223
2.73,2485483704660.537,4.277251051396682e-05,5.810937152844779e+16,0.01,0.014202430376144647,2.0,6003.025024953678,nan,58348.90649258732
2.74,2971690695462.4697,6.899058493695868e-05,4.307385852979653e+16,0.01,0.014238032175752221,2.0,5483.14179158534,nan,58301.78756366004
2.75,9280299451245.31,7.896874228949328e-05,1.175186432275248e+17,0.01,0.014273341428099556,2.0,4916.042385151271,nan,58255.85260420926
2.7600000000000002,15380687002545.504,5.076207588216976e-05,3.02995626858278e+17,0.01,0.014308348368784717,2.0,4288.154383767833,nan,58211.13300508601
2.77,20016568156452.594,0.0002598336769333565,7.703608089873026e+16,0.01,0.01434304330116789,2.0,3572.9584824425974,nan,58167.65963212952
2.7800000000000002,22054518761795.605,0.000146918795670611,1.5011366422606266e+17,0.01,0.014377416604151665,2.0,2708.211992542021,nan,58125.46281607295
2.79,20795800778778.0,0.00015433968116269328,1.3474046740356182e+17,0.01,0.014411458740103323,2.0,1458.019247565118,nan,58084.5723422999
2.8000000000000003,16194237859908.023,0.0002566423668264025,6.31004072326924e+16,0.01,0.014445160262732855,2.0,79.22802855545793,nan,58045.01744116245
2.81,8905141293894.494,3.319127533587378e-05,2.682976536388056e+17,0.01,0.01447851182510591,2.0,46.14300228174956,nan,58006.82677810007
2.82,207683826778.91553,0.00039750846958111377,522463903719506.8,0.01,0.0145115041876397,2.0,34.5972556462564,nan,57970.02844412928
2.83,8581527586135.619,6.592728017067855e-05,1.3016656479561994e+17,0.01,0.014544128226123932,2.0,28.066727568656088,nan,57934.64994649414
2.84,15820335866458.406,3.592344542170735e-05,4.403902710539758e+17,0.01,0.01457637493975348,2.0,23.64068007750491,nan,57900.71819947398
2.85,20468335427895.266,7.194057156653419e-05,2.845172756094263e+17,0.01,0.014608235459156071,2.0,20.32817320124641,nan,57868.25951539373
2.86,21952714711248.54,0.00018069975267634422,1.2148724271122046e+17,0.01,0.014639701054397767,2.0,17.68032437715268,nan,57837.29959585056
2.87,20280194438068.3,0.00018381982071441364,1.1032648361449574e+17,0.01,0.01467076314295717,2.0,15.451137748585456,nan,57807.86352312054
2.88,15956522640019.363,0.00019882368914816263,8.025463519152702e+16,0.01,0.014701413297671436,2.0,13.474084613546468,nan,57779.975751735314
2.89,9821901776280.154,0.00012155381136637282,8.08029107921278e+16,0.01,0.014731643254599438,2.0,11.569862821633427,nan,57753.66010035413
2.9,2856890139792.861,4.463451377138993e-05,6.400630136636742e+16,0.01,0.014761444920810992,2.0,9.0454869129993,nan,57728.939743865085
2.91,4012299777587.998,1.98015610971242e-06,2.0262542725334461e+18,0.01,0.014790810382172498,2.0,8.478701558781937,nan,57705.837205412725
2.92,10003855505742.945,5.647820536955381e-05,1.7712771573184246e+17,0.01,0.014819731910907696,2.0,7.963950638511913,nan,57684.37434911667
2.93,14607447019241.826,3.741514537223383e-05,3.9041534848832006e+17,0.01,0.014848201973153142,2.0,7.490040952834994,nan,57664.572372633746
2.94,17562718527126.502,0.00011455906005604735,1.5330711092194755e+17,0.01,0.014876213236347767,2.0,7.048063395561577,nan,57646.451800105206
2.95,18842921407022.832,6.002444308411058e-05,3.13920803573617e+17,0.01,0.014903758576459692,2.0,6.630569422807306,nan,57630.03247543378
2.96,18600665829746.27,7.003265448183628e-05,2.65599897181829e+17,0.01,0.014930831085154965,2.0,6.230931409330797,nan,57615.33355546435
2.97,17104861297146.994,0.00012860813161952417,1.3299984286958013e+17,0.01,0.01495742407669944,2.0,5.842745216017677,nan,57602.37350378472
2.98,14680660146356.502,1.4258984552968345e-07,1.0295726243213002e+20,0.01,0.014983531094743291,2.0,5.45910982251871,nan,57591.17008456031
2.99,11660108119865.217,0.00010975625457285998,1.0623638867090563e+17,0.01,0.015009145918909018,2.0,5.07147798718804,nan,57581.74035664659
3.0,8346826258302.804,5.4887175430005177e-05,1.5207243209203008e+17,0.01,0.015034262571161167,2.0,4.667274580281874,nan,57574.100668017956
3.0100000000000002,4994904695406.924,3.2291260083582295e-05,1.5468286720549693e+17,0.01,0.015058875322001418,2.0,4.223433293963183,nan,57568.26665031401
3.02,1802120899598.168,9.89128477010691e-05,1.821928032083834e+16,0.01,0.015082978696393733,2.0,3.6802307980199456,nan,57564.25321380754
3.0300000000000002,1126581583780.7776,0.00022715392619789443,4959551448823781.0,0.01,0.01510656747948698,1.0,4.803545147053958,nan,57562.07454251439
3.04,3654073389451.58,1.572182440000046e-05,2.3242044284958896e+17,0.01,0.015129636722082422,1.0,5.152561418433528,nan,57561.74408959629
3.0500000000000003,5781364003326.225,1.8474937933717624e-05,3.129300907027658e+17,0.01,0.01515218174582007,1.0,5.354609859162822,nan,57563.27457311488
3.06,7500229470154.496,4.3286212022069205e-05,1.7327063560864486e+17,0.01,0.015174198148139275,1.0,5.490394741573606,nan,57566.67797190681
3.0700000000000003,8833318122322.793,5.450594781885998e-05,1.6206154513042547e+17,0.01,0.01519568180694502,1.0,5.587620596044896,nan,57571.96552178991
3.08,9819875904626.52,0.00010983030448898302,8.940953000464042e+16,0.01,0.015216628884959522,1.0,5.659417303635448,nan,57579.14771214484
3.09,10508241647556.764,0.00012645303003964723,8.309995928339622e+16,0.01,0.015237035833821772,1.0,5.713123548634338,nan,57588.234282621495
3.1,10950272852960.021,0.0001230475111807594,8.899223355175253e+16,0.01,0.015256899397862936,1.0,5.753294040274234,nan,57599.234220198
3.11,11197353046077.523,5.607706623462824e-05,1.9967793962735923e+17,0.01,0.015276216617555696,1.0,5.782974646763784,nan,57612.155756575565
3.12,11297756587641.238,7.870241614472974e-06,1.4355031447656243e+18,0.01,0.015294984832668479,1.0,5.804322681428034,nan,57627.00636577946
3.13,11295086623047.984,2.9113598049544793e-05,3.8796601518734605e+17,0.01,0.015313201685118369,1.0,5.818939475563238,nan,57643.792761966535
3.14,11227509590619.164,2.994002426240865e-05,3.750000164400642e+17,0.01,0.015330865121424541,1.0,5.828062314363258,nan,57662.52089776432
3.15,11127584491864.363,2.8433566424665954e-05,3.913538078786785e+17,0.01,0.015347973394886813,1.0,5.832681911851234,nan,57683.19596269528
3.16,11022491508528.42,0.00015570448667583578,7.079109757110828e+16,0.01,0.015364525067408628,1.0,5.833617949808251,nan,57705.82238195103
3.17,10934489150503.68,2.6496196210084416e-05,4.126814680796343e+17,0.01,0.015380519010974827,1.0,5.831569827713617,nan,57730.4038154703
3.18,10881497697186.758,8.68367534449285e-05,1.2530981716270355e+17,0.01,0.015395954408778598,1.0,5.827152201034935,nan,57756.943157332695
3.19,10877738939166.773,3.559122395511441e-05,3.0562980786738746e+17,0.01,0.0154108307560072,1.0,5.82092092875058,nan,57785.44253543019
3.2,10934369222042.543,9.686632060992921e-05,1.128810215273287e+17,0.01,0.01542514786029576,1.0,5.8133928794844625,nan,57815.90331138134
3.21,11060063315996.477,9.694418842328415e-05,1.140869142944938e+17,0.01,0.015438905841809044,1.0,5.805061805949478,nan,57848.32608081958
3.22,11261538401522.54,2.5113152600603474e-05,4.484318866939837e+17,0.01,0.015452105132975793,1.0,5.796411767701461,nan,57882.71067397987
3.23,11544014561427.71,3.5672708269424094e-05,3.236091432766924e+17,0.01,0.015464746477890506,1.0,5.787929143101706,nan,57919.05615653372
3.24,11911605761202.684,0.0001475813782969928,8.07121189587467e+16,0.01,0.01547683093135459,1.0,5.780114004235832,nan,57957.36083077556
3.25,12367644393090.834,9.611949981329904e-05,1.2866946267004661e+17,0.01,0.015488359857581142,1.0,5.773491465374066,nan,57997.622237083604
3.2600000000000002,12914950854973.268,3.4775104011318714e-05,3.7138496698010355e+17,0.01,0.015499334928561757,1.0,5.768623515515929,nan,58039.837155672605
3.27,13556055769101.217,9.541528880392716e-05,1.4207425182098562e+17,0.01,0.015509758122094838,1.0,5.7661217807572775,nan,58084.00160865427
3.2800000000000002,14293367654291.23,9.504385967405126e-05,1.5038707080404464e+17,0.01,0.015519631719475466,1.0,5.7666616103861585,nan,58130.110862422385
3.29,15129294178778.318,2.732401755314354e-05,5.5369947517244736e+17,0.01,0.01552895830284774,1.0,5.770997818992677,nan,58178.159430378226
3.3000000000000003,16066351668682.654,3.3323127786332256e-05,4.8213816457146605e+17,0.01,0.015537740752263917,1.0,5.779982317584323,nan,58228.14107585175
3.31,17107266133878.26,8.895601182904606e-05,1.9231152321390794e+17,0.01,0.015545982242408983,1.0,5.7945836906977215,nan,58280.048815394475
3.3200000000000003,18255046004875.777,8.919281742923976e-05,2.0466946253108595e+17,0.01,0.015553686239040014,1.0,5.81590847261605,nan,58333.87492229579
3.33,19513019625365.82,0.00033762304051053465,5.779528433799815e+16,0.01,0.01556085649509612,1.0,5.845223377337401,nan,58389.61093049805
3.34,20884846272358.156,0.00015060323221312616,1.3867462182221272e+17,0.01,0.015567497046509927,1.0,5.8839769710056435,nan,58447.247638835615
3.35,22374534306211.52,0.0002153144120626306,1.0391563709958821e+17,0.01,0.015573612207755322,1.0,5.933818191981991,nan,58506.77511550167
3.36,23986490133895.914,0.0002152039542300641,1.1145933735145555e+17,0.01,0.015579206567132787,1.0,5.996607756249461,nan,58568.18270276961
3.37,25725593591934.05,0.0002151967117649884,1.1954454778114085e+17,0.01,0.01558428498179387,1.0,6.074417065225433,nan,58631.45902199675
3.38,27597277728272.777,9.316296867252915e-05,2.962258300857512e+17,0.01,0.015588852572506614,1.0,6.169508333345603,nan,58696.5919789382
3.39,29607565404435.656,2.8772744195828946e-05,1.0290143061407306e+18,0.01,0.01559291471816396,1.0,6.284290291065817,nan,58763.56876940011
3.4,31762980014933.715,0.0002726336773184124,1.1650424234947805e+17,0.01,0.015596477050037277,1.0,6.4212473028264085,nan,58832.37588526252
3.41,34070348272230.76,0.0005815981524498268,5.858056482593442e+16,0.01,0.01559954544577745,1.0,6.5828469911719445,nan,58902.999120902066
3.42,36536934264663.77,2.8355303237903285e-05,1.2885397118879647e+18,0.01,0.01560212602326423,1.0,6.771441779177541,nan,58975.42357969438
3.43,39170788885846.16,2.810724312267729e-05,1.3936190296174103e+18,0.01,0.01560422513444304,1.0,6.989189752697538,nan,59049.633680136314
3.44,41980701046089.26,0.0005159403567050846,8.136735283548626e+16,0.01,0.015605849358616015,1.0,7.23802440794089,nan,59125.61316353683
3.45,44976156192268.14,0.000271576059024842,1.6561163879380845e+17,0.01,0.015607005495814357,1.0,7.519696921837451,nan,59203.34510107161
3.46,48167384003910.836,2.7321172255616192e-05,1.76300575807136e+18,0.01,0.01560770055990129,1.0,7.835899592962134,nan,59282.81190150324
3.47,51565248912133.195,2.6954635115388412e-05,1.9130382841908541e+18,0.01,0.015607941771540157,2.0,8.18846237716167,nan,59363.99531912751
3.48,55181228117233.24,0.0005146053582790241,1.0723018567426854e+17,0.01,0.015607736551043078,2.0,8.57960507430273,nan,59446.876461931424
3.49,59027495779076.32,0.000514414555323975,1.1474693934719864e+17,0.01,0.015607092511108268,2.0,9.012230627694558,nan,59531.43579997643
3.5,63117104420275.84,2.5756721141010058e-05,2.450510065886464e+18,0.01,0.015606017449453892,2.0,9.490258929653926,nan,59617.65317402013
3.5100000000000002,67464233794519.24,0.0002185112963449877,3.087448334387531e+17,0.01,0.015604519341356373,2.0,10.019021361463228,nan,59705.50780439023
3.52,72084449057634.2,2.516465707537611e-05,2.864511479004799e+18,0.01,0.015602606332100645,2.0,10.60576192431272,nan,59794.97830012596
3.5300000000000002,76994872627936.72,0.0004635904876403682,1.6608380603284883e+17,0.01,0.015600286729350123,2.0,11.260324430825053,nan,59886.042668400565
3.54,82214125647273.36,0.00046395538162330755,1.772026554786776e+17,0.01,0.015597568995443433,2.0,11.996157438777265,nan,59978.67832424161
3.5500000000000003,87761832615137.19,0.0005119292822409747,1.714335078293608e+17,0.01,0.015594461739625276,2.0,12.831861882297828,nan,60072.86210056349
3.56,93657599709542.5,0.00046490367102849814,2.014559263478076e+17,0.01,0.015590973710218147,2.0,13.793687926003107,nan,60168.57025852956
3.5700000000000003,99921615394369.25,0.0004655194631524064,2.146454086317244e+17,0.01,0.015587113786780077,2.0,14.919765070177572,nan,60265.778498121465
3.58,106576861162684.28,0.001441953886048855,7.39114212970562e+16,0.01,0.015582890972637726,2.0,16.267692189152,nan,60364.46196754772
3.59,113648854162148.77,0.0005096622003051486,2.2298858752739386e+17,0.01,0.015578314386869305,2.0,17.92916721144913,nan,60464.59527484948
3.6,121164536704179.3,0.0005094638485161974,2.3782754567781094e+17,0.01,0.01557339325650944,2.0,20.060938408262064,nan,60566.15249897884
3.61,129152595549204.33,0.00046731985154507225,2.7636873358192397e+17,0.01,0.015568136908818305,2.0,22.959133352997352,nan,60669.107200946855
3.62,137643617632411.02,0.0004678852107416818,2.9418245003773734e+17,0.01,0.015562554763550042,2.0,27.273850760072914,nan,60773.43243530617
3.63,146670113897276.4,1.9774855081659305e-05,7.417000695661702e+18,0.01,0.01555665632527217,2.0,34.84515072162904,nan,60879.100761814414
3.64,156266676762518.2,1.9316435066688245e-05,8.08983004488259e+18,0.01,0.015550451175744667,2.0,54.818503190272864,nan,60986.08425727808
3.65,166470256428951.0,1.8765443489896293e-05,8.871106964169648e+18,0.01,0.015543948966366886,2.0,471.94794382591544,nan,61094.35452757623
3.66,177320522045565.88,0.00294640685463829,6.0181954086355896e+16,0.01,0.015537159410700056,2.0,970.9885783709858,nan,61203.882719864545
3.67,188860248102832.78,0.0009935258911051136,1.9009091740202234e+17,0.01,0.015530092277072792,2.0,1287.861419383294,nan,61314.63953495925
3.68,201135631868302.62,0.002945427097439174,6.82874249521147e+16,0.01,0.015522757381276606,2.0,1538.0557541840028,nan,61426.59523990094
3.69,214196402320545.06,0.001968996508384192,1.0878455162742771e+17,0.01,0.015515164579357853,2.0,1750.2818304822952,nan,61539.7196806988
3.7,228095522347348.4,1.63396606031317e-05,1.3959624247252177e+19,0.01,0.015507323760512424,2.0,1937.0166497055336,nan,61653.98229525473
3.71,242888280059988.12,0.0019676290743561166,1.2344210767442053e+17,0.01,0.015499244840088744,2.0,2105.0213818364487,nan,61769.35212646785
3.72,258632645603961.03,0.00294357331716717,8.786349709572154e+16,0.01,0.015490937752707844,2.0,2258.428205481698,nan,61885.79783550694
3.73,275391587756644.16,0.0029431300094773355,9.357098968439739e+16,0.01,0.015482412445604297,2.0,2400.007036787281,nan,62003.28771487982
3.74,293233537702003.06,0.003918711493730055,7.482907026229851e+16,0.01,0.015473678872008663,2.0,2531.722553055398,nan,62121.78970198006
3.75,312231381170087.94,0.003917881966283552,7.969392234301184e+16,0.01,0.01546474698466769,2.0,2655.018819922529,nan,62241.27139277124
3.7600000000000002,332462731810697.0,1.3811066490230185e-05,2.4072198337896493e+19,0.01,0.015455626729546012,2.0,2770.9985274988785,nan,62361.70005546004
3.77,354010384222844.2,0.005867963046914849,6.03293479172418e+16,0.01,0.015446328039663046,2.0,2880.5248679391475,nan,62483.04264433887
3.7800000000000002,376962491316032.25,0.005842282840536918,6.4523149872249016e+16,0.01,0.015436860829085824,2.0,2984.287126198481,nan,62605.26581372999
3.79,401412902614532.75,0.0019647159129708375,2.0431091333075133e+17,0.01,0.01542723498708104,2.0,3082.8451884852243,nan,62728.3359320258
3.8000000000000003,427461651990664.8,1.1489547403700803e-05,3.720439430477293e+19,0.01,0.01541746037242934,2.0,3176.6611544820494,nan,62852.21909582047
3.81,455215566982120.5,0.00584462887059198,7.788613735126923e+16,0.01,0.015407546807904342,2.0,3266.1225631484385,nan,62976.88114412783
3.8200000000000003,484788949256180.6,1.1059362478503078e-05,4.383516230691431e+19,0.01,0.015397504074918607,2.0,3351.559744456317,nan,63102.28767268022
3.83,516304244203150.9,0.007795733078023812,6.622908186256577e+16,0.01,0.015387341908338393,2.0,3433.2586053980235,nan,63228.40404830304
3.84,549892575326617.25,0.003914367252690797,1.4048057829745344e+17,0.01,0.015377069991468633,2.0,3511.4694448303726,nan,63355.19542335913
3.85,585693963234042.2,0.0077958196738267494,7.51292343511252e+16,0.01,0.015366697951209273,2.0,3586.411912869787,nan,63482.62675025819
3.86,623856974792559.8,0.011688560168904684,5.337329540829325e+16,0.01,0.015356235353383782,2.0,3658.2759024145494,nan,63610.66279602449
3.87,664538135102699.4,0.0077942858122322855,8.525965702460883e+16,0.01,0.015345691698240268,2.0,3727.2179140106255,nan,63739.26815691796
3.88,707903940192951.6,0.003913092098368992,1.809065369271558e+17,0.01,0.015335076416130279,1.0,3793.365547652072,nan,63868.40727308085
3.89,754133851374474.1,0.0038938505036788837,1.9367303666691197e+17,0.01,0.015324398863378061,1.0,3856.8596553052494,nan,63998.044443149694
3.9,803419652607108.9,0.0078095781390102635,1.0287619104467136e+17,0.01,0.015313668318296681,1.0,3917.8154869885134,nan,64128.1438390092
3.91,855965192740128.1,0.007794045899407209,1.0982296021700747e+17,0.01,0.015302893977393438,1.0,3976.33763869143,nan,64258.669520495605
3.92,911987846428249.2,0.003894786041827328,2.3415608370630016e+17,0.01,0.015292084951743395,1.0,4032.521260205163,nan,64389.5854501335
3.93,971719075516490.1,0.007797941767517401,1.2461225083319035e+17,0.01,0.015281250263534447,1.0,4086.451779919384,nan,64520.85550787749
3.94,1035405061889134.6,9.327141960847131e-06,1.11009896304301e+20,0.01,0.015270398842783025,1.0,4138.205292657062,nan,64652.44350584915
3.95,1103307556021461.1,8.589351934473772e-06,1.284506170475195e+20,0.01,0.015259539524218433,1.0,4187.84946851086,nan,64784.31320306367
3.96,1175704941196494.0,0.00781405453504947,1.5046029381071507e+17,0.01,0.0152486810443337,1.0,4235.444837205118,nan,64916.428320140396
3.97,1252893500610526.0,0.007797536011191561,1.606781294516995e+17,0.01,0.015237832038600655,1.0,4281.046288451076,nan,65048.75255399103
3.98,1335188854328642.0,0.01556473316296864,8.578295820099902e+16,0.01,0.015227001038846692,1.0,4324.704576283044,nan,65181.24959247957
3.99,1422927507337373.2,0.015564622512215595,9.142062431778323e+16,0.01,0.015216196470790724,1.0,4366.467637497159,nan,65313.88312904706
4.0,1516468411673666.8,0.015564615729512288,9.743050763522992e+16,0.01,0.015205426651735484,1.0,4406.3814849276805,nan,65446.616877295266
4.01,1616194393680956.5,0.015612858989338183,1.0351687636355613e+17,0.01,0.01519469978841343,1.0,4444.490409804597,nan,65579.4145855219
4.0200000000000005,1722513231503386.5,3.2842411986860713e-06,5.244782972068293e+20,0.01,0.015184023974983224,1.0,4480.83623072169,nan,65712.24005120073
4.03,1835858076661401.5,0.015554482682111266,1.1802758819955906e+17,0.01,0.01517340719117384,1.0,4515.456269802366,nan,65845.05713539936
4.04,1956686794895202.8,0.007806793537604001,2.5063898327401312e+17,0.01,0.015162857300573167,1.0,4548.379711931178,nan,65977.82977712728
4.05,2085482690478887.5,4.220069060147773e-06,4.941821237413259e+20,0.01,0.015152382049057932,1.0,4579.621982608921,nan,66110.5220076066
4.0600000000000005,2222761092196042.5,0.007797420447427434,2.8506364472488944e+17,0.01,0.01514198906335384,1.0,4609.19939856662,nan,66243.09796448331
4.07,2369074386760250.0,0.029492079179062193,8.032917490748386e+16,0.01,0.015131685849728902,1.0,4637.145703229352,nan,66375.52190595093
4.08,2525009547396396.5,0.015596931696643298,1.618914281672348e+17,0.01,0.01512147979283365,1.0,4663.4808276039275,nan,66507.75822472718
4.09,2691188682112007.5,0.015455589364148141,1.7412397668604445e+17,0.01,0.01511137815464957,1.0,4688.223487544863,nan,66639.77146198865
4.1,2868272902915283.0,0.02861027605323212,1.0025324109346552e+17,0.01,0.0151013880735639,1.0,4711.390626251432,nan,66771.5263211866
4.11,3056964383707661.0,0.029426543531606626,1.0388458910997208e+17,0.01,0.015091516563562772,1.0,4732.997069978695,nan,66902.98768175027
4.12,3258008646925441.5,5.380229462711448e-06,6.055519879785052e+20,0.01,0.015081770513538456,1.0,4753.0554219205205,nan,67034.12061267352
4.13,3472197109361226.0,0.015618064886795565,2.2231929080387075e+17,0.01,0.015072156686706579,1.0,4771.576159350965,nan,67164.89038597952
4.14,3700369899841715.5,4.192440116076817e-06,8.826291604385352e+20,0.01,0.015062681720129069,1.0,4788.567868077385,nan,67295.26249005916
4.15,3943418952083750.0,0.02780815058300479,1.4180802640265502e+17,0.01,0.015053352124338911,2.0,4804.037569965651,nan,67425.2026428771
4.16,4202291358688763.0,0.015481442323435157,2.7144055901868464e+17,0.01,0.015044174283062492,2.0,4817.991062733914,nan,67554.67680504124
4.17,4477992945439614.5,0.015528702862456648,2.883687700835557e+17,0.01,0.015035154453035682,2.0,4830.433204066893,nan,67683.65119272958
4.18,4771591991903607.0,0.028745456359819153,1.6599465084761754e+17,0.01,0.01502629876390971,2.0,4841.36804229006,nan,67812.09229046915
4.19,5084222971527566.0,0.028754963216674347,1.7681201444136576e+17,0.01,0.015017613218242996,2.0,4850.7987181833605,nan,67939.9668637612
4.2,5417090109358652.0,1.0765796074642683e-06,5.031759910553986e+21,0.01,0.015009103691575203,2.0,4858.726996999368,nan,68067.24197154683
4.21,5771470467894733.0,4.6637346671684344e-07,1.2375211884424924e+22,0.01,0.01500077593257982,2.0,4865.1523394128835,nan,68193.88497850734
4.22,6148716432781027.0,4.3798721364944665e-07,1.4038575193892067e+22,0.01,0.014992635563291726,2.0,4870.070375827386,nan,68319.86356719286
4.23,6550261694885573.0,2.605035280263796e-06,2.514461798084465e+21,0.01,0.014984688079405332,2.0,4873.471599009534,nan,68445.14574997744
4.24,6977630542135929.0,0.0282407707256499,2.4707649128706115e+17,0.01,0.014976938850626322,2.0,4875.351996961256,nan,68569.6998808952
4.25,7432442211453120.0,0.028079985746684268,2.6468824729837178e+17,0.01,0.014969393121103718,2.0,4875.7047222959045,nan,68693.49466721437
4.26,7916414026769389.0,0.027931130495562645,2.8342619458338973e+17,0.01,0.014962056009914668,2.0,4874.520529058033,nan,68816.49918086002
4.2700000000000005,8431368419344820.0,0.027821370977889105,3.030536642513271e+17,0.01,0.014954932511601852,2.0,4871.789062205793,nan,68938.68286965566
4.28,8979239979330057.0,3.493629612312224e-07,2.570175140399968e+22,0.01,0.014948027496764793,2.0,4867.498229887142,nan,69060.0155683626
4.29,9562082242459562.0,0.027676970217115137,3.454887643932382e+17,0.01,0.014941345712699478,2.0,4861.633822488289,nan,69180.46750952308
4.3,1.0182075043129098e+16,0.02748782645542958,3.704212502810627e+17,0.01,0.014934891784082784,2.0,4854.179353249878,nan,69300.00933410379
4.3100000000000005,1.0841532569057132e+16,0.027516863688369975,3.939959397930701e+17,0.01,0.014928670213698316,2.0,4845.116079864848,nan,69418.61210193661
4.32,1.154291224097675e+16,0.026801108284524075,4.3068787001028774e+17,0.01,0.014922685383200317,2.0,4834.423162291806,nan,69536.24730195302
4.33,1.2288824502857764e+16,2.2378328788214598e-06,5.491395098873332e+21,0.01,0.014916941553912473,2.0,4822.077860733253,nan,69652.88686220876
4.34,1.3082043568296408e+16,0.026952032837928554,4.853824439500739e+17,0.01,0.014911442867658537,2.0,4808.055707573916,nan,69768.50315969554
4.3500000000000005,1.3925519096598658e+16,0.026912366310549416,5.174394156169008e+17,0.01,0.014906193347621862,2.0,4792.33055346775,nan,69883.06902993558
4.36,1.4822388652840724e+16,0.026911476598811615,5.5078317974924e+17,0.01,0.014901196899230952,2.0,4774.874395296316,nan,69996.55777635623
4.37,1.5775990680660594e+16,0.026777927959988953,5.891415760111374e+17,0.01,0.014896457311068366,2.0,4755.6568742869995,nan,70108.9431794405
4.38,1.6789877560425602e+16,0.02576992802534427,6.515298585200957e+17,0.01,0.014891978255800369,2.0,4734.644399139267,nan,70220.19950564978
4.39,1.786782809174263e+16,0.026471239746737305,6.74990225720158e+17,0.01,0.01488776329112484,2.0,4711.798782213165,nan,70330.30151611572
4.4,1.9013861357727668e+16,0.026394620911070792,7.203687986953665e+17,0.01,0.014883815860735068,2.0,4687.075361793422,nan,70439.22447509663
4.41,2.0232259568982492e+16,0.02619839503394248,7.722709556356296e+17,0.01,0.014880139295294198,2.0,4660.425473689154,nan,70546.9441582199
4.42,2.1527593776932024e+16,2.3724751618621585e-05,9.073896377500952e+20,0.01,0.014876736813414868,2.0,4631.803661676889,nan,70653.4368605237
4.43,2.290474075939245e+16,7.004766111527246e-05,3.2698794498933726e+20,0.01,0.014873611522656356,2.0,4601.156638831384,nan,70758.67940417698
4.44,2.4368903720619108e+16,0.025746174802932842,9.465057977406086e+17,0.01,0.01487076642052075,2.0,4568.427076138861,nan,70862.64914602324
4.45,2.592563934652963e+16,0.02554072091864054,1.015070773809214e+18,0.01,0.014868204395455472,2.0,4533.552332610496,nan,70965.32398486062
4.46,2.7580884047787996e+16,0.02554075364623903,1.079877455058942e+18,0.01,0.014865928227856729,2.0,4496.463547085055,nan,71066.68236848243
4.47,2.9340983528846644e+16,0.025415978124885923,1.154430625674704e+18,0.01,0.014863940591071913,2.0,4457.085137054339,nan,71166.70330047686
4.48,3.121272628758793e+16,0.02523738107904327,1.236765660819953e+18,0.01,0.0148622440523991,2.0,4415.334497965181,nan,71265.36634678356
4.49,3.3203381241937524e+16,0.025088522366238958,1.3234490559961613e+18,0.01,0.014860841074082054,2.0,4371.121708714725,nan,71362.65164200465
4.5,3.5320739284078012e+16,0.024962004371881844,1.414980093660453e+18,0.01,0.014859734014299028,2.0,4324.348990292301,nan,71458.5398954688
4.51,3.757315819564919e+16,0.02484319332907194,1.512412583115087e+18,0.01,0.014858925128143984,2.0,4274.9097510334905,nan,71553.01239704493
4.5200000000000005,3.996960979653152e+16,0.024595800941223635,1.6250582728347223e+18,0.01,0.014858416568598772,2.0,4222.687037413634,nan,71646.0510227044
4.53,4.251972752874924e+16,0.0244397401117682,1.7397782191748913e+18,0.01,0.014858210387494965,2.0,4167.551226037752,nan,71737.63823982916
4.54,4.523385268761135e+16,0.023872182154339686,1.894835268730905e+18,0.01,0.01485830853646413,2.0,4109.356895121926,nan,71827.75711226423
4.55,4.8123095532108184e+16,0.02421096612734606,1.9876569682922977e+18,0.01,0.014858712867875086,2.0,4047.939165112645,nan,71916.39130511435
4.5600000000000005,5.119941706212489e+16,5.655357133893183e-05,9.053259741154294e+20,0.01,0.014859425135749133,2.0,3983.118868691354,nan,72003.5250893425
4.57,5.447570376277318e+16,0.023262199750510498,2.341812225285259e+18,0.01,0.014860446996669259,2.0,3914.69471808825,nan,72089.1433460447
4.58,5.796584331808846e+16,0.023713208696571723,2.444453808837297e+18,0.01,0.01486178001066356,2.0,3842.440618615299,nan,72173.23157051881
4.59,6.1684811431551064e+16,6.626107721952148e-05,9.30935837749674e+20,0.01,0.01486342564207541,2.0,3766.101004133543,nan,72255.77587605904
4.6000000000000005,6.5648756940427544e+16,0.02340333192300816,2.805103015091936e+18,0.01,0.014865385260416022,2.0,3685.3835239305517,nan,72336.76299748654
4.61,6.987509530274341e+16,0.023134632874985565,3.020367588296428e+18,0.01,0.014867660141195225,2.0,3599.951550983672,nan,72416.18029443681
4.62,7.43826186995553e+16,0.023044032836612553,3.227847279464711e+18,0.01,0.014870251466730213,2.0,3509.415466888019,nan,72494.01575440065
4.63,7.919162279648997e+16,0.022611478783268885,3.50227526273456e+18,0.01,0.014873160326931988,2.0,3413.3214419430724,nan,72570.25799551605
4.64,8.432404817860118e+16,0.02270697182656418,3.713575232429412e+18,0.01,0.014876387720069321,2.0,3311.136111769604,nan,72644.89626910815
4.65,8.98036320191918e+16,0.022491532945303726,3.9927750695153475e+18,0.01,0.014879934553510105,2.0,3202.225052569271,nan,72717.92046197508
4.66,9.565606234729198e+16,0.022380386920160183,4.274102261437013e+18,0.01,0.014883801644440073,2.0,3085.8220968232254,nan,72789.32109841616
4.67,1.0190912322277989e+17,0.00011399868971814607,8.939499521857944e+20,0.01,0.01488798972055887,2.0,2960.984994835046,nan,72859.08934200092
4.68,1.0859281440704784e+17,0.022070405533282544,4.920290850264987e+18,0.01,0.014892499420753545,2.0,2826.5301586079454,nan,72927.216997076
4.69,1.15739462535932e+17,0.021814862411292792,5.305532547205878e+18,0.01,0.01489733129574958,2.0,2680.933893261949,nan,72993.6965100078
4.7,1.2338396059602341e+17,0.00039488423716348077,3.1245602884103694e+20,0.01,0.014902485808729622,2.0,2522.1817912557362,nan,73058.52097022014
4.71,1.3156407014084966e+17,0.02160697407973772,6.088963204904566e+18,0.01,0.014907963335909321,2.0,2347.5233417624813,nan,73121.68411109867
4.72,1.4032057353041069e+17,0.021074817660394752,6.658210561608358e+18,0.01,0.014913764167128134,2.0,2152.992895088723,nan,73183.18031038654
4.73,1.4969743808041078e+17,9.586799016134197e-06,1.5614955297224446e+22,0.01,0.014919888506378766,2.0,1932.4897682099781,nan,73243.00459055221
4.74,1.5974201208956595e+17,0.02108277885921275,7.576895491637807e+18,0.01,0.014926336472332493,2.0,1675.666612573174,nan,73301.15261878997
4.75,1.705051499394423e+17,0.02089658330882961,8.159475040467372e+18,0.01,0.014933108098835088,2.0,1361.9946633470706,nan,73357.62070679624
4.76,1.8204135749959277e+17,0.020694011089796075,8.796813566479376e+18,0.01,0.014940203335372987,2.0,935.9960001864556,nan,73412.4058103254
4.7700000000000005,1.9440896170885037e+17,0.020332937909981554,9.561282416222493e+18,0.01,0.01494762204751107,2.0,107.49530090993444,nan,73465.50552851938
4.78,2.076702917167181e+17,0.020255584619832276,1.0252495576621758e+19,0.01,0.014955364017303631,2.0,37.7574608503109,nan,73516.91810300428
4.79,2.218918440344444e+17,0.020197489236902573,1.09861102749855e+19,0.01,0.014963428943679998,2.0,27.30173607291593,nan,73566.64241674809
4.8,2.3714438231972445e+17,0.01997509268176065,1.1872004105205584e+19,0.01,0.014971816442806414,2.0,22.35329925727248,nan,73614.6779926732
4.8100000000000005,2.5350289112023632e+17,0.019753315159555914,1.2833435252391096e+19,0.01,0.014980526048425829,2.0,19.317482859544622,nan,73661.02499201767
4.82,2.7104625839677875e+17,0.019512959490783917,1.3890576594739278e+19,0.01,0.014989557212177238,2.0,17.211634391167866,nan,73705.68421243936
4.83,2.898565001856167e+17,0.019341438584879744,1.4986294784309029e+19,0.01,0.014998909303896395,2.0,15.642695409768994,nan,73748.65708585652
4.84,3.1001794530609146e+17,0.0192278289595948,1.612339832841038e+19,0.01,0.015008581611899535,2.0,14.419126868845503,nan,73789.94567601968
4.8500000000000005,3.3161723566417517e+17,0.018940375391580333,1.7508482741666818e+19,0.01,0.01501857334318333,2.0,13.435542859096493,nan,73829.55267620234
4.86,3.547428832610109e+17,0.01869326127758742,1.897704621966288e+19,0.01,0.015028883623630775,2.0,12.629130590875532,nan,73867.48140650295
4.87,3.794832039670137e+17,0.0012398911434619347,3.060617103106713e+20,0.01,0.015039511498245575,2.0,11.96038325196709,nan,73903.73581062256
4.88,4.059241893818966e+17,0.003019767427288343,1.3442233521486912e+20,0.01,0.01505045593130718,2.0,11.40351690735262,nan,73938.3204527567
4.89,4.3414730196198054e+17,0.018272709120636794,2.375932868496572e+19,0.01,0.01506171580653546,2.0,10.941182177594149,nan,73971.24051409336
4.9,4.6422619737580915e+17,0.018184863583443914,2.55281649623402e+19,0.01,0.01507328992722689,2.0,10.561220558667337,nan,74002.50178913849
4.91,4.962225665838749e+17,0.001439584455487852,3.446984750996864e+20,0.01,0.015085177016365059,2.0,10.254472956589595,nan,74032.1106818591
4.92,5.3018107380533024e+17,0.017872651404034278,2.9664377255500878e+19,0.01,0.015097375716708595,2.0,10.013244863876258,nan,74060.07420163364
4.93,5.661233298651852e+17,0.017663642126635244,3.2050203791862395e+19,0.01,0.015109884590859397,2.0,9.830329618835071,nan,74086.39995899986
4.94,6.040407360615535e+17,0.017564094458075198,3.4390656318967935e+19,0.01,0.015122702121314353,2.0,9.69857211373352,nan,74111.09616118982
4.95,6.438858237814152e+17,0.017323517597935878,3.716830719519315e+19,0.01,0.01513582671050362,2.0,9.610879275434487,nan,74134.17160744207
4.96,6.855613504092859e+17,0.002219529385585524,3.0887689744573084e+20,0.01,0.015149256680818736,2.0,9.560478517292228,nan,74155.63568408048
4.97,7.289058375097768e+17,0.009054772690512554,8.049962847477249e+19,0.01,0.015162990274633763,2.0,9.541209804773013,nan,74175.49835935043
4.98,7.736734256096919e+17,0.016543878364414587,4.676493676802179e+19,0.01,0.01517702565432287,2.0,9.547717667855592,nan,74193.770178001
4.99,8.195119427674049e+17,0.016472524928510587,4.975023236109946e+19,0.01,0.015191360902277242,2.0,9.575510879411876,nan,74210.46225560672
5.0,8.659464999224244e+17,0.01637963320771531,5.286727052682333e+19,0.01,0.015205994020779153,2.0,9.620919816868879,nan,74225.58627342098
5.01,9.123572665733896e+17,0.016201900612019846,5.6311743197371e+19,0.01,0.015220922931931329,2.0,9.680997930624624,nan,74239.15447267401
5.0200000000000005,9.579435149360959e+17,0.01588511499495522,6.030447467584079e+19,0.01,0.015236145477720143,2.0,9.753404873272943,nan,74251.17964790022
5.03,1.0016878205486076e+18,0.015946460729460245,6.281568289934344e+19,0.01,0.015251659419911913,2.0,9.83629383416984,nan,74261.67514094991
5.04,1.0423202519761943e+18,0.015743067321517985,6.620820648791402e+19,0.01,0.015267462439984607,2.0,9.928213465410463,nan,74270.65483458631
5.05,1.0782767597209212e+18,0.015292802268909812,7.050877535460275e+19,0.01,0.015283552139057723,2.0,10.028027340750654,nan,74278.13314588506
5.0600000000000005,1.1076559363997056e+18,0.015111652631630994,7.329813379121836e+19,0.01,0.015299926037819054,2.0,10.134850150573357,nan,74284.12501945143
5.07,1.128176599814826e+18,0.015384725320541665,7.333095497704377e+19,0.01,0.015316581576446917,1.0,10.24799836608146,nan,74288.64592047178
5.08,1.1371377099863624e+18,0.015482022873360054,7.344891034510983e+19,0.01,0.015333516114526395,1.0,10.366952815661321,nan,74291.71182761597
5.09,1.131382922682902e+18,0.015551163065922512,7.275230269831828e+19,0.01,0.015350726930958026,1.0,10.491330850567122,nan,74293.33922580758
5.1000000000000005,1.1072791131665875e+18,0.013272345630922108,8.34275375248541e+19,0.01,0.015368211223873421,1.0,10.62086619237197,nan,74293.54509880069
5.11,1.060716480114747e+18,0.01632516683595113,6.497431179562876e+19,0.01,0.015385966110569707,1.0,10.755394991516773,nan,74292.34692151558
5.12,9.871364164564822e+17,0.015097658322424483,6.5383412140828025e+19,0.01,0.015403988627427975,1.0,10.894847019806473,nan,74289.76265231414
5.13,8.816035373769167e+17,0.019008160829303407,4.6380265050041926e+19,0.01,0.015422275729833181,1.0,11.039241261508522,nan,74285.81072514184
5.14,7.389407041203107e+17,0.011737228439766273,6.295700112785957e+19,0.01,0.01544082429210506,1.0,11.188685453528652,nan,74280.51004149587
5.15,5.5396630058594566e+17,0.002033964505167161,2.7235789964801678e+20,0.01,0.015459631107452354,1.0,11.343379375497797,nan,74273.87996217022
5.16,3.220396403941447e+17,0.008988073398865391,3.5829662943651234e+19,0.01,0.015478692887934895,1.0,11.503621916305908,nan,74265.94029886751
5.17,5.0311854297958584e+16,0.006708344170844361,7.499891629982659e+18,0.01,0.015498006264417283,1.0,11.669822160144268,nan,74256.71130576999
5.18,3.065286588988213e+17,0.008345135385934212,3.673141833210731e+19,0.01,0.015517567786505638,1.0,11.842514956696714,nan,74246.2136711225
5.19,7.017138918597585e+17,0.00730947409364029,9.600059906776254e+19,0.01,0.015537373922581709,1.0,12.022381681020905,nan,74234.46850826248
5.2,1.1530363599371277e+18,0.009154279676606848,1.259559900582495e+20,0.01,0.015557421059811038,1.0,12.210277160286049,nan,74221.49734673512
5.21,1.655033276233337e+18,0.0066948467051920575,2.4721003319610117e+20,0.01,0.015577705504144647,1.0,12.40726405953091,nan,74207.32212340328
5.22,2.1981555316306145e+18,0.013853994737103211,1.586658269577368e+20,0.01,0.015598223480363684,1.0,12.61465638685311,nan,74191.9651733142
5.23,2.7672988197565635e+18,0.015427174672383543,1.7937819973675113e+20,0.01,0.015618971132161116,1.0,12.834074204303343,nan,74175.44922036756
5.24,3.340838920355972e+18,0.015116338178120393,2.2100847976473235e+20,0.01,0.015639944522229603,1.0,13.067512109454276,nan,74157.79736795234
5.25,3.890008264775789e+18,0.01527827399368652,2.5461045314302303e+20,0.01,0.01566113963233203,1.0,13.317424559038216,nan,74139.03308967869
5.26,4.378796670286155e+18,0.013988550720494552,3.1302718614522397e+20,0.01,0.01568255236348076,1.0,13.586831585547804,nan,74119.18021958851
5.2700000000000005,4.764648135535983e+18,0.014530500528178553,3.2790667646279955e+20,0.01,0.01570417853609568,1.0,13.879448805630043,nan,74098.26294250818
5.28,5.00024811415515e+18,0.014929973599822757,3.34913392895384e+20,0.01,0.015726013890186876,1.0,14.19984566177896,nan,74076.30578432414
5.29,5.036658525196039e+18,0.01533691474625883,3.284010251425987e+20,0.01,0.015748054085595767,1.0,14.553635336586435,nan,74053.33360202571
5.3,4.827983042293862e+18,0.015058000915876073,3.206257636233495e+20,0.01,0.015770294702257832,1.0,14.947698464182292,nan,74029.3715737128
5.3100000000000005,4.3375461985546266e+18,0.013314377090669448,3.2577913101126795e+20,0.01,0.01579273124047243,1.0,15.390440499868417,nan,74004.44518864967
5.32,3.5452720900183567e+18,0.015578132904948479,2.275800387408546e+20,0.01,0.015815359121268243,1.0,15.892079758593392,nan,73978.58023694089
5.33,2.455582546211428e+18,0.02154883726212969,1.139542944401419e+20,0.01,0.01583817368675677,1.0,16.46496121165946,nan,73951.80279937411
5.34,1.1047270651901761e+18,0.006413770227156788,1.7224300622941078e+20,0.01,0.015861170200543225,2.0,17.123893678026363,nan,73924.13923709732
5.3500000000000005,4.359528868760175e+17,0.00968542549278271,4.501122714751939e+19,0.01,0.015884343848203586,2.0,17.886521270064822,nan,73895.6161811024
5.36,2.0524582174078382e+18,0.006418096290676963,3.197923690221467e+20,0.01,0.015907689737759374,2.0,18.773772187757825,nan,73866.26052186255
5.37,3.6037433330272456e+18,0.007208656561240855,4.999188548395651e+20,0.01,0.015931202900217795,2.0,19.810487261677626,nan,73836.09939880249
5.38,4.924652538848384e+18,0.006263842398938394,7.862031362224283e+20,0.01,0.01595487829019203,2.0,21.026422052245113,nan,73805.16018954353
5.39,5.848607965935538e+18,0.02573372800068582,2.27274025970107e+20,0.01,0.015978710786516564,2.0,22.457944351572444,nan,73773.47049935098
5.4,6.231802098130277e+18,0.01111456605238989,5.606878459092242e+20,0.01,0.016002695192953706,2.0,24.150934032707255,nan,73741.05815032474
5.41,5.980020302013869e+18,0.010391112962330737,5.754937246560877e+20,0.01,0.01602682623894915,2.0,26.16570804640692,nan,73707.95117055227
5.42,5.072462863784169e+18,0.013081504274082317,3.877583768278063e+20,0.01,0.016051098580391023,2.0,28.58543673009679,nan,73674.1777834571
5.43,3.5764656648785766e+18,0.011168363272055584,3.2023185293652374e+20,0.01,0.01607550680050988,2.0,31.53096744802022,nan,73639.76639668502
5.44,1.6477792695095178e+18,0.016873844225947423,9.765286720945768e+19,0.01,0.016100045410768198,2.0,35.18846652254081,nan,73604.74559127324
5.45,4.8791590736733274e+17,0.013721405097220732,3.5558742265116856e+19,0.01,0.016124708851840804,2.0,39.865485505194634,nan,73569.14411063188
5.46,2.564076859170855e+18,0.011973555410616761,2.1414498628346672e+20,0.01,0.016149491494645396,2.0,46.11861064149221,nan,73532.99084952615
5.47,4.3260201454613023e+18,0.01140999731355535,3.7914295915932307e+20,0.01,0.01617438764142802,2.0,55.09547422709346,nan,73496.31484305643
5.48,5.570259999429034e+18,0.010250630277191272,5.434065856246369e+20,0.01,0.016199391526930482,2.0,69.71293520531029,nan,73459.14525554253
5.49,6.184309277712561e+18,0.0101080878133446,6.118179216397483e+20,0.01,0.016224497319618274,2.0,101.14875437271773,nan,73421.51136938235
5.5,6.1644747255647e+18,0.010767316924005064,5.7251725467663965e+20,0.01,0.01624969912295236,2.0,436.82834636728825,nan,73383.44257398392
5.51,5.611192877581951e+18,0.009915809871700066,5.658834679350212e+20,0.01,0.01627499097677126,2.0,3268.121199859331,nan,73344.96835449857
5.5200000000000005,4.703627325560578e+18,0.007069000442119309,6.653878952298404e+20,0.01,0.016300366858677865,2.0,4735.0528307675095,nan,73306.11828081855
5.53,3.6616005650166554e+18,0.006275128153605414,5.8351008543353176e+20,0.01,0.01632582068553932,2.0,5892.55581370003,nan,73266.92199636513
5.54,2.7064381755915796e+18,0.013383979806315048,2.0221475336615376e+20,0.01,0.016351346315109958,2.0,6892.493240825393,nan,73227.40920663168
5.55,2.0320749583228175e+18,0.009008967451725627,2.2556136085646338e+20,0.01,0.016376937547582023,2.0,7789.930414168601,nan,73187.60966837272
5.5600000000000005,1.7945471240044925e+18,0.00646436312968994,2.7760617527229897e+20,0.01,0.016402588127357356,2.0,8610.899578979099,nan,73147.55317811809
5.57,2.1236088419359365e+18,0.013083210488994527,1.6231557565494313e+20,0.01,0.016428291744767738,2.0,9369.247015833884,nan,73107.26956125365
5.58,3.1569958676134175e+18,5.1196062646031424e-18,6.166481765288915e+35,0.01,0.016454042037986557,2.0,10072.668268007428,nan,73066.78866057612
5.59,5.097416578877143e+18,0.011648423617591669,4.37605700669997e+20,0.01,0.016479832594935163,2.0,10725.40684463097,nan,73026.14032521856
5.6000000000000005,8.29733389367835e+18,0.012591432092281854,6.589666554898351e+20,0.01,0.016505656955277212,2.0,11329.617075134433,nan,72985.35439952991
5.61,1.3386830745799918e+19,0.006997460286863057,1.9130984953115323e+21,0.01,0.016531508612514997,2.0,11886.118222721729,nan,72944.46071185143
5.62,2.1476469052852204e+19,0.010151317209530416,2.1156337261029863e+21,0.01,0.01655738101608075,2.0,12394.94748996311,nan,72903.4890636756
5.63,3.4493630042954785e+19,0.007846770306224818,4.395901587127012e+21,0.01,0.016583267573691593,2.0,12855.507672542986,nan,72862.46921798808
5.64,5.575280709931084e+19,0.014668195885160865,3.8009314530434776e+21,0.01,0.016609161653528777,2.0,13266.938345414708,nan,72821.43088876344
5.65,9.092589381023282e+19,0.003234649763435163,2.8109965671730254e+22,0.01,0.016635056586690216,2.0,13628.166416687074,nan,72780.40372960949
5.66,1.4967961571990884e+20,0.012893921755280254,1.1608540718700484e+22,0.01,0.016660945669598033,2.0,13938.132779613257,nan,72739.41732298552
5.67,2.4839514483201982e+20,0.0034881398605792983,7.1211348959719525e+22,0.01,0.016686822166583192,2.0,14195.754460289168,nan,72698.50116900635
5.68,4.145845670626101e+20,0.003139675563550148,1.3204694519258668e+23,0.01,0.01671267931244799,2.0,14400.091800353175,nan,72657.68467472063
5.69,6.938507924377296e+20,0.012793344711100996,5.423529249826778e+22,0.01,0.016738510315165208,2.0,14550.34265573997,nan,72616.99714315844
5.7,1.1604298546659257e+21,0.01009180736787946,1.1498731717366904e+23,0.01,0.01676430835861941,2.0,14645.96404511998,nan,72576.46776256981
5.71,1.9323363053454245e+21,0.004590892428425907,4.209064654577347e+23,0.01,0.016790066605446637,2.0,14686.60066734985,nan,72536.12559560209
5.72,3.191589475714966e+21,0.0061656723666860935,5.176385130289321e+23,0.01,0.01681577819992143,2.0,14672.165855430665,nan,72495.99956864482
5.73,5.208441352519782e+21,0.028873719962993018,1.8038691790303975e+23,0.01,0.016841436270924406,2.0,14602.800995076888,nan,72456.11846119059
5.74,8.365368293596824e+21,0.010563810119571594,7.91889308773005e+23,0.01,0.01686703393498841,2.0,14478.942617428695,nan,72416.51089522416
5.75,1.317139438748414e+22,0.014411185871806079,9.139701968075052e+23,0.01,0.0168925642993935,2.0,14301.226310289112,nan,72377.20532476017
5.76,2.025040188780619e+22,0.004768290628029862,4.2468891826279365e+24,0.01,0.0169180204653438,2.0,14070.477478663212,nan,72338.23002538913
5.7700000000000005,3.028029478071852e+22,0.014970907181558975,2.0226092122204532e+24,0.01,0.016943395531196868,2.0,13787.677659119705,nan,72299.61308395144
5.78,4.3857163716144784e+22,0.011890966693563714,3.6882757177247483e+24,0.01,0.016968682595776902,2.0,13453.922605450673,nan,72261.38238820281
5.79,6.1265982585916275e+22,0.02531291840001906,2.4203444904191745e+24,0.01,0.016993874761734033,2.0,13070.372065792864,nan,72223.56561662657
5.8,8.216301027123541e+22,0.06646730995497725,1.2361416510896845e+24,0.01,0.0170189651389339,2.0,12638.062349240812,nan,72186.19022845208
5.8100000000000005,1.0521767072835386e+23,0.0762216639385124,1.3804168695822803e+24,0.01,0.017043946847970524,2.0,12157.917216122523,nan,72149.28345348415
5.82,1.2781546142474901e+23,0.03515731005710568,3.6355301704578534e+24,0.01,0.017068813023681084,2.0,11630.552417948695,nan,72112.87228224611
5.83,1.4596913718708786e+23,0.501285229027322,2.9118978325038975e+23,0.01,0.017093556818733542,2.0,11056.106276641296,nan,72076.98345613125
5.84,1.5459439554646405e+23,0.13539875805000526,1.1417711489596492e+24,0.01,0.017118171407241034,2.0,10433.95217461604,nan,72041.64345774807
5.8500000000000005,1.4824991148669675e+23,0.2755651073468902,5.37985062455948e+23,0.01,0.017142649988456,2.0,9762.340699218901,nan,72006.87850122966
5.86,1.2231257960875356e+23,0.5172518556653333,2.3646619778951733e+23,0.01,0.017166985790487897,2.0,9037.778687146727,nan,71972.71452273226
5.87,7.4385957255895834e+22,0.8238864609117126,9.028666058376582e+22,0.01,0.01719117207406734,2.0,8253.989350975835,nan,71939.17717101928
5.88,5.858015630138173e+21,0.615593029568342,9.51605256844096e+21,0.01,0.01721520213632285,2.0,7399.951026071613,nan,71906.29179825912
5.89,7.894731871284657e+22,0.5330564887403422,1.4810310047891135e+23,0.01,0.017239069314636916,2.0,6455.823392498686,nan,71874.08345075122
5.9,1.6967070744713016e+23,0.8776977966146307,1.933133569453715e+23,0.01,0.017262766990489894,2.0,5382.7864298423,nan,71842.57685994728
5.91,2.5460111363166238e+23,0.5953373805016958,4.27658537780893e+23,0.01,0.017286288593376675,2.0,4090.0533021395904,nan,71811.79643340508
5.92,3.209150254315425e+23,0.970671103832395,3.306114956595583e+23,0.01,0.017309627604665458,2.0,2240.299954848314,nan,71781.76624620132
5.93,3.57516731606835e+23,0.2795381273543802,1.2789551643293319e+24,0.01,0.01733277756157685,2.0,147.05766448324738,nan,71752.51003205626
5.94,3.572530053308394e+23,2.1005177711405385,1.7007854455659202e+23,0.01,0.017355732061097588,2.0,84.77268405268967,nan,71724.05117492248
5.95,3.183560474666465e+23,0.3058367053621916,1.0409347272088504e+24,0.01,0.017378484763950187,2.0,63.493898342289064,nan,71696.41270052332
5.96,2.44778292793344e+23,3.9452514659010944,6.204377462602037e+22,0.01,0.017401029398562088,2.0,51.55968269904757,nan,71669.61726806057
5.97,1.4539174987771191e+23,1.907015103996916,7.62404815635624e+22,0.01,0.01742335976499362,2.0,43.52739843991349,nan,71643.68716224386
5.98,3.2354565492514388e+22,0.5612980832450929,5.764239440380673e+22,0.01,0.017445469738937784,2.0,37.561630542900446,nan,71618.64428515975
5.99,8.136010714722124e+22,2.1145562254681645,3.847620894034542e+22,0.01,0.017467353275659032,2.0,32.83924154868527,nan,71594.51014851617
6.0,1.831600880242328e+23,1.3666514987997398,1.3402106402772978e+23,0.01,0.017489004413953277,2.0,28.919740816734315,nan,71571.30586590762
6.01,2.6352649440907794e+23,3.357247786669137,7.849480025140871e+22,0.01,0.017510417280046552,2.0,25.528480275019437,nan,71549.05214541098
6.0200000000000005,3.1633020623319384e+23,1.449565242636357,2.182241936609055e+23,0.01,0.017531586091496843,2.0,22.450844312157205,nan,71527.76928224752
6.03,3.3926542958551684e+23,5.161965782551254,6.572407564814155e+22,0.01,0.017552505161152088,2.0,19.394113290431523,nan,71507.47715129447
6.04,3.3348658046064545e+23,3.592787765117012,9.282111893681097e+22,0.01,0.017573168900935927,2.0,15.645414970630277,nan,71488.19520030718
6.05,3.028364947018704e+23,2.0553343174110315,1.4734172058360486e+23,0.01,0.017593571825673917,2.0,14.764471994793265,nan,71469.94244301706
6.0600000000000005,2.5288366302487488e+23,20.76555497791381,1.2178035371259824e+22,0.01,0.01761370855689876,2.0,13.965448371504165,nan,71452.737452328
6.07,1.8995773861785455e+23,3.848361792144535,4.936067575704696e+22,0.01,0.017633573826562447,2.0,13.233476551520123,nan,71436.5983538726
6.08,1.2032467942644239e+23,2.0011344934519233,6.0128232170384685e+22,0.01,0.01765316248073974,2.0,12.556877835886231,nan,71421.54281958542
6.09,4.9589210264436556e+22,0.3133118803907952,1.5827427355318837e+23,0.01,0.01767246948326861,2.0,11.926252595611848,nan,71407.58806148787
6.1000000000000005,1.7971489545952443e+22,16.37491225847589,1.0975014254900901e+21,0.01,0.017691489919306497,2.0,11.333842058650804,nan,71394.7508257516
6.11,7.849017881824168e+22,4.389662059126333,1.788068825367925e+22,0.01,0.01771021899886226,2.0,10.773058293063933,nan,71383.04738679041
6.12,1.3026712471081974e+23,0.04017162164114926,3.242764901912308e+24,0.01,0.01772865206022613,2.0,10.238114299428743,nan,71372.49354166705
6.13,1.7217107125830805e+23,21.22608577046944,8.111296313418237e+21,0.01,0.017746784573348294,2.0,9.723702847842397,nan,71363.10460460249
6.140000000000001,2.040401536904137e+23,13.41735575156612,1.5207180719390066e+22,0.01,0.01776461214314805,2.0,9.224675154923114,nan,71354.89540164157
6.15,2.2638173656427358e+23,18.747933568675663,1.207502340111316e+22,0.01,0.01778213051270624,2.0,8.73565573105698,nan,71347.88026564282
6.16,2.401564742796475e+23,16.45837164603935,1.4591751811452157e+22,0.01,0.017799335566409683,2.0,8.250482079420392,nan,71342.07303131126
6.17,2.4659051105512962e+23,12.6296940550136,1.9524662274557695e+22,0.01,0.017816223332980576,2.0,7.761225903828854,nan,71337.48703051812
6.18,2.4702308296261136e+23,7.095142102226777e-15,3.48158048709249e+37,0.01,0.01783278998841362,2.0,7.256152997524843,nan,71334.13508780475
6.19,2.427917854243076e+23,23.391961133542186,1.0379283038229905e+22,0.01,0.017849031858841125,2.0,6.714505566595697,nan,71332.02951597869
6.2,2.3515283038718647e+23,32.30357129664101,7.279468521538921e+21,0.01,0.017864945423251146,2.0,8.055393670522445,nan,71331.1821120757
6.21,2.2523169571597493e+23,23.59889347156507,9.544163415431429e+21,0.01,0.017880527316130445,2.0,8.560862214188322,nan,71331.60415339931
6.22,2.1399797531699983e+23,28.080285441639905,7.620933047912145e+21,0.01,0.0178957743299921,1.0,8.843918910146531,nan,71333.30639377778
6.23,2.0225809105386037e+23,44.19709827280657,4.5762753429065045e+21,0.01,0.01791068341777203,1.0,9.027505146452128,nan,71336.29906008672
6.24,1.9066079946593768e+23,36.594149612725126,5.210144284911541e+21,0.01,0.017925251695114826,1.0,9.152865135387437,nan,71340.59184894754
6.25,1.797106906920116e+23,55.1113315487003,3.260866425141741e+21,0.01,0.017939476442568516,1.0,9.239584712796358,nan,71346.19392351492
6.26,1.6978574849262467e+23,0.22832890331112646,7.436016467055445e+23,0.01,0.01795335510760269,1.0,9.298704325280088,nan,71353.11391066802
6.2700000000000005,1.611567193211865e+23,40.207257660829086,4.008149988259194e+21,0.01,0.017966885306528887,1.0,9.337151545664195,nan,71361.3598982962
6.28,1.5400648022123795e+23,34.24587086585092,4.497081730656444e+21,0.01,0.01798006482629168,1.0,9.359616108836146,nan,71370.93943278801
6.29,1.4844796535942584e+23,50.65242059151024,2.930718090584341e+21,0.01,0.017992891626119487,1.0,9.369464720624713,nan,71381.85951675684
6.3,1.4454010716317809e+23,42.324790643411916,3.415022377332811e+21,0.01,0.01800536383903193,1.0,9.369234958584371,nan,71394.12660700631
6.3100000000000005,1.4230169934331188e+23,38.58861148430657,3.687660526504923e+21,0.01,0.018017479773215755,1.0,9.36092356915538,nan,71407.74661268319
6.32,1.4172302155389464e+23,67.23466905439183,2.1078860585934148e+21,0.01,0.018029237913279664,1.0,9.34616608778363,nan,71422.7248935708
6.33,1.4277516447255667e+23,47.958586204731176,2.9770511554085745e+21,0.01,0.018040636921338095,1.0,9.326355645805249,nan,71439.06625870494
6.34,1.4541741386358963e+23,65.96307566415354,2.2045274935931185e+21,0.01,0.018051675637957225,1.0,9.302726479088953,nan,71456.77496518256
6.3500000000000005,1.4960305640984006e+23,67.10202592103539,2.229486432881931e+21,0.01,0.01806235308296759,1.0,9.276416719975733,nan,71475.85471714119
6.36,1.5528376123230195e+23,51.37909819054865,3.022313872781576e+21,0.01,0.01807266845612348,1.0,9.248519429077062,nan,71496.30866497952
6.37,1.6241273151698137e+23,152.9713485956208,1.0617199430353381e+21,0.01,0.018082621137615256,1.0,9.220127855722627,nan,71518.13940479283
6.38,1.7094692405508057e+23,115.65199750460799,1.478114755849932e+21,0.01,0.01809221068843247,1.0,9.192379374814516,nan,71541.34897802891
6.390000000000001,1.8084859400879334e+23,69.79824871135159,2.5910190778093425e+21,0.01,0.018101436850578544,1.0,9.166501825496379,nan,71565.93887136002
6.4,1.9208625836143436e+23,66.5852476812276,2.8848170585928347e+21,0.01,0.018110299547137894,1.0,9.143865744456471,nan,71591.91001676701
6.41,2.0463521384631834e+23,55.026799573957476,3.7188281970003217e+21,0.01,0.018118798882196977,1.0,9.12604601812578,nan,71619.26279182953
6.42,2.184778107830178e+23,119.32495667000606,1.8309481677602415e+21,0.01,0.01812693514060854,1.0,9.114896527221825,nan,71647.99702026033
6.43,2.336035138904193e+23,57.81366214022276,4.040628205212658e+21,0.01,0.01813470878761505,1.0,9.112641017725652,nan,71678.11197263136
6.44,2.5000877054777834e+23,11.560448070496978,2.162621803438719e+22,0.01,0.018142120468324092,1.0,9.121981946849688,nan,71709.60636731528
6.45,2.6769673131767434e+23,76.11556145107387,3.516977687798394e+21,0.01,0.018149171007025747,1.0,9.146225036067287,nan,71742.47837168598
6.46,2.866769318080599e+23,30.97135809497319,9.256195060254365e+21,0.01,0.01815586140637223,1.0,9.189408484405465,nan,71776.72560350403
6.47,3.06965113305743e+23,101.79394145076839,3.0155538623504775e+21,0.01,0.018162192846418086,2.0,9.256409472842904,nan,71812.34513249865
6.48,3.2858321493541496e+23,135.92852156983824,2.4173235399061804e+21,0.01,0.018168166683518453,2.0,9.35297550853653,nan,71849.3334821599
6.49,3.515594031058839e+23,34.69260491326702,1.0133554513556917e+22,0.01,0.018173784449083182,2.0,9.485600596318024,nan,71887.6866317565
6.5,3.759277764777029e+23,107.31007316796972,3.503191875466087e+21,0.01,0.018179047848184648,2.0,9.661159497683933,nan,71927.40001859335
6.51,4.017273587831047e+23,22.468234970247067,1.7879791595338083e+22,0.01,0.018183958758017316,2.0,9.886269604060892,nan,71968.46854052451
6.5200000000000005,4.2900189254744255e+23,249.6193037892452,1.7186246657816613e+21,0.01,0.01818851922622245,2.0,10.166496885037475,nan,72010.88655867754
6.53,4.578005111459094e+23,68.3643144760412,6.696483606316994e+21,0.01,0.01819273146915433,2.0,10.505699546284148,nan,72054.64790010788
6.54,4.8817773991880165e+23,70.22960363442003,6.951167522744529e+21,0.01,0.018196597869890155,2.0,10.905844758633924,nan,72099.7458611484
6.55,5.2019442279836956e+23,83.3873568650553,6.238288900800557e+21,0.01,0.018200120976252662,2.0,11.367431982785845,nan,72146.17321043371
6.5600000000000005,5.5391803192594475e+23,65.68421334141274,8.433046598987114e+21,0.01,0.018203303498614647,2.0,11.890348661467335,nan,72193.92219249129
6.57,5.8942107586734516e+23,182.75986260748604,3.2251122727819443e+21,0.01,0.01820614830758266,2.0,12.474832393339225,nan,72242.98453154175
6.58,6.267799902182662e+23,162.2945874261176,3.861989485654284e+21,0.01,0.018208658431579147,2.0,13.12229860879683,nan,72293.35143544628
6.59,6.660750241056138e+23,50.540809563930644,1.3178954390571737e+22,0.01,0.01821083705432295,2.0,13.835975822462272,nan,72345.01359981293
6.6000000000000005,7.073911423518747e+23,13.12006088828442,5.391675758025945e+22,0.01,0.01821268751220788,2.0,14.621426591598444,nan,72397.96121227516
6.61,7.508198132819753e+23,114.08992024266603,6.580947832069677e+21,0.01,0.0182142132915794,2.0,15.487089291668228,nan,72452.18395695514
6.62,7.964613565371355e+23,31.3412119424359,2.5412589596088e+22,0.01,0.018215418025909372,2.0,16.444993422289443,nan,72507.671019125
6.63,8.444272771954938e+23,32.48407084421094,2.5995118692027515e+22,0.01,0.018216305492868956,2.0,17.51182677327496,nan,72564.4110900792
6.640000000000001,8.948417059366803e+23,23.35697619452827,3.831153906584495e+22,0.01,0.01821687961129964,2.0,18.710604149092106,nan,72622.39237223186
6.65,9.478406921820827e+23,75.61219531385204,1.2535553137265407e+22,0.01,0.018217144438082727,2.0,20.0733491854498,nan,72681.60258445262
6.66,1.0035676427778967e+24,55.37631266048194,1.8122688105487928e+22,0.01,0.01821710416490732,2.0,21.645541751887894,nan,72742.02896765496
6.67,1.0621626455728463e+24,95.74908970823383,1.1093187922824784e+22,0.01,0.01821676311493712,2.0,23.493815427757873,nan,72803.65829065129
6.68,1.1237577142813529e+24,77.10800267870054,1.4573814328506362e+22,0.01,0.018216125739376293,2.0,25.720064430159432,nan,72866.47685628926
6.69,1.1884997747535414e+24,93.59943122702461,1.2697724325598148e+22,0.01,0.018215196614196204,2.0,28.489322692862704,nan,72930.47050689305
6.7,1.2565663724153882e+24,147.57985038256027,8.514484661409296e+21,0.01,0.018213980436834334,2.0,32.09069827916934,nan,72995.62462973202
6.71,1.3281468849656077e+24,64.01543946172174,2.074728996837986e+22,0.01,0.01821248202228764,2.0,37.090543925230584,nan,73061.9241647217
6.72,1.403437122271969e+24,37.432645152617795,3.7492331000119605e+22,0.01,0.018210706299635573,2.0,44.80685234189953,nan,73129.35361045932
6.73,1.482646544154797e+24,7.229433398811509,2.050847504036123e+23,0.01,0.018208658308355507,2.0,59.40915201685583,nan,73197.89703101733
6.74,1.5659959930735767e+24,56.5863081959009,2.7674468312230645e+22,0.01,0.018206343194595923,2.0,110.31666614649791,nan,73267.53806288374
6.75,1.6537168329101344e+24,55.03332804912136,3.004936992787477e+22,0.01,0.01820376620741178,2.0,934.1452556447025,nan,73338.25992204789
6.76,1.7460515438166814e+24,118.33796507745862,1.4754787634499174e+22,0.01,0.01820093269496533,2.0,1525.8571248050846,nan,73410.0454112329
6.7700000000000005,1.843255652477644e+24,33.48900376551564,5.504062364422093e+22,0.01,0.018197848100695913,2.0,1940.9367862627973,nan,73482.87692727719
6.78,1.9456007387813594e+24,127.6282717985101,1.5244277081906486e+22,0.01,0.018194517959461847,2.0,2277.2446034988443,nan,73556.7364686659
6.79,2.0533780880725062e+24,10.472834812870145,1.9606707493840105e+23,0.01,0.018190947893657786,2.0,2565.811513925046,nan,73631.6056432153
6.8,2.1669023444203914e+24,58.12423169914276,3.728053311115594e+22,0.01,0.0181871436093107,2.0,2821.269157285773,nan,73707.46567591089
6.8100000000000005,2.2865142535797917e+24,120.56246246223378,1.896539110833144e+22,0.01,0.018183110892157493,2.0,3051.915440126095,nan,73784.29741690219
6.82,2.412581260318253e+24,76.69567021609703,3.1456550982872774e+22,0.01,0.018178855603707463,2.0,3263.0072425721123,nan,73862.08134965558
6.83,2.545494323774454e+24,62.23362577016193,4.090223399766783e+22,0.01,0.01817438367729241,2.0,3458.129807300842,nan,73940.7975992674
6.84,2.685658821187806e+24,12.654306480920505,2.1223279404818435e+23,0.01,0.018169701114107293,2.0,3639.852165914656,nan,74020.42594093997
6.8500000000000005,2.8334774493877054e+24,70.57765343429682,4.014694894929437e+22,0.01,0.018164813979244288,2.0,3810.0661333540165,nan,74100.94580862184
6.86,2.9893588475279585e+24,205.1150126709334,1.4574061686668424e+22,0.01,0.018159728397725925,2.0,3970.16718170488,nan,74182.33630380341
6.87,3.153761090667294e+24,53.766924835741555,5.865615525347717e+22,0.01,0.018154450550710112,2.0,4121.309678724818,nan,74264.57620382035
6.88,3.32719439335946e+24,147.03439233621793,2.262868122548697e+22,0.01,0.018148986671541134,2.0,4264.45494495303,nan,74347.64397090962
6.890000000000001,3.510191945966767e+24,151.29888155956982,2.3200382645160032e+22,0.01,0.0181433430417829,2.0,4400.364506367069,nan,74431.51776152106
6.9,3.703311109417616e+24,174.74792940416322,2.119230323383384e+22,0.01,0.01813752598737906,2.0,4529.674797416179,nan,74516.1754353412
6.91,3.9071416206598744e+24,59.57888072142005,6.55793055080869e+22,0.01,0.01813154187479849,2.0,4652.921657526419,nan,74601.59456457644
6.92,4.122304956048725e+24,299.7127420186561,1.3754186519677984e+22,0.01,0.018125397107210523,2.0,4770.558970767965,nan,74687.75244333601
6.93,4.3494551328152117e+24,267.6692982933673,1.6249361284790235e+22,0.01,0.018119098120692873,2.0,4882.973623620827,nan,74774.62609711185
6.94,4.589280856469803e+24,95.1338678344957,4.824024252281817e+22,0.01,0.018112651380475284,2.0,4990.49801357848,nan,74862.1922923523
6.95,4.842508831754039e+24,228.7663140946009,2.1167927852137947e+22,0.01,0.018106063377221607,2.0,5093.4207429533435,nan,74950.42754612716
6.96,5.1099079417778e+24,274.98443432908533,1.858253524147683e+22,0.01,0.018099340623352982,2.0,5191.995754379116,nan,75039.3081358806
6.97,5.392293851919059e+24,98.61251419233565,5.468163849267478e+22,0.01,0.01809248964941467,2.0,5286.449917507655,nan,75128.81010926914
6.98,5.690533402671963e+24,179.0794403248703,3.177658692895563e+22,0.01,0.018085517000488927,2.0,5376.988879099105,nan,75218.90929408152
6.99,6.005547919311138e+24,244.3758614453699,2.4575045521235637e+22,0.01,0.01807842923265608,2.0,5463.80088841969,nan,75309.58130823806
7.0,6.338314266340035e+24,457.27484405688926,1.3861060473187738e+22,0.01,0.018071232909506137,2.0,5547.0582104976365,nan,75400.80156986519
7.01,6.689862094533015e+24,188.81033060444042,3.5431652882110273e+22,0.01,0.018063934598702706,2.0,5626.915662549949,nan,75492.54530744332
7.0200000000000005,7.061265260815234e+24,77.53046443073606,9.107729861625692e+22,0.01,0.018056540868601208,2.0,5703.505751102572,nan,75584.78757002411
7.03,7.453632597872617e+24,275.17484263847814,2.7086896921260792e+22,0.01,0.018049058284923095,2.0,5776.929841717243,nan,75677.5032375141
7.04,7.868133590956558e+24,411.9971633035901,1.9097543118661553e+22,0.01,0.01804149340749507,2.0,5847.264294511694,nan,75770.66703099254
7.05,8.306031225790111e+24,96.95921093518376,8.566521061462234e+22,0.01,0.018033852787077198,2.0,5914.629413330119,nan,75864.25352297083
7.0600000000000005,8.768662730617533e+24,437.85903354427774,2.0026223187949408e+22,0.01,0.018026142962200356,2.0,5979.113712568532,nan,75958.23714790707
7.07,9.257429076264543e+24,326.4845936711965,2.8354872651625716e+22,0.01,0.018018370456101048,2.0,6040.7985073108675,nan,76052.59221263301
7.08,9.773809683523342e+24,298.58041007880314,3.27342630447315e+22,0.01,0.01801054177371535,2.0,6099.760176081198,nan,76147.29290684494
7.09,1.0319364299438462e+25,480.81284134053516,2.146233089504734e+22,0.01,0.018002663398738655,2.0,6156.068588932115,nan,76242.31331363188
7.1000000000000005,1.0895734121884968e+25,217.97321075541745,4.99865744240966e+22,0.01,0.01799474179075386,2.0,6209.786475715421,nan,76337.62742002915
7.11,1.150464446006577e+25,141.53527928381408,8.128464166871105e+22,0.01,0.017986783382428803,2.0,6260.969553987068,nan,76433.20912759476
7.12,1.2147908916573843e+25,517.4404211731554,2.347692298377418e+22,0.01,0.017978794576783662,2.0,6309.667238695177,nan,76529.03226300319
7.13,1.282743501639421e+25,274.79389097661954,4.668020446453671e+22,0.01,0.017970781744528933,2.0,6355.923755285413,nan,76625.07058865314
7.140000000000001,1.3545231115700287e+25,514.0911413984375,2.6347917761925196e+22,0.01,0.017962751221474393,2.0,6399.779463556409,nan,76721.29781328503
7.15,1.4303414305387162e+25,46.53318830505509,3.073809215826573e+23,0.01,0.017954709306009564,1.0,6441.272203926288,nan,76817.68760260363
7.16,1.5104218874386058e+25,1036.2331359301747,1.4576081723952743e+22,0.01,0.017946662256655792,1.0,6480.438471683816,nan,76914.21358990199
7.17,1.5950004695459104e+25,254.1947532807389,6.274718297526593e+22,0.01,0.01793861628969029,1.0,6517.31422408675,nan,77010.84938668186
7.18,1.6843264636976583e+25,538.993457785551,3.124947880847564e+22,0.01,0.01793057757684216,1.0,6551.935108293546,nan,77107.56859326645
7.19,1.7786629779766203e+25,1167.339978031656,1.5236889093576357e+22,0.01,0.017922552243060413,1.0,6584.335906173762,nan,77204.34480940089
7.2,1.878287081173564e+25,121.36714334868492,1.547607556171352e+23,0.01,0.017914546364353908,1.0,6614.5489658973,nan,77301.15164483602
7.21,1.9834893464994453e+25,645.2619792838452,3.0739287455009423e+22,0.01,0.01790656596570312,1.0,6642.601407013334,nan,77397.96272989041
7.22,2.0945725230109356e+25,131.583426404619,1.5918209308291806e+23,0.01,0.017898617019043418,1.0,6668.510845028727,nan,77494.75172598676
7.23,2.211850905792986e+25,405.4420607920882,5.455405641614546e+22,0.01,0.017890705441319647,1.0,6692.279405796508,nan,77591.49233615682
7.24,2.3356563506572318e+25,605.772635177143,3.855665005360019e+22,0.01,0.017882837092609506,1.0,6713.904111481607,nan,77688.15831551875
7.25,2.4663439902090206e+25,1104.8332617307806,2.2323223563575197e+22,0.01,0.01787501777431549,1.0,6733.418001198445,nan,77784.7234817195
7.26,2.604287756991702e+25,607.2554152660099,4.288620062533138e+22,0.01,0.01786725322743675,1.0,6750.833903103791,nan,77881.16172529467
7.2700000000000005,2.7498784146565327e+25,651.0651924333376,4.223660620496298e+22,0.01,0.017859549130898978,1.0,6766.161982004686,nan,77977.44702002272
7.28,2.903526694451288e+25,958.9484324404151,3.0278235995048673e+22,0.01,0.01785191109995518,1.0,6779.410741706367,nan,78073.55343321456
7.29,3.0656643233556234e+25,822.6010444242646,3.7267936190152426e+22,0.01,0.017844344684653752,2.0,6790.586606987355,nan,78169.45513594686
7.3,3.2367449696185925e+25,643.5657865399222,5.029392545897572e+22,0.01,0.017836855368372716,2.0,6799.693752753652,nan,78265.1264132344
7.3100000000000005,3.4172453197328e+25,553.5097821163083,6.1737758394570496e+22,0.01,0.017829448566419086,2.0,6806.734136242923,nan,78360.54167413834
7.32,3.607666295467428e+25,157.3292124683135,2.2930682985488288e+23,0.01,0.017822129624692255,2.0,6811.70768160911,nan,78455.6754618063
7.33,3.808534410554722e+25,901.4804446277584,4.2247554378479635e+22,0.01,0.017814903818410326,2.0,6814.612557766339,nan,78550.50246344031
7.34,4.020403253608864e+25,986.2570208623433,4.076425483991572e+22,0.01,0.017807776350898204,2.0,6815.445461119783,nan,78644.99752018857
7.3500000000000005,4.243855066214157e+25,1401.3790821176383,3.0283419528434972e+22,0.01,0.017800752352436437,2.0,6814.2018398083555,nan,78739.13563695631
7.36,4.479502357220317e+25,850.9591830889476,5.2640625381818e+22,0.01,0.01779383687916949,2.0,6810.8759344557375,nan,78832.89199213254
7.37,4.727989463865326e+25,651.3117797240258,7.259180028754697e+22,0.01,0.017787034912072366,2.0,6805.460550604137,nan,78926.2419472278
7.38,4.98999392777223e+25,703.8071668103926,7.090001584363728e+22,0.01,0.017780351355974385,2.0,6797.946451333084,nan,79019.16105641826
7.390000000000001,5.2662274985650835e+25,783.6985138057122,6.719710967667653e+22,0.01,0.017773791038638905,2.0,6788.3212435247115,nan,79111.62507599275
7.4,5.557437185693985e+25,289.37757065223695,1.920479591133448e+23,0.01,0.017767358709897825,2.0,6776.5676654700865,nan,79203.60997369711
7.41,5.864408762696659e+25,144.23906289827474,4.065756283256333e+23,0.01,0.017761059040837312,2.0,6762.664792514105,nan,79295.09193798312
7.42,6.18797086356353e+25,800.9538977087434,7.725751608507318e+22,0.01,0.017754896623029974,2.0,6746.596302415238,nan,79386.04738717279
7.43,6.528995890166072e+25,1356.7210291541842,4.8123348498817185e+22,0.01,0.017748875967828887,2.0,6728.3398513884995,nan,79476.45297845798
7.44,6.88840180449192e+25,452.5350504502147,1.5221808338688544e+23,0.01,0.01774300150570089,2.0,6707.871579348792,nan,79566.28561682966
7.45,7.2671556325505764e+25,1400.506563796079,5.188947928136031e+22,0.01,0.017737277585610257,2.0,6685.165294656514,nan,79655.52246387365
7.46,7.666276150663905e+25,552.6026547222742,1.3873035326833174e+23,0.01,0.01773170847444825,2.0,6660.1915962864805,nan,79744.1409464453
7.47,8.086836763943938e+25,1018.480425763412,7.940100329255095e+22,0.01,0.01772629835650655,2.0,6632.917398475485,nan,79832.11876522131
7.48,8.529968782948015e+25,868.5159814620954,9.821314708093587e+22,0.01,0.01772105133299332,2.0,6603.305811870153,nan,79919.43390312561
7.49,8.996865178642764e+25,806.6353350070829,1.1153571865982992e+23,0.01,0.01771597142159025,2.0,6571.3162523540095,nan,80006.06463362553
7.5,9.488784863435847e+25,513.2481419522646,1.848771400777592e+23,0.01,0.017711062556049352,2.0,6536.904675249874,nan,80091.98952889563
7.51,1.0007057495105885e+26,239.21815717696234,4.18323492380352e+23,0.01,0.01770632858582798,2.0,6500.023775912115,nan,80177.18746784491
7.5200000000000005,1.0553088731664185e+26,1039.8432056283186,1.014873076493061e+23,0.01,0.01770177327576075,2.0,6460.623015261052,nan,80261.63764400459
7.53,1.1128365784205193e+26,142.09932692930738,7.831399363166171e+23,0.01,0.017697400305767105,2.0,6418.648309201907,nan,80345.31957327291
7.54,1.1734463009742642e+26,1819.62197636835,6.4488466077787185e+22,0.01,0.017693213270593137,2.0,6374.041251345164,nan,80428.2131015127
7.55,1.2373047158208578e+26,355.84815728139006,3.477058094872887e+23,0.01,0.01768921567958651,2.0,6326.737722379257,nan,80510.29841199919
7.5600000000000005,1.3045881750235425e+26,785.0842688516657,1.6617173809019885e+23,0.01,0.017685410956503167,2.0,6276.665798697084,nan,80591.5560327136
7.57,1.3754831590208817e+26,1054.6918373224678,1.3041564467899957e+23,0.01,0.017681802439344793,2.0,6223.742882238628,nan,80671.96684347882
7.58,1.4501874156142946e+26,954.5992482812281,1.5191583465264415e+23,0.01,0.017678393380222153,2.0,6167.876817064538,nan,80751.51208295317
7.59,1.5289113626648103e+26,755.8130732099771,2.0228696973597517e+23,0.01,0.017675186945236183,2.0,6108.9782297134725,nan,80830.17335551433
7.6000000000000005,1.6118786771398573e+26,715.8333653829995,2.2517512525801833e+23,0.01,0.017672186214404643,2.0,6046.943987949984,nan,80907.93263787703
7.61,1.6993270959008825e+26,329.8927887666498,5.151149566663927e+23,0.01,0.017669394181598422,2.0,5981.662476765238,nan,80984.77228562647
7.62,1.7915096499428083e+26,282.7963249571911,6.334982076637672e+23,0.01,0.017666813754506773,2.0,5913.011082975424,nan,81060.67503955636
7.63,1.888695695897084e+26,161.54890226514192,1.1691170100291148e+24,0.01,0.01766444775462423,2.0,5840.853778667099,nan,81135.62403184107
7.640000000000001,1.991172106841897e+26,253.9464810648127,7.840912378438141e+23,0.01,0.017662298917257308,2.0,5765.0394250379295,nan,81209.60279204238
7.65,2.0992446877036857e+26,747.6339123450289,2.807851079305905e+23,0.01,0.01766036989155006,2.0,5685.400430434694,nan,81282.59525294804
7.66,2.2132398227985368e+26,343.36544459444303,6.445726725392085e+23,0.01,0.01765866324052751,2.0,5601.751371739006,nan,81354.585756239
7.67,2.333506336689057e+26,504.0972766025996,4.629079435651574e+23,0.01,0.01765718144115591,2.0,5513.8871465214215,nan,81425.55905798267
7.68,2.4604175180394197e+26,224.1290879337685,1.0977680499759532e+24,0.01,0.01765592688441919,2.0,5421.58028139778,nan,81495.50033394848
7.69,2.594373215784396e+26,910.5445638662827,2.849254521676976e+23,0.01,0.017654901875410547,2.0,5324.5769580980195,nan,81564.39518474333
7.7,2.735801873443929e+26,2832.6308825483407,9.658165807267834e+22,0.01,0.017654108633438564,2.0,5222.591416512631,nan,81632.22964076351
7.71,2.8851623171149075e+26,473.80824136195974,6.089303784209242e+23,0.01,0.017653549292147065,2.0,5115.298341738377,nan,81698.99016695985
7.72,3.0429451104579806e+26,622.5317664348028,4.888015800197187e+23,0.01,0.017653225899648108,2.0,5002.322906376129,nan,81764.6636674133
7.73,3.209675302833442e+26,1108.0335816124036,2.896731070337004e+23,0.01,0.017653140418666915,2.0,4883.2285996815235,nan,81829.2374897204
7.74,3.385917214655537e+26,882.5595057928107,3.836474699361987e+23,0.01,0.017653294726678693,2.0,4757.5206058059175,nan,81892.69942928934
7.75,3.5722777666784264e+26,157.450400389306,2.2688273626778626e+24,0.01,0.017653690616075725,2.0,4624.622207652544,nan,81955.03773333647
7.76,3.769408921662224e+26,551.0045432341394,6.840976118885615e+23,0.01,0.017654329794334712,2.0,4483.852766477439,nan,82016.24110473371
7.7700000000000005,3.978011191293128e+26,353.6042013205432,1.1249897983217257e+24,0.01,0.01765521388419101,2.0,4334.401427124146,nan,82076.29870567293
7.78,4.198836887600365e+26,166.11606488299677,2.5276525124513396e+24,0.01,0.01765634442382369,2.0,4175.286488915075,nan,82135.20016111812
7.79,4.4326934557366306e+26,313.8564830907118,1.4123313344002136e+24,0.01,0.017657722867044062,2.0,4005.3007730901472,nan,82192.93556207916
7.8,4.6804476510708106e+26,2388.3616353443786,1.9596896809121352e+23,0.01,0.01765935058348781,2.0,3822.9332107843907,nan,82249.49546870179
7.8100000000000005,4.9430304960307325e+26,2289.787020367446,2.158729371798743e+23,0.01,0.017661228858810395,2.0,3626.250161793858,nan,82304.87091317128
7.82,5.221442819324018e+26,823.9691401358901,6.336939777214096e+23,0.01,0.017663358894886096,2.0,3412.7068533408933,nan,82359.05340242437
7.83,5.516761011026059e+26,64.66064021651601,8.531868834816972e+24,0.01,0.017665741810010453,2.0,3178.8312679899723,nan,82412.034920667
7.84,5.830142419044288e+26,587.2062573929508,9.928610851200165e+23,0.01,0.017668378639106492,2.0,2919.6575789978624,nan,82463.80793169238
7.8500000000000005,6.162829557942955e+26,446.961994989577,1.378826304479572e+24,0.01,0.017671270333934737,2.0,2627.615309869494,nan,82514.3653809964
7.86,6.51615200270141e+26,1347.2563132417415,4.8366089946332284e+23,0.01,0.01767441776330731,2.0,2290.0551066255052,nan,82563.7006976861
7.87,6.891525755417744e+26,342.07212748913656,2.014641124374158e+24,0.01,0.017677821713306518,2.0,1882.5435990540213,nan,82611.80779617667
7.88,7.290460260829145e+26,353.6003450861748,2.0617797358349325e+24,0.01,0.017681482887501813,2.0,1342.998958997723,nan,82658.68107770609
7.890000000000001,7.714572120831291e+26,1647.873560458663,4.6815315846708807e+23,0.01,0.01768540190712482,2.0,310.3786786261318,nan,82704.31543187531
7.9,8.165586362338935e+26,903.1225948138027,9.041503788333896e+23,0.01,0.017689579311309343,2.0,65.43379771506784,nan,82748.70623765446
7.91,8.645333271653922e+26,222.11886601706226,3.8922102506096096e+24,0.01,0.017694015557299148,2.0,45.71810340006877,nan,82791.84936436091
7.92,9.155749594641939e+26,2458.4467647906854,3.724200875840998e+23,0.01,0.01769871102066053,2.0,36.90405595924254,nan,82833.7411724167
7.930000000000001,9.698876808656874e+26,2820.9104359931625,3.4382079930312194e+23,0.01,0.017703665995494663,2.0,31.600579883103908,nan,82874.37851390861
7.94,1.0276857966176116e+27,1167.8869691801451,8.799531322273812e+23,0.01,0.017708880694646316,2.0,27.947416833063254,nan,82913.75873296752
7.95,1.0891933320659231e+27,651.5099911297721,1.6717983559656115e+24,0.01,0.01771435524990995,2.0,25.226473217459773,nan,82951.8796659621
7.96,1.1546433256117975e+27,82.41322043474456,1.4010413857398684e+25,0.01,0.017720089712234533,2.0,23.094262991517954,nan,82988.73964149934
7.97,1.2242766061078152e+27,1818.226432256027,6.733356112245887e+23,0.01,0.017726084051928045,2.0,21.36343891815995,nan,83024.33748022739
7.98,1.2983396713174598e+27,1923.377999806883,6.750309463079123e+23,0.01,0.017732338158863173,2.0,19.922460500556422,nan,83058.67249443341
7.99,1.377081089918594e+27,1869.9672484735136,7.364198977510055e+23,0.01,0.017738851842685376,2.0,18.700835574764742,nan,83091.74448743119
8.0,1.3315881378687545e+27,23.21108701285741,5.736862462025766e+25,0.01,0.01774562483302472,2.0,17.652293395045014,nan,83123.55375273198
0.0,1.0,1.0,1.0,0.1,0.1,1.0,2.481526644236174,nan,322.66313433337825
0.01,1.2566841702172258,0.7887556103808174,1.5932491048912967,0.1,0.1003520794400882,1.0,2.4595566050279825,nan,323.5205404451929
0.02,1.7182676634783725,0.5717547898987503,3.0052527654077954,0.1,0.10068506807394292,1.0,2.4391111520306303,nan,324.42669869911185
0.03,2.2238308927485053,0.4378192599501003,5.079335461400128,0.1,0.10099935868545225,1.0,2.4200193509331687,nan,325.38078895815516
0.04,2.7385872806805325,0.35231467742936884,7.773128558430716,0.1,0.1012953500478344,1.0,2.4021430399648285,nan,326.3820058040953
0.05,3.242354652841087,0.29486483640023065,10.9960709198981,0.1,0.10157344644965603,1.0,2.385370904636454,nan,327.4295568291357
0.06,3.724474773660996,0.2543378033686879,14.643811200421512,0.1,0.10183405719813278,1.0,2.369613804577755,nan,328.5226610792588
0.07,4.179465653042971,0.2245508694485334,18.612556091664995,0.1,0.10207759610376076,1.0,2.3548010561280805,nan,329.6605476364757
0.08,4.60462141030795,0.201915224246774,22.804726228470702,0.1,0.10230448095013146,1.0,2.340877452149363,nan,330.8424543287161
0.09,4.998782824960631,0.18424471247325902,27.131214556217703,0.1,0.10251513295262463,1.0,2.327800856131712,nan,332.06762655696764
0.1,5.3616955818340735,0.17014655695758008,31.51221909927228,0.1,0.10270997620943086,1.0,2.315540247867303,nan,333.33531623052215
0.11,5.693659056081727,0.15869765014396944,35.87739989165862,0.1,0.10288943714821827,1.0,2.304074127360802,nan,334.64478080184114
0.12,5.995323406416857,0.1492648415888441,40.16567694441543,0.1,0.10305394397158675,1.0,2.29338920535258,nan,335.9952823931128
0.13,6.267565991012851,0.14140081334825685,44.32482276870945,0.1,0.10320392610417542,1.0,2.283479325008458,nan,337.3860870078159
0.14,6.5114123825470225,0.13478133819775415,48.31093435942397,0.1,0.10333981364423668,1.0,2.2743445715226422,nan,338.81646382031937
0.15,6.72798367958753,0.12916611940728132,52.087836272088715,0.1,0.10346203682205894,1.0,2.2659905356000674,nan,340.2856845383858
0.16,6.918460082851113,0.12437356962376118,55.626449444041384,0.1,0.10357102546763626,1.0,2.2584277038821083,nan,341.7930228325843
0.17,7.084054984795265,0.12026410696925373,58.90414990240062,0.1,0.10366720848971434,1.0,2.251670954824755,nan,343.33775382780374
0.18,7.2259961083532245,0.11672881334592161,61.90413404562973,0.1,0.1037510133680471,1.0,2.245739142762713,nan,344.9191536526123
0.19,7.345511563238982,0.11368155997677845,64.61480265347728,0.1,0.10382286566072212,1.0,2.240654756235295,nan,346.5364990415907
0.2,7.443819369794336,0.11105343071159166,67.02917075228507,0.1,0.10388318852791621,1.0,2.236443639214393,nan,348.1890669876167
0.21,7.522119533790175,0.10878870085567505,69.14430887238395,0.1,0.10393240227354028,1.0,2.2331347659746483,nan,349.8761344400173
0.22,7.581588078964615,0.10684188951793187,70.96081989164142,0.1,0.10397092390586601,1.0,2.2307600619876036,nan,351.59697804521943
0.23,7.623372529145429,0.10517556734976646,72.48235232992404,0.1,0.10399916671816645,1.0,2.2293542645181508,nan,353.3508739271736
0.24,7.648588552129107,0.10375870353028392,73.7151515187998,0.1,0.1040175398901528,1.0,2.2289548176966023,nan,355.13709750442996
0.25,7.658317525081601,0.10256540378456887,74.66764856858885,0.1,0.10402644811089544,1.0,2.2296017977062497,nan,356.95492334109275
0.26,7.653604734205629,0.10157393720423247,75.35008433134472,0.1,0.10402629122365531,1.0,2.231337864413741,nan,358.80362502978403
0.27,7.635458141864697,0.10076597729603623,75.77416849174,0.1,0.1040174638930814,1.0,2.234208236423367,nan,360.68247510372686
0.28,7.6048476727231815,0.10012600362840764,75.95277347677485,0.1,0.10400035529482848,1.0,2.238260687058996,nan,362.59074497606434
0.29,7.562704817199751,0.09964082709270632,75.89965918451654,0.1,0.10397534882792661,1.0,2.2435455592243034,nan,364.52770490426286
0.3,7.509922522603211,0.09929920983695151,75.62922741212586,0.1,0.10394282184964017,1.0,2.2501157975863766,nan,366.4926239780823
0.31,7.447355405103773,0.09909155755557163,75.15630583288808,0.1,0.10390314543285281,1.0,2.258026997017422,nan,368.4847701287043
0.32,7.375820101677797,0.0990096699777384,74.4959568427629,0.1,0.10385668414559719,1.0,2.2673374666971116,nan,370.5034101580814
0.33,7.296095698553879,0.09904653780448112,73.66330878678916,0.1,0.1038037958525833,1.0,2.278108309883931,nan,372.547809786613
0.34,7.20892437646473,0.0991961745610419,72.67341113067427,0.1,0.10374483153808219,1.0,2.2904035201201682,nan,374.6172337177753
0.35000000000000003,7.115012201684587,0.09945347674845748,71.54111082189935,0.1,0.10368013514982251,1.0,2.304290095445624,nan,376.7109457182838
0.36,7.015029909264205,0.09981410848569501,70.28094540632574,0.1,0.10361004346342288,1.0,2.3198381732414997,nan,378.82820871249857
0.37,6.909613759293887,0.10027440494666744,68.90705323027224,0.1,0.1035348859665789,1.0,2.3371211896749853,nan,380.9682848901415
0.38,6.799366536229375,0.10083128986353511,67.43310083042303,0.1,0.10345498476248281,1.0,2.356216069321478,nan,383.13043582566166
0.39,6.684858565052657,0.10148220584205904,65.87222370251372,0.1,0.10337065449167315,1.0,2.377203452452537,nan,385.3139226087281
0.4,6.566628628265796,0.10222505690803846,64.23697698865678,0.1,0.10328220227169876,1.0,2.4001679698275478,nan,387.51800598467076
0.41000000000000003,6.445184948681034,0.10305815903752097,62.53929828432603,0.1,0.10318992765393664,1.0,2.4251985776456917,nan,389.7419465034504
0.42,6.321006326588219,0.1039801955500402,60.79048316028845,0.1,0.10309412259613945,1.0,2.4523889686464653,nan,391.9850046776723
0.43,6.194543201377748,0.10499017948902149,59.00116783804044,0.1,0.10299507145093555,1.0,2.4818380790076127,nan,394.2464411466821
0.44,6.066218634716374,0.10608742216459024,57.181318114270766,0.1,0.10289305096867998,1.0,2.513650715186129,nan,396.52551684786164
0.45,5.936429357396032,0.10727150468606211,55.34022641678632,0.1,0.10278833031416929,1.0,2.547938329831847,nan,398.821493193406
0.46,5.805546872705272,0.1085422516083972,53.486515957405615,0.1,0.10268117109633632,1.0,2.5848199816259885,nan,401.13363225199714
0.47000000000000003,5.673918537451213,0.10989970726010267,51.6281496912689,0.1,0.10257182741008258,1.0,2.6244235204197297,nan,403.4611969350021
0.48,5.541868511507964,0.1113441163669757,49.77244143949813,0.1,0.10246054588953409,1.0,2.6668870466517136,nan,405.80345118641543
0.49,5.409698679910453,0.11287590687508717,47.9260705820688,0.1,0.10234756577210272,1.0,2.7123607030192467,nan,408.15966017540717
0.5,5.277689716612085,0.11449567100374963,46.09510272610434,0.1,0.10223311897195993,1.0,2.7610088673762148,nan,410.5290904922572
0.51,5.146102131506402,0.1162041468201433,44.28501281861618,0.1,0.10211743016267306,1.0,2.8130128292907366,nan,412.9110103462156
0.52,5.015177173390255,0.118002202850539,42.50070805663224,0.1,0.1020007168683984,1.0,2.8685740501674224,nan,415.30468976427557
0.53,4.885137709135309,0.11989082320111588,40.74655239409383,0.1,0.10188318956245239,1.0,2.9279181297507813,nan,417.70940079179354
0.54,4.756189142816977,0.12187109130362639,39.02639331396101,0.1,0.10176505177284272,1.0,2.9912996324318963,nan,420.12441769348544
0.55,4.628520351392373,0.12394417216628972,37.34359002521327,0.1,0.10164650019398452,1.0,3.0590079682655884,nan,422.5490171547697
0.56,4.502304584486009,0.12611129392922688,35.701041867135885,0.1,0.10152772480395904,1.0,3.131374580447267,nan,424.9824784831761
0.5700000000000001,4.377700257855476,0.12837373050451387,34.10121557308446,0.1,0.10140890898675715,1.0,3.2087817695173904,nan,427.42408380933153
0.58,4.254851639860925,0.13073278573486985,32.546171306177904,0.1,0.10129022965903246,1.0,3.291673593811578,nan,429.87311828680043
0.59,4.1338896574596715,0.1331897723832246,31.037590826158205,0.1,0.1011718574006484,1.0,3.380569438975851,nan,432.32887029070775
0.6,4.014932791433774,0.13574598530796342,29.57680687443683,0.1,0.1010539565877692,1.0,3.476081066520222,nan,434.7906316169559
0.61,3.898087773210368,0.138402677323481,28.164829240257983,0.1,0.10093668552963976,1.0,3.5789342620997884,nan,437.2576976772651
0.62,3.7834502128276126,0.1411610344638619,26.80236955755803,0.1,0.10082019660711178,1.0,3.6899966564307514,nan,439.7293676937786
0.63,3.671105267209122,0.14402214669761787,25.489866325328435,0.1,0.10070463641305974,1.0,3.810313958568755,nan,442.2049448913624
0.64,3.5611282968754723,0.1469869751524437,24.227509227821997,0.1,0.10059014589414197,1.0,3.9411578442820487,nan,444.6837366875548
0.65,3.453585526418698,0.15005631468542793,23.01526286087098,0.1,0.10047686049348073,1.0,4.084090281528014,nan,447.16505488012933
0.66,3.3485346712627493,0.1532307527183871,21.852889265752058,0.1,0.10036491029389787,1.0,4.241051492923826,nan,449.64821583211085
0.67,3.2460254901465504,0.1565106260259399,20.73996873291247,0.1,0.10025442016139482,1.0,4.414482652501438,nan,452.13254065397786
0.68,3.1461002268917917,0.15989597781524376,19.67591849325341,0.1,0.10014550988861602,1.0,4.607500881290507,nan,454.6173553826738
0.6900000000000001,3.048794090093544,0.16338650848851077,18.660011272031884,0.1,0.10003829433805758,1.0,4.824155195592583,nan,457.10199115701255
0.7000000000000001,2.954135881462474,0.1669815124153363,17.69139492589213,0.1,0.09993288358397498,1.0,5.069811800306008,nan,459.5857843915476
0.71,2.8621485387737953,0.170679810184143,16.769110158289262,0.1,0.09982938305367137,1.0,5.351753794510631,nan,462.0680769463377
0.72,2.772849551418813,0.17447967785171478,15.892106092581038,0.1,0.09972789366782286,1.0,5.680151995811154,nan,464.5482162924994
0.73,2.6862514296619366,0.17837875790728527,15.059256276793628,0.1,0.09962851197912397,1.0,6.0697120291039175,nan,467.02555567519914
0.74,2.6023622598431086,0.1823739312064742,14.26937634467533,0.1,0.09953133030940392,1.0,6.5426329330036195,nan,469.49945427280454
0.75,2.5211864022209984,0.18646108456906793,13.521247117315323,0.1,0.09943643688492766,1.0,7.134312910414337,nan,471.9692773524496
0.76,2.44272550758728,0.19063450562803877,12.813658784068528,0.1,0.09934391596972526,1.0,7.905399995526055,nan,474.43439642199473
0.77,2.366980262794468,0.19488433188106666,12.145564704703816,0.1,0.09925384799682122,1.0,8.97049861983445,nan,476.8941893783148
0.78,2.293954089938315,0.19917129864685987,11.5174932609422,0.1,0.0991663096972621,1.0,10.578920721701856,nan,479.34804065179753
0.79,2.223663078147218,0.20105408390052262,11.06002442232131,0.1,0.09908137422686605,1.0,13.40282003818599,nan,481.7953413468967
0.8,2.1561715358798503,0.19898862614737903,10.835652155731266,0.1,0.09899911129064136,1.0,19.891822811915546,nan,484.2354893785256
0.81,2.0917902431586284,0.19686277080551945,10.625626341636256,0.1,0.09891958726457072,1.0,35.800111007838474,nan,486.6678896048974
0.8200000000000001,2.0340212572256804,0.19474940842095456,10.444300055736779,0.1,0.09884286531425128,1.0,53.4848269229722,nan,489.09195395831625
0.8300000000000001,2.0115620089500834,0.19265432944137115,10.441301863201808,0.1,0.09876900551184425,1.0,67.74622003477191,nan,491.50710156914016
0.84,2.0030011525213958,0.19057831665751016,10.510120918535582,0.1,0.09869806494975825,1.0,79.65956402702426,nan,493.91275888762635
0.85,1.9953025105130315,0.18852113714787438,10.583972390045224,0.1,0.09863009785172266,1.0,90.02080895379738,nan,496.308359801564
0.86,1.987724504421506,0.18648228963623786,10.65905244030876,0.1,0.098565155681068,1.0,99.27499310152987,nan,498.6933457501032
0.87,1.9801402713436715,0.18446121330770704,10.73472431323826,0.1,0.09850328724618672,1.0,107.68983803781416,nan,501.06716583383786
0.88,1.9725164472548993,0.1824573596963515,10.81083520301726,0.1,0.09844453880317215,1.0,115.43897309253174,nan,503.42927692114364
0.89,1.9648446601307474,0.18047022000157134,10.88736224798551,0.1,0.09838895415564383,1.0,122.64186295447045,nan,505.7791437507557
0.9,1.9571253028337698,0.17849933530863246,10.964328239373117,0.1,0.09833657475177816,1.0,129.38454925571472,nan,508.11623903055437
0.91,1.9493623169717647,0.1765442994496048,11.04177434813304,0.1,0.09828743977857407,1.0,135.73126335164628,nan,510.4400435324977
0.92,1.9415611618875772,0.17460475842859335,11.119749423562252,0.1,0.0982415862533913,1.0,141.73134756558574,nan,512.7500461836323
0.93,1.933727911760392,0.17268040815671748,11.198305195140735,0.1,0.0981990491126425,1.0,147.4235979390501,nan,515.0457441536344
0.9400000000000001,1.9258688133406248,0.17077099134554521,11.277493900844908,0.1,0.09815986129723114,1.0,152.83910768218774,nan,517.3266429404304
0.9500000000000001,1.9179900528553786,0.16887629400180956,11.357367025325809,0.1,0.09812405383608214,1.0,158.00319713571224,nan,519.5922564495653
0.96,1.9100976262870846,0.16699614175956082,11.437974591276616,0.1,0.09809165592651814,1.0,162.93676330240467,nan,521.8421070715053
0.97,1.9021972642618834,0.16513039618759193,11.519364745548987,0.1,0.09806269501207082,2.0,167.65724849155302,nan,524.0757257551512
0.98,1.8942943873844336,0.16327895115781985,11.601583510623323,0.1,0.09803719685765244,2.0,172.17935121794463,nan,526.2926520779332
0.99,1.8863940793975176,0.16144172932621909,11.684674633196932,0.1,0.09801518562211797,2.0,176.5155581969453,nan,528.492434312576
1.0,1.878501071204884,0.15961867875965996,11.768679491661304,0.1,0.0979966839282693,2.0,180.67654934199663,nan,530.674629490556
1.01,1.870619731762218,0.15780976972998845,11.853637040107447,0.1,0.09798171293035762,2.0,184.6715107896415,nan,532.838803462257
1.02,1.8627540634630828,0.15601499168864782,11.939583775259868,0.1,0.09797029237914238,2.0,188.5083801329748,nan,534.9845309538321
1.03,1.8549077005685963,0.1542343504295409,12.026553717785303,0.1,0.09796244068456908,2.0,192.19404088330967,nan,537.1113956207498
1.04,1.8470839097741751,0.1524678654436863,12.114578402466007,0.1,0.09795817497613064,2.0,195.7344783570919,nan,539.2189900980112
1.05,1.839285592376046,0.15071556746419448,12.203686874038446,0.1,0.09795751116095539,2.0,199.13490579473824,nan,541.3069160470827
1.06,1.8315152876726508,0.14897749619948425,12.293905686401189,0.1,0.09796046397919932,2.0,202.39986602560575,nan,543.3747842013099
1.07,1.8237751773038458,0.14725369825423557,12.385258903006106,0.1,0.0979670470576537,2.0,205.53331621181937,nan,545.4222144068372
1.08,1.8160670903954046,0.14554422523224078,12.47776809761815,0.1,0.09797727296114898,2.0,208.53869788457584,nan,547.4488356606599
1.09,1.8083925094579165,0.14384913201305838,12.571452355331235,0.1,0.09799115324175071,2.0,211.41899477172018,nan,549.454286146112
1.1,1.8007525769812565,0.14216847519601114,12.666328273539651,0.1,0.09800869848593186,2.0,214.17678117283538,nan,551.4382132653382
1.11,1.7931481027061944,0.14050231170388355,12.7624099629432,0.1,0.09802991835971285,2.0,216.81426246107583,nan,553.4002736690206
1.12,1.7855795715820248,0.1388506975379618,12.859709048950561,0.1,0.0980548216518282,2.0,219.33330908688282,nan,555.3401332833757
1.1300000000000001,1.778047152430749,0.1372136866759989,12.958234673988692,0.1,0.09808341631497804,2.0,221.7354851624727,nan,557.2574673344444
1.1400000000000001,1.7705507073514588,0.13559133010452945,13.057993501402441,0.1,0.09811570950522544,2.0,224.02207249318258,nan,559.1519603696748
1.1500000000000001,1.7630898019095025,0.1339836749768845,13.158989721797669,0.1,0.09815170761960033,2.0,226.19409081041604,nan,561.0233062767918
1.16,1.7556637161645492,0.13239076388831125,13.261225062842593,0.1,0.09819141633197102,2.0,228.25231475300262,nan,562.871208299943
1.17,1.7482714566172453,0.13081263425906242,13.364698803901113,0.1,0.0982348406272465,2.0,230.1972881423116,nan,564.6953790530918
1.18,1.7409117691836775,0.1292493178158776,13.46940779729064,0.1,0.09828198483375152,2.0,232.02933515783312,nan,566.495540531514
1.19,1.7335831532578683,0.12770084016508054,13.575346497461119,0.1,0.09833285265383089,2.0,233.74856852917068,nan,568.2714241214572
1.2,1.7262838769277276,0.12616722045081052,13.682506999516272,0.1,0.09838744719332572,2.0,235.35489796062993,nan,570.0227706055684
1.21,1.719011993501903,0.12464847108915124,13.790879089663516,0.1,0.09844577098919959,2.0,236.84803515494423,nan,571.7493301671856
1.22,1.7117653594871984,0.12314459757082416,13.90045031007317,0.1,0.09850782603576995,2.0,238.22749737430865,nan,573.4508623918948
1.23,1.70454165415247,0.12165559832634087,14.011206040679204,0.1,0.09857361380946933,2.0,239.49260949748503,nan,575.127136266871
1.24,1.6973384008628314,0.12018146464696007,14.12312960113159,0.1,0.09864313529218327,2.0,240.64250458707883,nan,576.7779301780206
1.25,1.69015299038707,0.11872218065555837,14.23620237645913,0.1,0.09871639099321224,2.0,241.67612297389385,nan,578.4030319049326
1.26,1.6829827064141074,0.11727772332192876,14.35040397053326,0.1,0.09879338096990546,2.0,242.5922098700936,nan,580.0022386136402
1.27,1.6758247535542046,0.11584806251742778,14.465712392057478,0.1,0.09887410484701481,2.0,243.3893114769609,nan,581.5753568471785
1.28,1.6686762881489299,0.11443316110428019,14.582104278569263,0.1,0.09895856183481747,2.0,244.0657696368173,nan,583.1222025139151
1.29,1.6615344522745237,0.11303297505517715,14.699555164883913,0.1,0.0990467507460563,2.0,244.61971503350216,nan,584.6426008736248
1.3,1.6543964114316243,0.11164745359828886,14.818039803972566,0.1,0.09913867001171926,2.0,245.0490590082006,nan,586.1363865213943
1.31,1.6472593964809397,0.11027653938397179,14.93753254937887,0.1,0.09923431769532676,2.0,245.3514826140528,nan,587.6034033710971
1.32,1.640120750435714,0.10892016867115889,15.05800780925529,0.1,0.09933369150653439,2.0,245.52442365525752,nan,589.0435046348587
1.33,1.6329779809226561,0.10757827152990622,15.179440584976273,0.1,0.09943678881342377,2.0,245.5650643553162,nan,590.4565528017205
1.34,1.6258288193091681,0.10625077205667172,15.301807110088465,0.1,0.09954360665380556,2.0,245.4703138118537,nan,591.8424196139464
1.35,1.6186712876594218,0.10493758860027583,15.425085608029372,0.1,0.09965414174553239,2.0,245.23678817708716,nan,593.2009860412697
1.36,1.6115037749602166,0.10363863399629497,15.5492571912693,0.1,0.09976839049578672,2.0,244.8607883778075,nan,594.5321422534275
1.37,1.604325124394987,0.10235381580779794,15.67430692967638,0.1,0.09988634900937769,2.0,244.33827471466012,nan,595.8357875909754
1.3800000000000001,1.5971347338578292,0.1010830365706743,15.800225122255398,0.1,0.10000801309608191,2.0,243.66483766938654,nan,597.11183053437
1.3900000000000001,1.5899326724288803,0.09982619404202328,15.927008814535943,0.1,0.10013337827706312,2.0,242.8356641185346,nan,598.3601886712913
1.4000000000000001,1.58271981620689,0.09858318145027668,16.054663614251293,0.1,0.10026243979040672,2.0,241.84549811902195,nan,599.5807886621734
1.41,1.5754980077573553,0.09735388774591495,16.183205871236144,0.1,0.10039519259580618,2.0,240.68859530763,nan,600.7735662038915
1.42,1.568270244541061,0.09613819785180927,16.312665304569645,0.1,0.10053163137843789,2.0,239.35866979028177,nan,601.9384659915551
1.43,1.5610409031099786,0.09493599291238101,16.44308818206289,0.1,0.10067175055206372,2.0,237.8488322541756,nan,603.0754416783343
1.44,1.5538160076879053,0.09374715054089455,16.574541185762193,0.1,0.10081554426140021,2.0,236.15151772158524,nan,604.1844558332413
1.45,1.5466035541830436,0.09257154506339427,16.70711613513535,0.1,0.10096300638376156,2.0,234.2584011975919,nan,605.2654798969706
1.46,1.539413903666389,0.09140904775847929,16.840935787164348,0.1,0.10111413052901767,2.0,232.1603000640063,nan,606.3184941413687
1.47,1.5322602629599535,0.09025952709445491,16.976160991365177,0.1,0.10126891004004698,2.0,229.84704882024147,nan,607.3434876201221
1.48,1.525159274856126,0.08912284896337397,17.112999557306647,0.1,0.10142733799196314,2.0,227.30736283892435,nan,608.340458121238
1.49,1.5181317463946058,0.08799887690986606,17.251717291228285,0.1,0.10158940719055057,2.0,224.52866444102204,nan,609.3094121180364
1.5,1.511203550011225,0.08688747235515441,17.392651771870494,0.1,0.10175511017026054,2.0,221.49687024599024,nan,610.2503647171761
1.51,1.5044067391842944,0.08578849481692957,17.53622956545233,0.1,0.10192443919148368,2.0,218.1961319986205,nan,611.1633396055468
1.52,1.4977809259255637,0.08470180212486068,17.682987709253858,0.1,0.10209738623712597,2.0,214.6085160095174,nan,612.0483689959661
1.53,1.4913749686540525,0.08362725063165381,17.833600380131966,0.1,0.10227394300851661,2.0,210.71360101712756,nan,612.9054935716107
1.54,1.485249009406347,0.08256469541963203,17.98891162690813,0.1,0.10245410092067676,2.0,206.48796653216488,nan,613.734762429102
1.55,1.4794768675093903,0.08151399050287587,18.14997472681936,0.1,0.10263785109697991,2.0,201.9045321239841,nan,614.5362330201525
1.56,1.4741487238475395,0.08047498902502094,18.318097855088908,0.1,0.102825184363235,2.0,196.93169042276588,nan,615.309971091676
1.57,1.4693738883886158,0.07944754345285797,18.49489392029475,0.1,0.10301609124122539,2.0,191.53214890657443,nan,616.0560506242495
1.58,1.465283203419465,0.07843150576593563,18.682329111369256,0.1,0.10321056194173793,2.0,185.66135087680246,nan,616.7745537688078
1.59,1.462030284681637,0.0774267276424082,18.88275959994018,0.1,0.1034085863571184,2.0,179.26527163674055,nan,617.4655707814385
1.6,1.4597904017564902,0.07643306064140909,19.098939510026902,0.1,0.10361015405339087,2.0,172.27725714530007,nan,618.1291999561336
1.61,1.4587555574284723,0.07545035638231563,19.33397835838959,0.1,0.10381525426198038,2.0,164.61333970064314,nan,618.7655475553518
1.62,1.4591246466597811,0.07447846672217504,19.591228322445378,0.1,0.10402387587094475,2.0,156.16502289483535,nan,619.3747277391368
1.6300000000000001,1.4610888889056926,0.07351724393088273,19.874097705285795,0.1,0.10423600741326705,2.0,146.78764560092736,nan,619.9568625092306
1.6400000000000001,1.4648149827346484,0.07256654086257296,20.1858179447843,0.1,0.10445163705833947,2.0,136.2803994260464,nan,620.512081627136
1.6500000000000001,1.470430557641169,0.0716262111249352,20.5292243516322,0.1,0.10467075260139702,2.0,124.34944289922838,nan,621.0405225416408
1.6600000000000001,1.4780167237793296,0.07069610924767372,20.906620456315483,0.1,0.10489334145226438,2.0,110.53270095743724,nan,621.542330316276
1.67,1.4876100182898953,0.06977609084952717,21.319767275268273,0.1,0.10511939062412881,2.0,94.02451999562457,nan,622.0176575523385
1.68,1.499212228542135,0.06886601280424016,21.769987363778764,0.1,0.1053488867217748,2.0,73.18762600413035,nan,622.466664311382
1.69,1.5128039841099412,0.06796573340608858,22.258333844072364,0.1,0.10558181592931443,2.0,44.3255368863713,nan,622.8895180370129
1.7,1.5283579272144394,0.06707511253532997,22.785767618495147,0.1,0.10581816399744891,2.0,19.027247688434667,nan,623.2863934758217
1.71,1.5458489223310166,0.06619401182390879,23.353304622830965,0.1,0.10605791623029903,2.0,12.5245950326338,nan,623.6574725972716
1.72,1.565260633271744,0.0653222948216971,23.96211948071113,0.1,0.10630105747184371,2.0,10.00296775441819,nan,624.0029445123564
1.73,1.5865889760452083,0.0644598271635005,24.61360890746528,0.1,0.10654757209200859,2.0,8.624576169079345,nan,624.3230053908258
1.74,1.6098433684750273,0.06360647673699707,25.30942525132276,0.1,0.10679744397244875,2.0,7.7504489783507164,nan,624.6178583767737
1.75,1.6350466424859724,0.0627621138517358,26.051490973495188,0.1,0.10705065649207135,2.0,7.152559283158565,nan,624.8877135023761
1.76,1.6622342579748137,0.06192661140925672,26.84200249533345,0.1,0.10730719251234826,2.0,6.726733471133654,nan,625.1327875995416
1.77,1.691453225420292,0.061099845074354266,27.683429039172047,0.1,0.10756703436246964,2.0,6.41727836105128,nan,625.3533042092514
1.78,1.7227609682790443,0.060281693447794105,28.578509821908224,0.1,0.10783016382439388,2.0,6.19090124475737,nan,625.5494934883321
1.79,1.7562242416806615,0.059472038246105696,29.530251416860786,0.1,0.10809656211753794,2.0,6.026002106050572,nan,625.721592115569
1.8,1.791918152569216,0.05867076448673952,30.54192608951289,0.1,0.10836620987879524,2.0,5.907727016877201,nan,625.8698432267345
1.81,1.829925290202453,0.05787776066836661,31.617071377169022,0.1,0.1086390871487823,2.0,5.8254534343966355,nan,625.994496303626
1.82,1.8703349624626848,0.05709291895238164,32.759490962839685,0.1,0.10891517335594772,2.0,5.771390640310341,nan,626.0958070752439
1.83,1.9132425235497776,0.05631613535211225,33.973256715635365,0.1,0.10919444729911099,2.0,5.739730630830644,nan,626.1740374267431
1.84,1.9587487754421637,0.05554730992452048,35.26271169753812,0.1,0.10947688713039078,2.0,5.7260941621359605,nan,626.2294553030574
1.85,2.006959428201476,0.054786346962918196,36.63247395486825,0.1,0.10976247033795285,2.0,5.727150101986219,nan,626.2623346112642
1.86,2.0579846065912815,0.05403315519195423,38.08744092918942,0.1,0.11005117372858773,2.0,5.740345295523485,nan,626.27295512173
1.87,2.1119383928745488,0.0532876479650341,39.63279434401655,0.1,0.11034297341012796,1.0,5.763709291019028,nan,626.2616023680889
1.8800000000000001,2.168938398150208,0.05254974346372201,41.2740054506174,0.1,0.1106378447737169,1.0,5.795711680880046,nan,626.2285675460902
1.8900000000000001,2.229105356791712,0.05181936489814231,43.016840541625854,0.1,0.11093576247594013,1.0,5.8351571756517195,nan,626.174147411364
1.9000000000000001,2.2925627403127025,0.051096440706941186,44.867366661828356,0.1,0.11123670042083256,1.0,5.88110803383258,nan,626.098644176143
1.9100000000000001,2.3594363882382052,0.050380904755051116,46.83195745907385,0.1,0.11154063174177398,1.0,5.932826460332197,nan,626.0023654049845
1.92,2.429854154203354,0.049672696530360314,48.91729911860551,0.1,0.11184752878328699,1.0,5.989731666437244,nan,625.8856239095363
1.93,2.503945566132393,0.048971761340063105,51.13039632666735,0.1,0.1121573630826701,1.0,6.051367764948866,nan,625.748737643037
1.94,2.5818414997317447,0.04827805050097936,53.47857821391048,0.1,0.11247010535181116,1.0,6.117379734850714,nan,625.592029592482
1.95,2.6636738639523925,0.04759152152112616,55.9695042061215,0.1,0.11278572545908384,1.0,6.187495457178895,nan,625.4158276691113
1.96,2.7495752968010447,0.046912138273774155,58.611169688212065,0.1,0.11310419241085409,1.0,6.261512379704302,nan,625.2204646003984
1.97,2.8396788697088913,0.046239871160373786,61.411911375358955,0.1,0.11342547433323515,1.0,6.33928776973484,nan,625.0062778196875
1.98,2.934117798074924,0.04557469725824814,64.38041225921485,0.1,0.11374953845404162,1.0,6.42073181145408,nan,624.7736093540066
1.99,3.0330251553489873,0.04491660044954551,67.52570597492038,0.1,0.11407635108480475,1.0,6.505803024145083,nan,624.5228057111004
2.0,3.1365335880375382,0.04426557152537248,70.85718042157698,0.1,0.11440587760270525,1.0,6.594505644517322,nan,624.2542177667302
2.0100000000000002,3.244775029502429,0.04362160825754891,74.38458046628546,0.1,0.11473808243228853,1.0,6.686888746716209,nan,623.9682006532087
2.02,3.357880411712479,0.04298471542898457,78.11800958087214,0.1,0.11507292902804982,1.0,6.78304698014795,nan,623.6651136425658
2.0300000000000002,3.4759793763133593,0.04235490480871643,82.06793031436632,0.1,0.11541037985728057,1.0,6.883122896821666,nan,623.3453200284947
2.04,3.5991999902719884,0.041732195051022415,86.24516361700006,0.1,0.11575039638243438,1.0,6.9873109239188125,nan,623.0091870118351
2.05,3.727668478026051,0.04111661149024351,90.66088724044255,0.1,0.1160929390440248,1.0,7.095863121388016,nan,622.6570855833271
2.06,3.8615089924714168,0.04050818578901161,95.32663379654251,0.1,0.1164379672440393,1.0,7.209096952574886,nan,622.2893904041417
2.07,4.000843464275078,0.039906955375082126,100.25428967636056,0.1,0.11678543932972099,1.0,7.327405395971076,nan,621.9064796853235
2.08,4.145791597510706,0.039312962565905316,105.45609709674228,0.1,0.11713531257727784,1.0,7.451269843156818,nan,621.5087350689761
2.09,4.2964711271903395,0.0387262532224811,110.944663365889,0.1,0.11748754317562683,1.0,7.581276369742556,nan,621.0965415106693
2.1,4.452998537177001,0.03814687467481862,116.73298468449627,0.1,0.11784208621204949,1.0,7.71813614175116,nan,620.6702871521042
2.11,4.615490587176044,0.037574872483280175,122.83449768804446,0.1,0.1181988956568734,1.0,7.862710939203147,nan,620.2303632016674
2.12,4.784067279056418,0.0370102852773618,129.26318300990522,0.1,0.1185579243490663,1.0,8.016045054899205,nan,619.7771638116312
2.13,4.958857447298081,0.03645313629201761,136.03376695968836,0.1,0.11891912398259845,1.0,8.179405175228597,nan,619.311085953215
2.14,5.1400093165525345,0.03590341895621595,143.162112856738,0.1,0.1192824450932496,1.0,8.354330290572053,nan,618.8325292916938
2.15,5.327710949358087,0.03536107115279785,150.66599443033405,0.1,0.11964783704546474,1.0,8.54269423813645,nan,618.3418960640405
2.16,5.522231726404165,0.03482592638094287,158.56668580755948,0.1,0.12001524802081472,1.0,8.746784178998455,nan,617.8395909502641
2.17,5.7240125041593615,0.034297613662876245,166.8924421513044,0.1,0.12038462500649677,1.0,8.969399192483657,nan,617.3260209479139
2.18,5.9338812936991445,0.033775330704017746,175.68684510299346,0.1,0.12075591378451568,1.0,9.213974289541364,nan,616.8015952461642
2.19,6.153640380280961,0.0332572551222817,185.0315174134183,0.1,0.12112905892209581,1.0,9.484736599862659,nan,616.2667250966135
2.2,6.387952081985153,0.03273869055920279,195.11935183948617,0.1,0.12150400376273815,1.0,9.786902462537915,nan,615.7218236844847
2.21,6.651387187305618,0.0322042005317098,206.53787634803547,0.1,0.12188069041722066,1.0,10.126927034371894,nan,615.1673060043945
2.22,6.987502479280667,0.03157274468916703,221.31438201120852,0.1,0.12225905975705427,1.0,10.51282263808153,nan,614.6035887267017
2.23,7.437160857319105,0.030303199023483038,245.4249418206897,0.1,0.12263905140779319,1.0,10.954570087363479,nan,614.0310900695054
2.24,7.96214925574961,0.02832941181129098,281.0559325688581,0.1,0.12302060374345104,1.0,11.464661983227668,nan,613.4502296694424
2.25,8.52567114429067,0.026411242892469742,322.80461692022345,0.1,0.12340365388236256,1.0,12.058844903366577,nan,612.8614284496066
2.2600000000000002,9.112519364459946,0.024668474956791735,369.39938040033087,0.1,0.12378813768376698,1.0,12.757180574905412,nan,612.265108489015
2.27,9.714119979920733,0.0231052066488632,420.42991121218466,0.1,0.12417398974503499,1.0,13.585647367179044,nan,611.661692894276
2.2800000000000002,10.32339380329944,0.021710911332806688,475.4933427276302,0.1,0.12456114340131264,1.0,14.57869821438088,nan,611.0516056638343
2.29,10.933360381097344,0.020472670483258334,534.0466154641708,0.1,0.12494953072511014,1.0,15.783578515631714,nan,610.4352715587848
2.3000000000000003,11.536748275498583,0.019377733937699315,595.3610629906461,0.1,0.12533908252779474,1.0,17.26802822023728,nan,609.8131159699697
2.31,12.12593484316713,0.018414231164871654,658.5088855786419,0.1,0.12572972836215493,1.0,19.1348940442129,nan,609.1855647854974
2.32,12.693028529054788,0.017571375853405048,722.3696445258772,0.1,0.12612139652621038,1.0,21.5521059344616,nan,608.553044258505
2.33,13.230033296099586,0.01683949298021684,785.6550854376867,0.1,0.12651401406852794,2.0,24.821124213523593,nan,607.9159808747387
2.34,13.72906848204172,0.016209973636245018,846.9519315777252,0.1,0.12690750679504564,2.0,29.559178283788615,nan,607.2748012186659
2.35,14.182627358665032,0.01567519652376529,904.7814703415448,0.1,0.12730179927699659,2.0,37.31239187528339,nan,606.6299318411596
2.36,14.583862154647354,0.015228428987876073,957.6734518221227,0.1,0.12769681486085277,2.0,53.619329387809,nan,605.9817991250374
2.37,14.926880119537488,0.014863714162808876,1004.2496751509567,0.1,0.1280924756789887,2.0,113.05736025994646,nan,605.3308291541119
2.38,15.207033834818192,0.014575745533686332,1043.3108755687917,0.1,0.1284887026623459,2.0,229.2977167855312,nan,604.6774475801451
2.39,15.421188455486224,0.01435972700400798,1073.9193336462438,0.1,0.1288854155558192,2.0,320.104100314478,nan,604.0220794844791
2.4,15.567947415356551,0.014211216148024243,1095.4690473496833,0.1,0.12928253293281627,2.0,394.7400905696047,nan,603.3651492515436
2.41,15.647820264841807,0.014125946920495114,1107.7360231432435,0.1,0.12967997221387928,2.0,460.0669961332098,nan,602.7070804309601
2.42,15.66331859809359,0.014099629220558017,1110.9028722014639,0.1,0.13007764968529834,2.0,519.0751134713008,nan,602.0482956080173
2.43,15.618970361352048,0.014127724804586505,1105.554544513878,0.1,0.13047548052052424,2.0,573.2605403074481,nan,601.3892162691768
2.44,15.52124944945208,0.014205202678569255,1092.6454060995754,0.1,0.13087337880348546,2.0,623.4342275840716,nan,600.7302626671475
2.45,15.37842603207918,0.01432628349779347,1073.4414151756637,0.1,0.1312712575523414,2.0,670.0477777364054,nan,600.0718536926535
2.46,15.200355903290127,0.014484191225043264,1049.4445749244603,0.1,0.13166902874680936,2.0,713.3460376351239,nan,599.4144067381106
2.47,14.998248628054409,0.01467094202058486,1022.3098562457888,0.1,0.13206660335519554,2.0,753.4474956925314,nan,598.7583375717423
2.48,14.784502330550165,0.01487721290714109,993.7682832685399,0.1,0.13246389136630327,2.0,790.3904830445435,nan,598.104060197814
2.49,14.572824320945758,0.015092342235361307,965.577383131538,0.1,0.13286080182026086,2.0,824.1621067069116,nan,597.4519867311816
2.5,14.379240175068153,0.015304516934027226,939.5422434469746,0.1,0.13325724284285972,2.0,854.7173964969346,nan,596.8025272646768
2.5100000000000002,14.225376646260953,0.01550119058175942,917.6957454481113,0.1,0.13365312168129911,2.0,881.9927835046615,nan,596.1560897392937
2.52,14.141399017403108,0.015669746734359457,902.4650657814972,0.1,0.13404834474198812,2.0,905.9159930209637,nan,595.5130798142277
2.5300000000000002,14.138900379114213,0.015798373160580984,894.959261653132,0.1,0.13444281763062663,2.0,926.4134108546766,nan,594.8739007357889
2.54,14.180741855948499,0.015877053890702115,893.1595215062533,0.1,0.13483644519331625,2.0,943.415940121376,nan,594.2389532110541
2.5500000000000003,14.231122859609814,0.015898536037307526,895.1215902027105,0.1,0.13522913156042132,2.0,956.8633608443819,nan,593.6086352783115
2.56,14.275119086685828,0.015859104861100152,900.1213631987775,0.1,0.13562078019194992,2.0,966.7077546193057,nan,592.9833421800404
2.57,14.308119681148145,0.015759016528330116,907.932272006081,0.1,0.13601129392511854,2.0,972.9157514484023,nan,592.3634662352761
2.58,14.331506992475486,0.01560249552623212,918.5394072621428,0.1,0.13640057502347366,2.0,975.4702123517627,nan,591.7493967143733
2.59,14.3582398276772,0.015397290653543803,932.5172948120287,0.1,0.13678852522814858,2.0,974.3708772703947,nan,591.1415197133277
2.6,14.439425620762592,0.015153874887257092,952.8536910981572,0.1,0.13717504581111248,2.0,969.6344658831658,nan,590.540218028476
2.61,14.627682958679095,0.01488444207579998,982.749832622995,0.1,0.13756003762968946,2.0,961.2937107528279,nan,589.9458710343878
2.62,14.878508239597636,0.01460187773837627,1018.9448580639962,0.1,0.13794340118361992,2.0,949.3960413029799,nan,589.3588545596655
2.63,15.152618331405163,0.014318859567273648,1058.2280146134756,0.1,0.1383250366734147,2.0,934.0012876114214,nan,588.7795407656876
2.64,15.429848993956677,0.01404718672950397,1098.4298344627707,0.1,0.13870484406066055,2.0,915.178745557054,nan,588.2082980254866
2.65,15.694955354645067,0.013797371862786767,1137.5322424248288,0.1,0.1390827231298446,2.0,893.0033971535792,nan,587.6454908044104
2.66,15.934243745987771,0.013578477754063841,1173.4926428861943,0.1,0.13945857355203084,2.0,867.5512793278209,nan,587.0914795410356
2.67,16.135072088804176,0.013398149386565415,1204.2761745128118,0.1,0.13983229495017274,2.0,838.8937438681079,nan,586.5466205290688
2.68,16.286002082778893,0.013262781528597362,1227.9477006887905,0.1,0.14020378696559244,2.0,807.0902510638131,nan,586.0112658019897
2.69,16.377099239338992,0.013177766220955392,1242.782651076022,0.1,0.14057294932644637,2.0,772.1791959282306,nan,585.4857630168325
2.7,16.40023180306083,0.013147776563001423,1247.3768263762556,0.1,0.14093968191724238,2.0,734.1656670865134,nan,584.9704553407556
2.71,16.349310638466125,0.013177057056598204,1240.740672840865,0.1,0.14130388485007037,2.0,693.0044262503898,nan,584.4656813374282
2.72,16.22044347364228,0.013269703272850665,1222.3667055787694,0.1,0.1416654585365088,2.0,648.574808240032,nan,583.9717748572228
2.73,16.01199212910329,0.013429923455225354,1192.2623522380015,0.1,0.14202430376144648,2.0,600.6414403368007,nan,583.489064925873
2.74,15.724531592995536,0.01366228142335659,1150.944787750704,0.1,0.14238032175752222,2.0,548.7880872979396,nan,583.0178756366004
2.75,15.360717745606069,0.013971924170193783,1099.3988772409023,0.1,0.14273341428099556,2.0,492.2966623619096,nan,582.5585260420927
2.7600000000000002,14.925076628250624,0.014364799357407901,1039.003487407138,0.1,0.14308348368784718,2.0,429.90207393382076,nan,582.11133005086
2.77,14.423732337159358,0.01484786764021365,971.4345983321151,0.1,0.1434304330116789,2.0,359.22604202514066,nan,581.6765963212953
2.7800000000000002,13.86409311167268,0.015429311327579886,898.5555361042343,0.1,0.14377416604151666,2.0,275.243462292714,nan,581.2546281607293
2.79,13.254515813918228,0.016118731324893953,822.3051521088265,0.1,0.14411458740103322,2.0,166.94348977917264,nan,580.8457234229991
2.8000000000000003,12.603968012285918,0.01692729887465304,744.5941674226073,0.1,0.14445160262732853,2.0,72.43979288862566,nan,580.4501744116245
2.81,11.921704945262247,0.017867755659301626,667.2189374302321,0.1,0.1447851182510591,2.0,45.40975391792272,nan,580.0682677810006
2.82,11.216976511267392,0.01895392140428497,591.8024176639002,0.1,0.145115041876397,2.0,34.37115857913445,nan,579.7002844412926
2.83,10.498784058488171,0.020198474037896246,519.7810507264272,0.1,0.1454412822612393,2.0,27.964681811733826,nan,579.3464994649413
2.84,9.775843689976384,0.021603473192793928,452.51259381927633,0.1,0.1457637493975348,2.0,23.58479364592255,nan,579.0071819947398
2.85,9.260277358279154,0.023111033441656523,400.6864245883506,0.1,0.14608235459156071,2.0,20.293861382886313,nan,578.6825951539372
2.86,8.994575018922733,0.024367949756944188,369.1149689915759,0.1,0.1463970105439777,2.0,17.657710734757103,nan,578.3729959585054
2.87,8.732103180446392,0.02495756459904764,349.8780157732058,0.1,0.14670763142957172,2.0,15.435643868040536,nan,578.0786352312053
2.88,8.473260503935247,0.02525170046858544,335.5520755711667,0.1,0.14701413297671437,2.0,13.463486990449475,nan,577.7997575173531
2.89,8.21869296537896,0.025467280906875504,322.71576205688007,0.1,0.14731643254599439,2.0,11.563532760828405,nan,577.5366010035413
2.9,7.96904572959245,0.02565459407827595,310.6284085134115,0.1,0.14761444920810993,2.0,9.039775193622392,nan,577.2893974386509
2.91,7.724948102727267,0.025828403949164618,299.0873194461216,0.1,0.14790810382172498,2.0,8.473531430298804,nan,577.0583720541272
2.92,7.487012742430429,0.02599427377314716,288.0254631373749,0.1,0.148197319109077,2.0,7.959113200235025,nan,576.8437434911665
2.93,7.255837206534748,0.026154657819593013,277.4204601177862,0.1,0.1484820197315314,2.0,7.485378839967889,nan,576.6457237263375
2.94,7.032005885403772,0.02631074637842112,267.2674421418582,0.1,0.14876213236347768,2.0,7.0434480882466195,nan,576.4645180010519
2.95,6.816091728988387,0.02646314662089373,257.5692084782845,0.1,0.14903758576459694,2.0,6.625885205600525,nan,576.3003247543377
2.96,6.608657449254785,0.026612172365101047,248.332130071475,0.1,0.14930831085154966,2.0,6.226061515607186,nan,576.1533355546433
2.97,6.410255929565866,0.026757981186885056,239.5642587830108,0.1,0.1495742407669944,2.0,5.837556132759909,nan,576.0237350378472
2.98,6.221429567207127,0.026900644752835604,231.27436626035978,0.1,0.1498353109474329,2.0,5.453427744385461,nan,575.911700845603
2.99,6.042708258379368,0.02704018721073136,223.47139135121137,0.1,0.15009145918909017,2.0,5.065043927935449,nan,575.8174035664658
3.0,5.874605727092432,0.02717660716103403,216.1640594899379,0.1,0.1503426257116117,2.0,4.6596378064978206,nan,575.7410066801793
3.0100000000000002,5.717613918420502,0.02730989067927258,209.36055678758197,0.1,0.15058875322001422,2.0,4.213619032457105,nan,575.6826665031399
3.02,5.5721952424774175,0.027440019218447714,203.06819751537466,0.1,0.15082978696393734,2.0,3.6650436694470203,nan,575.6425321380752
3.0300000000000002,5.43877258867331,0.027566974463956975,197.2930542589775,0.1,0.15106567479486982,1.0,4.8243637332989,nan,575.6207454251438
3.04,5.317717246578663,0.027690741314632946,192.03954080379057,0.1,0.15129636722082423,1.0,5.1651435555444065,nan,575.6174408959629
3.0500000000000003,5.2093351721846055,0.027811309681053924,187.30995526375352,0.1,0.15152181745820067,1.0,5.36394481122994,nan,575.6327457311487
3.06,5.113852403668134,0.027928675522660422,183.1040071885586,0.1,0.15174198148139278,1.0,5.497916430909765,nan,575.6667797190679
3.0700000000000003,5.031400801936239,0.02804284138558736,179.41836680366245,0.1,0.15195681806945022,1.0,5.593962994624456,nan,575.719655217899
3.08,4.962005578225783,0.028153816608512964,176.24628473019908,0.1,0.15216628884959524,1.0,5.664923061886908,nan,575.7914771214482
3.09,4.905576169466888,0.028261617306049733,173.57733339686794,0.1,0.15237035833821772,1.0,5.718001399942316,nan,575.882342826215
3.1,4.861901848318483,0.028366266200050165,171.3973144731288,0.1,0.15256899397862939,1.0,5.757681783529612,nan,575.9923422019799
3.11,4.8306529878818685,0.028467792345698146,169.68835971616335,0.1,0.152762166175557,1.0,5.7869687111846,nan,576.1215575657556
3.12,4.811388209258262,0.028566230785427922,168.42922839202944,0.1,0.1529498483266848,1.0,5.807993624693255,nan,576.2700636577948
3.13,4.8035668710503,0.02866162215162538,167.59577827237158,0.1,0.1531320168511837,1.0,5.822340797674343,nan,576.4379276196653
3.14,4.806565693920245,0.0287540122325322,167.161565316513,0.1,0.1533086512142454,1.0,5.831235795506668,nan,576.6252089776433
3.15,4.8196978980449545,0.028843451514330536,167.0985143941717,0.1,0.15347973394886813,1.0,5.835661011627323,nan,576.8319596269529
3.16,4.8422331313021285,0.02892999470821967,167.37760169469854,0.1,0.15364525067408627,1.0,5.836430062955283,nan,577.0582238195104
3.17,4.873416652039977,0.029013700268756458,167.96949740629736,0.1,0.15380519010974827,1.0,5.834237833618539,nan,577.304038154703
3.18,4.912486606026594,0.029094629909944058,168.84513125728358,0.1,0.15395954408778598,1.0,5.829695559972957,nan,577.5694315733269
3.19,4.95868868441003,0.029172848125051394,169.97615944642342,0.1,0.15410830756007202,1.0,5.82335647743942,nan,577.8544253543017
3.2,5.011287868467933,0.029248421714653815,171.3353259658868,0.1,0.1542514786029576,1.0,5.815735421279066,nan,578.1590331138133
3.21,5.069577296890197,0.029321419325957894,172.89672237667438,0.1,0.15438905841809045,1.0,5.8073245569584335,nan,578.4832608081956
3.22,5.132884511575223,0.029391911007339396,174.635957161598,0.1,0.15452105132975794,1.0,5.798606699083096,nan,578.8271067397985
3.23,5.200575456290294,0.02945996778149011,176.5302492814622,0.1,0.15464746477890506,1.0,5.790067246320647,nan,579.1905615653371
3.24,5.272056641881853,0.02952566123896724,178.55846137406473,0.1,0.15476830931354593,1.0,5.782205497058183,nan,579.5736083077553
3.25,5.3467758784384145,0.02958906315392734,180.70108710855686,0.1,0.1548835985758114,1.0,5.7755459500575,nan,579.976222370836
3.2600000000000002,5.4242219317895035,0.029650245123438432,182.94020535775172,0.1,0.1549933492856176,1.0,5.770650095913861,nan,580.3983715567259
3.27,5.50392340599135,0.02970927823097013,185.2594116626449,0.1,0.15509758122094836,1.0,5.76812914119992,nan,580.8400160865426
3.2800000000000002,5.585447096073507,0.02976623273428842,187.64373530008385,0.1,0.15519631719475468,1.0,5.768658055765509,nan,581.3011086242237
3.29,5.668396002493251,0.029821177778135033,190.07954832184174,0.1,0.15528958302847742,1.0,5.7729912721527255,nan,581.7815943037821
3.3000000000000003,5.752407153177325,0.0298741811315386,192.5544712957647,0.1,0.15537740752263918,1.0,5.781980266737374,nan,582.2814107585175
3.31,5.837149341455779,0.029925308949112165,195.05727915397037,0.1,0.15545982242408984,1.0,5.796593076166003,nan,582.8004881539447
3.3200000000000003,5.922320858222147,0.029974625555671593,197.57780951167098,0.1,0.15553686239040015,1.0,5.817935499022527,nan,583.3387492229579
3.33,6.00764727324999,0.03002219325255951,200.1068750277868,0.1,0.1556085649509612,1.0,5.8472732351670285,nan,583.8961093049805
3.34,6.092879302798644,0.030068072144966335,202.6361807775111,0.1,0.1556749704650993,1.0,5.886053451619808,nan,584.4724763883561
3.35,6.177790787255079,0.030112319990285033,205.1582471642233,0.1,0.15573612207755322,1.0,5.935923184895958,nan,585.0677511550166
3.36,6.262176792529852,0.03015499206635522,207.66633858666276,0.1,0.1557920656713279,1.0,5.998740629673306,nan,585.681827027696
3.37,6.3458518416348655,0.030196141057927076,210.15439785703862,0.1,0.1558428498179387,1.0,6.076573953171741,nan,586.3145902199676
3.38,6.428648277683297,0.030235816959727966,212.61698621359614,0.1,0.15588852572506615,1.0,6.1716813850340015,nan,586.965919789382
3.39,6.510414755929676,0.030274066994595485,215.0492286712556,0.1,0.15592914718163958,1.0,6.28646697422384,nan,587.6356876940013
3.4,6.591014860020639,0.030310935545233786,217.44676439249784,0.1,0.15596477050037277,1.0,6.4234098742327586,nan,588.323758852625
3.41,6.670325836168384,0.03034646409970967,219.8057017203596,0.1,0.15599545445777452,1.0,6.584972227538377,nan,589.0299912090205
3.42,6.748237438287512,0.03038069121369249,222.12257748915536,0.1,0.1560212602326423,1.0,6.773500972921446,nan,589.7542357969438
3.43,6.824650876088362,0.03041365248503112,224.39432026282586,0.1,0.1560422513444304,1.0,6.991148819123652,nan,590.496336801363
3.44,6.8994778578563105,0.03044538053533355,226.61821716595347,0.1,0.15605849358616017,1.0,7.239843765156706,nan,591.2561316353683
3.45,6.972639720519849,0.03047590500265829,228.79188394607652,0.1,0.1560700549581436,1.0,7.521330663638168,nan,592.0334510107159
3.46,7.044066639490976,0.030505252544247595,230.91323795053393,0.1,0.1560770055990129,1.0,7.837293424416426,nan,592.8281190150323
3.47,7.11369691101039,0.030533446847080335,232.9804737289467,0.1,0.15607941771540157,2.0,8.189549791876845,nan,593.6399531912751
3.48,7.181476300437943,0.03056050864751335,234.9920409790786,0.1,0.15607736551043078,2.0,8.580301212983128,nan,594.4687646193142
3.49,7.247357450224962,0.030586455759125265,236.94662458767428,0.1,0.15607092511108267,2.0,9.012423030325731,nan,595.3143579997645
3.5,7.311299341772559,0.030611303107868745,238.84312654083527,0.1,0.15606017449453893,2.0,9.489793838408245,nan,596.1765317402013
3.5100000000000002,7.373266805852989,0.030635062773732895,240.6806494999244,0.1,0.15604519341356374,2.0,10.017683166660419,nan,597.0550780439022
3.52,7.43323007672953,0.030657744038212375,242.4584818590897,0.1,0.15602606332100646,2.0,10.60324142045431,nan,597.9497830012596
3.5300000000000002,7.491164385548369,0.03067935343695897,244.17608411929152,0.1,0.15600286729350127,2.0,11.256167995575087,nan,598.8604266840056
3.54,7.547049588988542,0.0306998948170727,245.83307643098203,0.1,0.15597568995443437,2.0,11.989682356005398,nan,599.7867832424159
3.5500000000000003,7.600869829541228,0.030719369398548656,247.4292271735348,0.1,0.15594461739625276,2.0,12.822008880159755,nan,600.728621005635
3.56,7.652613224198067,0.030737775840017814,248.96444245113707,0.1,0.15590973710218148,2.0,13.778751067795984,nan,601.6857025852955
3.5700000000000003,7.7022715791897465,0.030755110314740337,250.43875636817972,0.1,0.15587113786780077,2.0,14.896866469936525,nan,602.6577849812146
3.58,7.749840127886627,0.030771366593381283,251.85232200748493,0.1,0.15582890972637728,2.0,16.23168296307649,nan,603.6446196754773
3.59,7.795317288555033,0.030786536123010456,253.20540308296202,0.1,0.15578314386869307,2.0,17.87010611025882,nan,604.6459527484948
3.6,7.838704440480337,0.03080060810939695,254.4983661568951,0.1,0.1557339325650944,2.0,19.95757016204855,nan,605.6615249897884
3.61,7.880005716996729,0.03081356960697507,255.73167333436703,0.1,0.15568136908818303,2.0,22.75902802853895,nan,606.6910720094687
3.62,7.919227813353249,0.030825405611860705,256.9058754025337,0.1,0.15562554763550043,2.0,26.81679644896247,nan,607.7343243530615
3.63,7.956379807940288,0.030836099157962826,258.02160536527225,0.1,0.1555665632527217,2.0,33.43289410465457,nan,608.791007618144
3.64,7.991472995586874,0.030845631416549824,259.0795723280008,0.1,0.15550451175744667,2.0,46.29119463504336,nan,609.8608425727808
3.65,8.024520731728334,0.03085398179899587,260.0805556963636,0.1,0.15543948966366883,2.0,72.31829560819148,nan,610.9435452757625
3.66,8.055538286377242,0.030861128062446595,261.0253996573649,0.1,0.15537159410700055,2.0,104.49699667947493,nan,612.0388271986454
3.67,8.084542706949946,0.030867046418140982,261.915007915968,0.1,0.15530092277072793,2.0,132.43463096994722,nan,613.1463953495925
3.68,8.111552689108375,0.03087171164212019,262.75033866412775,0.1,0.15522757381276606,2.0,156.07784666295927,nan,614.2659523990094
3.69,8.136588454872859,0.03087509718803773,263.532399762787,0.1,0.15515164579357854,2.0,176.63247512014672,nan,615.397196806988
3.7,8.159671637347829,0.03087717530176944,264.2622441205052,0.1,0.15507323760512423,2.0,194.9236801184804,nan,616.5398229525473
3.71,8.180825171485274,0.03087791713753717,264.94096525507354,0.1,0.15499244840088747,2.0,211.48040376460384,nan,617.6935212646785
3.72,8.200073190537733,0.03087729287679591,265.5696930186531,0.1,0.15490937752707845,2.0,226.65532810084918,nan,618.8579783550693
3.73,8.21744092773081,0.03087527184942722,266.1495894774852,0.1,0.154824124456043,2.0,240.69478392959763,nan,620.032877148798
3.74,8.232954622456697,0.030871822654179443,266.6818449522972,0.1,0.15473678872008664,2.0,253.77789756711059,nan,621.2178970198005
3.75,8.246641430743802,0.030866913279021375,267.1676742082472,0.1,0.1546474698466769,2.0,266.03934547429105,nan,622.4127139277124
3.7600000000000002,8.258529339875246,0.03086051122281833,267.60831278027797,0.1,0.15455626729546013,2.0,277.58322551555403,nan,623.6170005546003
3.77,8.268647086788203,0.030852583617039426,268.0050134349705,0.1,0.15446328039663046,2.0,288.4918677540741,nan,624.8304264433887
3.7800000000000002,8.27702407999412,0.03084309734679559,268.3590427682534,0.1,0.15436860829085827,2.0,298.8316533990242,nan,626.0526581372998
3.79,8.283690324833794,0.030832019171066767,268.67167793562265,0.1,0.1542723498708104,2.0,308.6569873551789,nan,627.283359320258
3.8000000000000003,8.288676351876685,0.030819315841703564,268.9442035134587,0.1,0.15417460372429342,2.0,318.01308931533606,nan,628.5221909582046
3.81,8.292013148296675,0.030804954220799614,269.1779084903778,0.1,0.15407546807904343,2.0,326.9380042817398,nan,629.7688114412781
3.8200000000000003,8.293732092076572,0.03078890139600482,269.3740833881384,0.1,0.15397504074918605,2.0,335.4640825437783,nan,631.0228767268023
3.83,8.293864888911557,0.030771124793353203,269.5340175118686,0.1,0.15387341908338392,2.0,343.6190897176862,nan,632.2840404830304
3.84,8.292443511697364,0.03075159228717677,269.65899632960674,0.1,0.1537706999146863,2.0,351.42705276776314,nan,633.5519542335915
3.85,8.289500142502984,0.030730272306654267,269.7502989815028,0.1,0.15366697951209277,2.0,358.90891345357164,nan,634.8262675025817
3.86,8.28506711693974,0.030707133938558114,269.809195919011,0.1,0.15356235353383782,2.0,366.08303834945275,nan,636.106627960245
3.87,8.279176870863386,0.030682147025842408,269.8369466742386,0.1,0.15345691698240269,2.0,372.9656198013622,nan,637.3926815691794
3.88,8.27186188938944,0.030655282262094907,269.8347977574342,0.1,0.1533507641613028,1.0,379.5710054834222,nan,638.6840727308083
3.89,8.26315465809688,0.030626511281146088,269.8039806833546,0.1,0.1532439886337806,1.0,385.91200433659407,nan,639.9804444314968
3.9,8.253087616291145,0.030595806741053826,269.7457101275598,0.1,0.1531366831829668,1.0,392.0000636661061,nan,641.2814383900921
3.91,8.24169311236765,0.030563142402750102,269.6611822096557,0.1,0.15302893977393436,1.0,397.84546238069163,nan,642.5866952049561
3.92,8.229003361234838,0.03052849320316343,269.5515729018074,0.1,0.15292084951743395,1.0,403.45746049403664,nan,643.895854501335
3.93,8.215050403711453,0.030491835322295956,269.4180365622177,0.1,0.1528125026353445,1.0,408.84442303363045,nan,645.2085550787747
3.94,8.199866067877279,0.03045314624407223,269.26170459229314,0.1,0.15270398842783026,1.0,414.0139250844664,nan,646.5244350584913
3.95,8.183481932338788,0.030412404810828953,269.08368421509675,0.1,0.15259539524218432,1.0,418.97284139877905,nan,647.8431320306366
3.96,8.165929291371153,0.03036959127135248,268.8850573723079,0.1,0.152486810443337,1.0,423.72742325448854,nan,649.164283201404
3.97,8.14723912190066,0.030324687322405428,268.66687973666467,0.1,0.15237832038600654,1.0,428.28336465334144,nan,650.4875255399104
3.98,8.127442052293409,0.030277676143738087,268.43017983645007,0.1,0.15227001038846694,1.0,432.64585944975414,nan,651.8124959247956
3.99,8.106568332918252,0.030228542426599146,268.1759582885148,0.1,0.15216196470790722,1.0,436.8196506798966,nan,653.1388312904706
4.0,8.084647808453708,0.030177272395810906,267.905187135998,0.1,0.15205426651735487,1.0,440.80907304048236,nan,654.4661687729525
4.01,8.061709891910402,0.0301238538255092,267.61880928673406,0.1,0.15194699788413432,1.0,444.6180892159737,nan,655.7941458552187
4.0200000000000005,8.0377835403421,0.030068276048665785,267.3177380483295,0.1,0.15184023974983224,1.0,448.2503205936712,nan,657.1224005120072
4.03,8.012897232220526,0.03001052996055622,267.002856755683,0.1,0.1517340719117384,1.0,451.70907271092926,nan,658.4505713539937
4.04,7.987078946450604,0.02995060801634218,266.67501848685515,0.1,0.15162857300573168,1.0,454.9973556272946,nan,659.7782977712726
4.05,7.960356143005765,0.0298885042230258,266.33504586265605,0.1,0.15152382049057933,1.0,458.11789933291993,nan,661.1052200760661
4.0600000000000005,7.93275574515487,0.0298242141261744,265.9837309239577,0.1,0.15141989063353842,1.0,461.0731868250853,nan,662.430979644833
4.07,7.904304123245361,0.029757734791696733,265.6218350817109,0.1,0.15131685849728901,1.0,463.86548679452295,nan,663.7552190595092
4.08,7.8750270800259745,0.02968906478300818,265.25008913494156,0.1,0.15121479792833653,1.0,466.4968364934823,nan,665.0775822472716
4.09,7.844949837501651,0.029618204133899317,264.86919335270454,0.1,0.1511137815464957,1.0,468.9690666835704,nan,666.3977146198863
4.1,7.814097025300318,0.029545154317374474,264.4798176161537,0.1,0.151013880735639,1.0,471.28381183737224,nan,667.7152632118659
4.11,7.782492670532357,0.029469918210905065,264.0826016155185,0.1,0.1509151656356277,1.0,473.44251912658,nan,669.0298768175027
4.12,7.750160189130933,0.029392500058468427,263.67815509786806,0.1,0.15081770513538456,1.0,475.4464563712307,nan,670.3412061267351
4.13,7.7171223786612275,0.029312905429772697,263.26705816145596,0.1,0.15072156686706578,1.0,477.29671902502224,nan,671.6489038597954
4.14,7.683401412589985,0.02923114117704224,262.8498615929654,0.1,0.1506268172012907,1.0,478.99423623219417,nan,672.9526249005917
4.15,7.649018836009981,0.02914721538974731,262.4270872441751,0.1,0.15053352124338915,2.0,480.53977600275994,nan,674.2520264287708
4.16,7.613995562817673,0.029061137347633267,261.9992284451233,0.1,0.15044174283062492,2.0,481.9339494791228,nan,675.5467680504123
4.17,7.578351874346278,0.028972917472399624,261.566750451197,0.1,0.15035154453035682,2.0,483.17721429945374,nan,676.8365119272958
4.18,7.542107419461339,0.02888256727835663,261.13009092211394,0.1,0.1502629876390971,2.0,484.2698769966188,nan,678.1209229046915
4.19,7.505281216130381,0.028790099322361283,260.68966043132144,0.1,0.15017613218242998,2.0,485.2120943907332,nan,679.399668637612
4.2,7.467891654484,0.028695527153316764,260.24584300486794,0.1,0.15009103691575204,2.0,486.0038738702875,nan,680.6724197154681
4.21,7.4299565013916045,0.02859886526149425,259.7989966894022,0.1,0.1500077593257982,2.0,486.6450724765239,nan,681.9388497850732
4.22,7.391492906579755,0.02850012902792938,259.3494541493579,0.1,0.14992635563291726,2.0,487.1353946722705,nan,683.1986356719287
4.23,7.352517410302379,0.028399334674619067,258.89752328858043,0.1,0.14984688079405334,2.0,487.4743896120232,nan,684.4514574997744
4.24,7.313045952613645,0.02829649921547224,258.443487900261,0.1,0.14976938850626323,2.0,487.66145962935207,nan,685.696998808952
4.25,7.273093884333017,0.028191640407608715,257.98760835393114,0.1,0.1496939312110372,2.0,487.69584900955243,nan,686.9349466721436
4.26,7.232675979732466,0.028084776703807553,257.5301223154075,0.1,0.14962056009914668,2.0,487.5766407732046,nan,688.1649918086002
4.2700000000000005,7.191806451001056,0.02797592720623893,257.07124550271226,0.1,0.1495493251160185,2.0,487.30275351053825,nan,689.3868286965567
4.28,7.150498964585767,0.027865111621245355,256.6111724861698,0.1,0.14948027496764793,2.0,486.87293546786566,nan,690.6001556836262
4.29,7.108766659493799,0.027752350215550697,256.15007753507257,0.1,0.14941345712699478,2.0,486.28575798581204,nan,691.8046750952307
4.3,7.066622167655285,0.027637663774082076,255.68811551583423,0.1,0.14934891784082785,2.0,485.5396082149262,nan,693.0000933410377
4.3100000000000005,7.024077636463986,0.027521073559443256,255.22542284887817,0.1,0.14928670213698317,2.0,484.63268098314467,nan,694.186121019366
4.32,6.981144753628793,0.02740260127306765,254.76211853252542,0.1,0.14922685383200315,2.0,483.562969687853,nan,695.3624730195302
4.33,6.9378347744853315,0.027282269018058858,254.298305243343,0.1,0.14916941553912472,2.0,482.32825601417636,nan,696.5288686220877
4.34,6.894158551935552,0.027160099263714214,253.8340705236715,0.1,0.1491144286765854,2.0,480.92609828494653,nan,697.6850315969552
4.3500000000000005,6.850126569202648,0.027036114811705227,253.36948806848906,0.1,0.14906193347621863,2.0,479.3538182081604,nan,698.8306902993556
4.36,6.805748975610885,0.02691033876388542,252.90461912521255,0.1,0.14901196899230953,2.0,477.60848575556474,nan,699.9655777635624
4.37,6.761035625623239,0.026782794491682863,252.4395140216908,0.1,0.14896457311068365,2.0,475.6869018720891,nan,701.089431794405
4.38,6.71599612139637,0.026653505607031044,251.9742138394256,0.1,0.1489197825580037,2.0,473.5855787408519,nan,702.2019950564978
4.39,6.670639859140221,0.026522495934785055,251.508752251008,0.1,0.1488776329112484,2.0,471.3007172194174,nan,703.3030151611573
4.4,6.624976079587746,0.026389789487044082,251.04315753788944,0.1,0.1488381586073507,2.0,468.8281811169226,nan,704.3922447509663
4.41,6.579013922895523,0.0262554104403152,250.57745480121852,0.1,0.14880139295294198,2.0,466.1634727933505,nan,705.469441582199
4.42,6.532762488405336,0.02611938311382479,250.11166840872266,0.1,0.14876736813414868,2.0,463.3017100433414,nan,706.5343686052369
4.43,6.486230899734519,0.025981731947678544,249.64582472008993,0.1,0.14873611522656355,2.0,460.2375807422283,nan,707.5867940417698
4.44,6.439428375605367,0.02584248148306507,249.17995509932788,0.1,0.14870766420520753,2.0,456.9653077246731,nan,708.6264914602322
4.45,6.392364306933515,0.025701656344362205,248.7140992504833,0.1,0.1486820439545547,2.0,453.4786032561197,nan,709.6532398486062
4.46,6.345048340771782,0.025559281222243265,248.2483089254454,0.1,0.1486592822785673,2.0,449.7706176333989,nan,710.6668236848242
4.47,6.297490471722136,0.025415380858265824,247.7826520421396,0.1,0.1486394059107191,2.0,445.8338808662979,nan,711.6670330047687
4.48,6.249701141505478,0.025269980030824674,247.3172172626178,0.1,0.148622440523991,2.0,441.66023593167984,nan,712.6536634678355
4.49,6.201691347445686,0.025123103542352733,246.85211908595704,0.1,0.14860841074082054,2.0,437.24076178144963,nan,713.6265164200465
4.5,6.153472760695185,0.024974776207653652,246.38750351682515,0.1,0.14859734014299028,2.0,432.5656838800569,nan,714.5853989546879
4.51,6.105057855106012,0.024825022843260776,245.92355437704447,0.1,0.14858925128143982,2.0,427.6242696330547,nan,715.5301239704495
4.5200000000000005,6.056460047731667,0.02467386825774718,245.46050033439894,0.1,0.1485841656859877,2.0,422.40470545341714,nan,716.4605102270441
4.53,6.007693852032221,0.024521337242912018,244.9986227308532,0.1,0.14858210387494966,2.0,416.89395142658657,nan,717.3763823982916
4.54,5.958775044945968,0.024367454565838366,244.53826430027675,0.1,0.14858308536464132,2.0,411.0775685764677,nan,718.2775711226423
4.55,5.909720849059437,0.024212244962773095,244.0798388644165,0.1,0.14858712867875087,2.0,404.9395127103241,nan,719.1639130511435
4.5600000000000005,5.8605501312390755,0.024055733134603633,243.62384211890037,0.1,0.14859425135749132,2.0,398.4618960001029,nan,720.035250893425
4.57,5.811283619227179,0.023897943742422854,243.17086364678218,0.1,0.1486044699666926,2.0,391.6246837421421,nan,720.891433460447
4.58,5.761944137746383,0.023738901403948947,242.72160028382308,0.1,0.1486178001066356,2.0,384.40533020768504,nan,721.732315705188
4.59,5.712556865778854,0.023578630691127762,242.27687097743095,0.1,0.1486342564207541,2.0,376.7783273512963,nan,722.5577587605902
4.6000000000000005,5.6631496168085995,0.023417156128451053,241.83763330373256,0.1,0.14865385260416022,2.0,368.7146396690914,nan,723.3676299748654
4.61,5.613753143871957,0.023254502192498253,241.4050018100545,0.1,0.14867660141195224,2.0,360.18099165074517,nan,724.1618029443682
4.62,5.564401471353471,0.02309069331287373,240.9802683686053,0.1,0.14870251466730214,2.0,351.1389560683601,nan,724.9401575440065
4.63,5.515132255536307,0.022925753874365865,240.56492474618167,0.1,0.1487316032693199,2.0,341.5437690535025,nan,725.7025799551604
4.64,5.465987175951165,0.022759708220192583,240.1606876094176,0.1,0.14876387720069323,2.0,331.3427636921467,nan,726.4489626910814
4.65,5.417012359565493,0.02259258065622148,239.76952619946812,0.1,0.14879934553510105,2.0,320.47325987992275,nan,727.1792046197507
4.66,5.368258839803481,0.02242439545607568,239.3936929233471,0.1,0.14883801644440073,2.0,308.85966036782145,nan,727.8932109841617
4.67,5.319783052270823,0.022255176867063384,239.03575712057594,0.1,0.1488798972055887,2.0,296.4093552851956,nan,728.590893420009
4.68,5.271647368858412,0.02208494911688508,238.6986422725315,0.1,0.14892499420753544,2.0,283.00677949402143,nan,729.27216997076
4.69,5.223920671567012,0.021913736421768713,238.38566691792747,0.1,0.14897331295749583,2.0,268.50449614726654,nan,729.9369651000778
4.7,5.176678966894463,0.021741562998176603,238.10058951735047,0.1,0.1490248580872962,2.0,252.70927977157868,nan,730.5852097022014
4.71,5.1300060411737,0.02156845307591083,237.84765755422916,0.1,0.14907963335909322,2.0,235.3593251235763,nan,731.2168411109866
4.72,5.083994156463283,0.021394430910111558,237.63166114694158,0.1,0.14913764167128135,2.0,216.08463667153694,nan,731.8318031038654
4.73,5.038744785333943,0.021219520795374064,237.45799134316024,0.1,0.14919888506378765,2.0,194.3332438590663,nan,732.4300459055222
4.74,4.994369381689233,0.02104374708177897,237.33270326241848,0.1,0.1492633647233249,2.0,169.22201844017195,nan,733.0115261878999
4.75,4.950990183107797,0.020867134191887637,237.26258419484157,0.1,0.14933108098835088,2.0,139.21609067734954,nan,733.5762070679625
4.76,4.908741038043755,0.02068970664002724,237.2552266423673,0.1,0.1494020333537299,2.0,101.65789856959945,nan,734.1240581032538
4.7700000000000005,4.867768248795802,0.020511489053754963,237.31910618671915,0.1,0.1494762204751107,2.0,58.859710764656086,nan,734.6550552851938
4.78,4.828231418214154,0.02033250619729152,237.46366391651804,0.1,0.14955364017303632,2.0,35.82664422652555,nan,735.1691810300425
4.79,4.790304284688946,0.020152782996722574,237.69939295570188,0.1,0.1496342894368,2.0,26.86321340398548,nan,735.6664241674808
4.8,4.754175526069404,0.019972344566786048,238.03792840503985,0.1,0.14971816442806415,2.0,22.18622906902713,nan,736.1467799267319
4.8100000000000005,4.720049508852585,0.019791216239051754,238.49213973717536,0.1,0.1498052604842583,2.0,19.23634047398553,nan,736.6102499201767
4.82,4.688146954366146,0.019609423591301262,239.07622437437718,0.1,0.1498955721217724,2.0,17.16647438524486,nan,737.0568421243935
4.83,4.658705488941088,0.019426992477918955,239.80580083284897,0.1,0.14998909303896396,2.0,15.615384976181502,nan,737.4865708585652
4.84,4.6319800404006894,0.01924394906420814,240.69799940469179,0.1,0.15008581611899535,2.0,14.40174922534746,nan,737.8994567601967
4.8500000000000005,4.608243039240038,0.019060319867225516,241.77154797721812,0.1,0.1501857334318333,2.0,13.424181489257528,nan,738.2955267620232
4.86,4.587784380332433,0.018876131796201005,243.04685037512647,0.1,0.15028883623630776,2.0,12.621665321443327,nan,738.6748140650295
4.87,4.570911099680693,0.01869141219052409,244.54605425683079,0.1,0.15039511498245575,2.0,11.955584419763085,nan,739.0373581062256
4.88,4.557946721797525,0.01850618886227794,246.29310528048313,0.1,0.15050455931307177,2.0,11.400628641447337,nan,739.383204527567
4.89,4.549230238179842,0.018320490142168213,248.31378434078536,0.1,0.1506171580653546,2.0,10.939712391430623,nan,739.7124051409336
4.9,4.545114685902101,0.018134344926433614,250.63572488228638,0.1,0.1507328992722689,2.0,10.560827247684188,nan,740.0250178913848
4.91,4.54596530821766,0.01794778272601224,253.2884076888819,0.1,0.1508517701636506,2.0,10.25490032671035,nan,740.3211068185909
4.92,4.552157296631499,0.017760833717907952,256.3031313131227,0.1,0.15097375716708597,2.0,10.014288561718914,nan,740.6007420163363
4.93,4.564073135552179,0.01757352879850668,259.71295736232634,0.1,0.15109884590859396,2.0,9.83182030733853,nan,740.8639995899986
4.94,4.582099595307904,0.01738589963844587,263.55263118943776,0.1,0.15122702121314352,2.0,9.70036974334525,nan,741.1109616118982
4.95,4.606624445233094,0.01719797873850337,267.8584800735705,0.1,0.1513582671050362,2.0,9.612871707382023,nan,741.3417160744206
4.96,4.638032983310059,0.017009799485878815,272.66829260159466,0.1,0.15149256680818735,2.0,9.56258020968898,nan,741.556356840805
4.97,4.676704499754228,0.016821396210177152,278.0211845271657,0.1,0.15162990274633764,2.0,9.543358913529273,nan,741.7549835935043
4.98,4.723008806266852,0.016632804238437052,283.9574577179454,0.1,0.1517702565432287,2.0,9.549871845953515,nan,741.9377017800099
4.99,4.777302968112023,0.016444059952342972,290.51845967220197,0.1,0.15191360902277243,2.0,9.577642728153368,nan,742.104622556067
5.0,4.839928371499831,0.016255200849656377,297.7464515058357,0.1,0.15205994020779154,2.0,9.623012765167463,nan,742.2558627342098
5.01,4.911208244043865,0.01606626560066694,305.6844923464973,0.1,0.1522092293193133,2.0,9.683042903954954,nan,742.39154472674
5.0200000000000005,4.991445721495976,0.015877294097437374,314.3763471825848,0.1,0.15236145477720142,2.0,9.755397794413561,nan,742.5117964790023
5.03,5.080922521701125,0.0156883275041064,323.86642364338707,0.1,0.15251659419911914,2.0,9.838233838331409,nan,742.6167514094989
5.04,5.179898250698032,0.015499408305873897,334.1997415949728,0.1,0.15267462439984605,2.0,9.930101666712757,nan,742.7065483458632
5.05,5.28861032872994,0.015310580352532929,345.42193744177774,0.1,0.1528355213905772,2.0,10.029865998083828,nan,742.7813314588506
5.0600000000000005,5.40727448895074,0.015121888897539178,357.5793027966684,0.1,0.15299926037819053,2.0,10.136642111330023,nan,742.8412501945143
5.07,5.53608577239971,0.014933380632759776,370.7188551971309,0.1,0.15316581576446917,1.0,10.249746697893048,nan,742.8864592047179
5.08,5.675219921365034,0.014745103719206017,384.88843682888853,0.1,0.15333516114526397,1.0,10.368660562482855,nan,742.9171182761596
5.09,5.8248350607260875,0.014557107813540544,400.13683592478566,0.1,0.15350726930958028,1.0,10.493000869031377,nan,742.9333922580756
5.1000000000000005,5.985073553165975,0.014369444088807326,416.5139246985817,0.1,0.15368211223873424,1.0,10.62250103815081,nan,742.9354509880067
5.11,6.15606391774696,0.01418216525082967,434.07080716301937,0.1,0.15385966110569707,1.0,10.756996834800626,nan,742.9234692151559
5.12,6.337922710884724,0.01399532555339462,452.8599700453154,0.1,0.15403988627427972,1.0,10.896417575179482,nan,742.8976265231415
5.13,6.5307562825901915,0.013808980812456587,472.93543030337406,0.1,0.1542227572983318,1.0,11.040781721389907,nan,742.8581072514186
5.14,6.7346623364094995,0.013623188419995798,494.35287311482233,0.1,0.15440824292105057,1.0,11.190196416631155,nan,742.8051004149587
5.15,6.949731237165166,0.013438007359197665,517.1697746101033,0.1,0.15459631107452357,1.0,11.344860762858863,nan,742.738799621702
5.16,7.176047025235169,0.01325349822321861,541.4455040001105,0.1,0.15478692887934897,1.0,11.50507286765219,nan,742.6594029886749
5.17,7.413688108959739,0.013069723240273081,567.2414000409113,0.1,0.15498006264417283,1.0,11.67124090277473,nan,742.5671130577
5.18,7.662727617935097,0.012886746304156144,594.6208171618748,0.1,0.1551756778650564,1.0,11.843898637780244,nan,742.462136711225
5.19,7.923233408501543,0.012704633007981574,623.6491367774134,0.1,0.1553737392258171,1.0,12.023726152131934,nan,742.3446850826248
5.2,8.19526771842803,0.012523450681681194,654.3937391325971,0.1,0.15557421059811039,1.0,12.211576700059952,nan,742.2149734673511
5.21,8.47888647242064,0.012343268430490014,686.9239310615915,0.1,0.15577705504144648,1.0,12.408511016312595,nan,742.0732212340329
5.22,8.774138243416685,0.012164157167101437,721.3108251467495,0.1,0.15598223480363685,1.0,12.61584071790541,nan,741.9196517331419
5.23,9.081062876165284,0.011986189629142698,757.6271656912539,0.1,0.15618971132161116,1.0,12.835182881233512,nan,741.7544922036757
5.24,9.39968978039719,0.011809440371610004,795.9470969508535,0.1,0.15639944522229604,1.0,13.068528350673892,nan,741.5779736795233
5.25,9.730035901949016,0.011633985718733829,836.3458695226913,0.1,0.15661139632332033,1.0,13.318326838966868,nan,741.3903308967867
5.26,10.072103381125425,0.011459903653956978,878.8994816415965,0.1,0.1568255236348076,1.0,13.587592356619366,nan,741.1918021958847
5.2700000000000005,10.42587690828708,0.01128727362100248,923.6842534664366,0.1,0.15704178536095684,1.0,13.880032852840186,nan,740.9826294250818
5.28,10.791320788757906,0.011116176197484494,970.776335049448,0.1,0.15726013890186877,1.0,14.200207990494055,nan,740.7630578432414
5.29,11.168375732518548,0.010946692583970657,1020.2511531996892,0.1,0.1574805408559577,1.0,14.553718472449873,nan,740.533336020257
5.3,11.556955388781848,0.010778903822342659,1072.1828099835564,0.1,0.15770294702257834,1.0,14.947429017788698,nan,740.2937157371279
5.3100000000000005,11.956942653147072,0.010612889605344475,1126.6434588300772,0.1,0.1579273124047243,1.0,15.38972481292415,nan,740.0444518864967
5.32,12.368185786186961,0.010448726445780467,1183.7027077287141,0.1,0.1581535912126824,1.0,15.890798386747479,nan,739.7858023694091
5.33,12.790494398424357,0.01028648480054959,1243.4271421604572,0.1,0.1583817368675677,1.0,16.462961874711105,nan,739.5180279937412
5.34,13.223635381257713,0.010126224405424945,1305.8801436568388,0.1,0.1586117020054323,2.0,17.120982044807473,nan,739.2413923709729
5.3500000000000005,13.667328900306085,0.009967986379411,1371.1223490971179,0.1,0.15884343848203586,2.0,17.882448407711315,nan,738.9561618110241
5.36,14.1212446247099,0.009811779130375875,1439.2134634372815,0.1,0.15907689737759373,2.0,18.76821647730758,nan,738.6626052186255
5.37,14.584998457903318,0.009657551474884672,1510.217004365228,0.1,0.15931202900217795,2.0,19.80302673245593,nan,738.3609939880248
5.38,15.058150186381202,0.009505136953494014,1584.2118067374024,0.1,0.15954878290192026,2.0,21.016489855922895,nan,738.0516018954355
5.39,15.54020272140033,0.009354125559195448,1661.3207320190118,0.1,0.15978710786516562,2.0,22.44475432836323,nan,737.7347049935099
5.4,16.030604069019667,0.009203523276114648,1741.7899198041832,0.1,0.16002695192953706,2.0,24.13335228408616,nan,737.4105815032472
5.41,16.52875401272771,0.009050648939666974,1826.2507056577865,0.1,0.16026826238949152,2.0,26.142023344437966,nan,737.0795117055228
5.42,17.034019129814443,0.00888632287439624,1916.8805107108803,0.1,0.16051098580391024,2.0,28.55293005879473,nan,736.7417778345709
5.43,17.54576305475628,0.00866404085120051,2025.1246913644336,0.1,0.16075506800509884,2.0,31.485051016093426,nan,736.39766396685
5.44,18.06340580291974,0.008222265698385947,2196.889089398514,0.1,0.16100045410768196,2.0,35.12080797369956,nan,736.0474559127325
5.45,18.586541031196198,0.0076626927552076105,2425.5887094735303,0.1,0.16124708851840805,2.0,39.75943463955703,nan,735.6914411063188
5.46,19.11517376085055,0.007152037452832463,2672.689270283429,0.1,0.161494914946454,2.0,45.93621375918691,nan,735.3299084952614
5.47,19.650213603883707,0.006710937890968646,2928.0875375598844,0.1,0.1617438764142802,2.0,54.731563042477795,nan,734.9631484305644
5.48,20.194474796473568,0.006335494338214802,3187.5136679806283,0.1,0.16199391526930484,2.0,68.76511034528414,nan,734.5914525554255
5.49,20.75426316710541,0.006019127830764401,3448.051570034477,0.1,0.16224497319618275,2.0,96.66973539050653,nan,734.2151136938236
5.5,21.338751677569675,0.005755735242189049,3707.3893741947063,0.1,0.16249699122952357,2.0,180.18020267867882,nan,733.8344257398392
5.51,21.945935160315326,0.0055402310389500945,3961.194940432341,0.1,0.1627499097677126,2.0,342.3120192308691,nan,733.4496835449856
5.5200000000000005,22.54240234644834,0.005368584037559347,4198.947467104662,0.1,0.1630036685867787,2.0,479.030479563264,nan,733.0611828081852
5.53,23.084341940440716,0.005237751427441013,4407.3000141816465,0.1,0.1632582068553932,2.0,592.117595697118,nan,732.6692199636512
5.54,23.55230393513355,0.005145608345369737,4577.166071398931,0.1,0.1635134631510996,2.0,690.9965050414937,nan,732.2740920663167
5.55,23.959466697251468,0.005090900575163306,4706.331687980942,0.1,0.1637693754758202,2.0,780.1587964382289,nan,731.8760966837274
5.5600000000000005,24.33996821148377,0.005073229516033563,4797.726602859011,0.1,0.16402588127357356,2.0,861.9110414715108,nan,731.4755317811808
5.57,24.719192112854703,0.005093074318005735,4853.491343227414,0.1,0.1642829174476774,2.0,937.5226846762127,nan,731.0726956125364
5.58,25.099912020985936,0.005151856266238056,4872.013255780169,0.1,0.16454042037986558,2.0,1007.7114841012527,nan,730.667886605761
5.59,25.474838001829198,0.005252052298457167,4850.453985256894,0.1,0.16479832594935165,2.0,1072.8752364203913,nan,730.2614032521853
5.6000000000000005,25.836607245004863,0.005397364557809661,4786.893115756068,0.1,0.16505656955277212,2.0,1133.21466359073,nan,729.8535439952991
5.61,26.179735766672472,0.005592942465615895,4680.851971501474,0.1,0.16531508612515,2.0,1188.8045298519166,nan,729.4446071185141
5.62,26.500201452362543,0.005845583385341075,4533.371556860671,0.1,0.16557381016080752,2.0,1239.6380723822006,nan,729.034890636756
5.63,26.794910742060683,0.00616333919431478,4347.466510812351,0.1,0.16583267573691596,2.0,1285.6563242721954,nan,728.6246921798808
5.64,27.061368239537778,0.006547600881305505,4133.020434523202,0.1,0.16609161653528776,2.0,1326.7689826104668,nan,728.2143088876344
5.65,27.29749859065111,0.006819415583409574,4002.9087913429225,0.1,0.16635056586690217,2.0,1362.8695249906089,nan,727.8040372960949
5.66,27.501555049811767,0.006819812664029356,4032.596847544929,0.1,0.16660945669598035,2.0,1393.8468907565318,nan,727.3941732298551
5.67,27.67207442207,0.006796675836196608,4071.413009680212,0.1,0.1668682216658319,2.0,1419.5943337245224,nan,726.9850116900637
5.68,27.807856299689742,0.0067742114204705625,4104.958433340143,0.1,0.16712679312447987,2.0,1440.0165282434214,nan,726.5768467472064
5.69,27.907954625218814,0.0067553012481584,4131.267222587143,0.1,0.16738510315165211,2.0,1455.034910362239,nan,726.1699714315843
5.7,27.971674956271187,0.006740687867577329,4149.676636239869,0.1,0.16764308358619412,2.0,1464.5917660955224,nan,725.764677625698
5.71,27.998573658338746,0.006730623462221231,4159.878177035727,0.1,0.16790066605446638,2.0,1468.6528699337855,nan,725.3612559560211
5.72,27.98845682831515,0.006725193503220126,4161.732567979471,0.1,0.1681577819992143,2.0,1467.2090923148794,nan,724.9599956864483
5.73,27.941377666442985,0.006724410302363726,4155.2160576253345,0.1,0.16841436270924406,2.0,1460.276745253253,nan,724.5611846119058
5.74,27.857631576015397,0.006728247098101702,4140.399597374346,0.1,0.16867033934988412,2.0,1447.896920697349,nan,724.1651089522416
5.75,27.7377486350058,0.0067366526408752705,4117.437860266747,0.1,0.16892564299393498,2.0,1430.1335614414734,nan,723.7720532476018
5.76,27.582483332736775,0.00674955826926235,4086.5612581415976,0.1,0.169180204653438,2.0,1407.0705085751463,nan,723.3823002538911
5.7700000000000005,27.39280164044278,0.006766881734495301,4048.0686252876912,0.1,0.16943395531196867,2.0,1378.807381101395,nan,722.9961308395144
5.78,27.169865611274375,0.006788529474731184,4002.3197531082774,0.1,0.169686825957769,2.0,1345.4542259435534,nan,722.6138238820282
5.79,26.915015797131964,0.006814398074184639,3949.7275480714297,0.1,0.16993874761734032,2.0,1307.1247851742694,nan,722.2356561662657
5.8,26.629751839365255,0.0068443752394152695,3890.7498358667276,0.1,0.17018965138933898,2.0,1263.9279739976569,nan,721.8619022845207
5.8100000000000005,26.315711645573117,0.00687834045139643,3825.8809419982317,0.1,0.17043946847970526,2.0,1215.957421271252,nan,721.4928345348414
5.82,25.974649611574485,0.006916165386287825,3755.643215686039,0.1,0.17068813023681084,2.0,1163.27783694107,nan,721.128722822461
5.83,25.608414384929866,0.006957714185781044,3680.5786643642036,0.1,0.1709355681873354,2.0,1105.907007754708,nan,720.7698345613122
5.84,25.21892668846748,0.007002843667994402,3601.2408507314462,0.1,0.17118171407241037,2.0,1043.7907674558644,nan,720.4164345774807
5.8500000000000005,24.808157719729525,0.007051403576245634,3518.187188051728,0.1,0.17142649988456002,2.0,976.7664446587901,nan,720.0687850122964
5.86,24.378108605700753,0.007103236947488603,3431.971759624293,0.1,0.17166985790487896,2.0,904.5059811708129,nan,719.7271452273228
5.87,23.930791319735082,0.007158180642996245,3343.138782499099,0.1,0.17191172074067343,2.0,826.4212176189586,nan,719.3917717101928
5.88,23.468211366672527,0.007216066034663819,3252.2168247821282,0.1,0.17215202136322852,2.0,741.4931271106776,nan,719.0629179825913
5.89,22.99235242825632,0.00727671980020316,3159.713862778445,0.1,0.17239069314636915,2.0,647.9336969638371,nan,718.7408345075121
5.9,22.505163052644672,0.007339964762981732,3066.1132279744547,0.1,0.17262766990489894,2.0,542.4375854603799,nan,718.4257685994727
5.91,22.00854538388889,0.007405620717401572,2971.870451341597,0.1,0.17286288593376675,2.0,418.36185005247637,nan,718.1179643340506
5.92,21.50434586619396,0.0074735052003095685,2877.4109724715527,0.1,0.1730962760466546,2.0,264.0175416231868,nan,717.8176624620133
5.93,20.99434782191145,0.007543434191353906,2783.1286506051374,0.1,0.17332777561576854,2.0,129.45035935322878,nan,717.5251003205625
5.94,20.480265785317165,0.007615222741817044,2689.3849962989307,0.1,0.17355732061097587,2.0,82.77041442506497,nan,717.2405117492248
5.95,19.963741468088593,0.007688685541264522,2596.509034079348,0.1,0.17378484763950186,2.0,62.87222090889103,nan,716.9641270052331
5.96,19.446341231432,0.007763637433467137,2504.7977057253593,0.1,0.17401029398562087,2.0,51.27782609999433,nan,716.6961726806059
5.97,18.929554939441342,0.007839893891784144,2414.5167269774743,0.1,0.1742335976499362,2.0,43.372062554826044,nan,716.4368716224385
5.98,18.414796067505424,0.007917271461716065,2325.9018156128786,0.1,0.17445469738937783,2.0,37.4652666208431,nan,716.1864428515977
5.99,17.9034029415415,0.007995588172994447,2239.1602161315986,0.1,0.17467353275659037,2.0,32.77453905699287,nan,715.9451014851614
6.0,17.396640985959184,0.008074663921604195,2154.472452954177,0.1,0.17489004413953274,2.0,28.873768623677055,nan,715.7130586590762
6.01,16.895705864469967,0.008154320821819685,2071.9942511042373,0.1,0.1751041728004655,2.0,25.49438139367408,nan,715.4905214541097
6.0200000000000005,16.401727415643034,0.008234383522003638,1991.8585734821434,0.1,0.17531586091496842,2.0,22.424592522354008,nan,715.2776928224754
6.03,15.915774309824613,0.008314679477472782,1914.1777326408928,0.1,0.17552505161152088,2.0,19.372625627006705,nan,715.0747715129448
6.04,15.438859394751969,0.008395039180817413,1839.0455437098638,0.1,0.17573168900935926,2.0,15.63557249311993,nan,714.8819520030717
6.05,14.971945780675105,0.008475296342599237,1766.539502037453,0.1,0.17593571825673915,2.0,14.75600847426871,nan,714.6994244301707
6.0600000000000005,14.515953859921135,0.008555288011724366,1696.7229905092772,0.1,0.17613708556898758,2.0,13.957995641430374,nan,714.5273745232798
6.07,14.071769723671746,0.008634854632378293,1629.6475531743802,0.1,0.17633573826562446,2.0,13.226766936956833,nan,714.3659835387259
6.08,13.640255986665611,0.008713840030416706,1565.3553357707576,0.1,0.1765316248073974,2.0,12.550709645077065,nan,714.2154281958541
6.09,13.2222671950659,0.008792091321363986,1503.8819220333833,0.1,0.1767246948326861,2.0,11.920467968571813,nan,714.0758806148787
6.1000000000000005,12.818674659803957,0.008869458734246808,1445.2600822537697,0.1,0.17691489919306497,2.0,11.32831199862443,nan,713.9475082575162
6.11,12.430412223051574,0.00894579534423499,1389.525664821094,0.1,0.1771021899886226,2.0,10.767671854313363,nan,713.830473867904
6.12,12.058572983537715,0.009020956710064795,1336.7288383153211,0.1,0.17728652060226127,2.0,10.23276998174473,nan,713.7249354166706
6.13,11.704645923998733,0.009094800415084441,1286.9601739237353,0.1,0.17746784573348293,2.0,9.718300703990622,nan,713.631046046025
6.140000000000001,11.371204771302766,0.00916718551696416,1240.4248556178993,0.1,0.1776461214314805,2.0,9.219108084213756,nan,713.5489540164157
6.15,11.06442119184963,0.009237971923650487,1197.7110650794664,0.1,0.1778213051270624,2.0,8.729797758490983,nan,713.4788026564281
6.16,10.805863193539665,0.009307019728197701,1161.044406170203,0.1,0.1779933556640968,2.0,8.244169412264451,nan,713.4207303131127
6.17,10.669122276935923,0.009374188564651822,1138.1382189352405,0.1,0.17816223332980574,2.0,7.754220869724481,nan,713.3748703051812
6.18,10.674408374181528,0.009439337087244853,1130.8430110633083,0.1,0.17832789988413622,2.0,7.248062665500615,nan,713.3413508780475
6.19,10.721445776651043,0.00950232273209757,1128.297373066002,0.1,0.17849031858841125,2.0,6.70455212215556,nan,713.3202951597868
6.2,10.77120438767181,0.009563002001709023,1126.3413294012557,0.1,0.17864945423251147,2.0,8.078808476256786,nan,713.3118211207569
6.21,10.815409950497683,0.00962123159606891,1124.1190737905838,0.1,0.17880527316130443,2.0,8.57473496756072,nan,713.3160415339931
6.22,10.852315193593832,0.009676870801812848,1121.4694725035265,0.1,0.17895774329992098,1.0,8.854231892066084,nan,713.3330639377778
6.23,10.881872172458365,0.009729785596575466,1118.4082181922274,0.1,0.17910683417772028,1.0,9.035869148191336,nan,713.3629906008673
6.24,10.904564377238612,0.00977985483614981,1115.0026825481577,0.1,0.1792525169511483,1.0,9.159977744069154,nan,713.4059184894752
6.25,10.92104457176874,0.009826978616782275,1111.3328926062834,0.1,0.1793947644256852,1.0,9.245819452669643,nan,713.4619392351491
6.26,10.93200139302465,0.009871088363571113,1107.4768040137092,0.1,0.17953355107602695,1.0,9.304287710275469,nan,713.5311391066801
6.2700000000000005,10.938104921873693,0.009912157368128255,1103.5039614125064,0.1,0.17966885306528887,1.0,9.342232849738663,nan,713.6135989829619
6.28,10.939983749303051,0.009950209670781736,1099.4726856286993,0.1,0.17980064826291678,1.0,9.364299816691853,nan,713.7093943278803
6.29,10.938215900215527,0.009985324805934975,1095.4291535628547,0.1,0.17992891626119487,1.0,9.373827435591547,nan,713.8185951675683
6.3,10.93332641529184,0.01001763637237322,1091.4077941024013,0.1,0.18005363839031932,1.0,9.37333497627393,nan,713.941266070063
6.3100000000000005,10.925788384060683,0.010047323800316916,1087.4326936408736,0.1,0.18017479773215753,1.0,9.364806654338306,nan,714.0774661268318
6.32,10.916025735099407,0.010074598637598136,1083.5196644321975,0.1,0.1802923791327966,1.0,9.349869138391917,nan,714.2272489357081
6.33,10.90441687516135,0.010099688206748397,1079.6785655100969,0.1,0.18040636921338096,1.0,9.329909109306312,nan,714.3906625870494
6.34,10.891298793287845,0.010122819856594113,1075.9155005799234,0.1,0.18051675637957226,1.0,9.30615599279052,nan,714.5677496518256
6.3500000000000005,10.876971428053178,0.010144208300383794,1072.2346294527154,0.1,0.18062353082967592,1.0,9.279744243390839,nan,714.7585471714118
6.36,10.861702134290669,0.010164047250133102,1068.6394766758322,0.1,0.1807266845612348,1.0,9.251764024062954,nan,714.9630866497951
6.37,10.845730190422062,0.010182505313211425,1065.1337619583785,0.1,0.18082621137615254,1.0,9.223306203205276,nan,715.1813940479284
6.38,10.829271431878256,0.010199725294526509,1061.7218718321346,0.1,0.18092210688432475,1.0,9.195506072986703,nan,715.413489780289
6.390000000000001,10.812523134730547,0.01021582577961913,1058.4091162069196,0.1,0.18101436850578545,1.0,9.169589481255448,nan,715.6593887136003
6.4,10.795669259107342,0.010230904012982633,1055.2018908014427,0.1,0.18110299547137898,1.0,9.14692484017539,nan,715.9191001676701
6.41,10.778886382634214,0.010245039273466316,1052.1078636126374,0.1,0.18118798882196976,1.0,9.129084504724707,nan,716.1926279182953
6.42,10.76235084482233,0.010258296194892845,1049.13629323556,0.1,0.1812693514060854,1.0,9.117919058793774,nan,716.4799702026031
6.43,10.74624774750721,0.010270727794058132,1046.2985645208296,0.1,0.18134708787615048,1.0,9.115647702386726,nan,716.7811197263136
6.44,10.730782972869473,0.01028237808368619,1043.6090645115173,0.1,0.18142120468324094,1.0,9.124966449304273,nan,717.0960636731529
6.45,10.716200142541894,0.01029328422498936,1041.0865869734564,0.1,0.18149171007025747,1.0,9.149171850567386,nan,717.4247837168597
6.46,10.70280566189232,0.010303478241818598,1038.756564599028,0.1,0.18155861406372228,1.0,9.192289251749665,nan,717.7672560350404
6.47,10.691007126803372,0.01031298832111626,1036.6546333532738,0.1,0.18162192846418085,2.0,9.259178433677985,nan,718.1234513249864
6.48,10.681373778165272,0.01032183976538874,1034.8323575010459,0.1,0.18168166683518455,2.0,9.355564688821426,nan,718.493334821599
6.49,10.674732756579566,0.010330055695580004,1033.3664281352364,0.1,0.1817378444908318,2.0,9.487916151605143,nan,718.876866317565
6.5,10.672319948057039,0.010337657624165114,1032.3731290064807,0.1,0.18179047848184648,2.0,9.66308148845385,nan,719.2740001859336
6.51,10.675998494759748,0.010344665987898129,1032.0293093319044,0.1,0.18183958758017316,2.0,9.887657384874057,nan,719.684685405245
6.5200000000000005,10.688501764603881,0.010351100394710896,1032.5957006527913,0.1,0.18188519226222447,2.0,10.167200099700727,nan,720.1088655867754
6.53,10.71345978685817,0.010356979658279192,1034.4193133848644,0.1,0.1819273146915433,2.0,10.505570761158943,nan,720.5464790010788
6.54,10.754643070821343,0.0103623218985948,1037.860353699275,0.1,0.18196597869890158,2.0,10.904747075294107,nan,720.9974586114839
6.55,10.814122152549363,0.010367144492188783,1043.1148288419593,0.1,0.18200120976252662,2.0,11.36523662131556,nan,721.4617321043371
6.5600000000000005,10.890735650423416,0.01037146410737816,1050.0673326031038,0.1,0.18203303498614645,2.0,11.886922243767211,nan,721.939221924913
6.57,10.980789119732577,0.010375296934312318,1058.3590223252143,0.1,0.1820614830758266,2.0,12.470017014935461,nan,722.4298453154174
6.58,11.080076981092974,0.010378658793339624,1067.5827389376627,0.1,0.18208658431579144,2.0,13.11588744594613,nan,722.9335143544629
6.59,11.185160337537974,0.010381565097940531,1077.4059818549765,0.1,0.18210837054322954,2.0,13.827684244989554,nan,723.450135998129
6.6000000000000005,11.293593229221582,0.010384030712189862,1087.5924332507973,0.1,0.1821268751220788,2.0,14.610855441734737,nan,723.9796121227514
6.61,11.403713072303539,0.010386069750795696,1097.9815604868127,0.1,0.182142132915794,2.0,15.47367353234207,nan,724.5218395695513
6.62,11.514388645815126,0.010387695376651433,1108.4642192816107,0.1,0.18215418025909375,2.0,16.427924626602536,nan,725.07671019125
6.63,11.624833362538554,0.010388919657043562,1118.9646032787498,0.1,0.18216305492868956,2.0,17.489929541703127,nan,725.6441109007918
6.640000000000001,11.73448400813294,0.010389753545215203,1129.428523695543,0.1,0.1821687961129964,2.0,18.682129962766037,nan,726.2239237223185
6.65,11.842924880404624,0.010390207058909038,1139.8160607636746,0.1,0.18217144438082727,2.0,20.035616512128982,nan,726.8160258445262
6.66,11.949840353992032,0.01039028973213908,1150.0969330074574,0.1,0.1821710416490732,2.0,21.59427427418292,nan,727.4202896765496
6.67,12.054984758035733,0.010390011420728838,1160.2474982833176,0.1,0.18216763114937123,2.0,23.421846840019867,nan,728.0365829065129
6.68,12.158162849555184,0.01038938244441561,1170.2488492076168,0.1,0.1821612573937629,2.0,25.614599979708288,nan,728.6647685628927
6.69,12.25921687005698,0.010388411759923557,1180.0857680045588,0.1,0.18215196614196205,2.0,28.325551935559186,nan,729.3047050689305
6.7,12.35801766610334,0.010387106144522583,1189.7459691042125,0.1,0.18213980436834332,2.0,31.814845033467943,nan,729.9562462973201
6.71,12.454458414689897,0.010385471729305058,1199.21932670104,0.1,0.1821248202228764,2.0,36.56614540859094,nan,730.6192416472169
6.72,12.548450156909198,0.010383514342216788,1208.4974068837482,0.1,0.18210706299635576,2.0,43.593759545456535,nan,731.2935361045933
6.73,12.639918533233784,0.010381239099649553,1217.5732021874421,0.1,0.18208658308355508,2.0,55.37361391795418,nan,731.9789703101732
6.74,12.728801318970516,0.010378650606434161,1226.4408738337715,0.1,0.18206343194595925,2.0,78.34495594191797,nan,732.6753806288374
6.75,12.815046537800436,0.01037575304323049,1235.0955621636954,0.1,0.18203766207411776,2.0,118.5017637222899,nan,733.3825992204788
6.76,12.898610989268986,0.01037255016513393,1243.5332472650846,0.1,0.18200932694965336,2.0,161.66321337590972,nan,734.1004541123287
6.7700000000000005,12.97945907827924,0.010369045240562159,1251.7506460002248,0.1,0.18197848100695913,2.0,198.84917762068463,nan,734.8287692727719
6.78,13.057561868857208,0.010365240960566173,1259.7451345833426,0.1,0.18194517959461845,2.0,230.72217437901912,nan,735.567364686659
6.79,13.132896307250375,0.010361139349780514,1267.514687709376,0.1,0.18190947893657786,2.0,258.68393507361054,nan,736.3160564321531
6.8,13.205444574863098,0.01035674171113687,1275.0578264072128,0.1,0.181871436093107,2.0,283.7083759981181,nan,737.0746567591087
6.8100000000000005,13.275193542167932,0.010352048637623918,1282.3735674811278,0.1,0.18183110892157492,2.0,306.4409499128253,nan,737.842974169022
6.82,13.342134302172605,0.010347060125153072,1289.4613678467656,0.1,0.18178855603707464,2.0,327.32356392311476,nan,738.6208134965557
6.83,13.406261767304601,0.010341775821566673,1296.3210572933972,0.1,0.18174383677292413,2.0,346.671055401935,nan,739.407975992674
6.84,13.467574317379146,0.010336195447517625,1302.9527533376474,0.1,0.18169701114107295,2.0,364.7158691227766,nan,740.2042594093997
6.8500000000000005,13.52607348933668,0.010330319402243753,1309.3567548742787,0.1,0.1816481397924429,2.0,381.6348536140471,nan,741.0094580862183
6.86,13.581763714007328,0.01032414831812377,1315.5335719233033,0.1,0.18159728397725927,2.0,397.5659612367686,nan,741.8233630380341
6.87,13.63465209063034,0.010317681620182227,1321.484088437062,0.1,0.18154450550710113,2.0,412.6192141970839,nan,742.6457620382033
6.88,13.68474816774741,0.010310917734703799,1327.2095190603836,0.1,0.18148986671541134,2.0,426.8839390896201,nan,743.4764397090961
6.890000000000001,13.732063738008813,0.010303855169203431,1332.7112534589721,0.1,0.18143343041782903,2.0,440.43372967317055,nan,744.3151776152104
6.9,13.776612662677534,0.01029649249793269,1337.990841584508,0.1,0.18137525987379058,2.0,453.3300502586066,nan,745.1617543534119
6.91,13.818410712837919,0.010288828183758885,1343.0500020061127,0.1,0.18131541874798493,2.0,465.6248248087935,nan,746.0159456457643
6.92,13.857475421362773,0.010280860670363778,1347.8905964856774,0.1,0.18125397107210528,2.0,477.3623580571308,nan,746.87752443336
6.93,13.893825947022503,0.010272588423613113,1352.5146120996558,0.1,0.18119098120692873,2.0,488.5807876045551,nan,747.7462609711183
6.94,13.927482949069535,0.010264009935984229,1356.9241491321698,0.1,0.18112651380475284,2.0,499.3131997071752,nan,748.621922923523
6.95,13.958468470905569,0.010255123708073023,1361.1214128911192,0.1,0.18106063377221607,2.0,509.58849926161645,nan,749.5042754612716
6.96,13.986805831660115,0.010245928221099022,1365.1087075603025,0.1,0.18099340623352983,2.0,519.4320969357005,nan,750.3930813588061
6.97,14.012519524687185,0.010236421914486026,1368.8884301317662,0.1,0.18092489649414673,2.0,528.8664579903316,nan,751.2881010926915
6.98,14.03563512213233,0.010226603182507635,1372.4630624311262,0.1,0.18085517000488927,2.0,537.9115447997282,nan,752.1890929408154
6.99,14.056179184841701,0.010216470403929067,1375.835159218584,0.1,0.1807842923265608,2.0,546.5851763831848,nan,753.0958130823806
7.0,14.074179176982998,0.010206022018390774,1379.0073303410463,0.1,0.18071232909506135,2.0,554.9033221284564,nan,754.008015698652
7.01,14.089663384829615,0.010195256663036565,1381.982214916906,0.1,0.18063934598702708,2.0,562.8803424676007,nan,754.9254530744331
7.0200000000000005,14.102660839226822,0.010184173382446402,1384.7624455740693,0.1,0.1805654086860121,2.0,570.5291860752097,nan,755.8478757002408
7.03,14.113201242259878,0.010172771792193598,1387.3506189424297,0.1,0.18049058284923095,2.0,577.8615507868979,nan,756.775032375141
7.04,14.121314901753657,0.010161051628934761,1389.74935050439,0.1,0.18041493407495074,2.0,584.8880332263734,nan,757.7066703099252
7.05,14.127032668490441,0.010149012330838567,1391.961326676523,0.1,0.18033852787077198,2.0,591.6183197596881,nan,758.6425352297082
7.0600000000000005,14.130385870223714,0.010136653485137703,1393.9892382571422,0.1,0.1802614296220036,2.0,598.0612149760277,nan,759.5823714790706
7.07,14.131406250337568,0.01012397503365789,1395.835746666372,0.1,0.18018370456101046,2.0,604.2247557808416,nan,760.5259221263301
7.08,14.130125911642132,0.01011097711382786,1397.5035006574833,0.1,0.18010541773715352,2.0,610.1162908348011,nan,761.4729290684494
7.09,14.126577261167704,0.010097660102409214,1398.995125395162,0.1,0.18002663398738655,2.0,615.7425457881718,nan,762.4231331363188
7.1000000000000005,14.120792957282234,0.010084024658931627,1400.3132117269427,0.1,0.1799474179075386,2.0,621.109680692154,nan,763.3762742002915
7.11,14.112805859205382,0.010070071740702995,1401.4603095787043,0.1,0.179867833824288,2.0,626.2233407138499,nan,764.3320912759477
7.12,14.102648978769128,0.010055802596177606,1402.4389245797051,0.1,0.17978794576783663,2.0,631.0887010590569,nan,765.2903226300318
7.13,14.090355434296018,0.010041218743377926,1403.2515170121608,0.1,0.17970781744528933,2.0,635.7105068118298,nan,766.2507058865314
7.140000000000001,14.07595840648324,0.010026321939993962,1403.9005021707608,0.1,0.17962751221474396,1.0,640.0931082631272,nan,767.2129781328503
7.15,14.059491096194972,0.010011114151760488,1404.3882512040443,0.1,0.17954709306009567,1.0,644.2404921459521,nan,768.1768760260362
7.16,14.04098668407788,0.009995597525505441,1404.7170915245388,0.1,0.17946662256655793,1.0,648.1563091199517,nan,769.1421358990199
7.17,14.020478291925189,0.009979774373026933,1404.8893058964702,0.1,0.1793861628969029,1.0,651.8438977475222,nan,770.1084938668185
7.18,13.997998945722463,0.009963647171761672,1404.9071293285747,0.1,0.1793057757684216,1.0,655.3063051264442,nan,771.0756859326647
7.19,13.973581540315962,0.009947218587841165,1404.7727429450842,0.1,0.17922552243060416,1.0,658.5463042905535,nan,772.0434480940089
7.2,13.947258805649337,0.009930491526730137,1404.4882640609655,0.1,0.17914546364353912,1.0,661.5664084205357,nan,773.01151644836
7.21,13.919063274518765,0.009913469216210629,1404.0557317470798,0.1,0.17906565965703122,1.0,664.368881877911,nan,773.979627298904
7.22,13.889027251799899,0.009896155325910594,1403.4770872517506,0.1,0.1789861701904342,1.0,666.9557480079939,nan,774.9475172598675
7.23,13.857182786066673,0.00987855399186334,1402.7541680169393,0.1,0.1789070544131965,1.0,669.3287936456821,nan,775.9149233615681
7.24,13.823561646268697,0.009860669379552751,1401.8887678085491,0.1,0.17882837092609505,1.0,671.4895885608529,nan,776.8815831551877
7.25,13.788195299190287,0.009842505403263844,1400.8826751182708,0.1,0.1787501777431549,1.0,673.4395343307676,nan,777.8472348171949
7.26,13.75111488380955,0.009824066137697929,1399.7376128243213,0.1,0.1786725322743675,1.0,675.1798145937179,nan,778.8116172529469
7.2700000000000005,13.712351189320897,0.009805355969008955,1398.4552149519595,0.1,0.17859549130898977,1.0,676.711417980735,nan,779.7744702002271
7.28,13.671934637337955,0.009786379430805217,1397.0370486864556,0.1,0.17851911099955178,1.0,678.0351434272593,nan,780.7355343321457
7.29,13.629895265037224,0.009767141184428493,1395.4846159864078,0.1,0.1784434468465375,2.0,679.1516030566594,nan,781.6945513594687
7.3,13.586262710276308,0.009747646007202813,1393.7993542478903,0.1,0.17836855368372717,2.0,680.0612243494822,nan,782.651264132344
7.3100000000000005,13.541066198848366,0.009727898777071106,1391.9826376858473,0.1,0.17829448566419087,2.0,680.7642515849915,nan,783.6054167413832
7.32,13.494334533956401,0.00970790445471477,1390.0357792873315,0.1,0.1782212962469226,2.0,681.260746534868,nan,784.5567546180628
7.33,13.446096088004548,0.009687668064256586,1387.9600331905444,0.1,0.1781490381841033,2.0,681.5505883568021,nan,785.505024634403
7.34,13.39637879681968,0.009667194673641745,1385.7565973452263,0.1,0.17807776350898205,2.0,681.6334726099559,nan,786.4499752018855
7.3500000000000005,13.345210156434607,0.009646489375795642,1383.4266163107545,0.1,0.17800752352436439,2.0,681.5089093228528,nan,787.3913563695629
7.36,13.292617222585369,0.009625557271681592,1380.9711840468992,0.1,0.17793836879169492,2.0,681.1762199730676,nan,788.3289199213255
7.37,13.238626613099484,0.009604403456272814,1378.3913465706287,0.1,0.1778703491207237,2.0,680.6345332701957,nan,789.2624194722778
7.38,13.183264513380964,0.009583033008475357,1375.6881043529243,0.1,0.17780351355974386,2.0,679.8827796025103,nan,790.1916105641826
7.390000000000001,13.126556685231389,0.009561450985991942,1372.8624143409327,0.1,0.17773791038638906,2.0,678.9196839676464,nan,791.1162507599274
7.4,13.068528479380536,0.00953966241730209,1369.9151927722453,0.1,0.17767358709897824,2.0,677.7437572465603,nan,792.0360997369711
7.41,13.009204852485679,0.009517672253250115,1366.8473242544435,0.1,0.17761059040837313,2.0,676.3532892681077,nan,792.9509193798311
7.42,12.948610388667285,0.009495485317971418,1363.659671418836,0.1,0.17754896623029975,2.0,674.7463477283912,nan,793.8604738717279
7.43,12.886769325401621,0.009473106322903107,1360.3530759752277,0.1,0.17748875967828887,2.0,672.9207569006701,nan,794.7645297845798
7.44,12.82370558509802,0.009450539869906788,1356.928361937539,0.1,0.17743001505700887,2.0,670.8740900611748,nan,795.6628561682966
7.45,12.7594428134124,0.00942779041476213,1353.3863452706305,0.1,0.1773727758561026,2.0,668.6036550338833,nan,796.5552246387365
7.46,12.694004424727238,0.009404862236724949,1349.7278434508644,0.1,0.17731708474448252,2.0,666.1064779602445,nan,797.4414094644529
7.47,12.627413655862737,0.009381759417323018,1345.9536846091744,0.1,0.17726298356506553,2.0,663.379285569542,nan,798.3211876522131
7.48,12.559693629388455,0.009358485824456308,1342.0647169830088,0.1,0.17721051332993318,2.0,660.4184856955302,nan,799.194339031256
7.49,12.490867428220271,0.009335045099045113,1338.0618192726213,0.1,0.1771597142159025,2.0,657.2201456524364,nan,800.0606463362553
7.5,12.420958183609905,0.009311440641875446,1333.9459124885923,0.1,0.1771106255604935,2.0,653.779968081521,nan,800.9198952889566
7.51,12.349989179187725,0.009287675598773032,1329.717973872736,0.1,0.1770632858582798,2.0,650.0932637603113,nan,801.771874678449
7.5200000000000005,12.277983974456243,0.009263752842717259,1325.3790534911168,0.1,0.17701773275760752,2.0,646.1549208299432,nan,802.6163764400459
7.53,12.204966552118691,0.009239674951866207,1320.9302941607878,0.1,0.17697400305767108,2.0,641.9593698057855,nan,803.4531957327288
7.54,12.130961494967476,0.009215444182964145,1316.372955455909,0.1,0.1769321327059314,2.0,637.5005436751862,nan,804.2821310151271
7.55,12.055994199896844,0.009191062440037895,1311.7084426908907,0.1,0.1768921567958651,2.0,632.7718322716169,nan,805.102984119992
7.5600000000000005,11.980091139162422,0.009166531238639893,1306.9383420265306,0.1,0.17685410956503167,2.0,627.7660300379896,nan,805.9155603271361
7.57,11.903280182408613,0.009141851679456515,1302.0644613123131,0.1,0.17681802439344796,2.0,622.4752761552882,nan,806.7196684347881
7.58,11.825590997611084,0.009117024472339441,1297.0888729639025,0.1,0.17678393380222152,2.0,616.8909906540056,nan,807.5151208295316
7.59,11.747055557940875,0.009092049950468889,1292.013970659616,0.1,0.17675186945236185,2.0,611.003812369486,nan,808.3017335551431
7.6000000000000005,11.667708792737306,0.009066928021546915,1286.8425518554707,0.1,0.17672186214404645,2.0,604.8034969415761,nan,809.0793263787704
7.61,11.58758943502372,0.00904165814083754,1281.57792017011,0.1,0.17669394181598422,2.0,598.2788235158646,nan,809.8477228562646
7.62,11.506741144334661,0.00901623929581003,1276.2240183312351,0.1,0.17666813754506777,2.0,591.4174780037487,nan,810.6067503955634
7.63,11.425214022839134,0.008990669975195606,1270.785609343931,0.1,0.17664447754624232,2.0,584.2059176596173,nan,811.3562403184106
7.640000000000001,11.343066703102695,0.008964948154714871,1265.26852217624,0.1,0.17662298917257307,2.0,576.6292136826826,nan,812.0960279204236
7.65,11.260369286053999,0.00893907129480581,1259.6799952358604,0.1,0.17660369891550062,2.0,568.6708665611346,nan,812.8259525294804
7.66,11.177207572760379,0.008913036343745354,1254.0291704974238,0.1,0.1765866324052751,2.0,560.3125875204744,nan,813.5458575623901
7.67,11.093689313387737,0.008886839740805404,1248.3278237199684,0.1,0.1765718144115591,2.0,551.5340376547581,nan,814.2555905798266
7.68,11.009953682491952,0.008860477415226596,1242.5914729573728,0.1,0.1765592688441919,2.0,542.312514022418,nan,814.9550033394847
7.69,10.926186052280414,0.008833944777940026,1236.8411085798382,0.1,0.17654901875410547,2.0,532.6225687672834,nan,815.6439518474333
7.7,10.842641694432919,0.008807236703907761,1231.105971027445,0.1,0.17654108633438562,2.0,522.4355430512505,nan,816.322296407635
7.71,10.759684877222787,0.008780347503896866,1225.428136238054,0.1,0.17653549292147064,2.0,511.7189915012556,nan,816.9899016695985
7.72,10.677854874394948,0.008753270887415425,1219.87026469688,0.1,0.1765322589964811,2.0,500.43596436320746,nan,817.6466366741332
7.73,10.597978536344643,0.00872599999853018,1214.5288262812035,0.1,0.17653140418666916,2.0,488.5441027660472,nan,818.2923748972042
7.74,10.521357728068297,0.008698527509811477,1209.5561824918948,0.1,0.17653294726678695,2.0,475.9945021483248,nan,818.9269942928931
7.75,10.45004703587663,0.00867084563092045,1205.1935279082243,0.1,0.17653690616075726,2.0,462.7302118662006,nan,819.5503773333645
7.76,10.38711295819402,0.008642946091981537,1201.8023539254314,0.1,0.17654329794334714,2.0,448.68426918257796,nan,820.1624110473372
7.7700000000000005,10.336368990746601,0.008614820163994025,1199.8357242496895,0.1,0.17655213884191012,2.0,433.7770675371595,nan,820.7629870567291
7.78,10.300795919718873,0.008586458670794828,1199.6559134157403,0.1,0.1765634442382369,2.0,417.9127520206917,nan,821.352001611181
7.79,10.280422349296076,0.008557852015967973,1201.2853611062665,0.1,0.17657722867044068,2.0,400.9741748531735,nan,821.9293556207914
7.8,10.272420033542163,0.008528990240189913,1204.4122157787144,0.1,0.17659350583487812,2.0,382.8156406005965,nan,822.4949546870178
7.8100000000000005,10.273241726347974,0.008499863096871932,1208.6361402842676,0.1,0.17661228858810396,2.0,363.25214037864873,nan,823.0487091317126
7.82,10.280080304974446,0.008470460135829735,1213.6389452433739,0.1,0.17663358894886094,2.0,342.0427821753712,nan,823.5905340242438
7.83,10.291078530202729,0.008440770786349085,1219.210755828848,0.1,0.17665741810010452,2.0,318.86417458993577,nan,824.1203492066701
7.84,10.305076763588204,0.008410784432237884,1225.2218382972276,0.1,0.17668378639106494,2.0,293.2654881598183,nan,824.6380793169237
7.8500000000000005,10.321354215088272,0.00838049047242945,1231.5930969725423,0.1,0.17671270333934735,2.0,264.58822581911517,nan,825.1436538099641
7.86,10.339455578078878,0.008349878361192841,1238.2761916787745,0.1,0.17674417763307312,2.0,231.81546235784032,nan,825.6370069768609
7.87,10.359086859275621,0.008318937642856532,1245.2415565551166,0.1,0.1767782171330652,2.0,193.2944071358534,nan,826.1180779617665
7.88,10.38005390622688,0.008287658150417505,1252.4712913869364,0.1,0.17681482887501815,2.0,146.57236469455418,nan,826.5868107770609
7.890000000000001,10.402225663983183,0.008256030279929768,1259.9548828291934,0.1,0.17685401907124818,2.0,93.99712358404345,nan,827.0431543187531
7.9,10.425511927244036,0.008224045063340402,1267.6866246413117,0.1,0.17689579311309345,2.0,59.6263050260722,nan,827.4870623765445
7.91,10.449849382650084,0.008191694229410582,1275.6639945290028,0.1,0.1769401555729915,2.0,44.440665773794656,nan,827.9184936436089
7.92,10.475192430528402,0.00815897035620208,1283.8865657313775,0.1,0.1769871102066053,2.0,36.41845174731707,nan,828.3374117241672
7.930000000000001,10.501506983574611,0.00812586700829924,1292.3552616415018,0.1,0.17703665995494663,2.0,31.361081339332436,nan,828.743785139086
7.94,10.528766071089802,0.008092378880001694,1301.0718142608268,0.1,0.17708880694646317,2.0,27.810352929721265,nan,829.1375873296751
7.95,10.556946560812086,0.008058501937375399,1310.0383474314103,0.1,0.17714355249909955,2.0,25.14025034568232,nan,829.5187966596209
7.96,10.586026590741596,0.008024233534243088,1319.2570412571072,0.1,0.17720089712234532,2.0,23.03643699818834,nan,829.8873964149935
7.97,10.615983458225951,0.007989572472855411,1328.729853104628,0.1,0.17726084051928045,2.0,21.322891800965742,nan,830.2433748022739
7.98,10.646791808229587,0.007954518973841137,1338.458283051701,0.1,0.17732338158863176,2.0,19.893147575242637,nan,830.5867249443342
7.99,10.678422022131828,0.00791907451168525,1348.4431806235607,0.1,0.17738851842685374,2.0,18.679236555768483,nan,830.9174448743119
8.0,10.639794718927565,0.007930962081997497,1341.5515808704786,0.1,0.1774562483302472,2.0,17.636250431862145,nan,831.2355375273199
0.0,1.0,1.0,1.0,1.0,1.0,1.0,2.2691612964180767,nan,3.226631343333783
0.01,1.3156425952187285,0.753408768918645,1.7462533613818276,1.0,1.003520794400882,1.0,2.251058602563724,nan,3.235205404451929
0.02,1.6872084953076596,0.5822799759363556,2.897589759281152,1.0,1.0068506807394293,1.0,2.2341282220584633,nan,3.2442669869911187
0.03,2.090473997777128,0.465748880327811,4.488414435491023,1.0,1.0099935868545225,1.0,2.218289670680742,nan,3.253807889581552
0.04,2.505790611653915,0.3850458951029669,6.507771264471811,1.0,1.012953500478344,1.0,2.2034821727055665,nan,3.263820058040953
0.05,2.9197686007399524,0.3274424645142332,8.916890498828494,1.0,1.0157344644965602,1.0,2.189661313202412,nan,3.2742955682913575
0.06,3.323987629181336,0.28498136477365904,11.663877151480937,1.0,1.0183405719813279,1.0,2.1767963502434973,nan,3.2852266107925874
0.07,3.7132458351939173,0.2527444771528996,14.691699209504634,1.0,1.0207759610376075,1.0,2.16486803866244,nan,3.2966054763647574
0.08,4.0843260873354446,0.22763677338389332,17.942294764684252,1.0,1.0230448095013147,1.0,2.1538668541021426,nan,3.3084245432871606
0.09,4.435247378231792,0.20765444878056383,21.358788141922656,1.0,1.0251513295262462,1.0,2.1437915331018793,nan,3.320676265569677
0.1,4.764824206695665,0.19146004665458347,24.88678076680912,1.0,1.0270997620943085,1.0,2.134647864875648,nan,3.333353162305223
0.11,5.072403767850693,0.1781343974412035,28.475150452202428,1.0,1.0288943714821828,1.0,2.1264476852453247,nan,3.3464478080184112
0.12,5.357704215749215,0.16702864999008307,32.07655821960673,1.0,1.0305394397158676,1.0,2.119208034331989,nan,3.3599528239311276
0.13,5.620711194351789,0.15767361129584284,35.64776089136218,1.0,1.0320392610417544,1.0,2.1129504480662717,nan,3.3738608700781585
0.14,5.861608854734201,0.14972263899492816,39.14978318631401,1.0,1.0333981364423666,1.0,2.107700360072564,nan,3.388164638203195
0.15,6.080731935512605,0.14291469514913357,42.5479824112368,1.0,1.0346203682205894,1.0,2.103486595494954,nan,3.402856845383857
0.16,6.278531149700127,0.13704983913152236,45.81202859840515,1.0,1.0357102546763626,1.0,2.1003409422732275,nan,3.4179302283258433
0.17,6.455547274652227,0.13197259332221273,48.91581738407556,1.0,1.0366720848971434,1.0,2.098297788479027,nan,3.433377538278038
0.18,6.612391136811893,0.12756041239677698,51.837329564630394,1.0,1.0375101336804708,1.0,2.0973938167797908,nan,3.449191536526124
0.19,6.7497277305896946,0.12371553543783688,54.558448999165655,1.0,1.0382286566072212,1.0,2.097667749106643,nan,3.4653649904159076
0.2,6.868263336183643,0.12035912677274671,57.06474880921822,1.0,1.038831885279162,1.0,2.0991601361799237,nan,3.4818906698761665
0.21,6.968734885028853,0.1174269948012468,59.34525444361335,1.0,1.0393240227354028,1.0,2.1019131878851947,nan,3.4987613444001733
0.22,7.051901062010381,0.11486641783485683,61.3921909896144,1.0,1.03970923905866,1.0,2.1059706415742294,nan,3.5159697804521954
0.23,7.11853478643701,0.11263375906137973,63.20072104277161,1.0,1.0399916671816645,1.0,2.111377666249102,nan,3.533508739271737
0.24,7.169416815081554,0.1106926523675835,64.76867851421301,1.0,1.040175398901528,1.0,2.1181808013639127,nan,3.551370975044299
0.25,7.205330277419659,0.10901260678287068,66.0963028961513,1.0,1.0402644811089543,1.0,2.126427929625559,nan,3.569549233410929
0.26,7.227055998002301,0.10756792180847853,67.18597771991783,1.0,1.040262912236553,1.0,2.1361682837092606,nan,3.5880362502978413
0.27,7.235368494230735,0.1063368363193827,68.04197627715108,1.0,1.040174638930814,1.0,2.1474524873470946,nan,3.6068247510372684
0.28,7.23103256036724,0.10530085486917216,68.67021705902782,1.0,1.0400035529482847,1.0,2.160332631720903,nan,3.6259074497606436
0.29,7.21480036345931,0.10444421012920323,69.07803079303491,1.0,1.039753488279266,1.0,2.1748623885219045,nan,3.6452770490426283
0.3,7.187408990319191,0.10375343077711757,69.27394049994486,1.0,1.0394282184964017,1.0,2.1910971615505415,nan,3.664926239780824
0.31,7.149578394423071,0.10321699179034395,69.26745558469106,1.0,1.0390314543285282,1.0,2.2090942792723514,nan,3.6848477012870435
0.32,7.102009696755889,0.10282502970455423,69.06888057471997,1.0,1.038566841455972,1.0,2.2289132312984834,nan,3.7050341015808135
0.33,7.045383801228043,0.10256910949113819,68.6891388272875,1.0,1.038037958525833,1.0,2.2506159524641776,nan,3.7254780978661297
0.34,6.980360291698743,0.10244203273808969,68.13961130140017,1.0,1.0374483153808218,1.0,2.27426715906122,nan,3.7461723371777533
0.35000000000000003,6.907576579576658,0.10243767913968664,67.43199023630075,1.0,1.036801351498225,1.0,2.2999347427252137,nan,3.7671094571828387
0.36,6.827647273352707,0.10255087504955401,66.57814738346691,1.0,1.0361004346342289,1.0,2.3276902286568233,nan,3.788282087124985
0.37,6.741163746247046,0.10277728414807567,65.59001633604912,1.0,1.0353488596657887,1.0,2.3576093063339254,nan,3.8096828489014154
0.38,6.648693880513824,0.10311331629499929,64.47948838627613,1.0,1.034549847624828,1.0,2.389772442589211,nan,3.8313043582566175
0.39,6.550781967258878,0.10355605145488847,63.25832122048954,1.0,1.0337065449167313,1.0,2.424265588932017,nan,3.8531392260872814
0.4,6.447948742616873,0.10410317619951803,61.938059702031694,1.0,1.0328220227169878,1.0,2.4611809974157253,nan,3.8751800598467074
0.41000000000000003,6.340691545356553,0.1047529307360528,60.529967999971944,1.0,1.0318992765393664,1.0,2.5006181622479073,nan,3.8974194650345044
0.42,6.229484581908276,0.10550406479796179,59.0449722845998,1.0,1.0309412259613946,1.0,2.5426849077997025,nan,3.9198500467767223
0.43,6.114779283417282,0.10635580108269989,57.49361314727503,1.0,1.0299507145093554,1.0,2.5874986475070814,nan,3.942464411466822
0.44,5.9970047426732656,0.1073078051313249,55.886006943614596,1.0,1.0289305096867998,1.0,2.6351878430439992,nan,3.9652551684786164
0.45,5.876568221385525,0.10836016071112844,54.23181529835078,1.0,1.0278833031416927,1.0,2.6858936987559705,nan,3.9882149319340607
0.46,5.753855718133409,0.10951334993259805,52.54022200649257,1.0,1.026811710963363,1.0,2.739772133095519,nan,4.0113363225199725
0.47000000000000003,5.629232587700839,0.11076823746403233,50.81991658058758,1.0,1.025718274100826,1.0,2.7969960768543736,nan,4.034611969350021
0.48,5.503044203328639,0.11212605830692599,49.079083724364885,1.0,1.0246054588953408,1.0,2.8577581577467552,nan,4.058034511864154
0.49,5.375616656344588,0.11358840863003725,47.325398085760874,1.0,1.023475657721027,1.0,2.9222738427342336,nan,4.081596601754072
0.5,5.247257489207008,0.11515723919248448,45.566023690757774,1.0,1.0223311897195992,1.0,2.9907851239970333,nan,4.1052909049225725
0.51,5.118256456160811,0.11683485097193917,43.80761744960918,1.0,1.0211743016267307,1.0,3.0635648518436542,nan,4.129110103462156
0.52,4.988886306999084,0.11862389262882399,42.05633617680535,1.0,1.020007168683984,1.0,3.1409218392534437,nan,4.1530468976427555
0.53,4.859403592747429,0.12052735938670325,40.317846648879005,1.0,1.018831895624524,1.0,3.2232068886663994,nan,4.177094007917934
0.54,4.7300494929772405,0.12254859288662652,38.59733826036791,1.0,1.0176505177284272,1.0,3.3108199226949826,nan,4.201244176934855
0.55,4.60105066520427,0.1246912815389923,36.899537869979085,1.0,1.0164650019398451,1.0,3.404218437104819,nan,4.225490171547697
0.56,4.472620118465099,0.12695946082593407,35.228726471965885,1.0,1.0152772480395904,1.0,3.5039275365837472,nan,4.249824784831762
0.5700000000000001,4.344958115563212,0.1293575128975492,33.58875737665432,1.0,1.0140890898675716,1.0,3.6105518601915114,nan,4.2742408380933155
0.58,4.218253112543057,0.13189016462370212,31.983075649182947,1.0,1.0129022965903247,1.0,3.724789750287686,nan,4.298731182868004
0.59,4.09268275077143,0.13456248295801096,30.414738646347033,1.0,1.0117185740064838,1.0,3.847450058227422,nan,4.323288702907078
0.6,3.9684149219502283,0.13737986616943648,28.886437529760087,1.0,1.010539565877692,1.0,3.979471996321955,nan,4.34790631616956
0.61,3.8456089350399396,0.14034802905010824,27.400519701398498,1.0,1.0093668552963977,1.0,4.12194840810153,nan,4.372576976772652
0.62,3.724416834676598,0.14347297929100755,25.959012303789475,1.0,1.008201966071118,1.0,4.276152685599005,nan,4.397293676937787
0.63,3.604984948015228,0.14676098088872333,24.563647136895256,1.0,1.0070463641305973,1.0,4.443569217888334,nan,4.422049448913624
0.64,3.487455781302816,0.15021849822962346,23.215887672980884,1.0,1.0059014589414197,1.0,4.625926552792572,nan,4.446837366875548
0.65,3.371970466632203,0.15385211036523977,21.916959465991447,1.0,1.0047686049348072,1.0,4.825231137906165,nan,4.471650548801294
0.66,3.2586720986983377,0.15766837698664138,20.667886363632906,1.0,1.0036491029389787,1.0,5.043797192100327,nan,4.496482158321108
0.67,3.147710559577884,0.16167362071809252,19.469537118034193,1.0,1.0025442016139483,1.0,5.284264422258779,nan,4.521325406539778
0.68,3.039249926350274,0.16587355160216116,18.322691574361126,1.0,1.0014550988861604,1.0,5.549589390427934,nan,4.546173553826737
0.6900000000000001,2.9334805571248177,0.17027256135392072,17.22814606064109,1.0,1.0003829433805758,1.0,5.842988176336074,nan,4.571019911570126
0.7000000000000001,2.8306400582077536,0.17487223410910818,16.186903956643167,1.0,0.9993288358397496,1.0,6.167798782542184,nan,4.595857843915477
0.71,2.731051994227262,0.17966768409859324,15.200574371118337,1.0,0.9982938305367137,1.0,6.527226005173435,nan,4.620680769463378
0.72,2.635201927315993,0.18463649205784474,14.272378650318004,1.0,0.9972789366782285,1.0,6.923939320984829,nan,4.645482162924995
0.73,2.5438951059729025,0.1896939340212001,13.4105242695246,1.0,0.9962851197912397,1.0,7.359530865130307,nan,4.670255556751991
0.74,2.458589663306187,0.19441859741262021,12.645856394531284,1.0,0.9953133030940392,1.0,7.833915923493243,nan,4.694994542728046
0.75,2.3820205994020403,0.1966795926374067,12.111173139317359,1.0,0.9943643688492766,1.0,8.344853855402821,nan,4.719692773524496
0.76,2.318668502809526,0.19580323063493277,11.84182965363115,1.0,0.9934391596972527,1.0,8.887816270666768,nan,4.744343964219948
0.77,2.2724626308070075,0.19416023854707135,11.704057678400934,1.0,0.9925384799682122,1.0,9.456349848002235,nan,4.768941893783148
0.78,2.241723778503761,0.19235934701484106,11.653833376398422,1.0,0.991663096972621,1.0,10.04287341964752,nan,4.793480406517976
0.79,2.220731115452673,0.19051756928857375,11.65630615457291,1.0,0.9908137422686605,1.0,10.63964536285371,nan,4.817953413468967
0.8,2.20492544478549,0.18866879499580272,11.686752145920806,1.0,0.9899911129064135,1.0,11.239591268725292,nan,4.842354893785257
0.81,2.191846416537288,0.1868255890247875,11.73204606488076,1.0,0.9891958726457071,1.0,11.836806335399556,nan,4.866678896048976
0.8200000000000001,2.1802641354385375,0.18499322362730897,11.785643239727207,1.0,0.9884286531425127,1.0,12.426720321207766,nan,4.890919539583163
0.8300000000000001,2.1695439464321704,0.18317398506726812,11.844170697249586,1.0,0.9876900551184425,1.0,13.006021717508359,nan,4.915071015691402
0.84,2.159339629640358,0.1813687875673468,11.905795140404415,1.0,0.9869806494975825,1.0,13.57245934795771,nan,4.939127588876264
0.85,2.1494521001466778,0.17957786890666433,11.969471033559577,1.0,0.9863009785172266,1.0,14.124610825327212,nan,4.96308359801564
0.86,2.1397618715005264,0.17780112248213464,12.034580218780837,1.0,0.9856515568106798,1.0,14.661668100997437,nan,4.986933457501033
0.87,2.1301949156517246,0.1760382684220702,12.100749085672433,1.0,0.9850328724618671,1.0,15.183260396055603,nan,5.01067165833838
0.88,2.120704407377101,0.17428894694768302,12.167750419730753,1.0,0.9844453880317215,1.0,15.689317534957427,nan,5.0342927692114365
0.89,2.111260450237668,0.1725527714495724,12.23544792993761,1.0,0.9838895415564385,1.0,16.179968899006262,nan,5.057791437507556
0.9,2.1018440277140757,0.17082935945820665,12.303763441952677,1.0,0.9833657475177817,1.0,16.655470856290233,nan,5.081162390305543
0.91,2.0924432990045725,0.16911835088948787,12.372656710518074,1.0,0.9828743977857408,1.0,17.116155732376946,nan,5.104400435324976
0.92,2.0830512516418556,0.16741941866440196,12.442112559340586,1.0,0.9824158625339131,1.0,17.562396534664565,nan,5.127500461836323
0.93,2.073664168974873,0.16573227460001994,12.512132437568221,1.0,0.9819904911264249,1.0,17.994582951870076,nan,5.1504574415363455
0.9400000000000001,2.064280603390266,0.16405667228426093,12.582728728115901,1.0,0.9815986129723115,1.0,18.41310530750858,nan,5.173266429404304
0.9500000000000001,2.054900672742794,0.16239240798207677,12.653920822268939,1.0,0.9812405383608214,1.0,18.818344067419833,nan,5.195922564495653
0.96,2.0455255688585163,0.1607393202324453,12.72573235907978,1.0,0.9809165592651814,1.0,19.21066319109127,nan,5.218421070715053
0.97,2.03615720853281,0.15909728856380922,12.79818925208249,1.0,0.9806269501207082,1.0,19.59040612316676,nan,5.240757257551512
0.98,2.0267979823787456,0.157466231612793,12.871318260556398,1.0,0.9803719685765244,1.0,19.957893581467328,nan,5.262926520779332
0.99,2.0174505722595133,0.15584610483974637,12.94514594595752,1.0,0.9801518562211796,1.0,20.313422553206795,nan,5.284924343125763
1.0,2.00811781774946,0.15423689797579215,13.019697906947266,1.0,0.9799668392826929,1.0,20.657266090368047,nan,5.30674629490556
1.01,1.9988026183516805,0.1526386322968696,13.094998220792318,1.0,0.9798171293035761,1.0,20.989673620685238,nan,5.328388034622571
1.02,1.9895078623609774,0.15105135779370052,13.17106904181664,1.0,0.9797029237914238,1.0,21.310871578340574,nan,5.3498453095383205
1.03,1.98023637608568,0.14947515028820865,13.247930323318036,1.0,0.9796244068456906,1.0,21.621064219677397,nan,5.371113956207499
1.04,1.970990889117206,0.14791010853397135,13.325599640571674,1.0,0.9795817497613063,1.0,21.92043453189215,nan,5.392189900980114
1.05,1.9617740127773156,0.14635635132864186,13.404092101012889,1.0,0.9795751116095538,1.0,22.209145172329773,nan,5.413069160470828
1.06,1.9525882299784585,0.14481401465993576,13.483420334445444,1.0,0.9796046397919932,1.0,22.48733939535792,nan,5.433747842013101
1.07,1.9434358956584261,0.14328324890262809,13.563594562118977,1.0,0.9796704705765371,1.0,22.75514194263437,nan,5.45422214406837
1.08,1.9343192478357338,0.1417642160796835,13.644622749851644,1.0,0.9797727296114899,1.0,23.01265987768007,nan,5.474488356606599
1.09,1.9252404302829738,0.1402570871978478,13.726510857645389,1.0,0.9799115324175071,1.0,23.25998335384629,nan,5.49454286146112
1.1,1.9162015289795291,0.1387620396666794,13.809263207592227,1.0,0.9800869848593184,2.0,23.49718631042355,nan,5.514382132653384
1.11,1.9072046261012996,0.13727925480862027,13.892883005229857,1.0,0.9802991835971285,2.0,23.724327093897333,nan,5.534002736690206
1.12,1.8982518776561985,0.13580891546677765,13.977373069594682,1.0,0.980548216518282,2.0,23.94144900353814,nan,5.553401332833758
1.1300000000000001,1.8893456245327152,0.13435120371659234,14.062736858824149,1.0,0.9808341631497803,2.0,24.1485807617191,nan,5.572574673344444
1.1400000000000001,1.880488552671999,0.13290629868722742,14.148979929818164,1.0,0.9811570950522545,2.0,24.345736910052874,nan,5.5915196036967485
1.1500000000000001,1.8716839280973194,0.131474374498315,14.236112057877158,1.0,0.9815170761960034,2.0,24.532918132799946,nan,5.610233062767916
1.16,1.8629359500766358,0.13005559831760682,14.324150395488457,1.0,0.98191416331971,2.0,24.710111508979548,nan,5.6287120829994315
1.17,1.8542502976209971,0.12865012854486546,14.413124328704775,1.0,0.982348406272465,2.0,24.87729069456162,nan,5.646953790530918
1.18,1.8456350051940211,0.12725811312717256,14.503083220710863,1.0,0.982819848337515,2.0,25.034416034947,nan,5.6649554053151405
1.19,1.8371019245892242,0.1258796880111197,14.594109292890382,1.0,0.9833285265383089,2.0,25.181434608192127,nan,5.682714241214572
1.2,1.82866928557305,0.12451497573706653,14.686340134977662,1.0,0.9838744719332573,2.0,25.31828020232756,nan,5.700227706055683
1.21,1.8203664439674234,0.12316408417977734,14.780010390937608,1.0,0.9844577098919959,2.0,25.44487322230972,nan,5.7174933016718565
1.22,1.812243306366694,0.12182710543953071,14.875534470169342,1.0,0.9850782603576994,2.0,25.561120527611155,nan,5.734508623918948
1.23,1.804390637640263,0.12050411488727972,14.973684834979295,1.0,0.9857361380946933,2.0,25.666915198725835,nan,5.751271362668711
1.24,1.7969883261665303,0.11919517036650722,15.076016256707897,1.0,0.9864313529218328,2.0,25.7621362302889,nan,5.767779301780204
1.25,1.7904333628520785,0.11790031155357376,15.185993482625427,1.0,0.9871639099321222,2.0,25.84664814776784,nan,5.784030319049326
1.26,1.7857072165613568,0.11661955947731348,15.312244571707016,1.0,0.9879338096990544,2.0,25.92030054389682,nan,5.800022386136403
1.27,1.7852455576720287,0.11535291619750176,15.476379934907033,1.0,0.9887410484701481,2.0,25.982927530126766,nan,5.815753568471784
1.28,1.7925834208971736,0.11410036464059696,15.710584506400181,1.0,0.9895856183481746,2.0,26.034347097458788,nan,5.831222025139152
1.29,1.8071180876143091,0.11286186858989744,16.01176828093088,1.0,0.9904675074605631,2.0,26.07436037989911,nan,5.846426008736248
1.3,1.8250741310375347,0.11163737282583842,16.348236122367098,1.0,0.9913867001171928,2.0,26.102750812632536,nan,5.861363865213942
1.31,1.844264464541725,0.11042680341106284,16.701239260512377,1.0,0.9923431769532675,2.0,26.119283174183714,nan,5.876034033710972
1.32,1.863828024776371,0.10923006811383792,17.063323835282404,1.0,0.9933369150653438,2.0,26.12370250221612,nan,5.890435046348587
1.33,1.8834106013922671,0.10804705696195456,17.43139197262404,1.0,0.9943678881342378,2.0,26.115732873247072,nan,5.904565528017205
1.34,1.9028485932389982,0.10687764291829618,17.803991005805138,1.0,0.9954360665380556,2.0,26.09507602510451,nan,5.918424196139464
1.35,1.9220586622932483,0.10572168266839047,18.180363893015496,1.0,0.9965414174553237,2.0,26.061409808093448,nan,5.932009860412699
1.36,1.9409954271895193,0.10457901750929659,18.560084741826667,1.0,0.997683904957867,2.0,26.01438644471598,nan,5.945321422534276
1.37,1.959633336618044,0.10344947432858018,18.94290279710636,1.0,0.9988634900937771,2.0,25.95363057403989,nan,5.958357875909754
1.3800000000000001,1.9779581025266593,0.10233286666162643,19.32866895116864,1.0,1.0000801309608192,2.0,25.878737053064537,nan,5.971118305343699
1.3900000000000001,1.9959623027011923,0.10122899581514734,19.717298256578456,1.0,1.001333782770631,2.0,25.7892684829338,nan,5.983601886712915
1.4000000000000001,2.0136429610832334,0.10013765204449364,20.1087495060152,1.0,1.002624397904067,2.0,25.68475242272375,nan,5.995807886621736
1.41,2.03100013552334,0.0990586157722749,20.503013490440757,1.0,1.0039519259580616,2.0,25.564678247487365,nan,6.0077356620389155
1.42,2.0480360510498756,0.09799165883581969,20.90010594147877,1.0,1.0053163137843788,2.0,25.428493600202312,nan,6.019384659915551
1.43,2.0647545447242224,0.09693654575117037,21.30006313639759,1.0,1.0067175055206372,2.0,25.275600379148184,nan,6.030754416783343
1.44,2.081160697173147,0.0958930349815829,21.702939088045884,1.0,1.0081554426140023,2.0,25.105350192791775,nan,6.041844558332412
1.45,2.0972605809909224,0.09486088019860807,22.108803719720242,1.0,1.0096300638376154,2.0,24.917039203756797,nan,6.052654798969707
1.46,2.113061084892497,0.0938398315246435,22.517741672815998,1.0,1.0111413052901768,2.0,24.709902273085813,nan,6.063184941413687
1.47,2.128569789430541,0.09282963674693442,22.929851543352445,1.0,1.0126891004004699,2.0,24.483106287940803,nan,6.073434876201222
1.48,2.143794879717896,0.09183004249299256,23.34524542860237,1.0,1.0142733799196313,2.0,24.235742578047827,nan,6.083404581212381
1.49,2.1587450843992215,0.09084079535808437,23.764048695189064,1.0,1.0158940719055056,2.0,23.966818267572304,nan,6.093094121180365
1.5,2.1734296343848585,0.08986164297675382,24.186399918673864,1.0,1.0175511017026053,2.0,23.675246428101463,nan,6.102503647171764
1.51,2.1878582380793703,0.08889233503113117,24.612450975814234,1.0,1.0192443919148368,2.0,23.35983489148579,nan,6.11163339605547
1.52,2.202041070482065,0.08793262418970173,25.04236727578475,1.0,1.0209738623712599,2.0,23.019273589652464,nan,6.12048368995966
1.53,2.215988774309065,0.08698226697131298,25.476328123753145,1.0,1.0227394300851662,2.0,22.652120329350726,nan,6.1290549357161055
1.54,2.2297124719809585,0.08604102453025403,25.914527217152553,1.0,1.0245410092067675,2.0,22.25678500385559,nan,6.137347624291021
1.55,2.2432237878399075,0.08510866335933638,26.357173280572113,1.0,1.026378510969799,2.0,21.831512434067964,nan,6.145362330201526
1.56,2.2565348803729814,0.08418495590901157,26.80449085002646,1.0,1.0282518436323502,2.0,21.37436439482314,nan,6.1530997109167584
1.57,2.2696584845665195,0.08326968112167674,27.25672122185758,1.0,1.030160912412254,2.0,20.883202054916918,nan,6.160560506242494
1.58,2.282607964830263,0.08236262488141446,27.714123585992517,1.0,1.0321056194173792,2.0,20.3556712852115,nan,6.167745537688077
1.59,2.295397379230673,0.08146358038048679,28.176976367963523,1.0,1.034085863571184,2.0,19.789195505768475,nan,6.174655707814384
1.6,2.3080415560758634,0.08057234840492153,28.645578809204515,1.0,1.0361015405339087,2.0,19.180984735175997,nan,6.181291999561335
1.61,2.320556184340857,0.07968873754247711,29.12025282247586,1.0,1.0381525426198037,2.0,18.528076669784646,nan,6.18765547555352
1.62,2.3329579222274246,0.07881256431705776,29.6013451972212,1.0,1.0402387587094475,2.0,17.827438384527287,nan,6.193747277391368
1.6300000000000001,2.3452645247869115,0.07794365325429212,30.089230192167893,1.0,1.0423600741326706,2.0,17.0761796020365,nan,6.199568625092304
1.6400000000000001,2.3574949884475975,0.07708183688375893,30.58431251453894,1.0,1.0445163705833946,2.0,16.271965927033143,nan,6.20512081627136
1.6500000000000001,2.369669718527968,0.07622695568390021,31.087030792028106,1.0,1.0467075260139702,2.0,15.413777979150966,nan,6.210405225416409
1.6600000000000001,2.3818107257011922,0.07537885797600306,31.5978616505366,1.0,1.0489334145226439,2.0,14.50323082779753,nan,6.21542330316276
1.67,2.3939418534992605,0.07453739977391906,32.11732446745359,1.0,1.051193906241288,2.0,13.546684850244493,nan,6.220176575523386
1.68,2.4060890420978396,0.07370244459630355,32.645986917759764,1.0,1.0534888672177478,2.0,12.558138637028868,nan,6.224666643113822
1.69,2.41828063508033,0.07287386324819298,33.18447145918664,1.0,1.0558181592931442,2.0,11.561998395645704,nan,6.22889518037013
1.7,2.430547736435558,0.07205153357866836,33.73346292181001,1.0,1.058181639974489,2.0,10.593160522664837,nan,6.2328639347582175
1.71,2.4429246262691455,0.07123534022114929,34.29371739764441,1.0,1.06057916230299,2.0,9.691192552094286,nan,6.236574725972718
1.72,2.455449245103836,0.07042517432259149,34.86607266112453,1.0,1.063010574718437,2.0,8.88926520592054,nan,6.2400294451235645
1.73,2.4681637582088363,0.06962093326750862,35.45146039231139,1.0,1.065475720920086,2.0,8.204930118317504,nan,6.243230053908258
1.74,2.4811152131094873,0.06882252040234091,36.050920521432914,1.0,1.0679744397244877,2.0,7.6391413220813025,nan,6.246178583767737
1.75,2.494356305225984,0.06802984476527613,36.66561806560458,1.0,1.0705065649207135,2.0,7.181813202236617,nan,6.24887713502376
1.76,2.5079462683591482,0.06724282082618009,37.29686288506673,1.0,1.0730719251234826,2.0,6.818213052163609,nan,6.2513278759954165
1.77,2.5219519082739597,0.06646136824085723,37.9461328441864,1.0,1.0756703436246964,2.0,6.533096475415437,nan,6.253533042092514
1.78,2.5364487991740683,0.06568541162338119,38.61510092556383,1.0,1.0783016382439388,2.0,6.3125933751293175,nan,6.255494934883322
1.79,2.551522672401834,0.0649148803387043,39.30566703795549,1.0,1.0809656211753793,2.0,6.144799007810242,nan,6.25721592115569
1.8,2.5672710123116467,0.0641497083174315,40.0199950965956,1.0,1.0836620987879524,2.0,6.019799588434507,nan,6.2586984322673445
1.81,2.583804853075722,0.0633898338966575,40.76055566398895,1.0,1.086390871487823,2.0,5.929492132664342,nan,6.259944963036261
1.82,2.601250787930349,0.06263519968861872,41.53017473979596,1.0,1.0891517335594771,2.0,5.867341527234214,nan,6.260958070752441
1.83,2.6197531866561916,0.06188575247672318,42.33208908046401,1.0,1.0919444729911099,2.0,5.828128820246624,nan,6.261740374267431
1.84,2.6394765685581256,0.06114144314010214,43.170007657652356,1.0,1.0947688713039077,2.0,5.807714273564827,nan,6.262294553030575
1.85,2.6606080425434206,0.06040222660756891,44.04817822080128,1.0,1.0976247033795283,1.0,5.802827070767293,nan,6.262623346112642
1.86,2.683359672597987,0.05966806184108038,44.97145692020018,1.0,1.1005117372858773,1.0,5.810886765406103,nan,6.262729551217299
1.87,2.7079705498918534,0.05893891184846235,45.94537742492274,1.0,1.1034297341012795,1.0,5.8298567332662055,nan,6.26261602368089
1.8800000000000001,2.7347082624735832,0.05821474372484312,46.97621405669003,1.0,1.106378447737169,1.0,5.858126865524112,nan,6.262285675460903
1.8900000000000001,2.763869360511842,0.05749552872204149,48.0710312948611,1.0,1.1093576247594013,1.0,5.894421305883141,nan,6.261741474113641
1.9000000000000001,2.7957783423177083,0.0567812423450897,49.23770996989255,1.0,1.1123670042083256,1.0,5.937726730164556,nan,6.260986441761427
1.9100000000000001,2.8307846706613162,0.05607186447510494,50.4849392321909,1.0,1.1154063174177398,1.0,5.987237003455248,nan,6.260023654049844
1.92,2.86925742105456,0.05536737951747292,51.822163990063416,1.0,1.1184752878328699,1.0,6.042310663189039,nan,6.258856239095364
1.93,2.9115773964461513,0.05466777657364667,53.25948079347562,1.0,1.1215736308267008,1.0,6.102438347587354,nan,6.257487376430372
1.94,2.9581269246084845,0.053973049635347915,54.80748159672553,1.0,1.1247010535181117,1.0,6.167217904017129,nan,6.2559202959248195
1.95,3.009278061388831,0.053283197799990974,56.4770544118758,1.0,1.1278572545908383,1.0,6.236335434977108,nan,6.254158276691113
1.96,3.06538041849549,0.052598225505168655,58.27916035293368,1.0,1.131041924108541,1.0,6.309550962423512,nan,6.2522046460039835
1.97,3.1267501317263187,0.051918142780886085,60.224614445905154,1.0,1.1342547433323513,1.0,6.386687721136914,nan,6.250062778196876
1.98,3.1936614509294325,0.0512429655182187,62.32389984912119,1.0,1.1374953845404163,1.0,6.467624350507904,nan,6.247736093540066
1.99,3.2663420148052618,0.050572715751980676,64.5870399925544,1.0,1.1407635108480476,1.0,6.552289453585316,nan,6.245228057111004
2.0,3.344972174055614,0.04990742195496584,67.02354165025721,1.0,1.1440587760270524,1.0,6.640658147963733,nan,6.242542177667303
2.0100000000000002,3.4296879748647267,0.049247119342210724,69.64240793522049,1.0,1.1473808243228851,1.0,6.73275035680369,nan,6.239682006532088
2.02,3.5205868430859857,0.04859185018410202,72.45220813258577,1.0,1.1507292902804982,1.0,6.828630689888092,nan,6.2366511364256585
2.0300000000000002,3.617734750856816,0.04794166412538656,75.46118427168064,1.0,1.1541037985728058,1.0,6.928409851241187,nan,6.233453200284948
2.04,3.7211737009674217,0.04729661850688001,78.67737310704614,1.0,1.1575039638243438,1.0,7.032247587763729,nan,6.23009187011835
2.05,3.8309286293227816,0.04665677868808629,82.10872539944556,1.0,1.160929390440248,1.0,7.14035726922817,nan,6.22657085583327
2.06,3.94701316895693,0.046022218368691144,85.7632097900365,1.0,1.1643796724403932,1.0,7.253012266947181,nan,6.222893904041418
2.07,4.069434035362789,0.04539301990560686,89.64889412127745,1.0,1.1678543932972099,1.0,7.370554383053004,nan,6.219064796853235
2.08,4.198194026681614,0.044769274621737805,93.77400152566183,1.0,1.1713531257727785,1.0,7.4934046782264065,nan,6.21508735068976
2.09,4.333293773154783,0.04415108310435405,98.14694155775868,1.0,1.1748754317562684,1.0,7.6220771587370875,nan,6.210965415106695
2.1,4.4747324341117105,0.04353855549053807,102.77631822406633,1.0,1.1784208621204948,1.0,7.757195920222257,nan,6.206702871521043
2.11,4.6225075510991065,0.042931811734828816,107.6709173060371,1.0,1.181988956568734,1.0,7.899516511712064,nan,6.2023036320166725
2.12,4.776614245946328,0.042330981855599095,112.83967525819455,1.0,1.185579243490663,1.0,8.049952486907108,nan,6.197771638116314
2.13,4.937043920043558,0.04173620615712412,118.29163152628415,1.0,1.1891912398259843,1.0,8.209608358542457,nan,6.193110859532151
2.14,5.103782576214636,0.04114763542262306,124.03586557998335,1.0,1.192824450932496,1.0,8.379820473888337,nan,6.1883252929169394
2.15,5.276808853117645,0.04056543107396292,130.08141941093746,1.0,1.1964783704546476,1.0,8.56220769075158,nan,6.183418960640403
2.16,5.4560918365902324,0.03998976529416914,136.43720578139474,1.0,1.2001524802081471,1.0,8.758734156612064,nan,6.178395909502641
2.17,5.6415886929772245,0.03942082110777189,143.11190214820195,1.0,1.2038462500649676,1.0,8.971786975016295,nan,6.17326020947914
2.18,5.833242155841629,0.03885879241386477,150.11382993364288,1.0,1.207559137845157,1.0,9.204272066364698,nan,6.1680159524616425
2.19,6.030977888731493,0.03830388396722443,157.45081866611838,1.0,1.2112905892209582,1.0,9.459732066507126,nan,6.162667250966136
2.2,6.234701741644252,0.03775631130228434,165.13005446236585,1.0,1.2150400376273816,1.0,9.742490615509618,nan,6.157218236844846
2.21,6.444296917038677,0.03721630059420405,173.1579123703201,1.0,1.2188069041722067,1.0,10.057827834249874,nan,6.151673060043945
2.22,6.659621061912798,0.0366840884517281,181.53977222784388,1.0,1.2225905975705427,1.0,10.412192185456805,nan,6.1460358872670176
2.23,6.880503304738008,0.03615992163652524,190.27981791276872,1.0,1.2263905140779319,1.0,10.813454444659975,nan,6.140310900695055
2.24,7.1067412599899145,0.03564405670270672,199.38082018173444,1.0,1.2302060374345103,1.0,11.27121065302095,nan,6.134502296694425
2.25,7.338098028205626,0.035136759550700454,208.84390370765823,1.0,1.2340365388236256,1.0,11.797143700183845,nan,6.128614284496065
2.2600000000000002,7.574299225455129,0.034638304891087664,218.66829942373926,1.0,1.23788137683767,1.0,12.405459164119746,nan,6.122651084890148
2.27,7.8150300828370245,0.034148975612019454,228.8510838985858,1.0,1.24173989745035,1.0,13.113421843555527,nan,6.11661692894276
2.2800000000000002,8.05993266375782,0.03366906204416123,239.38690817065827,1.0,1.2456114340131264,1.0,13.94203494458934,nan,6.1105160566383425
2.29,8.308603254413068,0.03319886112117606,250.26771924755528,1.0,1.2494953072511015,1.0,14.916918226750926,nan,6.104352715587848
2.3000000000000003,8.56058998998308,0.032738675430383044,261.4824783668079,1.0,1.2533908252779473,1.0,16.06943520779762,nan,6.098131159699696
2.31,8.815390785736586,0.03228881214679045,273.0168810689076,1.0,1.2572972836215492,1.0,17.438046679650423,nan,6.091855647854976
2.32,9.072451650384034,0.031849581856438366,284.85308508218435,1.0,1.261213965262104,1.0,19.069633663156498,nan,6.085530442585048
2.33,9.331165463667153,0.03142129727091959,296.9694530181969,1.0,1.2651401406852794,1.0,21.019971849377164,nan,6.079159808747387
2.34,9.590871301880892,0.03100427182339953,309.3403178926613,1.0,1.2690750679504565,1.0,23.351466404401673,nan,6.072748012186659
2.35,9.850854399652201,0.030598818155741645,321.9357803139126,1.0,1.2730179927699659,2.0,26.124871967933686,nan,6.066299318411597
2.36,10.11034683607077,0.030205246511089464,334.7215468795756,1.0,1.2769681486085276,2.0,29.38178914045637,nan,6.059817991250374
2.37,10.368529027640417,0.029823863034944567,347.6588199017555,1.0,1.280924756789887,2.0,33.1203153209485,nan,6.053308291541121
2.38,10.624532105823493,0.029454967998881944,360.70424881217934,1.0,1.284887026623459,2.0,37.27805919175399,nan,6.04677447580145
2.39,10.877441245648374,0.029098853964402125,373.8099534419883,1.0,1.288854155558192,2.0,41.740550391479466,nan,6.0402207948447915
2.4,11.126299996543061,0.02875580390245173,386.9236288537365,1.0,1.2928253293281626,2.0,46.37346339712301,nan,6.033651492515436
2.41,11.370115650023921,0.028426089291742968,399.9887403902105,1.0,1.2967997221387928,2.0,51.05514865568616,nan,6.0270708043096
2.42,11.607865655076052,0.02810996821766838,412.9448160592365,1.0,1.3007764968529836,2.0,55.69181512307411,nan,6.020482956080171
2.43,11.838505065961758,0.027807683492608936,425.727841339547,1.0,1.3047548052052425,2.0,60.21697008790655,nan,6.013892162691768
2.44,12.060974977886572,0.02751946082100748,438.2707588761916,1.0,1.3087337880348546,2.0,64.58440276305676,nan,6.007302626671475
2.45,12.274211873675007,0.027245507028838278,450.5040724947143,1.0,1.312712575523414,2.0,68.76100539725445,nan,6.000718536926535
2.46,12.477157772431124,0.02698600837610127,462.3565515336035,1.0,1.316690287468094,2.0,72.72152874577428,nan,5.994144067381105
2.47,12.668771037440948,0.02674112896573193,473.75602779058624,1.0,1.3206660335519553,2.0,76.44528999993554,nan,5.987583375717423
2.48,12.848037668902842,0.026511009258605882,484.63027354313834,1.0,1.3246389136630328,2.0,79.91429488119235,nan,5.9810406019781395
2.49,13.013982878675677,0.026295764704533573,494.90794524914406,1.0,1.3286080182026085,2.0,83.11226257489314,nan,5.974519867311817
2.5,13.165682720351093,0.02609548449144061,504.51957405387407,1.0,1.3325724284285971,2.0,86.02419200245176,nan,5.968025272646769
2.5100000000000002,13.30227553043421,0.025910230413245694,513.3985811115709,1.0,1.336531216812991,2.0,88.63624002102945,nan,5.961560897392937
2.52,13.422972925689194,0.025740035855838245,521.4822932208407,1.0,1.3404834474198815,2.0,90.9357711851544,nan,5.955130798142275
2.5300000000000002,13.52707010084841,0.025584904901620072,528.712932600811,1.0,1.3444281763062664,2.0,92.91149376926491,nan,5.948739007357889
2.54,13.613955178910722,0.02544481155536898,535.0385539026761,1.0,1.3483644519331626,2.0,94.55363013122121,nan,5.942389532110542
2.5500000000000003,13.683117383051316,0.02531969909338637,540.4139019418842,1.0,1.3522913156042131,2.0,95.85408829227356,nan,5.936086352783114
2.56,13.734153825446457,0.025209479542138626,544.8011650732133,1.0,1.3562078019194992,2.0,96.80661415598576,nan,5.929833421800405
2.57,13.76677474385647,0.025114033297622664,548.1706016993955,1.0,1.3601129392511853,2.0,97.40691049092567,nan,5.923634662352762
2.58,13.780807059121326,0.025033208899703972,550.5010210370708,1.0,1.3640057502347367,2.0,97.65271475962746,nan,5.917493967143733
2.59,13.776196173183465,0.02496682297575917,551.7801038025171,1.0,1.3678852522814857,2.0,97.54383040568968,nan,5.911415197133278
2.6,13.753005977362298,0.024914660369205692,552.0045536868283,1.0,1.3717504581111248,2.0,97.08211012578208,nan,5.905402180284761
2.61,13.711417092861367,0.024876474468838873,551.1800761814847,1.0,1.3756003762968945,2.0,96.27139106746971,nan,5.899458710343878
2.62,13.651723416245442,0.02485198775259953,549.3211871882347,1.0,1.3794340118361992,2.0,95.11738546769658,nan,5.893588545596654
2.63,13.57432708747786,0.024840892554362795,546.4508595160687,1.0,1.383250366734147,2.0,93.62753104011418,nan,5.887795407656876
2.64,13.47973203963655,0.024842852057779575,542.6000206532386,1.0,1.3870484406066057,2.0,91.81080881877764,nan,5.882082980254865
2.65,13.368536324027597,0.024857501516464084,537.806919781262,1.0,1.3908272312984462,2.0,89.67753842039873,nan,5.876454908044105
2.66,13.241423429268496,0.024884449693016807,532.1163856391956,1.0,1.3945857355203084,2.0,87.2391647070334,nan,5.870914795410357
2.67,13.09915282946924,0.024923280504358145,525.5789994089538,1.0,1.3983229495017273,2.0,84.50805524787054,nan,5.865466205290689
2.68,12.942550004162165,0.024973554855620705,518.250208229736,1.0,1.4020378696559244,2.0,81.49733693047713,nan,5.860112658019898
2.69,12.772496171518535,0.025034812640507307,510.189405246522,1.0,1.4057294932644637,2.0,78.22081485220691,nan,5.8548576301683255
2.7,12.589917966792987,0.025106574883089865,501.4590012942278,1.0,1.4093968191724235,2.0,74.69304088550861,nan,5.849704553407557
2.71,12.395777281818004,0.02518834599419631,492.1235115904052,1.0,1.4130388485007035,2.0,70.92963958208198,nan,5.844656813374282
2.72,12.19106145966655,0.02527961611428133,482.24867832464423,1.0,1.4166545853650878,2.0,66.94806218096711,nan,5.839717748572229
2.73,11.976774012690337,0.025379863514303318,471.9006469810443,1.0,1.4202430376144648,2.0,62.76903030759237,nan,5.83489064925873
2.74,11.753926003682219,0.025488557027326088,461.1452108128728,1.0,1.423803217575222,2.0,58.419032944477046,nan,5.830178756366005
2.75,11.52352820047479,0.0256051584851562,450.04713433643457,1.0,1.4273341428099555,2.0,53.934267677127366,nan,5.825585260420928
2.7600000000000002,11.286584084787256,0.025729125135530297,438.66956320256674,1.0,1.4308348368784718,2.0,49.366106873725656,nan,5.821113300508601
2.77,11.044083767841297,0.025859912017288857,427.07352447516774,1.0,1.434304330116789,2.0,44.786977181226995,nan,5.816765963212952
2.7800000000000002,10.79699883924845,0.025996974273739915,415.31751832191964,1.0,1.4377416604151665,2.0,40.29296919650457,nan,5.812546281607294
2.79,10.546278152437752,0.02613976938666285,403.4571995045496,1.0,1.4411458740103322,2.0,35.99679734890908,nan,5.80845723422999
2.8000000000000003,10.292844529630715,0.02628775931548448,391.54514487538853,1.0,1.4445160262732855,2.0,32.00701218181297,nan,5.804501744116245
2.81,10.037592351971591,0.026440412527899075,379.6307013508298,1.0,1.4478511825105909,2.0,28.400605412542156,nan,5.800682677810007
2.82,9.781385987092257,0.026597205910806845,367.7599075592347,1.0,1.45115041876397,2.0,25.20619763456926,nan,5.797002844412928
2.83,9.525058995285304,0.026757626552547622,355.9754814792575,1.0,1.4544128226123931,2.0,22.40764311883723,nan,5.793464994649414
2.84,9.269414046933841,0.02692117338877844,344.31686587619595,1.0,1.457637493975348,2.0,19.960797926453065,nan,5.790071819947397
2.85,9.015223478499045,0.027087358706097974,332.8203231742014,1.0,1.4608235459156071,2.0,17.810429529313467,nan,5.786825951539372
2.86,8.76323040822953,0.02725570949956065,321.5190713846869,1.0,1.463970105439777,2.0,15.900510030434566,nan,5.783729959585055
2.87,8.514150328228721,0.027425768681791172,310.44345290790454,1.0,1.467076314295717,2.0,14.177401924597666,nan,5.780786352312052
2.88,8.268673086027784,0.02759709614205974,299.6211283775541,1.0,1.4701413297671437,2.0,12.58625680691714,nan,5.77799757517353
2.89,8.027465161442933,0.027769269656043864,289.0772879831857,1.0,1.4731643254599438,2.0,11.053043160200346,nan,5.775366010035413
2.9,7.791172135401053,0.027941885647521324,278.83487298188817,1.0,1.476144492081099,2.0,9.350077853754613,nan,5.772893974386509
2.91,7.560421234714737,0.028114559804589268,268.9148002765676,1.0,1.47908103821725,2.0,7.967083111738439,nan,5.770583720541272
2.92,7.335823817608185,0.028286927555048705,259.33618288278444,1.0,1.4819731910907696,2.0,7.475636349737143,nan,5.768437434911666
2.93,7.117977639185014,0.02845864440497556,250.11653885877092,1.0,1.484820197315314,2.0,7.010581670336175,nan,5.766457237263375
2.94,6.907468701984319,0.028629386146412097,241.27198070748645,1.0,1.4876213236347768,2.0,6.564428294903439,nan,5.76464518001052
2.95,6.704872454499938,0.028798848940818134,232.81737642634624,1.0,1.4903758576459694,2.0,6.1295118888045135,nan,5.763003247543376
2.96,6.510754052245628,0.028966749285016694,224.76647235019126,1.0,1.4930831085154967,2.0,5.696983772370734,nan,5.761533355546433
2.97,6.325667346810671,0.029132823868033494,217.1319668654442,1.0,1.495742407669944,2.0,5.25486033967444,nan,5.760237350378474
2.98,6.15015222960523,0.029296829326685918,209.9255233740661,1.0,1.498353109474329,2.0,4.7831673086883795,nan,5.759117008456031
2.99,5.984729947297959,0.029458541908276594,203.1577111295011,1.0,1.500914591890902,2.0,4.7639269882877215,nan,5.758174035664659
3.0,5.829896052191021,0.02961775704934301,196.837864612045,1.0,1.5034262571161168,2.0,5.4203174099246905,nan,5.7574100668017945
3.0100000000000002,5.686110786103211,0.029774288879205097,190.9738569801576,1.0,1.505887532200142,1.0,5.660603266234034,nan,5.756826665031401
3.02,5.5537869517294425,0.029927969657329398,185.57179171589118,1.0,1.5082978696393734,1.0,5.8035571574650255,nan,5.756425321380752
3.0300000000000002,5.433275713923341,0.03007864915314972,180.63562915538677,1.0,1.5106567479486979,1.0,5.899638205286429,nan,5.756207454251439
3.04,5.3248512678620825,0.030226193977039035,176.16678010824128,1.0,1.512963672208242,1.0,5.967700505030541,nan,5.756174408959629
3.0500000000000003,5.228695824637412,0.030370486870828644,172.1637142952641,1.0,1.5152181745820068,1.0,6.016949463477743,nan,5.756327457311489
3.06,5.14488674999376,0.030511425965667967,168.62164212786658,1.0,1.5174198148139275,1.0,6.05259967038021,nan,5.756667797190681
3.0700000000000003,5.0733877754794285,0.030648924015161776,165.53232906217733,1.0,1.5195681806945023,1.0,6.077912717107348,nan,5.757196552178991
3.08,5.014045856863647,0.03078290761103741,162.88408880081974,1.0,1.5216628884959522,1.0,6.095083742461577,nan,5.757914771214484
3.09,4.966594484377551,0.03091331638784119,160.66197563749614,1.0,1.523703583382177,1.0,6.105678437474954,nan,5.7588234282621515
3.1,4.930663221482215,0.031040102223155987,158.84816312891937,1.0,1.5256899397862937,1.0,6.110868795047489,nan,5.759923422019799
3.11,4.905792251865931,0.031163228439091733,157.42246543724636,1.0,1.5276216617555698,1.0,6.111569409139886,nan,5.761215575657557
3.12,4.8914500364962334,0.03128266900998682,156.36293805156666,1.0,1.529498483266848,1.0,6.108520807467835,nan,5.7627006365779465
3.13,4.887051985680613,0.031398407781213424,155.64649073080318,1.0,1.531320168511837,1.0,6.102342871486159,nan,5.764379276196655
3.14,4.8919783144869395,0.03151043770338567,155.24945608614368,1.0,1.533086512142454,1.0,6.093570558047197,nan,5.766252089776433
3.15,4.905589808005048,0.03161876008531607,155.14807648270911,1.0,1.5347973394886814,1.0,6.082678757567365,nan,5.768319596269528
3.16,4.927240860838007,0.03172338386888305,155.3188928773471,1.0,1.5364525067408628,1.0,6.070100295424039,nan,5.770582238195104
3.17,4.956289699683628,0.03182432492864211,155.73903643822257,1.0,1.5380519010974827,1.0,6.056239525208919,nan,5.77304038154703
3.18,4.992106061091739,0.031921605398247524,156.3864347927126,1.0,1.5395954408778596,1.0,6.0414830698034,nan,5.775694315733269
3.19,5.034076771209312,0.03201525302534556,157.2399495710366,1.0,1.54108307560072,1.0,6.026208738307238,nan,5.778544253543019
3.2,5.081609703206339,0.03210530055639384,158.279462118112,1.0,1.542514786029576,1.0,6.0107933269522364,nan,5.781590331138134
3.21,5.13413652983545,0.032191785152441164,159.48592181276155,1.0,1.5438905841809043,1.0,5.995619815270791,nan,5.784832608081957
3.22,5.191114594959147,0.03227474783644519,160.84136803378064,1.0,1.5452105132975793,1.0,5.981084346823193,nan,5.788271067397985
3.23,5.252028133723544,0.03235423297245984,162.32893353380095,1.0,1.5464746477890507,1.0,5.967603308177468,nan,5.791905615653372
3.24,5.316388994376757,0.03243028777679518,163.93283436050137,1.0,1.547683093135459,1.0,5.955620773333446,nan,5.795736083077554
3.25,5.3837369609387995,0.03250296186097359,165.63834963616253,1.0,1.5488359857581142,1.0,5.945616551228963,nan,5.79976222370836
3.2600000000000002,5.453639742836543,0.03257230680605802,167.43179337308212,1.0,1.5499334928561759,1.0,5.938115052138422,nan,5.80398371556726
3.27,5.525692679960008,0.032638375767783695,169.30047987909506,1.0,1.5509758122094837,1.0,5.933695165356607,nan,5.8084001608654265
3.2800000000000002,5.59951820377613,0.0327012231118961,171.23268400744098,1.0,1.5519631719475468,1.0,5.9330013050054395,nan,5.813011086242238
3.29,5.674765092521756,0.03276090407881376,173.21759737978616,1.0,1.5528958302847742,1.0,5.936755719140262,nan,5.8178159430378225
3.3000000000000003,5.75110755776334,0.03281747447642109,175.24528165308493,1.0,1.5537740752263918,1.0,5.945772050732938,nan,5.822814107585175
3.31,5.828244198908083,0.032870990400018736,177.30661984875152,1.0,1.5545982242408982,1.0,5.960969961196158,nan,5.828004881539448
3.3200000000000003,5.90589686076849,0.03292150797851701,179.3932666942958,1.0,1.5553686239040014,1.0,5.983390346468883,nan,5.833387492229578
3.33,5.983809426712484,0.03296908314567875,181.49759883440314,1.0,1.556085649509612,1.0,6.014210256416119,nan,5.838961093049805
3.34,6.061746576584125,0.033013771435123206,183.61266565670408,1.0,1.5567497046509928,1.0,6.054756041231026,nan,5.844724763883562
3.35,6.139492534659428,0.03305562779776001,185.73214135341473,1.0,1.5573612207755323,1.0,6.106512494551697,nan,5.850677511550165
3.36,6.216849828629685,0.033094706440378326,187.85027870936497,1.0,1.557920656713279,1.0,6.171124911839223,nan,5.85681827027696
3.37,6.293638076426008,0.033131060684236706,189.96186498250063,1.0,1.558428498179387,1.0,6.250390233187891,nan,5.863145902199676
3.38,6.369692813819223,0.033164742842530626,192.0621801309642,1.0,1.5588852572506615,1.0,6.346233178280215,nan,5.86965919789382
3.39,6.444864372250026,0.03319580411564889,194.14695754310233,1.0,1.559291471816396,1.0,6.46066408872446,nan,5.876356876940012
3.4,6.519016813332781,0.033224294503147664,196.21234734465682,1.0,1.5596477050037276,1.0,6.595717706358819,nan,5.883237588526251
3.41,6.592026924027363,0.033250262731092634,198.25488229490279,1.0,1.559954544577745,1.0,6.753376650163144,nan,5.890299912090206
3.42,6.663783274564885,0.03327375619270648,200.27144624043285,1.0,1.5602126023264231,1.0,6.935489330099517,nan,5.897542357969438
3.43,6.734185339175545,0.03329482090185184,202.25924503474332,1.0,1.560422513444304,1.0,7.143697560008593,nan,5.904963368013631
3.44,6.803142678356562,0.03331350145942225,204.21577979856542,1.0,1.5605849358616015,1.0,7.379391345115822,nan,5.912561316353684
3.45,6.870574181003387,0.03332984103062254,206.13882240515017,1.0,1.5607005495814357,1.0,7.6437049050512345,nan,5.920334510107161
3.46,6.936407363777609,0.033343881332089466,208.02639304927447,1.0,1.5607700559901292,1.0,7.93755898501692,nan,5.928281190150324
3.47,7.000577724580385,0.03335566262828729,209.87673974863688,1.0,1.5607941771540157,1.0,8.261743087466744,nan,5.936399531912751
3.48,7.0630281469361185,0.03336522373592272,211.6883196359837,1.0,1.5607736551043079,1.0,8.617022032102863,nan,5.944687646193142
3.49,7.123708351843178,0.03337260203556788,213.45978189686454,1.0,1.5607092511108267,1.0,9.004247464974357,nan,5.953143579997644
3.5,7.1825743936224455,0.03337783348974967,215.18995221269273,1.0,1.5606017449453893,1.0,9.424456668654276,nan,5.961765317402013
3.5100000000000002,7.239588196352231,0.033380952666796186,216.8778185756634,1.0,1.560451934135637,1.0,9.878945780745953,nan,5.970550780439024
3.52,7.29471712759104,0.03338199276976785,218.52251834999632,1.0,1.5602606332100646,2.0,10.369309224067633,nan,5.979497830012595
3.5300000000000002,7.347933606241011,0.03338098566984001,220.12332646246358,1.0,1.5600286729350124,2.0,10.89743977416721,nan,5.988604266840057
3.54,7.399214741580584,0.033377961943536656,221.67964461393294,1.0,1.5597568995443434,2.0,11.465483807706224,nan,5.997867832424161
3.5500000000000003,7.448542000684978,0.03337295091324893,223.1909914123877,1.0,1.5594461739625278,2.0,12.075744757313387,nan,6.007286210056348
3.56,7.495900901684354,0.03336598069039146,224.65699333821706,1.0,1.5590973710218148,2.0,12.73052640278913,nan,6.016857025852955
3.5700000000000003,7.541280730882734,0.03335707821935514,226.07737648038298,1.0,1.5587113786780078,2.0,13.431908791707045,nan,6.026577849812146
3.58,7.584674281397055,0.033346269322308345,227.45195896090775,1.0,1.5582890972637726,2.0,14.181456231220238,nan,6.036446196754773
3.59,7.626077610662322,0.03333357874653531,228.78064394615825,1.0,1.5578314386869305,2.0,14.97987133334108,nan,6.046459527484948
3.6,7.665489815405076,0.0333190302125153,230.0634132059991,1.0,1.5573393256509442,2.0,15.826632219858773,nan,6.056615249897884
3.61,7.702912822740903,0.03330264646136575,231.30032118249275,1.0,1.5568136908818306,2.0,16.719676486377175,nan,6.066910720094685
3.62,7.738351195630096,0.033284449302140494,232.4914895056548,1.0,1.556255476355004,2.0,17.655213785740724,nan,6.077343243530618
3.63,7.771811951352401,0.03326445965861272,233.63710191336745,1.0,1.555665632527217,2.0,18.627743045970387,nan,6.0879100761814415
3.64,7.803304391821818,0.03324269761513941,234.73739953847885,1.0,1.5550451175744668,2.0,19.63031062805446,nan,6.098608425727806
3.65,7.8328399446439505,0.033219182461355704,235.79267652826775,1.0,1.5543948966366883,2.0,20.654980462180227,nan,6.109435452757626
3.66,7.8604320139297705,0.03319393273548566,236.80327596514798,1.0,1.5537159410700057,2.0,21.69342406945616,nan,6.120388271986455
3.67,7.886095839980969,0.03316696626607442,237.76958606091873,1.0,1.5530092277072793,2.0,22.737508475623468,nan,6.131463953495924
3.68,7.909848367053796,0.03313830021198829,238.69203659976156,1.0,1.5522757381276606,2.0,23.77977582530209,nan,6.142659523990094
3.69,7.931708118491686,0.03310795110054438,239.571095607945,1.0,1.5515164579357852,2.0,24.813756343144647,nan,6.153971968069881
3.7,7.951695078591976,0.033075934863671004,240.40726623046206,1.0,1.5507323760512424,2.0,25.834109313260498,nan,6.165398229525474
3.71,7.969830580643845,0.033042266872004164,241.20108379720372,1.0,1.5499244840088744,2.0,26.836623899280575,nan,6.176935212646784
3.72,7.986137200758145,0.033006961966581636,241.95311306880717,1.0,1.5490937752707843,1.0,27.81812654816712,nan,6.188579783550696
3.73,8.000638657049317,0.03297003448811747,242.6639456483668,1.0,1.5482412445604299,1.0,28.77633951232986,nan,6.200328771487982
3.74,8.0133597135586,0.03293149830436303,243.33419753625134,1.0,1.5473678872008663,1.0,29.709724042669485,nan,6.212178970198007
3.75,8.024326088632225,0.03289136683539365,243.9645068199912,1.0,1.546474698466769,1.0,30.617329679361504,nan,6.224127139277125
3.7600000000000002,8.033564367585182,0.03284965307654285,244.55553149575752,1.0,1.5455626729546013,1.0,31.4986608278482,nan,6.236170005546002
3.77,8.041101919308105,0.03280636961919374,245.10794740919965,1.0,1.5446328039663046,1.0,32.35356472060054,nan,6.248304264433886
3.7800000000000002,8.046966816551354,0.032761528669548366,245.62244630638858,1.0,1.5436860829085823,1.0,33.18214073811591,nan,6.260526581372999
3.79,8.051187759691045,0.032715142065422705,246.09973398833282,1.0,1.542723498708104,1.0,33.98466894046752,nan,6.27283359320258
3.8000000000000003,8.053794003785624,0.032667221291172756,246.54052856224712,1.0,1.5417460372429344,1.0,34.761554855998924,nan,6.285221909582045
3.81,8.054815288752605,0.0326177774908738,246.9455587832825,1.0,1.5407546807904342,1.0,35.51328750003417,nan,6.297688114412781
3.8200000000000003,8.05428177251369,0.03256682147987715,247.3155624809865,1.0,1.5397504074918607,1.0,36.240407878276045,nan,6.310228767268024
3.83,8.052223966972914,0.032514363754883126,247.65128506516143,1.0,1.5387341908338392,1.0,36.94348564534326,nan,6.322840404830303
3.84,8.04867267670658,0.03246041450267079,247.95347810621303,1.0,1.5377069991468633,1.0,37.62310202063762,nan,6.335519542335914
3.85,8.043658940256329,0.03240498360763148,248.2228979854204,1.0,1.5366697951209274,1.0,38.27983745593653,nan,6.348262675025818
3.86,8.03721397392737,0.03234808065825203,248.46030461090334,1.0,1.5356235353383783,1.0,38.91426288150277,nan,6.36106627960245
3.87,8.029369118015655,0.032289714952694164,248.666460195732,1.0,1.534569169824027,1.0,39.52693362776262,nan,6.373926815691794
3.88,8.020155785437241,0.03222989550360842,248.84212809623645,1.0,1.533507641613028,1.0,40.11838534764102,nan,6.386840727308084
3.89,8.009605412647044,0.03216863104235014,248.98807170570498,1.0,1.5324398863378061,1.0,40.68913144930245,nan,6.399804444314969
3.9,7.997749412716012,0.03210593002274996,249.10505339820034,1.0,1.531366831829668,1.0,41.23966152064228,nan,6.412814383900921
3.91,7.98461913058541,0.032041800624552016,249.19383352217724,1.0,1.5302893977393437,1.0,41.77044059202199,nan,6.425866952049561
3.92,7.970245800457044,0.03197625075666328,249.2551694415327,1.0,1.5292084951743394,1.0,42.28190894473234,nan,6.438958545013349
3.93,7.954660505232063,0.03190928806033146,249.28981462049683,1.0,1.528125026353445,1.0,42.774482312579984,nan,6.452085550787747
3.94,7.9378941379650385,0.03184091991237812,249.29851775039927,1.0,1.5270398842783026,1.0,43.248552355707105,nan,6.465244350584915
3.95,7.919977365292651,0.03177115342859103,249.2820219163155,1.0,1.5259539524218433,1.0,43.70448731514311,nan,6.478431320306366
3.96,7.900940592796656,0.031699995467375425,249.24106380166646,1.0,1.5248681044333703,1.0,44.142632780443684,nan,6.49164283201404
3.97,7.8808139322629795,0.031627452633746486,249.17637292907216,1.0,1.5237832038600656,1.0,44.563312520674906,nan,6.504875255399104
3.98,7.8596271708003655,0.031553531283738126,249.08867093589026,1.0,1.5227001038846693,1.0,44.966829342386774,nan,6.518124959247956
3.99,7.837409741783527,0.03147823752929081,248.9786708830423,1.0,1.5216196470790722,1.0,45.35346594826494,nan,6.531388312904706
4.0,7.814190697587331,0.0314015772436676,248.84707659590984,1.0,1.5205426651735487,1.0,45.72348577762984,nan,6.5446616877295245
4.01,7.789998684079436,0.031323556067438856,248.6945820362081,1.0,1.519469978841343,1.0,46.07713381548394,nan,6.557941458552189
4.0200000000000005,7.764861916840422,0.03124417941506228,248.52187070392753,1.0,1.5184023974983225,1.0,46.41463736096371,nan,6.571224005120072
4.03,7.7388081590812146,0.03116345248207695,248.32961506854988,1.0,1.517340719117384,1.0,46.736206749054865,nan,6.584505713539937
4.04,7.711864701229134,0.03108138025291648,248.11847602892414,1.0,1.5162857300573167,1.0,47.0420360216256,nan,6.597782977712726
4.05,7.684058342169436,0.030997967509396315,247.88910240131688,1.0,1.5152382049057933,1.0,47.33230354543635,nan,6.6110522007606605
4.0600000000000005,7.6554153721349,0.030913218839931766,247.64213043534997,1.0,1.5141989063353842,1.0,47.60717259991718,nan,6.62430979644833
4.07,7.625961557181079,0.03082713864930094,247.37818335773474,1.0,1.5131685849728902,1.0,47.86679191531804,nan,6.637552190595091
4.08,7.595722125209507,0.030739731168851467,247.09787094385013,1.0,1.5121479792833652,1.0,48.11129610905414,nan,6.650775822472715
4.09,7.564721753564476,0.03065100046733005,246.8017891170462,1.0,1.511137815464957,1.0,48.34080611821897,nan,6.663977146198865
4.1,7.5329845581792245,0.030560950462275107,246.49051957588992,1.0,1.51013880735639,1.0,48.55542956898016,nan,6.677152632118659
4.11,7.500534084238852,0.030469584931837927,246.16462944992338,1.0,1.509151656356277,1.0,48.75526109816713,nan,6.690298768175027
4.12,7.467393298354915,0.030376907527018483,245.8246709844676,1.0,1.5081770513538457,1.0,48.94038262824614,nan,6.7034120612673505
4.13,7.43358458224119,0.030282921784258544,245.47118125521374,1.0,1.5072156686706577,1.0,49.110863596732635,nan,6.716489038597953
4.14,7.399129727883073,0.03018763113833552,245.10468191347607,1.0,1.506268172012907,1.0,49.26676114095277,nan,6.729526249005917
4.15,7.364049934196101,0.03009103893549095,244.72567896319973,1.0,1.5053352124338912,1.0,49.408120238942146,nan,6.742520264287711
4.16,7.328365805172988,0.029993148446733276,244.33466257094997,1.0,1.5044174283062492,1.0,49.53497380704294,nan,6.755467680504122
4.17,7.292097349522141,0.029893962881244587,243.93210691036177,1.0,1.5035154453035682,1.0,49.64734275459195,nan,6.768365119272958
4.18,7.255263981805315,0.029793485399828432,243.51847004268572,1.0,1.5026298763909711,1.0,49.7452359958257,nan,6.781209229046915
4.19,7.217884525086727,0.02969171912832796,243.09419383535675,1.0,1.5017613218242996,1.0,49.82865041893458,nan,6.793996686376121
4.2,7.179977215111223,0.029588667170950572,242.65970392070747,1.0,1.5009103691575203,1.0,49.897570811871724,nan,6.806724197154683
4.21,7.141559706034881,0.029484332623432013,242.21540969726024,1.0,1.5000775932579822,1.0,49.951969744321126,nan,6.819388497850732
4.22,7.102649077738731,0.02937871858597725,241.76170437634048,1.0,1.4992635563291725,1.0,49.991807404900065,nan,6.831986356719288
4.23,7.063261844773869,0.02927182817594431,241.2989650772302,1.0,1.498468807940533,1.0,50.0170313934021,nan,6.844514574997746
4.24,7.023413966976173,0.029163664540204866,240.82755297413783,1.0,1.4976938850626322,1.0,50.027576479247614,nan,6.856969988089521
4.25,6.983120861787262,0.02905423086706432,240.3478134987659,1.0,1.496939312110372,2.0,50.02336429141449,nan,6.869349466721437
4.26,6.9423974183589925,0.028943530397714266,239.86007660306873,1.0,1.4962056009914666,2.0,50.00430296735972,nan,6.881649918086003
4.2700000000000005,6.901258013516971,0.028831566437221005,239.36465708667075,1.0,1.495493251160185,2.0,49.97028675015411,nan,6.893868286965568
4.28,6.859716529657423,0.028718342364982177,238.86185499417422,1.0,1.4948027496764793,2.0,49.921195528009676,nan,6.906001556836262
4.29,6.817786374676125,0.02860386164458659,238.35195608864308,1.0,1.4941345712699479,2.0,49.85689431522679,nan,6.918046750952308
4.3,6.775480504039018,0.028488127833046967,237.8352324079115,1.0,1.4934891784082784,2.0,49.77723267081346,nan,6.930000933410378
4.3100000000000005,6.732811445115913,0.028371144589375154,237.31194291108423,1.0,1.4928670213698316,2.0,49.68204405048042,nan,6.941861210193661
4.32,6.689791323914197,0.02825291568247253,236.78233422345124,1.0,1.4922685383200318,2.0,49.57114508718414,nan,6.9536247301953
4.33,6.646431894366225,0.02813344499831848,236.24664148892816,1.0,1.4916941553912473,2.0,49.44433479471032,nan,6.965288686220876
4.34,6.602744570342342,0.028012736546437846,235.70508934022584,1.0,1.4911442867658538,2.0,49.30139368818377,nan,6.9768503159695525
4.3500000000000005,6.558740460581545,0.027890794465640512,235.15789299804456,1.0,1.490619334762186,2.0,49.142082814633035,nan,6.988306902993558
4.36,6.51443040675362,0.02776762302902087,234.60525951195646,1.0,1.490119689923095,2.0,48.96614268597588,nan,6.999655777635625
4.37,6.4698250248901426,0.027643226648222594,234.04738915694344,1.0,1.4896457311068365,2.0,48.7732921059346,nan,7.010894317944048
4.38,6.424934750448028,0.02751760987696572,233.48447700125928,1.0,1.489197825580037,2.0,48.56322688156222,nan,7.022019950564978
4.39,6.379769887297182,0.027390777413846785,232.9167146629447,1.0,1.488776329112484,2.0,48.3356184090338,nan,7.033030151611572
4.4,6.33434066096091,0.027262734104400884,232.34429227472052,1.0,1.4883815860735068,2.0,48.0901121224376,nan,7.043922447509664
4.41,6.288657276477511,0.027133484942400858,231.76740067953358,1.0,1.48801392952942,2.0,47.826325798295336,nan,7.054694415821989
4.42,6.242729981251888,0.02700303507050378,231.18623387898378,1.0,1.4876736813414868,2.0,47.54384770291725,nan,7.065343686052371
4.43,6.19656913331328,0.026871389780323534,230.60099176004258,1.0,1.4873611522656356,2.0,47.242234544640844,nan,7.075867940417697
4.44,6.150185275483115,0.026738554511851833,230.01188313141807,1.0,1.4870766420520751,2.0,46.921009249790885,nan,7.086264914602323
4.45,6.103589215971135,0.026604534852272876,229.4191291019581,1.0,1.486820439545547,2.0,46.57965852606898,nan,7.09653239848606
4.46,6.05679211595795,0.026469336534250064,228.82296683639004,1.0,1.4865928227856728,2.0,46.21763020282064,nan,7.106668236848242
4.47,6.009805584794123,0.0263329654337069,228.22365372877493,1.0,1.4863940591071914,2.0,45.834330332416314,nan,7.116670330047685
4.48,5.96264178349556,0.02619542756715503,227.6214720378063,1.0,1.48622440523991,2.0,45.429120038051074,nan,7.126536634678355
4.49,5.915313537276271,0.026056729088630066,227.01673403272386,1.0,1.4860841074082054,2.0,45.001312095979266,nan,7.1362651642004655
4.5,5.8678344579253565,0.025916876286294747,226.40978770378896,1.0,1.4859734014299029,2.0,44.55016724507343,nan,7.145853989546881
4.51,5.820219076904658,0.025775875578776874,225.8010230968395,1.0,1.4858925128143983,2.0,44.07489022478535,nan,7.155301239704494
4.5200000000000005,5.772482990116864,0.025633733511306503,225.19087933760187,1.0,1.4858416568598771,2.0,43.57462555543432,nan,7.164605102270439
4.53,5.724643015370533,0.02549045675172336,224.57985241804272,1.0,1.4858210387494966,2.0,43.04845309457576,nan,7.173763823982916
4.54,5.676717363648181,0.025346052086422474,223.96850382427482,1.0,1.485830853646413,2.0,42.49538343323959,nan,7.182775711226422
4.55,5.628725825376373,0.0252005264162657,223.35747009408928,1.0,1.4858712867875086,2.0,41.91435324102396,nan,7.191639130511435
4.5600000000000005,5.58068997296265,0.025053886752549284,222.7474733993041,1.0,1.4859425135749134,2.0,41.30422074459837,nan,7.20035250893425
4.57,5.532633380928965,0.02490614021318666,222.13933325564793,1.0,1.486044699666926,2.0,40.66376159098065,nan,7.2089143346044695
4.58,5.484581865075487,0.024757294019152613,221.53397947419182,1.0,1.486178001066356,2.0,39.991665531761136,nan,7.21732315705188
4.59,5.436563742174529,0.02460735549125342,220.93246647763237,1.0,1.486342564207541,2.0,39.28653455100776,nan,7.225577587605905
4.6000000000000005,5.388610111743434,0.024456332047329336,220.33598911378363,1.0,1.4865385260416022,2.0,38.54688337702009,nan,7.2336762997486534
4.61,5.340755161500274,0.024304231199956627,219.74590010935236,1.0,1.4867660141195225,2.0,37.7711437759018,nan,7.241618029443682
4.62,5.293036498124615,0.024151060554738386,219.16372931648058,1.0,1.4870251466730213,2.0,36.95767468399626,nan,7.249401575440066
4.63,5.245495504935828,0.02399682780929039,218.5912049135524,1.0,1.487316032693199,2.0,36.10478119666023,nan,7.257025799551603
4.64,5.198177728056394,0.023841540753022604,218.03027673022243,1.0,1.4876387720069322,2.0,35.210746810661185,nan,7.264489626910815
4.65,5.151133292532649,0.023685207267823333,217.48314187355803,1.0,1.4879934553510106,2.0,34.2738852699307,nan,7.2717920461975085
4.66,5.104417349726436,0.023527835329747337,216.95227283713106,1.0,1.4883801644440073,2.0,33.29262105762988,nan,7.278932109841616
4.67,5.0580905570513215,0.02336943301181197,216.44044827680386,1.0,1.4887989720558872,2.0,32.26561113362933,nan,7.285908934200092
4.68,5.012219590787138,0.02321000848799911,215.95078663494414,1.0,1.4892499420753544,2.0,31.19192485106076,nan,7.2927216997076
4.69,4.966877692249463,0.023049570038542515,215.4867827878811,1.0,1.4897331295749583,2.0,30.071303444530333,nan,7.299369651000778
4.7,4.922145246989938,0.02288812605651571,215.05234787837597,1.0,1.4902485808729622,2.0,28.904523124452034,nan,7.305852097022013
4.71,4.878110395869689,0.022725685055926096,214.65185246847562,1.0,1.4907963335909322,2.0,27.693882160763394,nan,7.312168411109866
4.72,4.834869675850064,0.022562255681527813,214.29017311458236,1.0,1.4913764167128136,2.0,26.443813845574148,nan,7.318318031038654
4.73,4.792528687157079,0.022397846720325708,213.97274242474083,1.0,1.4919888506378765,2.0,25.161581076293814,nan,7.324300459055222
4.74,4.751202781929304,0.022232467114878918,213.70560259367687,1.0,1.4926336472332493,2.0,23.857921831917864,nan,7.330115261878997
4.75,4.7110177676324465,0.022066125978546663,213.4954623304805,1.0,1.4933108098835088,2.0,22.547394165024606,nan,7.335762070679624
4.76,4.672110616395133,0.021898832612731123,213.34975699476104,1.0,1.4940203335372988,2.0,21.248070604526788,nan,7.3412405810325385
4.7700000000000005,4.634630168925457,0.02173059652623782,213.27671163235402,1.0,1.4947622047511069,2.0,19.980279137005653,nan,7.346550552851939
4.78,4.598737818855445,0.021561427456869828,213.28540645346794,1.0,1.4955364017303632,2.0,18.764402224606197,nan,7.3516918103004265
4.79,4.564608160254412,0.02139133539537206,213.38584412275398,1.0,1.4963428943679997,2.0,17.61825967461912,nan,7.3566642416748085
4.8,4.532429577724256,0.021220330611835005,213.58901803332077,1.0,1.4971816442806414,2.0,16.554961885654635,nan,7.36146779926732
4.8100000000000005,4.502404755059917,0.021048423684672246,213.90698051838584,1.0,1.4980526048425828,2.0,15.581963843028548,nan,7.366102499201768
4.82,4.474751075107469,0.02087562553227407,214.3529097218873,1.0,1.498955721217724,2.0,14.701449489090791,nan,7.370568421243935
4.83,4.449700880428645,0.020701947447440066,214.94117361305928,1.0,1.4998909303896393,2.0,13.911605777619995,nan,7.374865708585652
4.84,4.427501562004378,0.020527401134569214,215.68738940596987,1.0,1.5008581611899532,2.0,13.208163749709708,nan,7.378994567601969
4.8500000000000005,4.408415441857913,0.02035199874960588,216.60847644967953,1.0,1.5018573343183328,2.0,12.585744650306877,nan,7.382955267620235
4.86,4.3927194156502845,0.020175752943125194,217.72270051250234,1.0,1.5028883623630775,2.0,12.038806897894583,nan,7.386748140650295
4.87,4.380704323497953,0.019998676906705242,219.0497073348473,1.0,1.5039511498245575,2.0,11.562175748915896,nan,7.390373581062257
4.88,4.3726740218582245,0.019820784422380236,220.6105433910531,1.0,1.5050455931307178,2.0,11.151222661359176,nan,7.393832045275669
4.89,4.368944136753759,0.019642089915297836,222.42766200510556,1.0,1.506171580653546,2.0,10.801786541349204,nan,7.397124051409335
4.9,4.3698404890960045,0.019462608509745176,224.52491334385982,1.0,1.507328992722689,2.0,10.509937810773383,nan,7.400250178913849
4.91,4.375697196318871,0.01928235608854262,226.92751737526856,1.0,1.508517701636506,2.0,10.271695929560762,nan,7.403211068185909
4.92,4.386854470562079,0.019101349355851623,229.66201962157103,1.0,1.5097375716708594,2.0,10.082811080375137,nan,7.406007420163363
4.93,4.403656151421074,0.018919605903431783,232.75623043619026,1.0,1.5109884590859395,2.0,9.938690451262344,nan,7.408639995899987
4.94,4.426447029585068,0.018737144280391176,236.2391495387822,1.0,1.5122702121314353,2.0,9.834486720148476,nan,7.411109616118982
4.95,4.455570034945671,0.018553984066459733,240.14087858359545,1.0,1.5135826710503621,2.0,9.76529981051245,nan,7.413417160744205
4.96,4.4913633772073025,0.018370145948820436,244.49252552050066,1.0,1.5149256680818737,2.0,9.72640974451435,nan,7.415563568408048
4.97,4.5341577369193065,0.018185651802519083,249.32610533603383,1.0,1.5162990274633763,2.0,9.713469668536828,nan,7.417549835935043
4.98,4.584273608710702,0.018000524774472476,254.67444233692063,1.0,1.517702565432287,2.0,9.722624337300873,nan,7.419377017800099
4.99,4.642018895251363,0.017814789370709898,260.57107937989525,1.0,1.5191360902277242,2.0,9.750553765165572,nan,7.42104622556067
5.0,4.707686840104334,0.01762847154652505,267.05019931420657,1.0,1.5205994020779154,2.0,9.794460672325554,nan,7.422558627342097
5.01,4.781554371205952,0.017441598800159264,274.1465633966016,1.0,1.5220922931931329,2.0,9.85202447457901,nan,7.423915447267402
5.0200000000000005,4.863880904550564,0.017254200270033743,281.89547057697695,1.0,1.5236145477720142,2.0,9.92134054732002,nan,7.425117964790023
5.03,4.954907631859042,0.0170663068346776,290.33274040233465,1.0,1.5251659419911914,2.0,10.000857194321975,nan,7.42616751409499
5.04,5.054857290080116,0.016877951215305106,299.49472098819183,1.0,1.5267462439984607,1.0,10.089317222087427,nan,7.427065483458631
5.05,5.163934385715274,0.016689168081054785,309.41832214975835,1.0,1.5283552139057721,1.0,10.185707190080748,nan,7.427813314588507
5.0600000000000005,5.282325824975733,0.016499994156503113,320.14107246782385,1.0,1.5299926037819054,1.0,10.28921512479469,nan,7.428412501945143
5.07,5.410201883730899,0.016310468331144634,331.7011978987867,1.0,1.531658157644692,1.0,10.399196307574732,nan,7.428864592047177
5.08,5.547717439641258,0.01612063177055839,344.1377185832894,1.0,1.5333516114526395,1.0,10.515146249702816,nan,7.429171182761596
5.09,5.695013382997216,0.015930528028905076,357.4905598021562,1.0,1.5350726930958027,1.0,10.636679849959114,nan,7.429333922580756
5.1000000000000005,5.852218122152617,0.01574020316216467,371.8006725745331,1.0,1.5368211223873423,1.0,10.763515800441612,nan,7.429354509880069
5.11,6.019449103149997,0.01554970584163627,387.11015915376186,1.0,1.5385966110569707,1.0,10.895465458170051,nan,7.429234692151558
5.12,6.196814270244749,0.01535908746731346,403.4623986244326,1.0,1.5403988627427974,1.0,11.032425574600072,nan,7.428976265231415
5.13,6.384413403459643,0.015168402280410774,420.90216790365525,1.0,1.5422275729833181,1.0,11.174374454043022,nan,7.428581072514185
5.14,6.582339279883216,0.01497770747436596,439.47575362576384,1.0,1.544082429210506,1.0,11.321371277073714,nan,7.428051004149587
5.15,6.7906786160419665,0.014787063303615957,459.23105058875393,1.0,1.5459631107452356,1.0,11.47355848364294,nan,7.42738799621702
5.16,7.009512758605091,0.01459653318928178,480.21764262161713,1.0,1.5478692887934895,1.0,11.631167262895348,nan,7.4265940298867505
5.17,7.238918099658992,0.014406183820948626,502.48686186640094,1.0,1.5498006264417281,1.0,11.79452634941929,nan,7.425671130576999
5.18,7.478966200722737,0.014216085253632688,526.0918225579443,1.0,1.5517567786505637,1.0,11.964074486032704,nan,7.424621367112251
5.19,7.729723615844126,0.01402631099884343,551.0874253737492,1.0,1.5537373922581708,1.0,12.140377089450807,nan,7.42344685082625
5.2,7.991251408364779,0.013836938108682346,577.5303282848726,1.0,1.5557421059811039,1.0,12.324147853310974,nan,7.4221497346735115
5.21,8.263604359477407,0.013648047251878424,605.4788796499852,1.0,1.5577705504144648,1.0,12.516276250607868,nan,7.420732212340329
5.22,8.546829869290983,0.013459722780539665,634.9930090423675,1.0,1.5598223480363684,1.0,12.717862159817535,nan,7.41919651733142
5.23,8.840966552301563,0.013272052786322593,666.1340709413505,1.0,1.5618971132161115,1.0,12.930259136463986,nan,7.4175449220367575
5.24,9.146042529684825,0.013085129144685723,698.9646360043238,1.0,1.56399445222296,1.0,13.155128178134007,nan,7.415779736795235
5.25,9.462073421547494,0.01289904754588878,733.5482242301891,1.0,1.566113963233203,1.0,13.394504163272371,nan,7.41390330896787
5.26,9.78906004266661,0.012713907511313545,769.9489739056036,1.0,1.5682552363480757,1.0,13.650877436980721,nan,7.411918021958851
5.2700000000000005,10.126985805089193,0.01252981239362404,808.231239778374,1.0,1.570417853609568,1.0,13.927293184491875,nan,7.40982629425082
5.28,10.475813831696232,0.012346869359329597,848.459113546905,1.0,1.5726013890186878,1.0,14.227471128216003,nan,7.407630578432413
5.29,10.835483786015754,0.012165189352274454,890.6958594927178,1.0,1.5748054085595768,1.0,14.555947489194073,nan,7.405333360202572
5.3,11.20590842476034,0.011984887036560499,935.0032579010677,1.0,1.5770294702257834,1.0,14.918239772688548,nan,7.402937157371279
5.3100000000000005,11.586969881966859,0.01180608071749108,981.4408489347695,1.0,1.5792731240472428,1.0,15.321032447685203,nan,7.400444518864968
5.32,11.978515696750277,0.011628892239153343,1030.0650698627842,1.0,1.5815359121268242,1.0,15.772377797787568,nan,7.39785802369409
5.33,12.380354600316274,0.011453446857284447,1080.9282790221625,1.0,1.5838173686756771,1.0,16.281901386742927,nan,7.39518027993741
5.34,12.792252083047554,0.011279873086236148,1134.0776607368775,1.0,1.5861170200543226,1.0,16.860996929634158,nan,7.39241392370973
5.3500000000000005,13.213925768454525,0.011108302518912858,1189.5540066501303,1.0,1.5884343848203586,1.0,17.522993616061637,nan,7.389561618110242
5.36,13.64504062764424,0.010938869618672966,1247.3903706057308,1.0,1.5907689737759372,2.0,18.283284287857832,nan,7.386626052186257
5.37,14.085204076547777,0.010771711482477601,1307.6105964646613,1.0,1.5931202900217794,2.0,19.159419495975413,nan,7.38360993988025
5.38,14.533961007362377,0.010606967574685745,1370.2277210735206,1.0,1.5954878290192027,2.0,20.17120095179563,nan,7.380516018954355
5.39,14.99078881578839,0.010444779431083566,1435.2422580773648,1.0,1.5978710786516563,2.0,21.340840981489393,nan,7.377347049935098
5.4,15.455092497263145,0.01028529033315232,1502.640372479047,1.0,1.6002695192953704,2.0,22.693275943216644,nan,7.374105815032474
5.41,15.926199897307106,0.010128644952641432,1572.3919607976522,1.0,1.602682623894915,2.0,24.25671102698588,nan,7.370795117055229
5.42,16.40335721367012,0.00997498896694807,1644.4486573391027,1.0,1.6051098580391023,2.0,26.0634161635746,nan,7.367417778345709
5.43,16.88572486079646,0.009824468646319764,1718.7417934426242,1.0,1.6075506800509882,2.0,28.150679563755002,nan,7.363976639668501
5.44,17.37237381950256,0.009677230413823495,1795.1803436122482,1.0,1.6100045410768196,2.0,30.561644279596347,nan,7.360474559127324
5.45,17.862282606355453,0.009533420379646535,1873.6488998734073,1.0,1.6124708851840805,2.0,33.34547498946876,nan,7.356914411063188
5.46,18.3543350071984,0.00939318385207033,1954.0057233259588,1.0,1.6149491494645398,2.0,36.555901282076086,nan,7.353299084952614
5.47,18.84731872836848,0.00925666482688052,2036.080929887141,1.0,1.617438764142802,2.0,40.24674419011223,nan,7.349631484305641
5.48,19.339925124008882,0.00912400545749579,2119.6748746045787,1.0,1.6199391526930484,2.0,44.46297930614066,nan,7.345914525554253
5.49,19.830750157888765,0.00899534550985882,2204.5568050893025,1.0,1.6224497319618274,2.0,49.22716902249529,nan,7.342151136938236
5.5,20.31829675636079,0.00887082180520599,2290.463860342303,1.0,1.624969912295236,2.0,54.524550082712345,nan,7.338344257398393
5.51,20.800978700421265,0.008750567653561046,2377.100494955467,1.0,1.627499097677126,2.0,60.29422932159939,nan,7.3344968354498565
5.5200000000000005,21.277126188542834,0.008634712282424286,2464.1384093193037,1.0,1.6300366858677868,2.0,66.43379807483691,nan,7.330611828081854
5.53,21.744993181071354,0.008523380264736032,2551.2170647879448,1.0,1.6325820685539318,2.0,72.81707415975696,nan,7.326692199636513
5.54,22.20276660673709,0.008416690950217487,2637.944857196327,1.0,1.635134631510996,2.0,79.31583511847988,nan,7.322740920663168
5.55,22.648577474437424,0.008314757904710535,2723.901012392242,1.0,1.6376937547582022,2.0,85.81560789353222,nan,7.318760966837273
5.5600000000000005,23.080513890280027,0.008217688361687727,2808.6382537801437,1.0,1.6402588127357356,2.0,92.2220539220345,nan,7.31475531781181
5.57,23.496635928121677,0.008125582690335533,2891.686273289457,1.0,1.6428291744767738,2.0,98.46033587641985,nan,7.3107269561253645
5.58,23.894992245297775,0.00803853388457312,2972.5560143691177,1.0,1.6454042037986558,2.0,104.47134080045387,nan,7.30667886605761
5.59,24.273638274627682,0.007956627077047572,3050.744748946407,1.0,1.6479832594935164,2.0,110.20745549375853,nan,7.302614032521855
5.6000000000000005,24.630655761539636,0.007879939082022846,3125.741900433162,1.0,1.650565695527721,2.0,115.62908786918067,nan,7.2985354399529925
5.61,24.96417335379823,0.007808537970663888,3197.035533103229,1.0,1.6531508612514998,2.0,120.70220114003459,nan,7.294446071185144
5.62,25.272387893219104,0.007742482682100974,3264.1193956615057,1.0,1.6557381016080754,2.0,125.39673707578284,nan,7.2903489063675595
5.63,25.553586007472813,0.007681822673150286,3326.5003755929433,1.0,1.6583267573691596,2.0,129.6857047017071,nan,7.2862469217988055
5.64,25.80616555856135,0.0076265976089918645,3383.706192671752,1.0,1.6609161653528774,2.0,133.54472785866454,nan,7.282143088876344
5.65,26.028656476502825,0.007576837096965936,3435.293136621048,1.0,1.6635056586690213,2.0,136.95189046263465,nan,7.278040372960951
5.66,26.21974049315361,0.007532560465173973,3480.853637269546,1.0,1.6660945669598033,2.0,139.88776407972335,nan,7.273941732298552
5.67,26.37826929489695,0.0074937765870838335,3520.0234472378265,1.0,1.6686822166583188,2.0,142.3355361570675,nan,7.2698501169006375
5.68,26.5032806355379,0.00746048375280057,3552.488218420007,1.0,1.6712679312447987,2.0,144.28118292087746,nan,7.265768467472064
5.69,26.594011991253883,0.007432669587430355,3577.989264614687,1.0,1.6738510315165211,2.0,145.7136472559425,nan,7.261699714315843
5.7,26.649911397329642,0.007410311016685371,3596.3283237806845,1.0,1.676430835861941,2.0,146.62499463743848,nan,7.257646776256982
5.71,26.670645179991222,0.0073933742794444375,3607.371163954565,1.0,1.6790066605446636,2.0,147.0105282520126,nan,7.253612559560209
5.72,26.656102382937068,0.0073818149865753965,3611.049915422424,1.0,1.681577819992143,2.0,146.86885185020026,nan,7.249599956864483
5.73,26.606395782848136,0.007375578225155225,3607.364056163635,1.0,1.6841436270924406,2.0,146.20187366057078,nan,7.245611846119059
5.74,26.521859487181462,0.007374598707065558,3596.3800256373315,1.0,1.6867033934988411,2.0,145.01475001329393,nan,7.241651089522416
5.75,26.403043206655443,0.007378800960722841,3578.2294911054155,1.0,1.6892564299393498,2.0,143.31577122523643,nan,7.237720532476017
5.76,26.2507033895512,0.007388099564301361,3553.10633825135,1.0,1.69180204653438,2.0,141.11619728893376,nan,7.233823002538911
5.7700000000000005,26.06579149024275,0.0074023994187399755,3521.2625009472436,1.0,1.6943395531196865,2.0,138.43005524212475,nan,7.229961308395144
5.78,25.849439717040788,0.007421596058754765,3483.002781665531,1.0,1.6968682595776898,2.0,135.2739156958007,nan,7.226138238820282
5.79,25.602944662039935,0.007445575999918137,3438.6788426202934,1.0,1.6993874761734031,2.0,131.6666728401504,nan,7.222356561662658
5.8,25.327749256377288,0.0074742171196029526,3388.682567161329,1.0,1.70189651389339,2.0,127.62936132288641,nan,7.218619022845206
5.8100000000000005,25.025423516873794,0.007507389069408088,3333.439000630734,1.0,1.7043946847970526,2.0,123.18505682277868,nan,7.214928345348416
5.82,24.697644554404697,0.007544953716815452,3273.3990798858067,1.0,1.7068813023681084,2.0,118.35892484827086,nan,7.211287228224612
5.83,24.34617630294776,0.0075867656135817545,3209.0323522534386,1.0,1.7093556818733542,2.0,113.17850880281922,nan,7.207698345613123
5.84,23.972849402013843,0.007632672488198277,3140.819868673905,1.0,1.7118171407241034,2.0,107.67438172697325,nan,7.204164345774808
5.8500000000000005,23.579541626406392,0.007682515759794107,3069.2474136933406,1.0,1.7142649988456,2.0,101.88132330573771,nan,7.200687850122965
5.86,23.16815920942023,0.007736131070757382,2994.799208740917,1.0,1.7166985790487896,2.0,95.84020460535703,nan,7.197271452273228
5.87,22.74061935138011,0.007793348835284404,2917.9521964193245,1.0,1.7191172074067342,2.0,89.60071625198195,nan,7.193917717101928
5.88,22.298834147552967,0.007853994801060185,2839.170983986763,1.0,1.7215202136322851,2.0,83.22484975036377,nan,7.190629179825912
5.89,21.8446961107968,0.007917890621279703,2758.90349534359,1.0,1.7239069314636912,2.0,76.79046222230298,nan,7.187408345075124
5.9,21.380065407321183,0.007984854434225556,2677.5773539063666,1.0,1.7262766990489893,2.0,70.39320519484203,nan,7.184257685994727
5.91,20.90675887051245,0.008054701447574766,2595.5969946977216,1.0,1.7286288593376673,2.0,64.14393002013037,nan,7.181179643340509
5.92,20.42654080903727,0.008127244524689908,2513.341483326003,1.0,1.7309627604665458,2.0,58.158759544104846,nan,7.178176624620132
5.93,19.941115582572902,0.008202294770288695,2431.1630026765106,1.0,1.7332777561576853,2.0,52.542156019241354,nan,7.175251003205626
5.94,19.45212188268559,0.00827966211279786,2349.3859553300463,1.0,1.7355732061097586,2.0,47.368836929830245,nan,7.172405117492248
5.95,18.96112862664226,0.00835915588089862,2268.306620524932,1.0,1.7378484763950186,2.0,42.67314537163458,nan,7.169641270052332
5.96,18.46963234912426,0.008440585371676716,2188.193298903306,1.0,1.740102939856209,2.0,38.45026317044674,nan,7.166961726806057
5.97,17.979055959634785,0.008523760407993373,2109.2868756346634,1.0,1.742335976499362,2.0,34.66619520628118,nan,7.164368716224385
5.98,17.490748721270577,0.008608491882971617,2031.8017324113268,1.0,1.7445469738937784,2.0,31.2698550188154,nan,7.161864428515976
5.99,17.00598730008234,0.008694592289161807,1955.9269410804982,1.0,1.7467353275659034,2.0,28.202118968441752,nan,7.159451014851616
6.0,16.525977730245263,0.008781876230351421,1881.8276751759627,1.0,1.7489004413953277,2.0,25.399466068445076,nan,7.15713058659076
6.01,16.051858139277996,0.00887016091427868,1809.6467803012038,1.0,1.751041728004655,2.0,22.789927194638153,nan,7.154905214541097
6.0200000000000005,15.584702078831882,0.008959266623977304,1739.506449905532,1.0,1.7531586091496845,2.0,20.270101660598897,nan,7.152776928224752
6.03,15.125522308088334,0.009049017166013612,1671.5099585507385,1.0,1.755250516115209,2.0,17.56113278990769,nan,7.150747715129446
6.04,14.675274878994717,0.009139240294488567,1605.7434104062966,1.0,1.7573168900935927,2.0,14.752400501469538,nan,7.148819520030717
6.05,14.234863373913457,0.00922976810905378,1542.277466315759,1.0,1.7593571825673915,2.0,13.97975870045798,nan,7.146994244301708
6.0600000000000005,13.805143146583857,0.009320437425406084,1481.169017770899,1.0,1.761370855689876,2.0,13.261609584354623,nan,7.145273745232798
6.07,13.386925416562422,0.009411090117347663,1422.4627805748046,1.0,1.7633573826562448,2.0,12.589576343717068,nan,7.1436598353872585
6.08,12.980981064720643,0.009501573429395999,1366.1927849297088,1.0,1.7653162480739737,2.0,11.956394324911734,nan,7.142154281958542
6.09,12.588043974082217,0.0095917402590835,1312.38374205986,1.0,1.7672469483268607,2.0,11.355629720788029,nan,7.1407588061487886
6.1000000000000005,12.208813756438394,0.009681449408322959,1261.0522703287286,1.0,1.7691489919306498,2.0,10.781414941552086,nan,7.139475082575161
6.11,11.843957702037478,0.009770565803408172,1212.2079662885096,1.0,1.771021899886226,2.0,10.228176777528468,nan,7.138304738679041
6.12,11.494111789666697,0.009858960683396418,1165.8543084591113,1.0,1.772865206022613,2.0,9.69031897113094,nan,7.137249354166704
6.13,11.159880599558633,0.009946511756852051,1121.9893840542343,1.0,1.7746784573348295,2.0,9.161789679326363,nan,7.136310460460249
6.140000000000001,10.841835985643401,0.010033103327095158,1080.6064317472142,1.0,1.776461214314805,2.0,8.635389613367295,nan,7.135489540164157
6.15,10.540514390339812,0.01011862638630516,1041.6941972089855,1.0,1.778213051270624,2.0,8.101475912451258,nan,7.13478802656428
6.16,10.256412728181791,0.010202978679055171,1005.2371028899934,1.0,1.779933556640968,2.0,7.545084342049626,nan,7.134207303131126
6.17,9.989982828380434,0.010286064736012984,971.2152397217641,1.0,1.7816223332980576,2.0,7.936342159166536,nan,7.133748703051811
6.18,9.741624512330642,0.01036779587874012,939.6041961345434,1.0,1.783278998841362,2.0,8.786443039347846,nan,7.1334135087804755
6.19,9.511677489900288,0.010448090196704339,910.3747489565677,1.0,1.7849031858841122,1.0,9.148643512973415,nan,7.13320295159787
6.2,9.300412383299992,0.010526872497721374,883.4924508977515,1.0,1.7864945423251144,1.0,9.367167199402429,nan,7.133118211207569
6.21,9.10802131888954,0.010604074233258393,858.9171594370148,1.0,1.7880527316130441,1.0,9.511590696087724,nan,7.133160415339933
6.22,8.934608650702538,0.0106796334001212,836.6025607771463,1.0,1.7895774329992098,1.0,9.609945886946447,nan,7.133330639377778
6.23,8.780182474309855,0.010753494420120904,816.4957483849364,1.0,1.7910683417772029,1.0,9.676644403518432,nan,7.1336299060086725
6.24,8.644647634182537,0.01082560799948259,798.5369167806286,1.0,1.7925251695114828,1.0,9.720185574991541,nan,7.134059184894754
6.25,8.527800904303989,0.010895930969772953,782.6592264544871,1.0,1.7939476442568516,1.0,9.746061997077579,nan,7.1346193923514925
6.26,8.429328919663636,0.01096442611212325,768.7888844764449,1.0,1.795335510760269,1.0,9.75807067721463,nan,7.135311391066804
6.2700000000000005,8.348809257712027,0.011031061966645552,756.8454680932978,1.0,1.7966885306528886,1.0,9.7589804274587,nan,7.1361359898296195
6.28,8.285714831952172,0.011095812628918707,746.7424972874311,1.0,1.798006482629168,1.0,9.750902835397653,nan,7.137093943278803
6.29,8.23942149419409,0.011158657535357906,738.3882396324315,1.0,1.7992891626119487,1.0,9.735513162655822,nan,7.138185951675684
6.3,8.209218484193531,0.0112195812392824,731.6867099683828,1.0,1.800536383903193,1.0,9.71418966594508,nan,7.139412660700632
6.3100000000000005,8.194321151814632,0.011278573179495465,726.5388113730531,1.0,1.8017479773215754,1.0,9.688106130947798,nan,7.140774661268319
6.32,8.193885234648487,0.011335627443086567,722.843554605865,1.0,1.802923791327966,1.0,9.658296517201592,nan,7.14227248935708
6.33,8.207021915800023,0.011390742524041104,720.4992912866237,1.0,1.8040636921338096,1.0,9.62570260091113,nan,7.143906625870494
6.34,8.232812909954948,0.011443921079237172,719.4049009034,1.0,1.8051675637957225,1.0,9.59121125015392,nan,7.145677496518258
6.3500000000000005,8.270324916304183,0.01149516968332858,719.4608817561534,1.0,1.806235308296759,1.0,9.5556856240911,nan,7.147585471714119
6.36,8.318622911936366,0.011544498583846432,720.570309010748,1.0,1.807266845612348,1.0,9.519993272705094,nan,7.149630866497953
6.37,8.376781914561958,0.011591921457769586,722.6396370161176,1.0,1.8082621137615253,1.0,9.485033380832324,nan,7.151813940479284
6.38,8.44389699771914,0.011637455170714586,725.5793361909596,1.0,1.8092210688432473,1.0,9.451765012929998,nan,7.154134897802891
6.390000000000001,8.51909147934552,0.011681119539784453,729.3043659326098,1.0,1.8101436850578543,1.0,9.42123803523006,nan,7.156593887136003
6.4,8.601523316499629,0.011722937101025814,733.7344935295229,1.0,1.8110299547137894,1.0,9.394628324432913,nan,7.159191001676702
6.41,8.690389821494948,0.011762932882282816,738.794474852807,1.0,1.8118798882196976,1.0,9.373278824461796,nan,7.161926279182955
6.42,8.784930868840116,0.01180113418214445,744.414115901846,1.0,1.8126935140608542,1.0,9.358747858987172,nan,7.164799702026031
6.43,8.884430791904219,0.01183757035562718,750.5282355243498,1.0,1.813470878761505,1.0,9.352865640937107,nan,7.167811197263135
6.44,8.988219177952127,0.011872272607088095,757.076549319285,1.0,1.8142120468324092,1.0,9.357798801135555,nan,7.17096063673153
6.45,9.095670765475155,0.011905273790760316,764.0034933538703,1.0,1.8149171007025746,1.0,9.376120445965558,nan,7.174247837168598
6.46,9.206204633371145,0.011936608219262575,771.258004306008,1.0,1.815586140637223,1.0,9.41087900496161,nan,7.177672560350403
6.47,9.319282851424207,0.011966311480333806,778.7932703189372,1.0,1.8162192846418084,1.0,9.465652175572984,nan,7.181234513249865
6.48,9.43440873882827,0.011994420261943448,786.5664644720076,1.0,1.8168166683518454,1.0,9.544562491644449,nan,7.1849333482159885
6.49,9.551124854377012,0.012020972185866324,794.538470491327,1.0,1.8173784449083181,1.0,9.652220471685183,nan,7.188768663175651
6.5,9.669010819878787,0.012046005649745648,802.6736082497977,1.0,1.8179047848184646,2.0,9.793556394083508,nan,7.192740001859338
6.51,9.787681058221873,0.012069559677630688,810.9393647857783,1.0,1.8183958758017316,2.0,9.973514385500769,nan,7.19684685405245
6.5200000000000005,9.906782509684572,0.012091673778989257,819.3061350115814,1.0,1.818851922622245,2.0,10.196624796948413,nan,7.2010886558677525
6.53,10.02599237501994,0.01211238781602271,827.7469750231403,1.0,1.819273146915433,2.0,10.466539455241564,nan,7.2054647900107875
6.54,10.145015921225161,0.012131741879110819,836.2373698943821,1.0,1.8196597869890156,2.0,10.785674133364061,nan,7.209974586114839
6.55,10.263584375335832,0.012149776170313084,844.7550170030295,1.0,1.8200120976252663,2.0,11.155098491033561,nan,7.214617321043371
6.5600000000000005,10.381452923261145,0.012166530894576637,853.2796253276101,1.0,1.8203303498614645,2.0,11.574723811952914,nan,7.21939221924913
6.57,10.498398824037807,0.01218204615838715,861.7927306743803,1.0,1.8206148307582657,2.0,12.043714328973,nan,7.224298453154176
6.58,10.614219644709001,0.012196361875751549,870.2775264328524,1.0,1.8208658431579146,2.0,12.560973466608175,nan,7.229335143544629
6.59,10.728731617208984,0.012209517681253194,878.7187092314182,1.0,1.8210837054322953,2.0,13.125568333763947,nan,7.234501359981292
6.6000000000000005,10.841768115757437,0.012221552849887669,887.1023387062543,1.0,1.8212687512207881,2.0,13.737020497497303,nan,7.239796121227514
6.61,10.953178251189843,0.012232506223384775,895.4157104985362,1.0,1.82142132915794,2.0,14.39545433481398,nan,7.245218395695512
6.62,11.062825577214529,0.012242416142711328,903.6472415456092,1.0,1.8215418025909373,2.0,15.10162808383124,nan,7.2507671019124995
6.63,11.170586902652937,0.012251320386454911,911.7863667171063,1.0,1.8216305492868956,2.0,15.856878778501168,nan,7.256441109007919
6.640000000000001,11.276351203171107,0.012259256114784138,919.8234458591912,1.0,1.8216879611299641,2.0,16.663003754587084,nan,7.262239237223185
6.65,11.380018625752903,0.012266259818685359,927.7496803400143,1.0,1.8217144438082729,2.0,17.522089653502945,nan,7.268160258445261
6.66,11.481499579124986,0.012272367274179585,935.5570382318542,1.0,1.8217104164907318,2.0,18.436290981394663,nan,7.274202896765495
6.67,11.580713903458486,0.012277613501229287,943.2381873153912,1.0,1.8216763114937122,2.0,19.407557009876488,nan,7.28036582906513
6.68,11.677590112894558,0.012282032727363522,950.7864351214187,1.0,1.8216125739376292,2.0,20.43730940491578,nan,7.286647685628925
6.69,11.772064704816556,0.012285658356113014,958.1956752817478,1.0,1.8215196614196205,2.0,21.52608400234042,nan,7.293047050689303
6.7,11.86408153014899,0.012288522939128105,965.4603396126931,1.0,1.8213980436834332,2.0,22.673167538148746,nan,7.299562462973203
6.71,11.953591219178191,0.012290658151396038,972.5753553580399,1.0,1.821248202228764,2.0,23.87627992251008,nan,7.30619241647217
6.72,12.040550657852638,0.01229209477035142,979.5361069697,1.0,1.8210706299635575,2.0,25.131367217980358,nan,7.312935361045932
6.73,12.124922509958713,0.012292862658499562,986.3384019486518,1.0,1.8208658308355505,2.0,26.432568732665338,nan,7.319789703101733
6.74,12.20667478086377,0.012292990748951363,992.9784403282857,1.0,1.8206343194595922,2.0,27.77239691115844,nan,7.326753806288377
6.75,12.285780418910841,0.012292507033867004,999.4527873819693,1.0,1.8203766207411778,2.0,29.14212303280601,nan,7.333825992204789
6.76,12.362216950888538,0.012291438555608828,1005.7583491923663,1.0,1.8200932694965333,2.0,30.5323103116806,nan,7.341004541123288
6.7700000000000005,12.43596614831403,0.012289811400406608,1011.8923507567079,1.0,1.8197848100695913,2.0,31.933400164309056,nan,7.348287692727719
6.78,12.5070137215611,0.01228765069435112,1017.8523163350359,1.0,1.8194517959461847,2.0,33.33625212853125,nan,7.35567364686659
6.79,12.575349039137501,0.01228498060153555,1023.6360517790038,1.0,1.8190947893657785,2.0,34.73256261395478,nan,7.363160564321531
6.8,12.640964869667766,0.01228182432417912,1029.2416286057446,1.0,1.8187143609310699,2.0,36.115128125577186,nan,7.3707465675910875
6.8100000000000005,12.703857144368772,0.012278204104569035,1034.6673696067116,1.0,1.818311089215749,2.0,37.47795720902687,nan,7.378429741690221
6.82,12.764024738017591,0.012274141228669384,1039.9118358035475,1.0,1.8178855603707464,2.0,38.81626066947203,nan,7.386208134965556
6.83,12.821469266604606,0.012269656031252414,1044.973814583445,1.0,1.8174383677292412,2.0,40.12635925652242,nan,7.394079759926738
6.84,12.876194900041542,0.012264767902411601,1049.8523088651125,1.0,1.8169701114107295,2.0,41.40554587416146,nan,7.402042594093998
6.8500000000000005,12.92820818845659,0.012259495295335925,1054.546527162099,1.0,1.816481397924429,2.0,42.651931209621154,nan,7.410094580862181
6.86,12.977517900873437,0.012253855735540595,1059.0558744080822,1.0,1.8159728397725925,2.0,43.86429213178154,nan,7.4182336303803424
6.87,13.024134875121659,0.012247865831421572,1063.3799434435825,1.0,1.815445055071011,2.0,45.04193408409476,nan,7.426457620382036
6.88,13.068071877676896,0.012241541285368631,1067.5185071095707,1.0,1.8148986671541134,2.0,46.18457213080263,nan,7.434764397090961
6.890000000000001,13.10934347250763,0.012234896905550336,1071.4715108519306,1.0,1.8143343041782904,2.0,47.29223184214525,nan,7.443151776152104
6.9,13.14796589826629,0.01222794661876999,1075.2390657384833,1.0,1.8137525987379057,2.0,48.36516897278503,nan,7.45161754353412
6.91,13.183956952986286,0.012220703484070523,1078.821441840181,1.0,1.8131541874798491,2.0,49.40380555896328,nan,7.460159456457645
6.92,13.217335885547381,0.012213179706897958,1082.2190619271967,1.0,1.8125397107210526,2.0,50.408679903838014,nan,7.468775244333601
6.93,13.248123293325696,0.012205386653827819,1085.4324954278165,1.0,1.811909812069287,2.0,51.38040794578725,nan,7.477462609711185
6.94,13.276341025479635,0.012197334867782855,1088.4624526089538,1.0,1.811265138047528,2.0,52.319653765809015,nan,7.48621922923523
6.95,13.30201209138117,0.012189034083672294,1091.3097789430055,1.0,1.8106063377221606,2.0,53.22710732230249,nan,7.495042754612717
6.96,13.325160573753601,0.012180493244390349,1093.975449630533,1.0,1.8099340623352982,2.0,54.103467836389314,nan,7.503930813588061
6.97,13.345811546123928,0.012171720517110721,1096.4605642532374,1.0,1.8092489649414671,2.0,54.94943155541168,nan,7.5128810109269155
6.98,13.363990994240005,0.012162723309821924,1098.7663415353702,1.0,1.8085517000488924,2.0,55.76568288364882,nan,7.521890929408155
6.99,13.379725741140483,0.012153508288050124,1100.8941141954897,1.0,1.807842923265608,2.0,56.552888085769,nan,7.530958130823806
7.0,13.393043375599655,0.012144081391719878,1102.8453238736813,1.0,1.8071232909506139,2.0,57.311690943636314,nan,7.540080156986518
7.01,13.403972183699873,0.012134447852104054,1104.6215161224407,1.0,1.8063934598702704,2.0,58.04270988642754,nan,7.549254530744333
7.0200000000000005,13.41254108331153,0.012124612208822086,1106.2243354515142,1.0,1.8056540868601207,2.0,58.74653622366076,nan,7.558478757002411
7.03,13.41877956130045,0.012114578326874388,1107.6555204181466,1.0,1.8049058284923096,2.0,59.42373319632741,nan,7.56775032375141
7.04,13.422717613361755,0.01210434941380575,1108.916898751479,1.0,1.8041493407495073,2.0,60.07483564799852,nan,7.577066703099252
7.05,13.42438568626532,0.01209392803681898,1110.0103825155788,1.0,1.80338527870772,1.0,60.70035019950803,nan,7.58642535229708
7.0600000000000005,13.423814622280947,0.012083316139626819,1110.937963317703,1.0,1.8026142962200356,1.0,61.30075558550267,nan,7.595823714790708
7.07,13.421035605787507,0.01207251505926256,1111.701707548528,1.0,1.8018370456101047,1.0,61.876503309953335,nan,7.6052592212633
7.08,13.41608011198442,0.012061525542850669,1112.303751654089,1.0,1.801054177371535,1.0,62.42801842128195,nan,7.614729290684495
7.09,13.40897985755297,0.012050347764187846,1112.7462974473492,1.0,1.8002663398738656,1.0,62.955700371168646,nan,7.6242313313631875
7.1000000000000005,13.399766753210756,0.012038981340157288,1113.0316074595469,1.0,1.7994741790753859,1.0,63.45992392090666,nan,7.633762742002916
7.11,13.388472858097392,0.012027425346964715,1113.162000334191,1.0,1.7986783382428801,1.0,63.94104006454673,nan,7.643320912759476
7.12,13.375130335934493,0.012015678336176686,1113.1398462677537,1.0,1.7978794576783663,1.0,64.39937694611217,nan,7.652903226300319
7.13,13.35977141291168,0.012003738350545646,1112.9675625014263,1.0,1.7970781744528932,1.0,64.83524075426708,nan,7.662507058865314
7.140000000000001,13.34242833725728,0.011991602939606308,1112.6476088688207,1.0,1.7962751221474396,1.0,65.24891658246956,nan,7.672129781328503
7.15,13.323133340459389,0.011979269175029688,1112.1824834048252,1.0,1.7954709306009566,1.0,65.64066924613424,nan,7.681768760260362
7.16,13.301918600109008,0.01196673366572397,1111.5747180209564,1.0,1.7946662256655792,1.0,66.01074405098132,nan,7.691421358990199
7.17,13.278816204342403,0.011953992572669343,1110.8268742530452,1.0,1.7938616289690292,1.0,66.35936750872126,nan,7.701084938668185
7.18,13.25385811786521,0.011941041623478726,1109.9415390869417,1.0,1.7930577576842164,1.0,66.68674799766251,nan,7.710756859326645
7.19,13.227076149545198,0.011927876126677265,1108.9213208680303,1.0,1.7922552243060415,1.0,66.99307636689699,nan,7.72043448094009
7.2,13.198501921565427,0.011914490985691245,1107.7688453007534,1.0,1.791454636435391,1.0,67.27852648346148,nan,7.7301151644836
7.21,13.168166840133354,0.011900880712543584,1106.4867515438623,1.0,1.7906565965703123,1.0,67.54325572239586,nan,7.739796272989039
7.22,13.136102067745723,0.01188703944124766,1105.0776884077504,1.0,1.789861701904342,1.0,67.78740539993741,nan,7.749475172598675
7.23,13.102338497031571,0.011872960940931333,1103.5443106581806,1.0,1.7890705441319645,1.0,68.01110115031068,nan,7.759149233615683
7.24,13.06690672623558,0.01185863862877044,1101.8892754294527,1.0,1.7882837092609503,1.0,68.2144532660714,nan,7.768815831551878
7.25,13.029837036275538,0.011844065582591524,1100.1152387594734,1.0,1.7875017774315491,1.0,68.39755701825013,nan,7.778472348171949
7.26,12.99115936931593,0.011829234553031403,1098.2248522569678,1.0,1.7867253227436748,1.0,68.56049282127609,nan,7.788116172529469
7.2700000000000005,12.950903309002287,0.011814137975462444,1096.220759898087,1.0,1.7859549130898977,1.0,68.70332642446888,nan,7.797744702002272
7.28,12.909098062389187,0.011798767981699806,1094.1055949580102,1.0,1.785191109995518,1.0,68.82610903515064,nan,7.807355343321456
7.29,12.86577244353289,0.01178311641138881,1091.8819770886464,1.0,1.784434468465375,1.0,68.92887738975081,nan,7.816945513594688
7.3,12.820954858801848,0.011767174823112313,1089.5525095471319,1.0,1.7836855368372717,1.0,69.01165377485573,nan,7.826512641323438
7.3100000000000005,12.774673293946293,0.011750934505225174,1087.1197765816755,1.0,1.7829448566419086,1.0,69.07444599813354,nan,7.836054167413834
7.32,12.726955302971628,0.011734386486416932,1084.5863409820051,1.0,1.782212962469226,1.0,69.11724730883293,nan,7.845567546180628
7.33,12.677827998866222,0.011717521546017927,1081.9547418007219,1.0,1.7814903818410328,1.0,69.14003626730012,nan,7.855050246344031
7.34,12.627318046240703,0.011700330224048983,1079.2274922537126,1.0,1.7807776350898203,1.0,69.1427765626527,nan,7.864499752018856
7.3500000000000005,12.57545165594232,0.01168280283102309,1076.407077807463,1.0,1.7800752352436437,1.0,69.12541677751959,nan,7.87391356369563
7.36,12.52225458171577,0.011664929457516201,1073.4959544609299,1.0,1.7793836879169491,1.0,69.08789009838151,nan,7.883289199213255
7.37,12.467752118989976,0.011646699983505709,1070.4965472320105,1.0,1.7787034912072368,2.0,69.03011396980855,nan,7.892624194722779
7.38,12.411969105879196,0.011628104087495279,1067.411248857574,1.0,1.7780351355974384,2.0,68.95198969051656,nan,7.901916105641826
7.390000000000001,12.354929926496961,0.011609131255435315,1064.2424187178062,1.0,1.7773791038638906,2.0,68.85340194884189,nan,7.911162507599274
7.4,12.296658516696187,0.011589770789448714,1060.9923819969779,1.0,1.7767358709897825,2.0,68.7342182949006,nan,7.920360997369711
7.41,12.237178372371213,0.011570011816404761,1057.663429091792,1.0,1.776105904083731,2.0,68.59428855020047,nan,7.929509193798312
7.42,12.176512560440228,0.011549843296319655,1054.2578152831095,1.0,1.7754896623029977,2.0,68.43344415584178,nan,7.938604738717278
7.43,12.11468373263931,0.011529254030593508,1050.7777606853256,1.0,1.7748875967828888,2.0,68.25149742770436,nan,7.9476452978457965
7.44,12.051714142319906,0.011508232670119639,1047.2254504908803,1.0,1.7743001505700886,2.0,68.04824075084167,nan,7.956628561682967
7.45,11.987625664432267,0.011486767723292055,1043.6030355279674,1.0,1.7737277585610258,2.0,67.82344568681401,nan,7.965552246387365
7.46,11.922439818884481,0.011464847563903648,1039.91263315367,1.0,1.773170847444825,2.0,67.57686199452299,nan,7.974414094644531
7.47,11.856177797506216,0.01144246043897532,1036.1563285044615,1.0,1.7726298356506553,2.0,67.30821655969193,nan,7.983211876522131
7.48,11.788860494863384,0.011419594476515246,1032.3361761319586,1.0,1.7721051332993318,2.0,67.01721222724998,nan,7.99194339031256
7.49,11.720508543194615,0.011396237693242254,1028.454202051669,1.0,1.7715971421590246,2.0,66.70352653046828,nan,8.000606463362555
7.5,11.65114235176819,0.011372378002291959,1024.5124062372927,1.0,1.7711062556049353,2.0,66.36681031050576,nan,8.009198952889564
7.51,11.58078215098852,0.011348003220921745,1020.5127655971768,1.0,1.770632858582798,2.0,66.0066862198384,nan,8.01771874678449
7.5200000000000005,11.5094480416146,0.011323101078243365,1016.4572374726292,1.0,1.7701773275760753,2.0,65.62274710314365,nan,8.02616376440046
7.53,11.437160049489398,0.011297659223005267,1012.3477637031277,1.0,1.7697400305767108,2.0,65.21455424950051,nan,8.034531957327287
7.54,11.363938186219197,0.011271665231443118,1008.1862753090535,1.0,1.7693213270593138,2.0,64.78163551048372,nan,8.042821310151272
7.55,11.289802516285901,0.011245106615232772,1003.9746978470247,1.0,1.768921567958651,2.0,64.3234832799014,nan,8.05102984119992
7.5600000000000005,11.214773231123097,0.011217970829562463,999.7149575009645,1.0,1.7685410956503167,2.0,63.83955233287563,nan,8.059155603271362
7.57,11.138870730743387,0.011190245281356453,995.4089879782475,1.0,1.7681802439344796,2.0,63.32925752484907,nan,8.06719668434788
7.58,11.062115713573098,0.01116191733767122,991.0587382903032,1.0,1.7678393380222153,2.0,62.79197136028411,nan,8.075151208295317
7.59,10.984529275181554,0.011132974334302739,986.6661815015779,1.0,1.7675186945236183,2.0,62.22702144953202,nan,8.08301733555143
7.6000000000000005,10.906133016656456,0.011103403584624713,982.2333245419068,1.0,1.7672186214404644,2.0,61.633687831992475,nan,8.090793263787702
7.61,10.826949163497964,0.011073192388687508,977.7622191915397,1.0,1.766939418159842,2.0,61.01120024935254,nan,8.098477228562649
7.62,10.747000695958974,0.011042328042616815,973.2549743570329,1.0,1.7666813754506776,2.0,60.35873538690514,nan,8.106067503955634
7.63,10.666311491832236,0.011010797848333486,968.713769769791,1.0,1.7664447754624228,2.0,59.67541416256948,nan,8.113562403184106
7.640000000000001,10.584906482797411,0.01097858912362387,964.140871254638,1.0,1.7662298917257309,2.0,58.96029916801917,nan,8.120960279204239
7.65,10.502811825536766,0.01094568921260081,959.538647730451,1.0,1.7660369891550063,2.0,58.212392409593534,nan,8.128259525294805
7.66,10.42005508893535,0.010912085496577273,954.9095901240643,1.0,1.765866324052751,2.0,57.43063355752018,nan,8.1354585756239
7.67,10.336665458797782,0.010877765405395827,950.2563323962073,1.0,1.7657181441155911,2.0,56.61389899550474,nan,8.142555905798266
7.68,10.252673961637004,0.010842716429240779,945.5816749009002,1.0,1.765592688441919,2.0,55.76100207734156,nan,8.14955003339485
7.69,10.168113709219975,0.010806926130967736,940.8886103221141,1.0,1.765490187541055,2.0,54.87069515381517,nan,8.15643951847433
7.7,10.083020165692435,0.010770382158987134,936.1803524565613,1.0,1.7654108633438563,2.0,53.94167414701902,nan,8.16322296407635
7.71,9.99743143924577,0.010733072260728416,931.4603681394835,1.0,1.7653549292147062,2.0,52.972586739674064,nan,8.169899016695986
7.72,9.911388600435053,0.010694984296722523,926.7324126387355,1.0,1.7653225899648106,2.0,51.96204563952259,nan,8.176466366741334
7.73,9.824936029416659,0.010656106255326843,922.0005688762071,1.0,1.7653140418666915,2.0,50.90864890478682,nan,8.182923748972042
7.74,9.73812179450477,0.010616426268125253,917.2692908669743,1.0,1.7653294726678694,2.0,49.81101002819821,nan,8.18926994292893
7.75,9.650998064565412,0.010575932626056305,912.5434517980855,1.0,1.7653690616075726,2.0,48.66780131503773,nan,8.195503773333648
7.76,9.56362155792556,0.010534613796284658,907.8283972117187,1.0,1.7654329794334715,2.0,47.47781528516223,nan,8.201624110473372
7.7700000000000005,9.476054030587727,0.010492458439851965,903.130003793603,1.0,1.765521388419101,2.0,46.24005012874998,nan,8.207629870567294
7.78,9.388362806605796,0.010449455430136095,898.4547443046533,1.0,1.7656344423823689,2.0,44.953826676576924,nan,8.21352001611181
7.79,9.3006213535332,0.010405593872144509,893.8097592325519,1.0,1.7657722867044063,2.0,43.618945602120576,nan,8.219293556207917
7.8,9.212909905851864,0.010360863122671758,889.2029357758882,1.0,1.7659350583487814,2.0,42.23589399182044,nan,8.224949546870176
7.8100000000000005,9.125316139213927,0.0103152528113493,884.6429948060844,1.0,1.7661228858810398,2.0,40.806108846074316,nan,8.230487091317126
7.82,9.037935898166534,0.010268752862614918,880.1395864799342,1.0,1.7663358894886094,2.0,39.332299538081394,nan,8.23590534024244
7.83,8.950873979753819,0.01022135351862782,875.703395195301,1.0,1.7665741810010454,2.0,37.818818964500124,nan,8.241203492066699
7.84,8.864244974970171,0.010173045363155091,871.3462545910633,1.0,1.7668378639106495,2.0,36.272051036149726,nan,8.246380793169235
7.8500000000000005,8.778174169438165,0.010123819346447025,867.0812732863396,1.0,1.7671270333934734,2.0,34.700749036200925,nan,8.251436538099641
7.86,8.692798503862988,0.010073666811121958,862.9229720269877,1.0,1.7674417763307313,2.0,33.11621994441021,nan,8.256370069768609
7.87,8.608267593724094,0.010022579519075007,858.8874328550659,1.0,1.7677821713306519,2.0,31.53222018675517,nan,8.261180779617666
7.88,8.524744806250114,0.009970549679408356,854.9924608325069,1.0,1.7681482887501814,2.0,29.964437419499642,nan,8.26586810777061
7.890000000000001,8.442408390913613,0.00991756997740689,851.2577587197443,1.0,1.7685401907124818,2.0,28.429511015774807,nan,8.270431543187533
7.9,8.3614526574498,0.009863633604596564,847.7051148324557,1.0,1.7689579311309345,2.0,26.94369261660773,nan,8.274870623765445
7.91,8.282089192662523,0.009808734289871873,844.3586040672235,1.0,1.7694015557299148,2.0,25.52141276299119,nan,8.279184936436092
7.92,8.204548103953575,0.009752866331679634,841.2448017772219,1.0,1.7698711020660527,2.0,24.174102611294938,nan,8.283374117241673
7.930000000000001,8.129079273580002,0.009696024631276407,838.3930097865141,1.0,1.7703665995494664,2.0,22.909552725473475,nan,8.28743785139086
7.94,8.055953603064257,0.00963820472704546,835.8354933526886,1.0,1.7708880694646314,2.0,21.731902446300744,nan,8.291375873296753
7.95,7.985464221954893,0.009579402829873821,833.6077273054897,1.0,1.7714355249909952,2.0,20.642152713930948,nan,8.29518796659621
7.96,7.917927629308635,0.009519615859573094,831.7486489064815,1.0,1.7720089712234532,2.0,19.63898235835479,nan,8.298873964149935
7.97,7.853684729946529,0.00945884148233538,830.300914188432,1.0,1.7726084051928044,2.0,18.71964589115925,nan,8.30243374802274
7.98,7.793101720924079,0.009397078149204664,829.3111536572312,1.0,1.7732338158863175,2.0,17.880796818099796,nan,8.305867249443342
7.99,7.736570777050984,0.009334325135539083,828.8302222937488,1.0,1.7738851842685377,2.0,17.119157150926362,nan,8.309174448743118
8.0,7.6845001977753515,0.009270590037881598,828.91166218923,1.0,1.7745624833024718,2.0,16.432005047800892,nan,8.312355375273201
0.0,1.0,1.0,1.0,10.0,10.0,0.0,7.602229481709853e-16,0.1456614881897147,0.03226631343333783
0.01,2.292867083044256,0.43230429559362993,5.3038267405965644,10.0,10.03520794400882,0.0,2.268789389380193e-15,0.14659689338064696,0.032352054044519296
0.02,3.915297890989831,0.250920100595762,15.603763435825597,10.0,10.068506807394293,0.0,1.5227993889275806e-15,0.14554238851468243,0.032442669869911185
0.03,5.567337235941994,0.17488336264832807,31.834573350109466,10.0,10.099935868545225,0.0,4.6826380316371414e-15,0.14755806761136667,0.03253807889581551
0.04,7.1623815053391375,0.13470972532630404,53.169000886831874,10.0,10.12953500478344,0.0,3.129315898520794e-15,0.1534456899607276,0.03263820058040953
0.05,8.665299665094505,0.11033123890776012,78.53895008229654,10.0,10.157344644965603,0.0,8.479701433329151e-15,0.15957443676617097,0.03274295568291357
0.06,10.055581437085667,0.09420339502256489,106.74330192321642,10.0,10.183405719813278,0.0,1.695792589296035e-15,0.16593298072416446,0.032852266107925875
0.07,11.318956830927714,0.08291357293063008,136.51512570080362,10.0,10.207759610376076,0.0,9.97045508127007e-16,0.17250777728141178,0.03296605476364757
0.08,12.444906875288801,0.07470779308723434,166.58110701727205,10.0,10.230448095013147,0.0,9.92573074974367e-16,0.17928339494868,0.033084245432871605
0.09,13.425731023535866,0.06859822921237277,195.71541682178471,10.0,10.251513295262464,0.0,1.3617912928876072e-15,0.18624294831457705,0.03320676265569676
0.1,14.256112697739239,0.06398986675409095,222.78703521175606,10.0,10.270997620943085,0.0,1.128230690885906e-15,0.1933686062804222,0.033333531623052214
0.11,14.93286588093019,0.060506092116798714,246.79937769083386,10.0,10.288943714821828,0.0,8.710316039814698e-16,0.20064214074445572,0.03346447808018411
0.12,15.454752758506933,0.05790001452066342,266.921396936635,10.0,10.305394397158677,0.0,1.2050333630017942e-15,0.20804547767895626,0.03359952823931128
0.13,15.822330548436968,0.05600631746527148,282.5097464807986,10.0,10.320392610417544,0.0,8.264866781358448e-16,0.21556121361896746,0.03373860870078158
0.14,16.037811295045525,0.054713775030993186,293.12200238350835,10.0,10.333981364423668,0.0,2.974797156017959e-16,0.22317306579328097,0.03388164638203194
0.15,16.10492945225109,0.053949009721841225,298.5213173566561,10.0,10.346203682205893,0.0,1.0828461680274266e-15,0.23086623236217202,0.03402856845383858
0.16,16.02881799972546,0.053666739382051375,298.6732226382704,10.0,10.357102546763626,0.0,2.1499519705778716e-15,0.238627649063121,0.03417930228325843
0.17,15.815898654339572,0.05384399546336908,293.7356063240028,10.0,10.366720848971433,0.0,2.692279836989401e-16,0.2464461386341361,0.03433377538278038
0.18,15.473798392233661,0.05447691539412339,284.0432186786933,10.0,10.37510133680471,0.0,2.004715373653498e-15,0.2543124581061258,0.03449191536526123
0.19,15.011317510868643,0.05557925901559976,270.0884786293269,10.0,10.382286566072212,0.0,1.1537116935057537e-15,0.262219255840035,0.03465364990415907
0.2,14.438504746430597,0.057181941889844344,252.50112656623352,10.0,10.38831885279162,0.0,1.497428008826806e-15,0.2701609544405797,0.03481890669876167
0.21,13.766974478161154,0.05933245759754066,232.03108442842924,10.0,10.39324022735403,0.0,6.371720685030615e-16,0.27813357747897477,0.03498761344400173
0.22,13.01083842067847,0.062091211615767035,209.54396092626067,10.0,10.397092390586602,0.0,6.017219045568989e-16,0.28613453785027587,0.035159697804521946
0.23,12.189462324373523,0.06551533725803886,186.05509541016445,10.0,10.399916671816646,0.0,1.2983835761618944e-15,0.29416240387563847,0.03533508739271736
0.24,11.337113735400182,0.06959841513373721,162.89327441746036,10.0,10.40175398901528,0.0,8.585653388901352e-16,0.30221665666972536,0.03551370975044299
0.25,10.556341964037092,0.0740668679806363,142.52448161837884,10.0,10.402644811089544,0.0,1.2010343560931416e-15,0.3102974493642115,0.03569549233410928
0.26,10.194028105392489,0.07666154963569713,132.97445921502324,10.0,10.40262912236553,0.0,6.862170476483535e-16,0.3184053757473177,0.03588036250297841
0.27,10.028242904191638,0.07690295015781705,130.40127698107932,10.0,10.40174638930814,0.0,8.307284299176326e-16,0.32654125320484134,0.036068247510372686
0.28,9.852094800784595,0.07737584928413468,127.32777593957461,10.0,10.400035529482848,0.0,9.81579274981824e-16,0.3347059225826531,0.03625907449760644
0.29,9.649231063813287,0.07810838563369234,123.53642935427737,10.0,10.397534882792662,0.0,8.58334665725787e-16,0.3429000658401189,0.036452770490426285
0.3,9.41897141597379,0.07909106532838961,119.09020793772093,10.0,10.394282184964018,0.0,7.53401085172844e-16,0.3511240410257345,0.036649262397808226
0.31,9.164036657866012,0.08029031905965135,114.13625908071968,10.0,10.390314543285282,0.0,7.028040145003384e-16,0.3593777332306305,0.03684847701287043
0.32,8.890232445348596,0.08162787866675209,108.91171730240839,10.0,10.38566841455972,0.0,9.209441342439022e-16,0.36766041967386254,0.03705034101580813
0.33,8.608923180812614,0.08298675575286238,103.73851951087599,10.0,10.38037958525833,0.0,8.961121752949165e-16,0.37597064675710506,0.0372547809786613
0.34,8.33740898967034,0.08430089221054801,98.90060201079504,10.0,10.37448315380822,0.0,1.9278336424995165e-16,0.3843061169171239,0.03746172337177753
0.35000000000000003,8.083981343574484,0.08559810007959136,94.44113053978752,10.0,10.368013514982252,0.0,8.503368026850402e-16,0.39266358311026023,0.03767109457182838
0.36,7.83962576495418,0.08690873221930744,90.20527126286336,10.0,10.36100434634229,0.0,9.123877030860515e-16,0.4010387490817812,0.037882820871249855
0.37,7.595943366749135,0.08818385650787704,86.13757287957378,10.0,10.35348859665789,0.0,6.129603419852377e-16,0.409426173684479,0.03809682848901415
0.38,7.354716189505739,0.0892058528299522,82.44656551320232,10.0,10.345498476248281,0.0,8.42061369602596e-16,0.41781917783110384,0.03831304358256616
0.39,7.1423946533542315,0.08934920657158973,79.93797513614733,10.0,10.337065449167316,0.0,6.007657242607882e-16,0.4262097529980937,0.0385313922608728
0.4,7.138671461837191,0.0872668507231767,81.80278539536287,10.0,10.328220227169878,0.0,8.649837140917796e-16,0.43458847033292874,0.038751800598467064
0.41000000000000003,7.658264022933161,0.08229306418707212,93.06086847761638,10.0,10.318992765393665,0.0,1.0607365061805197e-15,0.44294439008392694,0.038974194650345045
0.42,8.339919103527174,0.07623842800672283,109.39259008320249,10.0,10.309412259613945,0.0,4.614137517950001e-16,0.4512649708310867,0.039198500467767225
0.43,9.003703033560205,0.07062582321681635,127.48457467064794,10.0,10.299507145093555,0.0,4.4028123009268697e-16,0.4595359786077005,0.03942464411466821
0.44,9.617056174130544,0.06584115362117088,146.0645150518479,10.0,10.289305096867999,0.0,2.2296585255071814e-15,0.46774139651504787,0.039652551684786166
0.45,10.170301820960155,0.061860858316873,164.4060896934909,10.0,10.278833031416927,0.0,1.5302076085135394e-15,0.4758633351641254,0.03988214931934061
0.46,10.659424612997622,0.05857500857097057,181.97905340606934,10.0,10.26811710963363,0.0,5.46584398381017e-16,0.4838819450633127,0.04011336322519971
0.47000000000000003,11.082598924953995,0.05587270497643148,198.35443674382537,10.0,10.25718274100826,0.0,7.757155636104543e-16,0.49177533215377983,0.04034611969350021
0.48,11.439166735252165,0.053660664044235175,213.17601895165305,10.0,10.246054588953408,0.0,1.099452692205068e-15,0.4995194779313599,0.04058034511864154
0.49,11.729245419187045,0.0518645725287776,226.1513948211749,10.0,10.234756577210272,0.0,2.79613809368841e-15,0.5070881663510816,0.04081596601754073
0.5,11.953541899810721,0.05042643534269909,237.04911557944172,10.0,10.223311897195993,0.0,1.4983102931630469e-15,0.5144529196622969,0.04105290904922572
0.51,12.113246991633225,0.04930147904567986,245.69743598178468,10.0,10.211743016267308,0.0,7.289998788021697e-16,0.5215829453625695,0.04129110103462155
0.52,12.209965337086594,0.04845550258995021,251.98305010706812,10.0,10.20007168683984,0.0,8.98360208693383e-16,0.5284450976662179,0.041530468976427565
0.53,12.24566313094355,0.04786281196895317,255.8492204529658,10.0,10.188318956245238,0.0,1.7245171091914527e-15,0.5350038567149796,0.04177094007917934
0.54,12.222625931540897,0.04750467528039223,257.29311608589904,10.0,10.176505177284271,0.0,8.908253411756774e-16,0.5412213289249226,0.04201244176934855
0.55,12.143423134161628,0.04736819869873082,256.36235845478745,10.0,10.164650019398453,0.0,9.996918300241048e-16,0.5470572725791553,0.04225490171547697
0.56,12.010877716783723,0.04744553354147897,253.1508620570846,10.0,10.152772480395905,0.0,8.644522372178324e-16,0.5524691527641283,0.0424982478483176
0.5700000000000001,11.828041003277766,0.047733343297679025,247.794103369518,10.0,10.140890898675716,0.0,9.092870560794402e-16,0.5574122299612931,0.04274240838093315
0.58,11.598173002121898,0.04823247583946848,240.4639778543392,10.0,10.129022965903246,0.0,7.872918483988412e-16,0.5618396869570325,0.04298731182868004
0.59,11.324729684274057,0.04894779620352556,231.36342312911674,10.0,10.11718574006484,0.0,1.5712699213471997e-15,0.565702799285832,0.04323288702907077
0.6,11.011359617868344,0.049888136453643976,220.7210050449588,10.0,10.105395658776919,0.0,7.798784124442303e-16,0.5689511525421914,0.0434790631616956
0.61,10.661914003083108,0.051066305784108576,208.78569223624964,10.0,10.093668552963978,0.0,4.2890270176638547e-16,0.5715329112263181,0.04372576976772651
0.62,10.280476883531252,0.05249906361617553,195.82209996529775,10.0,10.082019660711179,0.0,1.9439764299010906e-15,0.5733951438663877,0.043972936769377864
0.63,9.871427159362904,0.05420686125480528,182.10659925431173,10.0,10.070463641305974,0.0,4.3565310044157167e-16,0.5744842066881909,0.04422049448913623
0.64,9.439553040852134,0.05621293034062508,167.92494153307234,10.0,10.059014589414197,0.0,5.091120842864044e-16,0.5747461887024997,0.04446837366875548
0.65,8.990257276846394,0.058540741540020015,153.57265795310116,10.0,10.047686049348073,0.0,1.3139354269873103e-15,0.5741274194474765,0.04471650548801293
0.66,8.529929210196972,0.061207364665920055,139.36115787299028,10.0,10.036491029389788,0.0,3.2977937901990084e-16,0.5725750392712767,0.04496482158321107
0.67,8.066653650737315,0.0642054879541478,125.63807094649134,10.0,10.025442016139483,0.0,2.556070844762346e-16,0.5700376303909994,0.04521325406539778
0.68,7.611751851430518,0.06744639183089937,112.85632403456945,10.0,10.014550988861602,0.0,2.7383888192424887e-16,0.5664659050755638,0.04546173553826737
0.6900000000000001,7.184759899188708,0.07050635999275569,101.90229505433156,10.0,10.003829433805759,0.0,1.7459642766949775e-16,0.5618134460346628,0.045710199115701254
0.7000000000000001,6.859002159128929,0.07164742406090778,95.73271124580923,10.0,9.993288358397498,0.0,2.913153101647004e-15,0.5560374901296089,0.045958578439154754
0.71,6.883599610599226,0.07026084277042549,97.97206152353044,10.0,9.982938305367137,0.0,5.621612767326319e-16,0.549099743988699,0.04620680769463377
0.72,7.018604501735418,0.0683653848244606,102.6631316382822,10.0,9.972789366782285,0.0,1.1873349157150344e-15,0.5409672198220485,0.04645482162924995
0.73,7.147942071014347,0.06655140321512705,107.40482883446744,10.0,9.962851197912396,0.0,1.794081842913749e-15,0.531613075369317,0.04670255556751992
0.74,7.26171496082742,0.06491413027169567,111.86647545663453,10.0,9.953133030940391,0.0,1.3537984056881631e-16,0.5210174394812268,0.04694994542728046
0.75,7.358043672785238,0.06346413987312065,115.94017798863503,10.0,9.943643688492767,0.0,5.224043806682298e-16,0.5091682035954191,0.04719692773524495
0.76,7.436463217175872,0.06219286097680802,119.57101024744561,10.0,9.934391596972526,0.0,2.8631763311518373e-16,0.4960617572433585,0.047443439642199485
0.77,7.496943883163433,0.06108669180893966,122.72630357216859,10.0,9.925384799682124,0.0,8.018584964854448e-16,0.4817036448161758,0.04768941893783147
0.78,7.539647883265763,0.06013051841286401,125.38804058693714,10.0,9.916630969726212,0.0,6.867693634731694e-16,0.4661091205323271,0.04793480406517974
0.79,7.564849966684799,0.059308075099441596,127.55177021005736,10.0,9.908137422686606,0.0,7.223508704931344e-16,0.4493035791183577,0.04817953413468966
0.8,7.572909732458865,0.05860072142159273,129.22895057855823,10.0,9.899911129064135,0.0,9.843572189655535e-16,0.4313228416343579,0.04842354893785257
0.81,7.564270097241162,0.057984647819432564,130.4529799128335,10.0,9.891958726457071,0.0,2.264886608953079e-15,0.41221327876366953,0.048666788960489746
0.8200000000000001,7.539489956359926,0.05742597776306837,131.29058050115955,10.0,9.88428653142513,0.0,3.6369257145167533e-16,0.3920317541453967,0.04890919539583161
0.8300000000000001,7.499390034526929,0.0568742570556691,131.85912964430375,10.0,9.876900551184427,0.0,2.91060377710792e-15,0.3708453786668933,0.049150710156913996
0.84,7.44591300775376,0.05626138672707531,132.34499611383518,10.0,9.869806494975826,0.0,4.939630791315789e-16,0.34873107178973317,0.049391275888762624
0.85,7.3955199192222665,0.05552483482969075,133.19301069343598,10.0,9.863009785172267,0.0,1.378435841143139e-15,0.32577492840617567,0.0496308359801564
0.86,7.45743218401615,0.05465292796512004,136.4507348769227,10.0,9.856515568106799,0.0,1.6895790310478646e-15,0.30207139901106445,0.049869334575010325
0.87,7.555642524212741,0.05369123075287884,140.72395842420914,10.0,9.850328724618672,0.0,4.774284171264123e-16,0.277722295960855,0.050106716583383795
0.88,7.64974965090528,0.0526989466665358,145.1594412182611,10.0,9.844453880317216,0.0,7.9557263269689115e-16,0.25283564487106114,0.05034292769211436
0.89,7.737314077152956,0.051718951134850644,149.603074064261,10.0,9.838895415564384,0.0,1.5551333293933516e-15,0.22752440575638233,0.05057791437507556
0.9,7.818061824264498,0.05077569748851022,153.9725146273689,10.0,9.833657475177818,0.0,3.594189780192696e-16,0.20190509319859115,0.05081162390305542
0.91,7.892114119016815,0.04988157323295562,158.2170249955684,10.0,9.828743977857409,0.0,1.258343133617468e-15,0.17609632843884745,0.05104400435324977
0.92,7.959716377844956,0.049042232732796336,162.30330338369774,10.0,9.824158625339132,0.0,8.264030317221181e-16,0.15021735890898955,0.05127500461836322
0.93,8.021147723385877,0.04825979537451009,166.20766128698702,10.0,9.81990491126425,0.0,8.388529289589966e-17,0.12438658213283052,0.05150457441536345
0.9400000000000001,8.076667490273966,0.04753460838989325,169.91130807319783,10.0,9.815986129723115,0.0,1.6760860325470685e-15,0.11851948665424285,0.051732664294043045
0.9500000000000001,8.126473056285562,0.04686619964786071,173.3973122921331,10.0,9.812405383608214,0.0,1.2260077754361795e-15,0.11916091000207152,0.05195922564495653
0.96,8.170665713677424,0.046253786252210036,176.64858113722582,10.0,9.809165592651814,0.0,1.177909217482251e-15,0.1198198433394276,0.05218421070715052
0.97,8.209227379395953,0.04569653560998982,179.64660274161608,10.0,9.806269501207083,0.0,5.197974389003332e-16,0.1204969280231436,0.052407572575515114
0.98,8.24201202385533,0.04519368540884169,182.37087657920597,10.0,9.803719685765245,0.0,7.097579763227193e-16,0.12119282341061767,0.05262926520779331
0.99,8.268754023844815,0.044744583029982486,184.7989960774488,10.0,9.801518562211797,0.0,7.408297060649183e-16,0.12190820571430974,0.05284924343125761
1.0,8.289092411130223,0.04434868119510342,186.90730339114188,10.0,9.799668392826929,0.0,5.891472017553544e-16,0.12264376667700187,0.05306746294905559
1.01,8.302606632989491,0.04400551344564958,188.6719636448258,10.0,9.798171293035763,0.0,1.2565448098739286e-15,0.12340021204526343,0.0532838803462257
1.02,8.30885734341171,0.04371466472427524,190.07025207258903,10.0,9.797029237914238,0.0,4.020072561523763e-16,0.12417825981623509,0.05349845309538321
1.03,8.307425592073344,0.04347574637977505,191.08183950438087,10.0,9.796244068456907,0.0,9.03098643438317e-16,0.12497863822877034,0.05371113956207499
1.04,8.297945322092,0.04328838042439959,191.68990017041256,10.0,9.795817497613063,0.0,1.738721012604711e-15,0.12735138744646032,0.053921899009801134
1.05,8.2801264577469,0.04315219456992737,191.88193185236733,10.0,9.79575111609554,0.0,4.03201908378166e-16,0.14530255593394428,0.05413069160470828
1.06,8.253768139984752,0.04306682736193322,191.65024789544304,10.0,9.796046397919932,0.0,1.1940027708767972e-15,0.16223246068467098,0.054337478420130994
1.07,8.218763282556091,0.04303194148889407,190.99215601687962,10.0,9.796704705765372,0.0,1.375960699004929e-15,0.17812616044716512,0.0545422214406837
1.08,8.175096436985095,0.04304724285857634,189.90987329531984,10.0,9.797727296114898,0.0,8.095077993711121e-16,0.19297657499716794,0.054744883566065994
1.09,8.122837120169272,0.04311250306701216,188.41024163091376,10.0,9.799115324175073,0.0,1.082118104440444e-15,0.20678389809318898,0.054945428614611186
1.1,8.062130525182829,0.04322758320958706,186.50430874411688,10.0,9.800869848593186,0.0,1.571979238222745e-15,0.21955495951120016,0.05514382132653382
1.11,7.99318712937452,0.04339245742227231,184.20683234390427,10.0,9.802991835971286,0.0,2.068329393849005e-15,0.23130255390711582,0.05534002736690206
1.12,7.916272285437858,0.04360723497463844,181.53575410231554,10.0,9.80548216518282,0.0,3.0484709293058064e-16,0.24204475304930184,0.05553401332833757
1.1300000000000001,7.831696509607274,0.04387218009596191,178.5116785278724,10.0,9.808341631497804,0.0,1.6035736886059343e-15,0.2518042160240546,0.055725746733444444
1.1400000000000001,7.73980689435183,0.044187728967231936,175.15738136466342,10.0,9.811570950522546,0.0,8.379584898221688e-16,0.26060751000793597,0.05591519603696748
1.1500000000000001,7.640979870272095,0.04455450344032371,171.49736345971,10.0,9.815170761960033,0.0,8.053347427577614e-16,0.2684844521045368,0.05610233062767917
1.16,7.535615410481385,0.04497332104245119,167.5574593072273,10.0,9.8191416331971,0.0,1.0375031873041716e-15,0.2754674806644458,0.05628712082999431
1.17,7.424132694905443,0.045445200676979665,163.36450459698705,10.0,9.82348406272465,0.0,1.8989445050168765e-15,0.2815910622190097,0.05646953790530918
1.18,7.306967217759437,0.04597136311645236,158.9460638626223,10.0,9.828198483375152,0.0,9.966986901902885e-16,0.2868911386043827,0.0566495540531514
1.19,7.184569318460824,0.04655322485507645,154.33021752686105,10.0,9.83328526538309,0.0,1.944524940081552e-15,0.29140461819792673,0.05682714241214572
1.2,7.057404137425026,0.0471923830682879,149.5454070885313,10.0,9.838744719332572,0.0,8.52442755934605e-16,0.29516891147931307,0.05700227706055683
1.21,6.925953039902269,0.04789058818779915,144.62033777373318,10.0,9.84457709891996,0.0,6.011421543650127e-16,0.29822151072756664,0.05717493301671854
1.22,6.790716612573352,0.048649698731405074,139.5839396676409,10.0,9.850782603576995,0.0,1.0039250128157325e-15,0.3005996136346904,0.05734508623918947
1.23,6.652219420821513,0.04947161018339004,134.4653912852624,10.0,9.857361380946934,0.0,2.9768100928081073e-15,0.30233978825470326,0.05751271362668711
1.24,6.511016823644306,0.050358145332417406,129.2942140872079,10.0,9.864313529218329,0.0,2.3058046424612e-15,0.3034776766296018,0.05767779301780205
1.25,6.36770428441077,0.051310886573209216,124.10045332827126,10.0,9.871639099321223,0.0,7.822207684010584e-16,0.3040477336706206,0.05784030319049325
1.26,6.222929796706398,0.05233091959167477,118.91497121132939,10.0,9.879338096990546,0.0,1.1784112187665224e-15,0.30408299738003197,0.058000223861364025
1.27,6.07741027206883,0.05341843958949321,113.76989516676535,10.0,9.887410484701482,0.0,1.3918913500290058e-15,0.30361488609870957,0.05815753568471783
1.28,5.931953010763145,0.05457214023000094,108.69929208864095,10.0,9.895856183481746,0.0,5.877214591775703e-16,0.30267301814047426,0.05831222025139152
1.29,5.787483678760219,0.05578825114737689,103.74018829648043,10.0,9.904675074605631,0.0,1.0775991776874376e-15,0.3012850488621138,0.058464260087362475
1.3,5.645082477226025,0.05705899073358644,98.93414525299656,10.0,9.913867001171928,0.0,1.7139678384867298e-15,0.29947651963785343,0.058613638652139415
1.31,5.5060302443485485,0.05837001215781686,94.32977724009581,10.0,9.923431769532675,0.0,9.447233572420477e-16,0.29727071391159543,0.058760340337109716
1.32,5.371865692688041,0.05969604641263362,89.98695919586359,10.0,9.933369150653439,0.0,6.805513164938791e-16,0.29468851435503973,0.05890435046348587
1.33,5.244453102282257,0.06099319421499435,85.98423430319345,10.0,9.943678881342379,0.0,1.0606682694070216e-15,0.29174825430662193,0.05904565528017204
1.34,5.126055266762796,0.06218495706546289,82.43240019232518,10.0,9.954360665380557,0.0,9.969862414317371e-16,0.2884655572481673,0.059184241961394636
1.35,5.019397719553412,0.06313824969284512,79.49852496658954,10.0,9.965414174553239,0.0,1.8130943129238633e-15,0.2848531568351253,0.05932009860412698
1.36,4.927697388593289,0.06363782167021136,77.43347052527926,10.0,9.97683904957867,0.0,5.584788961211543e-16,0.2809206891926906,0.059453214225342756
1.37,4.8546226153167185,0.06343783486306331,76.52566683266996,10.0,9.98863490093777,0.0,3.987588822295512e-16,0.2766744483352754,0.05958357875909754
1.3800000000000001,4.804211254728956,0.06249931882282422,76.86821784967196,10.0,10.000801309608192,0.0,1.740463065587872e-15,0.2721170943503511,0.059711183053436985
1.3900000000000001,4.781252813776077,0.06108830777230409,78.2678877207952,10.0,10.01333782770631,0.0,2.4145637054573564e-15,0.26724730263986357,0.05983601886712914
1.4000000000000001,4.796616739611504,0.05949967552552738,80.61584701505797,10.0,10.026243979040672,0.0,1.1292192094835178e-15,0.2620593410253319,0.05995807886621735
1.41,4.877019815802802,0.05790165929597882,84.22936190606723,10.0,10.039519259580617,0.0,1.3524279687586928e-15,0.25654256001305314,0.06007735662038915
1.42,4.988938652951702,0.05636879793802582,88.50532272192049,10.0,10.05316313784379,0.0,1.3692891905813814e-15,0.2506807802040134,0.060193846599155505
1.43,5.100430030629073,0.05492982433061115,92.85356530417152,10.0,10.067175055206372,0.0,2.332597582669881e-15,0.24445156011671793,0.06030754416783342
1.44,5.206383198643079,0.0535927731479918,97.14711318009431,10.0,10.081554426140022,0.0,3.403332841997853e-15,0.23782532823682093,0.06041844558332411
1.45,5.305813118216368,0.05235615860765819,101.34076409189198,10.0,10.096300638376155,0.0,2.231308133966151e-15,0.23076436569751804,0.06052654798969706
1.46,5.398646836094107,0.05121381363152331,105.4138806169887,10.0,10.111413052901769,0.0,1.5901095829360626e-15,0.22322163422904232,0.060631849414136844
1.47,5.4856071174737675,0.05015686316007193,109.3690229384333,10.0,10.1268910040047,0.0,2.290618516886546e-15,0.21513945765435258,0.06073434876201221
1.48,5.570266403799253,0.04917427411209385,113.27602703604138,10.0,10.142733799196314,0.0,8.647399546910781e-16,0.2064480893977435,0.0608340458121238
1.49,5.668413712592513,0.04825260580403548,117.47373262312914,10.0,10.158940719055058,0.0,1.919895817901807e-15,0.19706424260202246,0.06093094121180364
1.5,5.790041279143303,0.04737541646746923,122.21615578026821,10.0,10.175511017026052,0.0,2.652565563224473e-15,0.18688972684013538,0.06102503647171764
1.51,5.9181323814059805,0.04652323116051503,127.20811159885191,10.0,10.192443919148367,0.0,1.4052831204289043e-15,0.1758104368419306,0.06111633396055469
1.52,6.045289420829103,0.045675998005382426,132.35155628382176,10.0,10.2097386237126,0.0,1.4664292918063788e-15,0.16971705804104814,0.0612048368995966
1.53,6.169146486079666,0.044819774952615764,137.6434061215567,10.0,10.227394300851662,0.0,1.5458543404191302e-15,0.16571284834772945,0.06129054935716106
1.54,6.288483968640713,0.04395433831895743,143.0685618108486,10.0,10.245410092067676,0.0,1.7989993382036095e-15,0.16059138295547418,0.06137347624291019
1.55,6.402490710688571,0.04309320160924622,148.57310368220197,10.0,10.263785109697992,0.0,8.234108015815689e-16,0.15419786516890038,0.061453623302015245
1.56,6.510568888391571,0.042255094934816814,154.07772479117247,10.0,10.282518436323501,0.0,2.544722847381723e-15,0.14638377354876597,0.06153099710916758
1.57,6.612259468871308,0.041455888959213864,159.5010898301262,10.0,10.301609124122539,0.0,2.6773614348312884e-16,0.137022565091587,0.061605605062424934
1.58,6.707204914136409,0.040705874688761155,164.77240608192264,10.0,10.321056194173792,0.0,2.0875727963789936e-15,0.1260305643864085,0.06167745537688078
1.59,6.795126930460632,0.04001049289055386,169.8336221212837,10.0,10.340858635711841,0.0,8.490012772389355e-16,0.11339153519816061,0.06174655707814383
1.6,6.875811703303514,0.03937189378898602,174.637566080882,10.0,10.361015405339087,0.0,1.0691369567565146e-15,0.09918114381862411,0.061812919995613363
1.61,6.9490994683057945,0.03879024052433934,179.14556275941393,10.0,10.381525426198037,0.0,4.303975260079913e-15,0.08358514906280028,0.06187655475553518
1.62,7.014876873765909,0.038264585302286186,183.32556901764704,10.0,10.402387587094474,0.0,7.341753169923856e-16,0.06690399398444102,0.06193747277391368
1.6300000000000001,7.073071276826547,0.037793412740952874,187.1509018068162,10.0,10.423600741326705,0.0,1.5019061858535123e-15,0.07267579169263287,0.06199568625092306
1.6400000000000001,7.123646453513806,0.037374966184789006,190.59940866014782,10.0,10.445163705833947,0.0,3.3978207404172245e-15,0.10270972460715572,0.062051208162713596
1.6500000000000001,7.1665993895743485,0.03700744089619289,193.6529307626782,10.0,10.467075260139703,0.0,1.9627443109135554e-15,0.1328998462955622,0.06210405225416408
1.6600000000000001,7.201957932715922,0.03668909723729445,196.29695127508168,10.0,10.489334145226438,0.0,1.305475375821849e-15,0.16283511231488798,0.0621542330316276
1.67,7.229779161713394,0.03641832599313369,198.5203593124104,10.0,10.51193906241288,0.0,1.411411784528624e-15,0.19218623890224565,0.06220176575523385
1.68,7.250148380644942,0.03619368508759436,200.31528602568244,10.0,10.53488867217748,0.0,1.5622249697020416e-15,0.22073072125018223,0.06224666643113821
1.69,7.263178686319121,0.03601391925640306,201.67698590671358,10.0,10.558181592931444,0.0,4.599669830477961e-15,0.24835824425000685,0.06228895180370129
1.7,7.269011088976863,0.03587796968548022,202.60374688701032,10.0,10.581816399744891,0.0,4.602980830369633e-15,0.27506024493187503,0.062328639347582156
1.71,7.26781519382582,0.03578497790506046,203.09681937230027,10.0,10.605791623029903,0.0,1.907080503763911e-15,0.30091022331892,0.062365747259727156
1.72,7.259790475902804,0.03573428658894937,203.16035854897558,10.0,10.630105747184372,0.0,1.2395809991861814e-15,0.3260412744098275,0.062400294451235634
1.73,7.245168204271013,0.03572543890178258,202.80137702967463,10.0,10.65475720920086,0.0,2.3534097867847005e-15,0.3506254479604175,0.06243230053908259
1.74,7.224214093842489,0.03575817740710409,202.0297067044377,10.0,10.679744397244876,0.0,3.2250041608131706e-15,0.37485730746462054,0.062461785837677364
1.75,7.197231783177377,0.03583244314207463,200.85796981915396,10.0,10.705065649207135,0.0,3.862996011846408e-15,0.39894229742077536,0.06248877135023761
1.76,7.164567251614457,0.035948375186104484,199.30155993208436,10.0,10.730719251234827,0.0,2.3559589504495568e-15,0.4230894848930282,0.06251327875995415
1.77,7.126614293229454,0.03610631083804394,197.37863348033864,10.0,10.756703436246964,0.0,1.461532125634753e-15,0.44750780647415245,0.06253533042092514
1.78,7.083821147814244,0.036306786321667305,195.11011206152205,10.0,10.783016382439389,0.0,2.083684186449126e-15,0.4724049019132549,0.06255494934883322
1.79,7.036698332269508,0.03655053771528405,192.51969388475038,10.0,10.809656211753795,0.0,1.9220288545426228e-15,0.4979877540575977,0.06257215921155689
1.8,6.9858275906903655,0.03683850148823516,189.6338696871635,10.0,10.836620987879524,0.0,1.5235964619393493e-15,0.5244645518193408,0.06258698432267346
1.81,6.931871644534497,0.03717181352845641,186.48193312462118,10.0,10.86390871487823,0.0,1.0443120681885269e-15,0.5520473841441862,0.0625994496303626
1.82,6.875584016345171,0.03755180468683848,183.09596765545044,10.0,10.891517335594772,0.0,8.88990082490877e-16,0.5809555318679638,0.0626095807075244
1.83,6.817817554407501,0.03797998930250605,179.5107813249868,10.0,10.919444729911099,0.0,2.6648843413857135e-15,0.6114192460358377,0.06261740374267431
1.84,6.759529353298267,0.03845804018808229,175.7637497969272,10.0,10.947688713039076,0.0,2.8695720834791024e-15,0.6436839941233702,0.06262294553030576
1.85,6.701778583538672,0.038987737542579635,171.89452391843628,10.0,10.976247033795286,0.0,2.5283685699507324e-15,0.6780152272467248,0.0626262334611264
1.86,6.645712554571145,0.03957086640919364,167.94458038520793,10.0,11.005117372858773,0.0,1.1631289347546842e-15,0.7147037810421751,0.06262729551217298
1.87,6.592535738505241,0.04020900782784313,163.95668768380236,10.0,11.034297341012795,0.0,1.0633558482802591e-15,0.754072078691389,0.0626261602368089
1.8800000000000001,6.543457501583396,0.04090309536845917,159.9746288792884,10.0,11.063784477371689,0.0,1.409536774133156e-15,0.7964813637902176,0.06262285675460903
1.8900000000000001,6.499618093107595,0.041652406318048424,156.04424012091812,10.0,11.093576247594012,0.0,2.4887557470258554e-15,0.842340260546962,0.0626174147411364
1.9000000000000001,6.461999431930652,0.04245202903221731,152.21885924525705,10.0,11.123670042083257,0.0,1.758109632759562e-15,0.8921150469399939,0.06260986441761428
1.9100000000000001,6.431335731197299,0.04328563181384123,148.57899634817812,10.0,11.154063174177399,0.0,1.0893034936055248e-15,0.9463421424647992,0.06260023654049844
1.92,6.40804476632469,0.044101901743421476,145.30087168589176,10.0,11.184752878328698,0.0,1.2350728356442967e-15,1.005643470225043,0.06258856239095363
1.93,6.392198799924412,0.04474335503075474,142.8636452391797,10.0,11.21573630826701,0.0,1.985138365444344e-15,1.0707455651375288,0.06257487376430369
1.94,6.383543537679642,0.044936378972892634,142.0573638461266,10.0,11.247010535181117,0.0,1.3677152511390242e-15,1.1425035967048935,0.0625592029592482
1.95,6.38155864054023,0.04471610974259647,142.71274216999183,10.0,11.278572545908384,0.0,1.0758479321606274e-15,1.221931898263572,0.06254158276691113
1.96,6.385542026890529,0.04433400607780753,144.0325969118087,10.0,11.31041924108541,0.0,8.142781433684294e-16,1.3102431869934719,0.06252204646003982
1.97,6.394697448698639,0.04391126357554154,145.62772573596513,10.0,11.342547433323515,0.0,2.1760077710911907e-15,1.4088995174773111,0.06250062778196873
1.98,6.408209765670319,0.043489355383853005,147.35122443432672,10.0,11.374953845404162,0.0,2.072785602140612e-15,1.5196792729274176,0.06247736093540066
1.99,6.425300415457524,0.043083640498150354,149.13550343391645,10.0,11.407635108480475,0.0,4.665455743379882e-16,1.6447663690381447,0.06245228057111004
2.0,6.44526254243587,0.042700322310702116,150.94177733690017,10.0,11.440587760270526,0.0,3.2753598253154454e-15,1.786870680379761,0.06242542177667301
2.0100000000000002,6.46747926775947,0.04234188709151889,152.7442377280088,10.0,11.473808243228854,0.0,1.832586918253145e-15,1.9493930760177607,0.06239682006532086
2.02,6.491429889566044,0.042009109247060646,154.5243402184312,10.0,11.507292902804982,0.0,1.909083196667069e-15,2.136655350190743,0.06236651136425656
2.0300000000000002,6.516688451000151,0.041701890792539914,156.26841678281713,10.0,11.541037985728059,0.0,6.625315000446093e-16,2.3542264650356097,0.06233453200284946
2.04,6.54291808989383,0.04141964858542359,157.9665282866841,10.0,11.575039638243439,0.0,7.186656219346907e-15,2.6093949642681507,0.0623009187011835
2.05,6.569863491514513,0.04116150499759072,159.61183858313885,10.0,11.609293904402481,0.0,5.070735089970601e-15,2.91186886102848,0.06226570855833271
2.06,6.597342867722626,0.040926384554795754,161.20023646089572,10.0,11.64379672440393,0.0,2.6539087425163176e-15,3.274839704163687,0.06222893904041418
2.07,6.62524024081827,0.040713061702463374,162.73009112496703,10.0,11.678543932972097,0.0,8.828440322158628e-16,3.716648834387525,0.06219064796853235
2.08,6.653498386066957,0.04052018121700165,164.20208859468897,10.0,11.713531257727785,0.0,2.4661274940287676e-15,4.263487128110122,0.062150873506897596
2.09,6.682112525912534,0.04034626224990875,165.61912190335914,10.0,11.748754317562684,0.0,3.626523035596037e-15,4.953946929829207,0.062109654151066944
2.1,6.711124717666707,0.04018969201196747,166.98621914465792,10.0,11.78420862120495,0.0,1.1404857600820529e-15,5.847067492621351,0.0620670287152104
2.11,6.740618794512082,0.04004871267176193,168.3104985111006,10.0,11.81988956568734,0.0,1.4956610970798923e-15,7.037386456973897,0.06202303632016674
2.12,6.770715679697994,0.03992140387860674,169.60114179066522,10.0,11.85579243490663,0.0,1.6899096624336114e-15,8.685137812325612,0.061977716381163124
2.13,6.801568878914281,0.039805662853081326,170.86937866147798,10.0,11.891912398259846,0.0,2.6506465305660144e-15,11.082441604422177,0.061931108595321485
2.14,6.833359956614493,0.03969918395481394,172.12847408632632,10.0,11.92824450932496,0.0,7.393523037182513e-15,14.816240301127232,0.06188325292916938
2.15,6.866293814179505,0.03959943991170207,173.3937103527174,10.0,11.964783704546475,0.0,5.9739604072176975e-15,21.239291776773552,0.06183418960640403
2.16,6.900593609996746,0.03950366741112738,174.68235387312393,10.0,12.001524802081473,0.0,7.490932150103924e-15,34.20470548397701,0.061783959095026396
2.17,6.936495194309268,0.03940886046005157,176.01359474326173,10.0,12.038462500649677,0.0,4.0829901159015415e-15,69.93711624543947,0.06173260209479139
2.18,6.974240976204528,0.039311775745820794,177.4084442610292,10.0,12.075591378451568,0.0,3.2338408564855844e-15,293.32511332658447,0.06168015952461642
2.19,7.0140731970814025,0.03920895504946281,178.88957224779443,10.0,12.11290589220958,1.0,0.7964084092294964,nan,0.06162667250966136
2.2,7.056226653758057,0.03909677036993203,180.48106242516533,10.0,12.150400376273817,1.0,1.7056098934773336,nan,0.06157218236844845
2.21,7.100920992243193,0.03897149749039427,182.2080610064685,10.0,12.188069041722066,1.0,2.2754700295829804,nan,0.06151673060043945
2.22,7.148352774592378,0.038829422815897935,184.09629235244844,10.0,12.225905975705427,1.0,2.7263071711772002,nan,0.061460358872670165
2.23,7.1986875980697915,0.038666985920822204,186.17141798459375,10.0,12.26390514077932,1.0,3.1090078894224074,nan,0.06140310900695052
2.24,7.252052607763297,0.038480955909329595,188.45822398099676,10.0,12.302060374345105,1.0,3.445070413136645,nan,0.06134502296694423
2.25,7.308529780183232,0.038268633270916064,190.97963934180194,10.0,12.340365388236256,1.0,3.745802763391027,nan,0.061286142844960666
2.2600000000000002,7.368150357271469,0.03802806093508283,193.7556156189382,10.0,12.3788137683767,1.0,4.0178852801482625,nan,0.06122651084890148
2.27,7.430890772440535,0.03775822022590982,196.8019342008454,10.0,12.417398974503497,1.0,4.265540868459899,nan,0.06116616928942761
2.2800000000000002,7.496670333600497,0.03745918195807543,200.12904558329174,10.0,12.456114340131263,1.0,4.491542613920274,nan,0.06110516056638342
2.29,7.56535082003454,0.037132183025702696,203.7410732032061,10.0,12.494953072511015,1.0,4.6977394245523625,nan,0.06104352715587849
2.3000000000000003,7.636738023054488,0.0367796066833991,207.63511934186664,10.0,12.533908252779474,1.0,4.885354280836539,nan,0.060981311596996955
2.31,7.710585130897283,0.03640486001816967,211.80098280968335,10.0,12.572972836215493,1.0,5.055164534409437,nan,0.06091855647854975
2.32,7.786597743026617,0.03601216129348213,216.2213392184245,10.0,12.612139652621039,1.0,5.207616378336227,nan,0.060855304425850486
2.33,7.864440210344781,0.03560626701088167,220.8723595748277,10.0,12.651401406852793,1.0,5.342900351687282,nan,0.06079159808747387
2.34,7.943742943248723,0.03519217804161238,225.724674780168,10.0,12.690750679504564,1.0,5.46100260215172,nan,0.0607274801218666
2.35,8.024110311846703,0.0347748634291684,230.74455283457,10.0,12.730179927699659,1.0,5.561740400018653,nan,0.060662993184115964
2.36,8.105128777024765,0.034359030987238366,235.89515024551108,10.0,12.769681486085275,1.0,5.6447869986951025,nan,0.06059817991250374
2.37,8.186374928981657,0.0339489600155627,241.1377233714642,10.0,12.80924756789887,1.0,5.7096889815633824,nan,0.06053308291541121
2.38,8.267423163549825,0.03354839812258704,246.43272484547154,10.0,12.848870266234591,1.0,5.755878074421265,nan,0.06046774475801451
2.39,8.347852786287618,0.0331605144889512,251.74074995335343,10.0,12.88854155558192,1.0,5.782678668245581,nan,0.06040220794844791
2.4,8.427254392633937,0.032787896912647434,257.0233283057338,10.0,12.928253293281626,1.0,5.789311808478636,nan,0.06033651492515436
2.41,8.505235425339617,0.03243257894870743,262.24357424029597,10.0,12.967997221387925,1.0,5.774896057324976,nan,0.06027070804309602
2.42,8.581424854692704,0.03209608497905827,267.3667165416538,10.0,13.007764968529834,1.0,5.73844534563156,nan,0.06020482956080172
2.43,8.655476962685345,0.03177948373296425,272.3605277988574,10.0,13.047548052052425,1.0,5.678863642054467,nan,0.06013892162691766
2.44,8.727074240202523,0.0314834436371185,277.19566959674756,10.0,13.087337880348546,1.0,5.594935913879599,nan,0.060073026266714756
2.45,8.79592942771215,0.031208285866434662,281.8459644133292,10.0,13.127125755234141,1.0,5.4853143319258555,nan,0.06000718536926534
2.46,8.861786746900643,0.03095403288892341,286.2886002189312,10.0,13.166902874680938,1.0,5.34849780227966,nan,0.05994144067381107
2.47,8.924422384255328,0.03072045165366131,290.5042700826211,10.0,13.206660335519553,1.0,5.182801363896765,nan,0.05987583375717423
2.48,8.983644298993955,0.030507091452385098,294.47724680720415,10.0,13.246389136630327,1.0,4.986309062118005,nan,0.05981040601978139
2.49,9.039291437489442,0.030313317010078118,298.19539163213955,10.0,13.286080182026087,1.0,4.756798156721057,nan,0.05974519867311815
2.5,9.091232444026991,0.030138337635875687,301.65009609571456,10.0,13.325724284285972,1.0,4.4916105642162325,nan,0.05968025272646769
2.5100000000000002,9.139363963364575,0.029981233373511097,304.83615698876986,10.0,13.365312168129911,1.0,4.187421194554854,nan,0.05961560897392936
2.52,9.183608633332176,0.02984097908800361,307.7515857053123,10.0,13.404834474198813,1.0,3.8397907072975532,nan,0.05955130798142276
2.5300000000000002,9.223912865359168,0.02971646734710087,310.3973550294514,10.0,13.444281763062662,1.0,3.442227430055325,nan,0.059487390073578894
2.54,9.260244506816914,0.029606530821909397,312.7770883566053,10.0,13.483644519331627,1.0,2.983990282487816,nan,0.05942389532110542
2.5500000000000003,9.292590471264328,0.02950996475071849,314.8966984461775,10.0,13.522913156042131,1.0,2.4440049734327545,nan,0.05936086352783115
2.56,9.32095441174241,0.029425549787114764,316.7639850122355,10.0,13.562078019194992,1.0,1.7680326781198572,nan,0.05929833421800405
2.57,9.345354498920921,0.02935207529454085,318.3882027128436,10.0,13.601129392511853,1.0,0.6604047723805966,nan,0.05923634662352762
2.58,9.365821350941633,0.029288362867311596,319.77961326731304,10.0,13.640057502347368,0.0,1.2485681651528213e-14,291.39593652285686,0.05917493967143734
2.59,9.38239614622475,0.029233289574719445,320.9490373036403,10.0,13.678852522814857,0.0,2.763016931337363e-15,66.77524023858288,0.05911415197133277
2.6,9.395128935718033,0.02918581017188623,321.90742283275944,10.0,13.717504581111248,0.0,5.5215101246936104e-15,30.66917412813691,0.0590540218028476
2.61,9.404077158196344,0.029144977338091158,322.66544760375035,10.0,13.756003762968945,0.0,3.0984677219633293e-15,16.71077234725217,0.05899458710343878
2.62,9.409304351778289,0.029109958930420666,323.2331716533382,10.0,13.794340118361992,0.0,2.3344962168486524e-15,9.41764211243681,0.05893588545596654
2.63,9.410879046867436,0.029080051306999553,323.6197538826983,10.0,13.832503667341472,0.0,9.453595096973148e-16,4.93695734366802,0.05887795407656874
2.64,9.40887382119882,0.029054687986963073,323.83324251909403,10.0,13.870484406066057,0.0,6.8316231818580914e-15,1.8997727188189473,0.05882082980254865
2.65,9.403364496053687,0.029033443253977418,323.8804441414464,10.0,13.908272312984462,0.0,3.4304948003607254e-15,0.5684081143828371,0.05876454908044104
2.66,9.394429453334748,0.029016030728435425,323.7668701573403,10.0,13.945857355203085,0.0,4.753765040483012e-15,1.8724862607025472,0.05870914795410356
2.67,9.382149055884488,0.029002297362333677,323.4967540216115,10.0,13.983229495017273,0.0,1.0478674381332487e-15,3.0082043855887193,0.0586546620529069
2.68,9.366605157519825,0.028992213678790978,323.0731278850876,10.0,14.020378696559245,0.0,1.7673342932214209e-15,3.7353421341727686,0.05860112658019896
2.69,9.34788069414355,0.02898586132657934,322.49794438820993,10.0,14.057294932644638,0.0,4.495708320716994e-15,4.060322632639105,0.058548576301683246
2.7,9.326059352305073,0.028983419116658297,321.77222827878495,10.0,14.093968191724237,0.0,6.934085693296847e-15,3.970958659147624,0.058497045534075566
2.71,9.301225316433403,0.02898514865183252,320.896243388607,10.0,14.130388485007035,0.0,6.478097102488475e-15,3.4589128713315764,0.05844656813374282
2.72,9.273463100260468,0.028991380479726315,319.8696628725702,10.0,14.166545853650879,0.0,4.391408186287529e-15,2.5417691181722675,0.05839717748572229
2.73,9.242857471419281,0.029002501438670406,318.6917339169697,10.0,14.20243037614465,0.0,1.3066771273733082e-15,1.280491784485439,0.058348906492587296
2.74,9.209493480697066,0.029018943576616663,317.3614317275849,10.0,14.238032175752222,0.0,4.189272903381392e-15,0.47329457649306117,0.058301787563660036
2.75,9.173456608967804,0.029041174750128382,315.87760095439154,10.0,14.273341428099554,0.0,2.5528183984206774e-15,1.799017727437492,0.058255852604209284
2.7600000000000002,9.134833045438414,0.0290696907863061,314.239085396174,10.0,14.308348368784719,0.0,5.902302063376189e-15,3.315957339283608,0.058211133005085985
2.77,9.093710110575884,0.029105008931831582,312.44484864700627,10.0,14.34304330116789,0.0,2.862716982619711e-15,4.634555803578819,0.05816765963212952
2.7800000000000002,9.050176836101155,0.029147662222149318,310.4940892729271,10.0,14.377416604151666,0.0,3.918467448405822e-15,5.6703474730001195,0.05812546281607294
2.79,9.004324712939693,0.029198194370688782,308.3863542595933,10.0,14.411458740103324,0.0,3.348319715072499e-15,6.392506027379678,0.0580845723422999
2.8000000000000003,8.956248616144874,0.029257154786215163,306.12165405655617,10.0,14.445160262732855,0.0,3.373105235944487e-15,6.815266542060474,0.05804501744116244
2.81,8.90604791369804,0.02932509335589903,303.7005818058718,10.0,14.478511825105912,0.0,2.0342445348817514e-15,6.981576305687965,0.05800682677810007
2.82,8.853827763897073,0.02940255466220211,301.12443852638904,10.0,14.511504187639702,0.0,3.102389036387679e-15,6.946622366050031,0.05797002844412927
2.83,8.799700603735635,0.029490071315515804,298.3953653277804,10.0,14.54412822612393,0.0,5.777149221813515e-15,6.765635567272125,0.05793464994649413
2.84,8.743787828213016,0.02958815606639321,295.51648330476314,10.0,14.57637493975348,0.0,2.146081081665977e-15,6.48694279067404,0.057900718199473976
2.85,8.686221657687591,0.029697292298309096,292.49204171324965,10.0,14.608235459156072,0.0,5.3395095039524826e-15,6.149253915009094,0.05786825951539372
2.86,8.627147186538963,0.029817922383646087,289.32757539373705,10.0,14.639701054397769,0.0,1.7202543605412186e-15,5.7816115730371225,0.057837299595850544
2.87,8.566724601069284,0.02995043319955355,286.03007322101047,10.0,14.67076314295717,0.0,3.4263862594433465e-15,5.404659448711827,0.05780786352312053
2.88,8.50513154671704,0.030095137831693,282.6081606365112,10.0,14.701413297671436,0.0,1.4484479371034965e-15,5.032343803104223,0.0577799757517353
2.89,8.442565612631833,0.03025225212405809,279.0723010640879,10.0,14.731643254599438,0.0,4.036034394707976e-15,4.67356956553398,0.057753660100354126
2.9,8.379246883975906,0.03042186423582852,275.435023278668,10.0,14.761444920810991,0.0,2.2367494489915407e-15,4.3336059818152295,0.057728939743865094
2.91,8.315420486720381,0.030603894711355866,271.7111846432691,10.0,14.790810382172499,0.0,3.4947673986113534e-15,4.015191145544645,0.057705837205412724
2.92,8.251359013779052,0.030798043729595992,267.91828358402336,10.0,14.819731910907697,0.0,6.086082444701195e-15,3.719357856146273,0.05768437434911666
2.93,8.187364672880909,0.031003721170216197,264.07683864561784,10.0,14.848201973153142,0.0,2.7415559236140943e-15,3.446029884402179,0.05766457237263374
2.94,8.123770933935678,0.031219953985474523,260.21085545851105,10.0,14.876213236347768,0.0,2.6335076741433697e-15,3.194441093190479,0.057646451800105206
2.95,8.060943377187494,0.03144526435600392,256.34840546819566,10.0,14.903758576459694,0.0,3.5380495403656588e-15,2.963423429910966,0.05763003247543377
2.96,7.999279357083738,0.03167751190707288,252.52233763023787,10.0,14.930831085154967,0.0,1.7419568889210645e-15,2.7516005994628605,0.05761533355546433
2.97,7.939206010457853,0.03191369539085581,248.77112829536696,10.0,14.95742407669944,0.0,4.1856206467563004e-15,2.557515299408131,0.057602373503784735
2.98,7.881176070080004,0.032149716771621095,245.13982894669866,10.0,14.983531094743292,0.0,2.150639401613863e-15,2.3797104337411352,0.05759117008456029
2.99,7.8256609254239935,0.032380129005989924,241.68096810165093,10.0,15.009145918909018,0.0,5.652892120561488e-15,2.216778915323762,0.05758174035664659
3.0,7.773140441618386,0.03259792557548154,238.45506437578155,10.0,15.034262571161166,0.0,4.280087141755154e-15,2.0673923346391114,0.05757410066801795
3.0100000000000002,7.724089249484114,0.03279449024875489,235.5300902954994,10.0,15.05887532200142,0.0,2.326027307148945e-15,1.9303156365385954,0.057568266650314004
3.02,7.678959589277436,0.032959897485576685,232.97886750520883,10.0,15.082978696393736,0.0,1.83320041428179e-15,1.804412714414051,0.057564253213807516
3.0300000000000002,7.638161330959574,0.03308378037805982,230.87329330794904,10.0,15.10656747948698,0.0,1.5495557147412665e-15,1.6886462648139198,0.05756207454251439
3.04,7.602040449065871,0.03315685191629254,229.27509729385366,10.0,15.129636722082422,0.0,4.571420762429393e-15,1.5820741559672258,0.05756174408959629
3.0500000000000003,7.570857871414496,0.03317279842990633,228.22487790445584,10.0,15.152181745820068,0.0,2.0004593107776373e-15,1.4838438126790103,0.05756327457311489
3.06,7.544771058807873,0.033129827116085385,227.73348717973516,10.0,15.174198148139277,0.0,9.55055861391224e-16,1.3931856052122356,0.0575666779719068
3.0700000000000003,7.523820713177038,0.033031090496074444,227.77996730296266,10.0,15.195681806945023,0.0,3.090199321151108e-15,1.3094058785191074,0.0575719655217899
3.08,7.507924539855941,0.032883772588071826,228.31700711187094,10.0,15.21662888495952,0.0,3.2378775554792946e-15,1.2318800221723651,0.05757914771214484
3.09,7.496879047175408,0.032697366425228566,229.2808218765589,10.0,15.237035833821771,0.0,3.4177694800415174e-15,1.1600458217980556,0.0575882342826215
3.1,7.490369165807345,0.03248194246850525,230.6010231090726,10.0,15.256899397862938,0.0,3.74276816756519e-15,1.0933972267087473,0.057599234220197984
3.11,7.487984325695446,0.03224692348078141,232.20771216076318,10.0,15.276216617555697,0.0,2.904634983158548e-15,1.0314786002263678,0.05761215575657557
3.12,7.4892388319454986,0.032000459804959316,234.03535066658145,10.0,15.29498483266848,0.0,2.844166529626669e-15,0.9738794746911481,0.05762700636577945
3.13,7.493594090211288,0.03174925554490207,236.02424565871507,10.0,15.31320168511837,0.0,3.038927310023264e-15,0.9202298040349735,0.05764379276196654
3.14,7.500480429330152,0.03149865069349782,238.12068975000432,10.0,15.33086512142454,0.0,1.9080524937536075e-15,0.8701956922369518,0.05766252089776434
3.15,7.509316802605663,0.031252812488799055,240.27651288334408,10.0,15.347973394886811,0.0,2.9861541346088795e-15,0.8234755660112586,0.0576831959626953
3.16,7.519527318078611,0.03101495090135439,242.44846757923582,10.0,15.364525067408628,0.0,1.8093050085664125e-15,0.7797967549787499,0.05770582238195102
3.17,7.530554179411979,0.030787518039017317,244.5976375837908,10.0,15.38051901097483,0.0,1.746783757091955e-15,0.7389124425327998,0.05773040381547028
3.18,7.54186710845156,0.030572377086644394,246.6889338397648,10.0,15.395954408778596,0.0,7.647375120724904e-16,0.700598950698023,0.057756943157332694
3.19,7.5529696345106485,0.03037093903981157,248.69068501997523,10.0,15.410830756007202,0.0,2.208953448837112e-15,0.6646533246266293,0.05778544253543018
3.2,7.5634027900778715,0.030184270687744034,250.5743096568804,10.0,15.42514786029576,0.0,1.6040430448146762e-15,0.630891183942928,0.05781590331138133
3.21,7.572746788027084,0.030013178811194197,252.31405295871662,10.0,15.438905841809044,0.0,2.4464977176416682e-15,0.5991448114481814,0.05784832608081957
3.22,7.58062121556775,0.029858275460862064,253.88677338396033,10.0,15.452105132975793,0.0,1.4576688574677816e-15,0.5692614530142521,0.057882710673979855
3.23,7.586684202056521,0.02972002849976916,255.2717673913216,10.0,15.464746477890506,0.0,2.405766808278015e-15,0.541101804106266,0.05791905615653372
3.24,7.590630927445993,0.0295988007929249,256.4506238124487,10.0,15.476830931354591,0.0,4.62385452966789e-15,0.5145386615183747,0.05795736083077554
3.25,7.592191751354093,0.029494880694575395,257.40710159069823,10.0,15.488359857581143,0.0,2.2026280341310895e-15,0.4894557213866347,0.05799762223708361
3.2600000000000002,7.591130167419741,0.0294085058738547,258.12702624136205,10.0,15.499334928561758,0.0,3.0208820879528944e-15,0.465746506285632,0.05803983715567259
3.27,7.58724072649793,0.029339882036320895,258.59820148920204,10.0,15.509758122094837,0.0,2.4238002978737935e-15,0.44331340649047746,0.05808400160865427
3.2800000000000002,7.580347025075265,0.02928919772474058,258.8103332947269,10.0,15.519631719475468,0.0,1.4984240603615054e-15,0.4220668221542513,0.058130110862422375
3.29,7.570299820348765,0.029256636096147422,258.75496401808266,10.0,15.528958302847743,0.0,1.9047940529045468e-15,0.40192439457944135,0.058178159430378205
3.3000000000000003,7.55697530848165,0.02924238435370101,258.42541487302543,10.0,15.537740752263918,0.0,4.086360340471262e-15,0.3828103158425609,0.058228141075851746
3.31,7.540273585418304,0.029246641344553414,257.81673514529984,10.0,15.545982242408984,0.0,1.5373763913691537e-15,0.3646547080674176,0.05828004881539447
3.3200000000000003,7.520117298408931,0.029269623705378514,256.92565692353105,10.0,15.553686239040013,0.0,9.49850892267047e-16,0.34739306371807777,0.05833387492229579
3.33,7.496450489507578,0.029311570834891765,255.75055433685557,10.0,15.56085649509612,0.0,1.716844147813115e-15,0.33096573930421014,0.058389610930498055
3.34,7.469237628531166,0.02937274888931604,254.29140652368446,10.0,15.56749704650993,0.0,3.4619710475027905e-15,0.3153174965238295,0.058447247638835596
3.35,7.438462831387676,0.02945345392554622,252.54976377952008,10.0,15.573612207755321,0.0,1.193523425751843e-15,0.30039708450913716,0.05850677511550166
3.36,7.404129259619491,0.02955401425186029,250.528716556785,10.0,15.579206567132788,0.0,7.786766456032479e-16,0.28615685757655207,0.0585681827027696
3.37,7.366258697984945,0.029674791981871024,248.23286722566252,10.0,15.58428498179387,0.0,2.8654491722295006e-15,0.2725524233885078,0.05863145902199677
3.38,7.3248913085796685,0.029816183718084303,245.6683047648693,10.0,15.588852572506614,0.0,2.2934777995174936e-15,0.2595423166916312,0.05869659197893821
3.39,7.280085562124487,0.02997862020991549,242.842582852315,10.0,15.592914718163959,0.0,4.409903681594483e-15,0.2501592697446584,0.058763568769400115
3.4,7.23191834942639,0.03016256472801759,239.76470219419906,10.0,15.596477050037278,0.0,2.217450296174495e-15,0.25262325592978413,0.058832375885262515
3.41,7.18048527850848,0.030368509758892843,236.4450984100664,10.0,15.599545445777453,0.0,2.392060418991825e-15,0.25502459121279597,0.05890299912090204
3.42,7.125901165346598,0.03059697143058424,232.89563744938695,10.0,15.602126023264232,0.0,2.101242884356333e-15,0.257359204398573,0.058975423579694375
3.43,7.068300728119527,0.03084848079985829,229.12962145455143,10.0,15.60422513444304,0.0,2.5690295722775865e-15,0.25962228553559913,0.05904963368013629
3.44,7.007839496316368,0.031123570708016073,225.16180942283253,10.0,15.605849358616016,0.0,2.5978500137278835e-15,0.261808179237838,0.05912561316353684
3.45,6.94469494667082,0.031422756248777044,221.00845933720737,10.0,15.60700549581436,0.0,3.033260065432655e-15,0.26391024614341196,0.05920334510107158
3.46,6.879067876669382,0.03174650580912985,216.68740232479564,10.0,15.607700559901291,0.0,2.042542944392386e-15,0.2659206869812539,0.059282811901503245
3.47,6.811184022672795,0.03209519778918005,212.21816632546148,10.0,15.607941771540158,0.0,7.651463126747706e-16,0.26783031545850644,0.0593639953191275
3.48,6.74129592231644,0.032469054744848416,207.62217980448054,10.0,15.60773655104308,0.0,3.1277330915318976e-15,0.26962826499788145,0.059446876461931406
3.49,6.669685007931168,0.032868040191096605,202.92311221336138,10.0,15.607092511108267,0.0,2.4030162165598782e-15,0.27130160799683783,0.05953143579997645
3.5,6.596663897073599,0.03329168971862763,198.1474642118445,10.0,15.606017449453892,0.0,2.4771139168607886e-15,0.27283485834391163,0.059617653174020145
3.5100000000000002,6.522578814928047,0.03373881712526687,193.3256518955821,10.0,15.604519341356372,0.0,2.7505943136179125e-15,0.2742093168628339,0.05970550780439023
3.52,6.447812037835264,0.03420695832172985,188.49416476001943,10.0,15.602606332100647,0.0,2.8199727338607072e-15,0.2754022037689299,0.059794978300125944
3.5300000000000002,6.3727841837215635,0.03469119573324788,183.7003322896108,10.0,15.600286729350124,0.0,2.2708271362796937e-15,0.2763855002485154,0.059886042668400565
3.54,6.297956090400957,0.03518130041468496,179.01430635497883,10.0,15.597568995443433,0.0,1.8035402824452302e-15,0.2771243903075684,0.059978678324241606
3.5500000000000003,6.223829915174988,0.035653581114817194,174.56394899384847,10.0,15.594461739625277,0.0,3.1614761683417072e-15,0.2775751507281143,0.06007286210056349
3.56,6.15094896188661,0.03604499015283286,170.64643202304197,10.0,15.590973710218147,0.0,1.9638518130727164e-15,0.27768227713862126,0.060168570258529556
3.5700000000000003,6.079895605929398,0.03619936101655131,167.95588196016797,10.0,15.587113786780078,0.0,3.159478374637996e-15,0.27737455283140444,0.06026577849812145
3.58,6.011286567809512,0.03598757058665907,167.0378541761847,10.0,15.582890972637724,0.0,3.1307897089376183e-15,0.2765596780929465,0.060364461967547745
3.59,5.945764724241674,0.03555865117281013,167.21007485199817,10.0,15.578314386869305,0.0,2.30743110414006e-15,0.27511696641738315,0.060464595274849486
3.6,5.883986704477456,0.03506668079235241,167.79423006470228,10.0,15.57339325650944,0.0,4.460743507244941e-15,0.2728875570997222,0.060566152498978836
3.61,5.826605772905798,0.0345688838400046,168.55059017447937,10.0,15.568136908818307,0.0,1.774578021297922e-15,0.2696617409362021,0.06066910720094685
3.62,5.77425001515579,0.03408431988041597,169.41074474757335,10.0,15.562554763550043,0.0,2.3428770447041705e-15,0.2651636607082571,0.06077343243530615
3.63,5.727496650297859,0.03361973660976659,170.36113985003712,10.0,15.55665632527217,0.0,8.738722788852653e-16,0.25903560965614514,0.0608791007618144
3.64,5.686844332120108,0.03317742493156254,171.40704391165895,10.0,15.55045117574467,0.0,1.5400020174995226e-15,0.25082879305842454,0.060986084257278056
3.65,5.652686443383176,0.03275784821462909,172.5597605296548,10.0,15.543948966366884,0.0,2.0574136423693376e-15,0.2400165897668062,0.06109435452757625
3.66,5.625289557295593,0.03236064915920249,173.83117160663983,10.0,15.537159410700058,0.0,1.5509291615827207e-15,0.22606011583240568,0.06120388271986454
3.67,5.604783109222211,0.031985080362976516,175.2311717093536,10.0,15.530092277072793,0.0,4.5801264060743745e-15,0.20856511765659252,0.061314639534959255
3.68,5.59117391259362,0.03163020385033307,176.76692629139487,10.0,15.522757381276605,0.0,9.469552828972618e-16,0.1875444466542135,0.06142659523990094
3.69,5.584452136504062,0.031294988307743805,178.44557350808194,10.0,15.515164579357855,0.0,9.449667140227684e-16,0.16370331794316265,0.061539719680698796
3.7,5.585505959215209,0.030978357224042956,180.30349120256707,10.0,15.507323760512424,0.0,3.4387218157865075e-16,0.13852969847613453,0.061653982295254726
3.71,5.601742899180493,0.030679211881230652,182.59083449948739,10.0,15.499244840088744,0.0,1.9700487281398474e-15,0.16379045314905,0.06176935212646785
3.72,5.625850032043059,0.03039644080268252,185.08252556814384,10.0,15.490937752707843,0.0,2.6335741505673487e-15,0.18985848678635267,0.06188579783550696
3.73,5.6483602997934765,0.0301289217044367,187.47303189950256,10.0,15.482412445604298,0.0,2.024506093189073e-15,0.21212243601189956,0.062003287714879805
3.74,5.668627418228006,0.02987551938219676,189.74155212866427,10.0,15.473678872008662,0.0,2.41344823102638e-15,0.23026244032129775,0.06212178970198007
3.75,5.687290588919769,0.029635081740248894,191.91074412309024,10.0,15.46474698466769,0.0,2.798112979158574e-15,0.24455706645441416,0.06224127139277125
3.7600000000000002,5.706171187925542,0.029406435647782097,194.0449790063528,10.0,15.455626729546013,0.0,2.21150147149672e-15,0.2555723081446592,0.062361700055460025
3.77,5.728259038347228,0.029188384171354775,196.25132397595655,10.0,15.446328039663047,0.0,2.310092504412907e-15,0.26392812400821725,0.06248304264433886
3.7800000000000002,5.754974657598009,0.028979706801159046,198.5863658692309,10.0,15.436860829085823,0.0,1.9372839561254638e-15,0.27017920276762764,0.06260526581373
3.79,5.7851764962162475,0.02877916442740508,201.01961301931647,10.0,15.42723498708104,0.0,2.592803069244142e-15,0.2747764446966916,0.0627283359320258
3.8000000000000003,5.817497503795913,0.028585510884456957,203.5121053917952,10.0,15.417460372429343,0.0,1.0529558188624995e-15,0.278068914410578,0.06285221909582045
3.81,5.851053726829467,0.02839751268175101,206.04106396225006,10.0,15.407546807904344,0.0,1.617837740691937e-15,0.2803204746639122,0.0629768811441278
3.8200000000000003,5.885261558130566,0.028213977875902546,208.59382480614852,10.0,15.397504074918606,0.0,4.4463168431903916e-15,0.2817286886008762,0.06310228767268024
3.83,5.919692173211968,0.028033793740827723,211.162721247773,10.0,15.387341908338392,0.0,1.5761017130939513e-15,0.2824413240610379,0.06322840404830304
3.84,5.954005472391545,0.027855970954824515,213.74252156018784,10.0,15.377069991468632,0.0,3.336209727167075e-15,0.28256936629340096,0.06335519542335913
3.85,5.987919874239651,0.027679689739076824,216.32900985108228,10.0,15.366697951209275,0.0,1.71743111187942e-15,0.28219680433809885,0.06348262675025818
3.86,6.0211968885483085,0.0275043414100879,218.91805365460905,10.0,15.356235353383783,0.0,1.4763128487801229e-15,0.2813878306964798,0.0636106627960245
3.87,6.053632144888976,0.02732955803091159,221.50494120841273,10.0,15.345691698240268,0.0,1.981959621684492e-15,0.28019209220972724,0.06373926815691795
3.88,6.085049519122519,0.02715522397119876,224.0839377932001,10.0,15.335076416130281,0.0,2.1096269528310815e-15,0.27864851544844466,0.06386840727308084
3.89,6.1152969133664214,0.026981466265244305,226.64805734608026,10.0,15.324398863378063,0.0,2.665990977016429e-15,0.2767881040308012,0.06399804444314967
3.9,6.144243019398041,0.02680862486138022,229.1890408839758,10.0,15.313668318296681,0.0,2.6406943596876816e-15,0.274635996554257,0.06412814383900921
3.91,6.171774728744774,0.026637207775573095,231.69751051776632,10.0,15.302893977393436,0.0,1.7351190751040634e-15,0.2722129922972643,0.06425866952049562
3.92,6.197795005339931,0.02646783850606507,234.1632469882161,10.0,15.292084951743396,0.0,2.0244427371169103e-15,0.26953669311909123,0.06438958545013349
3.93,6.222221111046023,0.026301203291055113,236.57553010748236,10.0,15.281250263534451,0.0,1.4337752555996852e-15,0.26662236598817024,0.06452085550787746
3.94,6.244983113105842,0.026138004245205276,238.92348683245066,10.0,15.270398842783026,0.0,1.2652453181074515e-15,0.263483600998316,0.06465244350584914
3.95,6.266022624270043,0.02597892197825783,241.19640643727158,10.0,15.259539524218432,0.0,1.1147389829912202e-15,0.26013281839211166,0.06478431320306366
3.96,6.285291739451346,0.025824588884703317,243.38399993559295,10.0,15.248681044333704,0.0,1.579903238934662e-15,0.2565816631124633,0.06491642832014037
3.97,6.302752141315613,0.02567557247311595,245.47659639974992,10.0,15.237832038600656,0.0,2.4766610248244513e-15,0.2528413148048761,0.06504875255399103
3.98,6.318374353244524,0.025532367055630174,247.4652796381153,10.0,15.227001038846694,0.0,3.0215001956406113e-15,0.24892273366137843,0.06518124959247955
3.99,6.332137122626697,0.025395391740557643,249.34197461163689,10.0,15.216196470790724,0.0,2.0571763021241416e-15,0.24483685710721143,0.06531388312904704
4.0,6.344026921011334,0.025264992745867253,251.0994950532517,10.0,15.205426651735486,0.0,1.5241247321698246e-15,0.2405947584464754,0.06544661687729525
4.01,6.354037550604154,0.025141448361705752,252.7315634003934,10.0,15.19469978841343,0.0,7.085975103279746e-16,0.23620777577728053,0.06557941458552188
4.0200000000000005,6.362169849084871,0.025024975276552723,254.23281257128505,10.0,15.184023974983223,0.0,1.6449633580191348e-15,0.23168761743376917,0.06571224005120073
4.03,6.36843148689195,0.024915735349302175,255.5987771426667,10.0,15.173407191173839,0.0,1.1807768069771939e-15,0.22704644870509,0.06584505713539937
4.04,6.372836853023511,0.024813842214946622,256.82587959654353,10.0,15.162857300573169,0.0,1.1091721754910328e-15,0.222296963468976,0.06597782977712725
4.05,6.375407027076775,0.02471936734349513,257.91141571244356,10.0,15.152382049057932,0.0,4.81193831961746e-15,0.2174524435224529,0.06611052200760661
4.0600000000000005,6.376169836710332,0.024632345336060072,258.85354194738636,10.0,15.141989063353842,0.0,2.6493537455652134e-15,0.21252680784330577,0.0662430979644833
4.07,6.375160000956139,0.024552778351201857,259.65126674326353,10.0,15.131685849728903,0.0,3.760178784687384e-15,0.2075346535569009,0.06637552190595092
4.08,6.372419360746559,0.024480639622150167,260.3044470692985,10.0,15.121479792833652,0.0,2.4156206889222254e-15,0.20249128980599926,0.06650775822472715
4.09,6.367997198571641,0.02441587606326506,260.81379107885544,10.0,15.111378154649572,0.0,3.815209426785053e-15,0.19741276563025864,0.06663977146198864
4.1,6.361950649226486,0.024358409981568966,261.180867472069,10.0,15.101388073563903,0.0,4.047674065761149e-15,0.19231589278668718,0.06677152632118658
4.11,6.354345202875018,0.024308139913509302,261.4081219494535,10.0,15.091516563562772,0.0,3.5392492616739496e-15,0.18721826408592804,0.06690298768175025
4.12,6.345255299807496,0.024264940603531245,261.4989009651266,10.0,15.081770513538457,0.0,1.2410885061787243e-15,0.18213826775929362,0.06703412061267351
4.13,6.334765012852332,0.024228662133477248,261.45748279264063,10.0,15.072156686706577,0.0,2.022102338063526e-15,0.17709509819711972,0.06716489038597953
4.14,6.322968807770982,0.02419912820342847,261.2891156498423,10.0,15.06268172012907,0.0,8.22389687785752e-16,0.17210876325549346,0.06729526249005915
4.15,6.309972363293891,0.024176133558311552,261.00006223387925,10.0,15.053352124338913,0.0,3.3102135549343573e-15,0.1672000881884095,0.06742520264287709
4.16,6.29589341972936,0.024159440553556972,260.5976494270444,10.0,15.044174283062492,0.0,4.808134278006892e-16,0.1623907161060578,0.06755467680504122
4.17,6.2808626071389515,0.024148774861364738,260.09032106997734,10.0,15.035154453035682,0.0,9.7483908781751e-16,0.15770310470209037,0.06768365119272958
4.18,6.265024179775132,0.024143820342005216,259.4876904743735,10.0,15.026298763909711,0.0,1.7370230134053542e-15,0.1531605188127332,0.06781209229046915
4.19,6.2485365520007985,0.024144213149263346,258.80058767586905,10.0,15.017613218242996,0.0,1.3745877760638049e-15,0.14878701817729306,0.0679399668637612
4.2,6.2315724923486835,0.02414953521505735,258.04109424281046,10.0,15.009103691575204,0.0,2.000910744441141e-15,0.14460743956066138,0.06806724197154683
4.21,6.214318788663352,0.02415930737716236,257.2225557483369,10.0,15.000775932579822,0.0,5.36077107349037e-15,0.14064737217290904,0.06819388497850733
4.22,6.196975153477835,0.024172982588877713,256.3595588874142,10.0,14.992635563291728,0.0,2.557434079276642e-15,0.13693312508866587,0.06831986356719286
4.23,6.179752104652579,0.024189939892241566,255.46785697613947,10.0,14.984688079405332,0.0,1.6410438819163463e-15,0.13349168515036516,0.06844514574997745
4.24,6.162867547466543,0.02420948015184193,254.5642247918179,10.0,14.976938850626322,0.0,2.9058752150509942e-15,0.13035066355463373,0.0685696998808952
4.25,6.146541822078485,0.024230824922181614,253.66622233532624,10.0,14.96939312110372,0.0,3.057400249893691e-15,0.12753822917603844,0.06869349466721437
4.26,6.130991088249482,0.024253120213131106,252.79184840431566,10.0,14.962056009914667,0.0,5.970125322030356e-16,0.1250830265829431,0.06881649918086002
4.2700000000000005,6.116419115537511,0.024275447228967097,251.95907032513855,10.0,14.954932511601852,0.0,1.3485041940936155e-15,0.12301407654242988,0.06893868286965567
4.28,6.103007831350485,0.024296842223657307,251.18522708305358,10.0,14.948027496764794,0.0,3.0198260519789313e-15,0.12136065689557471,0.06906001556836261
4.29,6.0909073175980195,0.024316327213146843,250.4863199202598,10.0,14.941345712699478,0.0,1.3118650124102823e-15,0.12015216190952378,0.06918046750952307
4.3,6.080226264541593,0.024332952177236678,249.8762262899446,10.0,14.934891784082785,0.0,2.6638968138802636e-15,0.11941793858994583,0.06930000933410378
4.3100000000000005,6.071024082267063,0.024345847436815324,249.36589691622632,10.0,14.928670213698314,0.0,4.5126248653656026e-15,0.11918709908170773,0.06941861210193662
4.32,6.063305834017073,0.024354282251745612,248.9626165674614,10.0,14.922685383200317,0.0,3.1144645489642573e-15,0.11948830919859356,0.06953624730195301
4.33,6.057020843059346,0.02435772292188871,248.669420474288,10.0,14.916941553912475,0.0,1.830134133506814e-15,0.12034955433875219,0.06965288686220875
4.34,6.0520652805556,0.024355881761691827,248.48475369405827,10.0,14.911442867658538,0.0,4.700221288475091e-15,0.12179788557385468,0.06976850315969553
4.3500000000000005,6.048288402920093,0.0243487483064761,248.40243641236432,10.0,14.90619334762186,0.0,3.783413107862282e-15,0.12385915052644834,0.06988306902993559
4.36,6.045501552028301,0.024336596550152027,248.4119560255658,10.0,14.901196899230952,0.0,2.770963817780718e-15,0.12655771571232202,0.06999655777635623
4.37,6.043488705504991,0.02431996648255504,248.4990556973032,10.0,14.896457311068366,0.0,6.130555273206002e-15,0.1299161892252959,0.07010894317944048
4.38,6.042017322455201,0.024299623297542518,248.6465427250572,10.0,14.891978255800371,0.0,2.0879358146499837e-15,0.13395515483379913,0.07022019950564978
4.39,6.040848429898724,0.024276501655314652,248.83521174791062,10.0,14.88776329112484,0.0,4.8182732685140325e-15,0.13869293055347687,0.07033030151611573
4.4,6.0397452332140755,0.024251644112584937,249.0447742501657,10.0,14.88381586073507,0.0,7.21294603288533e-15,0.14414536630857197,0.07043922447509664
4.41,6.038479897657484,0.02422614213267755,249.254704467058,10.0,14.8801392952942,0.0,4.5118802528418235e-15,0.1503256961913954,0.0705469441582199
4.42,6.036838455161713,0.024201085714065873,249.44494335859702,10.0,14.876736813414867,0.0,3.7511956268640695e-15,0.15724446081886007,0.0706534368605237
4.43,6.034624002461043,0.02417752474113138,249.59643582516108,10.0,14.873611522656358,0.0,1.0351995579274003e-15,0.16490951408624385,0.07075867940417696
4.44,6.031658471257878,0.024156442580490618,249.6915036707104,10.0,14.87076642052075,0.0,3.226840298524567e-15,0.1733261263792976,0.07086264914602322
4.45,6.027783288091874,0.024138740684640853,249.71407443501266,10.0,14.868204395455471,0.0,2.349217210141933e-15,0.18249719286614258,0.0709653239848606
4.46,6.022859227075653,0.024125232071211943,249.64979442674814,10.0,14.865928227856731,0.0,1.5990065202272881e-15,0.19242355098249264,0.07106668236848243
4.47,6.016765716601896,0.02411664133005232,249.4860554692689,10.0,14.863940591071913,0.0,1.5021180508402333e-15,0.2031044061405374,0.07116670330047686
4.48,6.0093998090818035,0.024113609012252037,249.21196184397155,10.0,14.8622440523991,0.0,2.8113640596370657e-15,0.21453785932858718,0.07126536634678354
4.49,6.000674971668029,0.02411669865068077,248.81825902396642,10.0,14.860841074082055,0.0,3.559463399287862e-15,0.22672152519834204,0.07136265164200464
4.5,5.990519811350909,0.024126405098580318,248.29724059070085,10.0,14.85973401429903,0.0,4.505930425198e-15,0.23965322496218033,0.07145853989546878
4.51,5.978876811814614,0.02414316326773111,247.64264506324105,10.0,14.858925128143982,0.0,1.814343519337759e-15,0.25333173539929643,0.07155301239704495
4.5200000000000005,5.965701131937536,0.024167356666746763,246.84955058184258,10.0,14.858416568598772,0.0,1.44740489758655e-15,0.267757573841314,0.0716460510227044
4.53,5.950959495747455,0.024199325378479963,245.91427251271801,10.0,14.858210387494966,0.0,6.642069796862986e-15,0.28293379931172946,0.07173763823982915
4.54,5.93462918958241,0.024239373282989744,244.83426697121348,10.0,14.858308536464131,0.0,2.2028495052312124e-15,0.29886681199689275,0.07182775711226423
4.55,5.9166971727673765,0.02428777444350777,243.60804183723536,10.0,14.858712867875086,0.0,2.892289010778186e-15,0.31556713676522746,0.07191639130511435
4.5600000000000005,5.897159302089537,0.024344778641756912,242.2350759014316,10.0,14.859425135749133,0.0,1.079088902357914e-15,0.33305018096194583,0.07200352508934249
4.57,5.8760196667653535,0.02441061608800199,240.71574619755145,10.0,14.86044699666926,0.0,1.390496900290116e-15,0.3513369621285473,0.0720891433460447
4.58,5.853290028691944,0.02448550134974933,239.05126323876016,10.0,14.86178001066356,0.0,2.844404934014329e-15,0.3704548069986928,0.07217323157051882
4.59,5.828989362021543,0.024569636547907427,237.24361370408604,10.0,14.86342564207541,0.0,2.1120766400980822e-15,0.39043802854105997,0.07225577587605903
4.6000000000000005,5.803143486090073,0.024663213865166025,235.2955100586607,10.0,14.865385260416021,0.0,3.513272964456218e-15,0.4113285930670101,0.07233676299748655
4.61,5.775784786192997,0.02476641740139865,233.2103465988915,10.0,14.867660141195223,0.0,1.7216418416485765e-15,0.4331767940278059,0.07241618029443682
4.62,5.746952017449301,0.024879424396888852,230.99216146527698,10.0,14.870251466730213,0.0,1.414729669380802e-15,0.456041953166565,0.07249401575440065
4.63,5.716690187895719,0.02500240582704895,228.64560424465617,10.0,14.87316032693199,0.0,9.189870292892276e-16,0.47999317327383123,0.07257025799551604
4.64,5.685050517922123,0.025135526352321337,226.17590888034428,10.0,14.87638772006932,0.0,2.3581440828996994e-15,0.5051101700539382,0.07264489626910817
4.65,5.652090474137478,0.025278943583838427,223.58887171816096,10.0,14.879934553510104,0.0,2.527296794470553e-15,0.5314842138149724,0.07271792046197509
4.66,5.617873876701069,0.02543280659843441,220.89083463745186,10.0,14.883801644440075,0.0,2.5936051073783944e-15,0.5592192151627022,0.07278932109841614
4.67,5.582471080029709,0.025597253604528813,218.08867335056703,10.0,14.88798972055887,0.0,2.0098858420515416e-15,0.5884329929486409,0.07285908934200092
4.68,5.545959227561399,0.025772408621490047,215.1897911061739,10.0,14.892499420753547,0.0,1.0344256483540176e-15,0.6192587678093054,0.072927216997076
4.69,5.508422581871374,0.025958376986914923,212.20211820823985,10.0,14.89733129574958,0.0,1.1943221734074457e-15,0.6518469312428172,0.0729936965100078
4.7,5.4699529318354445,0.026155239445516575,209.13411797394505,10.0,14.902485808729622,0.0,2.128427506837446e-15,0.686367148709063,0.07305852097022013
4.71,5.430650078645843,0.02636304449545888,205.9948000156541,10.0,14.90796333590932,0.0,4.815141996860793e-16,0.7230108656672287,0.07312168411109866
4.72,5.390622402156503,0.026581798566813357,202.79374206403577,10.0,14.913764167128136,0.0,6.660371283660711e-15,0.7619943008430374,0.07318318031038652
4.73,5.349987508086996,0.026811453473813203,199.54112198028872,10.0,14.919888506378767,0.0,3.553103531074078e-15,0.8035620295283953,0.0732430045905522
4.74,5.3088729548390114,0.027051890405797828,196.24776217861657,10.0,14.926336472332492,0.0,2.407750883680596e-15,0.8479912833897384,0.07330115261878999
4.75,5.267417055705545,0.027302899484824325,192.92518945225268,10.0,14.933108098835088,0.0,2.2734601445111942e-15,0.8955971256660947,0.07335762070679623
4.76,5.225769747635964,0.027564153598227163,189.58571425070235,10.0,14.940203335372988,0.0,3.595863972244997e-15,0.9467387013439,0.07341240581032538
4.7700000000000005,5.184093510885213,0.027835174781264935,186.24253490854596,10.0,14.947622047511071,0.0,1.0992093679375919e-15,1.0018268159428183,0.07346550552851937
4.78,5.142564314055414,0.02811529083817751,182.90987433330656,10.0,14.955364017303634,0.0,1.9253748653559797e-15,1.0613331675763538,0.07351691810300426
4.79,5.101372545323439,0.028403579100283516,179.6031594226982,10.0,14.963428943679999,0.0,2.6637791802949088e-15,1.1258016511052658,0.07356664241674808
4.8,5.060723871998059,0.02869879317617571,176.33925722699786,10.0,14.971816442806414,0.0,4.5039233820600466e-15,1.1958622790381335,0.07361467799267318
4.8100000000000005,5.020839945905162,0.028999267224040347,173.1367867717324,10.0,14.980526048425828,0.0,1.797333481700861e-15,1.27224843346135,0.07366102499201768
4.82,4.981958840624772,0.029302790735009472,170.01653138356488,10.0,14.98955721217724,0.0,2.5016796550774824e-15,1.3558183941364372,0.07370568421243935
4.83,4.944335068139394,0.029606445390540925,167.00198226832995,10.0,14.998909303896395,0.0,2.642255057491508e-15,1.4475824053355772,0.07374865708585651
4.84,4.908238978260418,0.029906395242863395,164.12004651184694,10.0,15.008581611899533,0.0,4.6026366196846876e-15,1.5487369863374794,0.07378994567601968
4.8500000000000005,4.873955298142473,0.030197624779383835,161.40194249548932,10.0,15.01857334318333,0.0,4.236136031537879e-15,1.660708809811888,0.07382955267620234
4.86,4.8417805291829294,0.030473632004220194,158.884261925602,10.0,15.028883623630776,0.0,3.800784938893231e-15,1.7852113557999467,0.07386748140650296
4.87,4.812018898110532,0.030726116553139914,156.61005808489617,10.0,15.039511498245576,0.0,2.6424814074325264e-15,1.9243188336058272,0.07390373581062255
4.88,4.784976578290348,0.030944773226637547,154.62955709015816,10.0,15.05045593130718,0.0,3.249115562416761e-15,2.0805637372172017,0.0739383204527567
4.89,4.760953981897867,0.03111742216654931,152.9996269104775,10.0,15.061715806535462,0.0,6.1055015525337116e-15,2.2570671959056283,0.07397124051409334
4.9,4.740236099584583,0.03123084421218148,151.78059444629648,10.0,15.073289927226888,0.0,4.475828833634506e-15,2.4577155337948122,0.07400250178913849
4.91,4.723081146961398,0.03127267907622894,151.02899036723457,10.0,15.085177016365058,0.0,2.1685269851707264e-15,2.6874030259456108,0.07403211068185911
4.92,4.709708154802487,0.031234285625866845,150.78648544156607,10.0,15.097375716708594,0.0,6.059414772477114e-15,2.9523712383195178,0.07406007420163364
4.93,4.700284556121885,0.031113512963902322,151.06891213393752,10.0,15.109884590859394,0.0,3.562088784105405e-15,3.2606921800226054,0.07408639995899988
4.94,4.6949151716743485,0.030915722033202,151.86173451269343,10.0,15.122702121314353,0.0,5.282974339198352e-15,3.6229704967577523,0.07411109616118983
4.95,4.693634138316392,0.030652251874822276,153.1252632754117,10.0,15.13582671050362,0.0,8.682490890115813e-16,4.053387881000408,0.07413417160744205
4.96,4.696401143766708,0.030337301166240064,154.80616149840495,10.0,15.149256680818738,0.0,5.55652302729966e-15,4.571297746133977,0.07415563568408048
4.97,4.703102794230534,0.029984971971309768,156.8486640151126,10.0,15.162990274633765,0.0,7.088933121171953e-15,5.203734216953079,0.07417549835935042
4.98,4.713559145853281,0.029607492425370203,159.20156554069754,10.0,15.17702565432287,0.0,2.5036279503712478e-15,5.989498912449621,0.07419377017800101
4.99,4.727534588287858,0.029214609186643557,161.82090809721356,10.0,15.191360902277243,0.0,5.788016824672412e-15,6.986093242991966,0.07421046225560671
5.0,4.744751620947313,0.028813691040445885,164.67003877729817,10.0,15.205994020779153,0.0,2.107124134585252e-15,8.28205718073083,0.07422558627342098
5.01,4.764905777674418,0.028410122995666084,167.71859025042926,10.0,15.220922931931328,0.0,7.419320068860362e-15,10.020245128222378,0.07423915447267401
5.0200000000000005,4.787680062522278,0.028007748393887793,170.9412693655555,10.0,15.236145477720145,0.0,2.012081597941875e-15,12.4449993071563,0.07425117964790022
5.03,4.812757656908282,0.027609257150208007,174.31681086979273,10.0,15.251659419911915,0.0,3.5135168927848e-15,16.006874282178423,0.07426167514094989
5.04,4.839832181597384,0.027216493632511808,177.82717520290345,10.0,15.267462439984609,0.0,3.3519532186298312e-15,21.624812050343706,0.0742706548345863
5.05,4.86861529319736,0.026830689110404312,181.45696046656607,10.0,15.283552139057724,0.0,5.504774044076156e-15,31.462272415918473,0.07427813314588504
5.0600000000000005,4.898841769585878,0.026452633134212374,185.19297284057467,10.0,15.299926037819056,0.0,5.045120163919393e-15,51.8958002387184,0.07428412501945142
5.07,4.9302724626318275,0.026082798610757102,189.02390560951838,10.0,15.31658157644692,0.0,3.0472335577000754e-15,111.813607154371,0.07428864592047177
5.08,4.962695587178578,0.025721432851856216,192.94009069251518,10.0,15.333516114526397,0.0,1.0952479519272817e-14,502.999779530824,0.07429171182761596
5.09,4.995926811269218,0.025368623959258273,196.93329915302542,10.0,15.350726930958027,1.0,1.272840319207836,nan,0.07429333922580755
5.1000000000000005,5.029808554460393,0.025024349402158464,200.99657631964448,10.0,15.368211223873423,1.0,2.4078079157082257,nan,0.07429354509880068
5.11,5.06420882052824,0.024688511709271926,205.1241030712412,10.0,15.385966110569708,1.0,3.171070652861969,nan,0.07429234692151558
5.12,5.099019808670081,0.024360964778567713,209.31107840015008,10.0,15.403988627427976,1.0,3.793826524337694,nan,0.07428976265231413
5.13,5.1341564744450885,0.02404153329218344,213.5536203971792,10.0,15.422275729833181,1.0,4.336820866530575,nan,0.07428581072514184
5.14,5.169555151994795,0.023730027006991665,217.84868388357376,10.0,15.440824292105061,1.0,4.826817103379763,nan,0.07428051004149586
5.15,5.2051723025581325,0.0234262511879207,222.1939934308431,10.0,15.459631107452356,1.0,5.278344309716416,nan,0.0742738799621702
5.16,5.2409834188640145,0.023130014098831246,226.58799067177569,10.0,15.478692887934896,1.0,5.700277574566425,nan,0.07426594029886752
5.17,5.276982087724672,0.02284113222011186,231.02979470861052,10.0,15.498006264417283,1.0,6.098464773814946,nan,0.07425671130577
5.18,5.313179191301628,0.02255943369089124,235.51917411149,10.0,15.517567786505639,1.0,6.476963941827159,nan,0.07424621367112251
5.19,5.349602208433095,0.02228476035455373,240.05652846699525,10.0,15.537373922581711,1.0,6.838695380458433,nan,0.07423446850826247
5.2,5.3862945590296,0.022016968703370627,244.64287666471543,10.0,15.557421059811038,1.0,7.185814582027887,nan,0.07422149734673511
5.21,5.4233149158575165,0.02175592995975253,249.27984810993598,10.0,15.577705504144646,1.0,7.519939198595723,nan,0.0742073221234033
5.22,5.46073638884295,0.021501529489752917,253.96967185266507,10.0,15.598223480363686,1.0,7.84229412553501,nan,0.07419196517331418
5.23,5.4986454685889266,0.021253665713364754,258.7151573166629,10.0,15.618971132161116,1.0,8.153807984940418,nan,0.07417544922036756
5.24,5.537140601605672,0.021012248651763737,263.51965909849883,10.0,15.639944522229603,1.0,8.455179409266504,nan,0.07415779736795233
5.25,5.576330265805628,0.02077719823129574,268.38701752415574,10.0,15.661139632332032,1.0,8.746923829316712,nan,0.07413903308967867
5.26,5.616330429439455,0.020548442445857778,273.32146678453546,10.0,15.682552363480758,1.0,9.02940726649406,nan,0.0741191802195885
5.2700000000000005,5.657261319401155,0.020325915462564913,278.32750410776674,10.0,15.704178536095684,1.0,9.302871224670128,nan,0.07409826294250818
5.28,5.699243503577593,0.020109555739970534,283.40971711520984,10.0,15.726013890186877,1.0,9.567451344671692,nan,0.07407630578432413
5.29,5.742393407350399,0.01989930421340501,288.5725724762819,10.0,15.748054085595768,1.0,9.823191602896205,nan,0.07405333360202572
5.3,5.786818524039783,0.019695102588474168,293.820176769544,10.0,15.770294702257834,1.0,10.070055276878444,nan,0.0740293715737128
5.3100000000000005,5.832612713868903,0.01949689177183987,299.1560286698199,10.0,15.79273124047243,1.0,10.307933536205155,nan,0.07400444518864967
5.32,5.879852072972748,0.019304610458184258,304.58278791530677,10.0,15.815359121268243,1.0,10.536652273794592,nan,0.0739785802369409
5.33,5.928591849502206,0.019118193883952413,310.10208838182126,10.0,15.838173686756772,1.0,10.755977628526184,nan,0.0739518027993741
5.34,5.978864764334843,0.018937572752416806,315.71441823619256,10.0,15.861170200543226,1.0,10.965620533773889,nan,0.07392413923709731
5.3500000000000005,6.030680873275705,0.018762672330508365,321.41907970485283,10.0,15.884343848203583,1.0,11.16524054505561,nan,0.07389561618110242
5.36,6.08402884002387,0.018593411715762505,327.21422690092714,10.0,15.907689737759373,1.0,11.354449141524837,nan,0.07386626052186256
5.37,6.138878250396019,0.01842970327166883,333.09696634307977,10.0,15.931202900217794,1.0,11.532812650120816,nan,0.0738360993988025
5.38,6.195182454506914,0.01827145223092189,339.0634951294364,10.0,15.954878290192028,1.0,11.699854907423207,nan,0.07380516018954354
5.39,6.252881405015004,0.01811855646855066,345.10924840334064,10.0,15.978710786516563,1.0,11.855059748157544,nan,0.07377347049935097
5.4,6.311904053274348,0.017970906450408598,351.2290306942662,10.0,16.002695192953706,1.0,11.997873383587775,nan,0.07374105815032472
5.41,6.372170028095187,0.017828385365967793,357.41711306391664,10.0,16.02682623894915,1.0,12.127706714118872,nan,0.07370795117055229
5.42,6.433590502210699,0.017690869457987708,363.6672870990991,10.0,16.051098580391024,1.0,12.243937602170073,nan,0.0736741777834571
5.43,6.496068308102436,0.017558228564556726,369.97287535118926,10.0,16.075506800509885,1.0,12.345913107862703,nan,0.073639766396685
5.44,6.559497474607328,0.017430326890004497,376.32670437000826,10.0,16.100045410768196,1.0,12.432951677331165,nan,0.07360474559127324
5.45,6.623762413145623,0.017307024020785006,382.7210504354049,10.0,16.124708851840804,1.0,12.504345249992538,nan,0.07356914411063188
5.46,6.688736993872287,0.01718817619948064,389.147569599292,10.0,16.1494914946454,1.0,12.55936123129238,nan,0.07353299084952612
5.47,6.754283729488061,0.017073637862926896,395.5972232580895,10.0,16.17438764142802,1.0,12.597244258193827,nan,0.07349631484305642
5.48,6.820253240606617,0.016963263440633158,402.06020878445133,10.0,16.199391526930487,1.0,12.617217670282745,nan,0.07345914525554252
5.49,6.886484123065026,0.01685690939721385,408.52590239366424,10.0,16.224497319618273,1.0,12.618484571565432,nan,0.07342151136938235
5.5,6.952803283179866,0.016754436484980626,414.98281899320506,10.0,16.24969912295236,1.0,12.600228360883744,nan,0.07338344257398391
5.51,7.01902675762576,0.016655712153532082,421.4185915873477,10.0,16.274990976771264,1.0,12.561612608516759,nan,0.07334496835449855
5.5200000000000005,7.08496099421314,0.0165606130445923,427.81997110467245,10.0,16.30036685867787,1.0,12.501780149762224,nan,0.07330611828081852
5.53,7.15040453967618,0.016469027481774583,434.1728464287986,10.0,16.32582068553932,1.0,12.419851297257761,nan,0.07326692199636513
5.54,7.215150060511239,0.016380857850455805,440.46228386692667,10.0,16.351346315109957,1.0,12.314921122523726,nan,0.07322740920663169
5.55,7.278986611910483,0.01629602275539441,446.6725851558441,10.0,16.376937547582024,1.0,12.186055848755077,nan,0.07318760966837272
5.5600000000000005,7.341702065954242,0.016214458844382006,452.7873632056489,10.0,16.402588127357358,1.0,12.032288553881713,nan,0.07314755317811808
5.57,7.403085611678436,0.01613612219753839,458.7896348980176,10.0,16.42829174476774,1.0,11.852614640884594,nan,0.07310726956125363
5.58,7.462930244624147,0.016060989203637865,464.6619302211952,10.0,16.454042037986557,1.0,11.645987944183693,nan,0.0730667886605761
5.59,7.521035170527179,0.015989056875765385,470.3864167202265,10.0,16.479832594935164,1.0,11.411319017282738,nan,0.07302614032521854
5.6000000000000005,7.577208056090261,0.015920342596287017,475.94503763112715,10.0,16.505656955277214,1.0,11.147478237725267,nan,0.0729853543995299
5.61,7.631267068568385,0.01585488332118396,481.31966120319083,10.0,16.531508612514997,1.0,10.853308169216927,nan,0.07294446071185141
5.62,7.6830426551635185,0.015792734312022102,486.49223771939603,10.0,16.557381016080754,1.0,10.52765262926189,nan,0.0729034890636756
5.63,7.732379022709091,0.01573396749513173,491.4449597726434,10.0,16.583267573691597,1.0,10.169414963194754,nan,0.07286246921798806
5.64,7.779135288101854,0.015678669568522517,496.160420634142,10.0,16.609161653528776,1.0,9.77766661011584,nan,0.07282143088876344
5.65,7.823186280705131,0.015626939985816303,500.6217652212012,10.0,16.635056586690215,1.0,9.351841472740645,nan,0.07278040372960948
5.66,7.864422989225292,0.015578888941987381,504.812828341662,10.0,16.660945669598036,1.0,8.892075513266143,nan,0.07273941732298551
5.67,7.902752657443523,0.015534635469536618,508.71825559993357,10.0,16.68682216658319,1.0,8.399788520583998,nan,0.07269850116900636
5.68,7.938098545419911,0.015494305728730383,512.3236035481511,10.0,16.71267931244799,1.0,7.878657082764956,nan,0.07265768467472064
5.69,7.97039938501898,0.015458031545384693,515.6154172423528,10.0,16.73851031516521,1.0,7.336177024728397,nan,0.07261699714315843
5.7,7.999608570156625,0.01542594921813919,518.5812851471065,10.0,16.76430835861941,1.0,6.78598147024837,nan,0.07257646776256982
5.71,8.025693132332714,0.015398198587702873,521.2098731303607,10.0,16.790066605446636,1.0,6.250739869154869,nan,0.07253612559560209
5.72,8.048632560131278,0.015374922336150008,523.4909409075242,10.0,16.815778199921432,1.0,5.764383876707164,nan,0.07249599956864482
5.73,8.068417526785028,0.015356265466932454,525.415345557761,10.0,16.841436270924408,1.0,5.370414013150862,nan,0.07245611846119059
5.74,8.08504859197168,0.015342374906543738,526.9750375167337,10.0,16.86703393498841,1.0,5.1120293993891055,nan,0.07241651089522416
5.75,8.098534942363226,0.015333399166491055,528.1630546774921,10.0,16.8925642993935,1.0,5.0148527384864225,nan,0.07237720532476018
5.76,8.10889323003137,0.015329488008455995,528.973519895666,10.0,16.918020465343798,1.0,5.073968786702724,nan,0.07233823002538912
5.7700000000000005,8.116146558902747,0.015330792064864948,529.4016463443726,10.0,16.943395531196867,1.0,5.257816936075953,nan,0.07229961308395144
5.78,8.120323657566223,0.015337462379589432,529.4437539010671,10.0,16.9686825957769,1.0,5.524639258369536,nan,0.07226138238820282
5.79,8.12145826269007,0.015349649847139058,529.0972982164662,10.0,16.993874761734034,1.0,5.836852399035137,nan,0.07222356561662657
5.8,8.119588722229464,0.015367504541736875,528.3609124810948,10.0,17.0189651389339,1.0,6.166738710144436,nan,0.07218619022845206
5.8100000000000005,8.11475781263911,0.015391174938603057,527.2344603326059,10.0,17.043946847970528,1.0,6.49606546968672,nan,0.07214928345348415
5.82,8.107012750562898,0.015420807037560522,525.7190969847826,10.0,17.068813023681084,1.0,6.813657863655064,nan,0.07211287228224611
5.83,8.096405367958836,0.015456543402800478,523.81733463718,10.0,17.093556818733543,1.0,7.113019833102807,nan,0.07207698345613123
5.84,8.082992411065048,0.015498522132215873,521.5331076156871,10.0,17.118171407241036,1.0,7.390582564095339,nan,0.07204164345774808
5.8500000000000005,8.066835918382424,0.01554687576528914,518.8718325255362,10.0,17.142649988456004,1.0,7.644552186640656,nan,0.07200687850122964
5.86,8.048003631016856,0.015601730130365794,515.8404589599297,10.0,17.1669857904879,1.0,7.8741894419372525,nan,0.07197271452273227
5.87,8.026569390027932,0.01566320312092051,512.4475069411102,10.0,17.191172074067346,1.0,8.07937010628153,nan,0.07193917717101926
5.88,8.002613479330401,0.015731403376775244,508.7030881901424,10.0,17.215202136322855,1.0,8.260319913668527,nan,0.07190629179825911
5.89,7.976222878508955,0.015806428830774443,504.61890942624495,10.0,17.239069314636914,1.0,8.41745583633724,nan,0.07187408345075122
5.9,7.947491396914643,0.01588836506465781,500.20825708449377,10.0,17.262766990489894,1.0,8.551291641640203,nan,0.07184257685994727
5.91,7.916519667927929,0.015977283400259588,495.4859640155915,10.0,17.286288593376675,1.0,8.662382111162485,nan,0.07181179643340509
5.92,7.883414989641032,0.01607323863416705,490.4683598041764,10.0,17.309627604665458,1.0,8.75129038205708,nan,0.07178176624620132
5.93,7.848291005003625,0.016176266305971285,485.17320725033545,10.0,17.332777561576854,1.0,8.818568971402042,nan,0.07175251003205625
5.94,7.81126722053954,0.016286379372747194,479.6196282649857,10.0,17.355732061097587,1.0,8.86474872920032,nan,0.07172405117492248
5.95,7.7724683678116016,0.01640356414677955,473.828022877427,10.0,17.378484763950187,1.0,8.890332203645295,nan,0.07169641270052332
5.96,7.732023616152218,0.01652777534158789,467.8199852279315,10.0,17.401029398562088,1.0,8.895789261257695,nan,0.07166961726806056
5.97,7.69006564871548,0.016658930066738693,461.61822025230214,10.0,17.42335976499362,1.0,8.881553633548531,nan,0.07164368716224385
5.98,7.646729616911205,0.016796900620543263,455.2464641934571,10.0,17.445469738937785,1.0,8.848019557343298,nan,0.07161864428515975
5.99,7.602151991370873,0.016941505960140837,448.7294110250205,10.0,17.467353275659033,1.0,8.795537971277232,nan,0.07159451014851617
6.0,7.556469330240333,0.01709250179501297,442.09264511793475,10.0,17.48900441395328,1.0,8.72441188595446,nan,0.07157130586590761
6.01,7.509816988324679,0.01724956937130276,435.36257785184966,10.0,17.51041728004655,1.0,8.634890610145867,nan,0.07154905214541098
6.0200000000000005,7.462327793869051,0.017412303215077186,428.56638215485907,10.0,17.531586091496845,1.0,8.527162515944415,nan,0.07152776928224752
6.03,7.414130722293529,0.01758019841269852,421.7319138410951,10.0,17.55250516115209,1.0,8.401345967693237,nan,0.07150747715129446
6.04,7.365349598299499,0.017752638451767125,414.8876021054966,10.0,17.573168900935926,1.0,8.25747790192333,nan,0.07148819520030718
6.05,7.316101860026108,0.01792888523598809,408.0622840588397,10.0,17.593571825673916,1.0,8.095499368108264,nan,0.07146994244301706
6.0600000000000005,7.266497419595459,0.018108073589888685,401.2849507996796,10.0,17.61370855689876,1.0,7.915237029488088,nan,0.07145273745232798
6.07,7.216637653349509,0.018289213271048335,394.5843676487377,10.0,17.633573826562447,1.0,7.716379164814634,nan,0.07143659835387259
6.08,7.166614552852045,0.018471201973892896,387.98853279723227,10.0,17.653162480739738,1.0,7.498444011905334,nan,0.07142154281958542
6.09,7.116510063478884,0.018652852670768473,381.5239518098704,10.0,17.67246948326861,1.0,7.260737174619285,nan,0.07140758806148786
6.1000000000000005,7.066395631337056,0.018832937450206283,375.21473482404923,10.0,17.6914899193065,1.0,7.002292993770941,nan,0.07139475082575163
6.11,7.016331971731737,0.019010247456978973,369.0815696960287,10.0,17.71021899886226,1.0,6.721791701193629,nan,0.07138304738679041
6.12,6.966369063795718,0.019183664731635824,363.14068043044267,10.0,17.728652060226132,1.0,6.4174387347957165,nan,0.07137249354166703
6.13,6.916546366877968,0.019352237540897918,357.4029283312037,10.0,17.746784573348293,1.0,6.086782515761773,nan,0.07136310460460249
6.140000000000001,6.866893245538063,0.01951524774021336,351.8732294332118,10.0,17.76461214314805,1.0,5.72642719453127,nan,0.07135489540164157
6.15,6.817429582169317,0.019672258475078662,346.5504273851331,10.0,17.782130512706242,1.0,5.331555145091015,nan,0.07134788026564279
6.16,6.768166549961086,0.019823133867622203,341.42767713513564,10.0,17.79933556640968,1.0,4.89507788185527,nan,0.07134207303131126
6.17,6.719107514502698,0.019968028387252146,336.49328737895155,10.0,17.816223332980574,1.0,4.405985849842509,nan,0.07133748703051812
6.18,6.670249030018667,0.020107350148174163,331.73187818705964,10.0,17.83278998841362,1.0,3.8457183825466337,nan,0.07133413508780474
6.19,6.621581895988005,0.020241707036595703,327.12566603284057,10.0,17.849031858841126,1.0,3.1785326676594394,nan,0.0713320295159787
6.2,6.573092241524891,0.020371846079309912,322.65569923977904,10.0,17.864945423251147,1.0,2.315923948375002,nan,0.07133118211207568
6.21,6.5247626080359735,0.020498595085721653,318.3029168950614,10.0,17.880527316130443,1.0,0.761938642131212,nan,0.07133160415339933
6.22,6.4765730048944015,0.020622812590052015,314.04896769602396,10.0,17.895774329992097,0.0,5.954401018170966e-15,418.35868031068844,0.07133330639377777
6.23,6.428501917735914,0.020745348876159777,309.876780386347,10.0,17.910683417772027,0.0,1.2604013940149706e-15,104.94269299313358,0.07133629906008672
6.24,6.3805272540678,0.020867018297578494,305.7709138448509,10.0,17.925251695114827,0.0,9.784647465452382e-15,53.9168062439191,0.07134059184894753
6.25,6.332627215830683,0.020988581525604046,301.71773200134976,10.0,17.93947644256852,0.0,3.0402350040931705e-15,34.13836524241944,0.07134619392351492
6.26,6.284781093101586,0.021110735666284058,297.7054515034739,10.0,17.953355107602693,0.0,6.346778693030396e-15,24.047595268170184,0.07135311391066802
6.2700000000000005,6.236969977098404,0.021234110106596073,293.7241045557628,10.0,17.966885306528887,0.0,7.534845225998595e-15,18.08268754324852,0.07136135989829619
6.28,6.18917739393734,0.021359266202163208,289.76545052425615,10.0,17.98006482629168,0.0,4.080817960810081e-15,14.211748248662854,0.07137093943278804
6.29,6.141389863178812,0.02148669929770638,285.8228608353253,10.0,17.992891626119487,0.0,4.543787999861701e-15,11.531535984165606,0.07138185951675682
6.3,6.093597387116337,0.021616841954150357,281.8911939144926,10.0,18.005363839031933,0.0,4.154102740956211e-15,9.58507513983218,0.0713941266070063
6.3100000000000005,6.045793878062581,0.021750067584306792,277.9666708909341,10.0,18.017479773215754,0.0,4.429114508776678e-15,8.118730411705798,0.07140774661268318
6.32,5.99797753164762,0.021886693954094462,274.046758465572,10.0,18.029237913279662,0.0,3.1816214192658324e-15,6.981530521028649,0.0714227248935708
6.33,5.950151154468288,0.02202698619107772,270.1300624085588,10.0,18.0406369213381,0.0,1.7900743684932425e-15,6.078550602201871,0.07143906625870494
6.34,5.902322454399076,0.022171159068045905,266.2162332733328,10.0,18.051675637957224,0.0,3.2234279022399165e-15,5.347409542776324,0.07145677496518256
6.3500000000000005,5.854504301562968,0.022319378409745863,262.305884782462,10.0,18.06235308296759,0.0,1.5936164435864604e-15,4.745592597447663,0.07147585471714119
6.36,5.8067149674282135,0.0224717615177089,258.40052471419403,10.0,18.07266845612348,0.0,1.1171104090650017e-15,4.243225815718733,0.07149630866497951
6.37,5.758978348801219,0.02262837653094804,254.50249782280514,10.0,18.082621137615256,0.0,2.365310320445821e-15,3.8187644966192673,0.07151813940479283
6.38,5.711324182657336,0.02278924064644391,250.61494023709582,10.0,18.092210688432473,0.0,2.193148492481197e-15,3.45631864619042,0.07154134897802888
6.390000000000001,5.663788256795384,0.02295431711812884,246.74174481637021,10.0,18.101436850578544,0.0,6.6161300809355146e-15,3.1439377315010604,0.07156593887136002
6.4,5.616412620222044,0.023123510940428627,242.88753704795036,10.0,18.110299547137895,0.0,1.865870170254869e-15,2.8724784037683975,0.07159191001676701
6.41,5.569245795964938,0.023296663105444485,239.0576612091451,10.0,18.118798882196977,0.0,1.7130427504163111e-15,2.6348378802274546,0.07161926279182955
6.42,5.522342997633252,0.023473543304297864,235.25817666488143,10.0,18.12693514060854,0.0,1.3477117388322187e-15,2.4254231507803956,0.07164799702026031
6.43,5.475766349451794,0.02365384092609172,231.49586431063162,10.0,18.13470878761505,0.0,2.027785997523412e-15,2.2397760660945862,0.07167811197263135
6.44,5.429585107649063,0.02383715419645207,227.77824327944336,10.0,18.142120468324094,0.0,1.737240930996501e-15,2.0743037513081464,0.07170960636731528
6.45,5.383875878908607,0.024022977297439473,224.11359808771311,10.0,18.149171007025746,0.0,2.357154565522926e-15,1.9260816085319459,0.07174247837168596
6.46,5.338722829035843,0.024210685330361522,220.51101636271292,10.0,18.155861406372228,0.0,3.360389475552254e-15,1.7927072444634864,0.07177672560350404
6.47,5.294217871979926,0.024399517035707675,216.98043712226186,10.0,18.162192846418087,0.0,3.8168377433407095e-15,1.6721907076304319,0.07181234513249864
6.48,5.2504608258245105,0.024588555289154865,213.53270918443516,10.0,18.168166683518454,0.0,1.5374051140509058e-15,1.5628709999236388,0.0718493334821599
6.49,5.207559518302682,0.024776705576940762,210.17965855594883,10.0,18.173784449083183,0.0,1.2521977485390717e-15,1.46335185936693,0.0718876866317565
6.5,5.1656298198117225,0.024962672956463143,206.9341624120536,10.0,18.17904784818465,0.0,5.165252542554891e-15,1.3724518543241833,0.07192740001859335
6.51,5.1247955768921525,0.025144938479959862,203.81022530544416,10.0,18.183958758017315,0.0,1.4305656985096923e-15,1.2891652283188846,0.07196846854052452
6.5200000000000005,5.0851884138953,0.025321736763452167,200.82305022753997,10.0,18.18851922622245,0.0,1.522228754294151e-15,1.2126309059743325,0.07201088655867754
6.53,5.0469473653528745,0.02549103738665572,197.98909274657046,10.0,18.19273146915433,0.0,2.4070417869311487e-15,1.1421077560685764,0.07205464790010788
6.54,5.010218296998067,0.025650534160327792,195.32608037251262,10.0,18.196597869890155,0.0,2.9716239005302254e-15,1.076954697878979,0.0720997458611484
6.55,4.975153070235706,0.02579764797813669,192.852971497716,10.0,18.200120976252663,0.0,3.855449811070049e-15,1.0166145848259598,0.0721461732104337
6.5600000000000005,4.941908403991944,0.025929550811217873,190.589819313566,10.0,18.20330349861465,0.0,3.5441421439194665e-15,0.9606010588118822,0.0721939221924913
6.57,4.910644390704859,0.026043219953080423,188.5574978651602,10.0,18.20614830758266,0.0,5.573842030544309e-15,0.9084877605773146,0.07224298453154174
6.58,4.881522631104215,0.02613553200252027,186.77724373980547,10.0,18.208658431579146,0.0,1.2194122640222119e-15,0.8598994192121217,0.0722933514354463
6.59,4.854703966716472,0.02620340392284727,185.26997412284894,10.0,18.210837054322955,0.0,2.6049304898446538e-15,0.8145044507942231,0.0723450135998129
6.6000000000000005,4.830345810962966,0.02624398224912611,184.05536801198718,10.0,18.212687512207882,0.0,5.056800688180404e-16,0.7720087763970221,0.07239796121227514
6.61,4.808599109777055,0.02625487015498433,183.15074808565265,10.0,18.2142132915794,0.0,2.1056876546747764e-15,0.7321506308851788,0.07245218395695513
6.62,4.789605000226847,0.026234366740060463,182.56987285738495,10.0,18.215418025909376,0.0,1.5285376138165882e-15,0.6946961809533746,0.07250767101912499
6.63,4.773491278500888,0.026181678128376643,182.32182273019416,10.0,18.21630549286896,0.0,6.296239068553089e-16,0.6594358072756475,0.07256441109007918
6.640000000000001,4.760368832724071,0.02609705344271346,182.4102036336677,10.0,18.21687961129964,0.0,3.1288463787908228e-15,0.6261809340060297,0.07262239237223185
6.65,4.7503282355135505,0.025981807558675157,182.83286198567222,10.0,18.217144438082727,0.0,3.6400732549170065e-15,0.5947613111201208,0.0726816025844526
6.66,4.743436718767332,0.025838217545720046,183.58219603863716,10.0,18.21710416490732,0.0,3.0433056136201795e-15,0.5650226726243791,0.07274202896765494
6.67,4.739735761554764,0.02566931222604832,184.64599751702914,10.0,18.216763114937123,0.0,5.468048799906411e-15,0.5368247075675469,0.07280365829065129
6.68,4.739239505266779,0.025478600156164464,186.00862983911367,10.0,18.21612573937629,0.0,3.098614523362698e-15,0.5100392933524014,0.07286647685628926
6.69,4.741934165517844,0.02526978990660242,187.65229877431173,10.0,18.215196614196206,0.0,2.798139217299473e-15,0.48454894702289314,0.07293047050689304
6.7,4.7477785392207155,0.025046547099514944,189.5582061813487,10.0,18.213980436834333,0.0,8.411538811342715e-16,0.46024545413309026,0.07299562462973201
6.71,4.7567056144733195,0.024812313175577545,191.70746317821292,10.0,18.21248202228764,0.0,2.2168044695853574e-15,0.43702865213408004,0.07306192416472168
6.72,4.768625190409433,0.024570191175788892,194.0817292096761,10.0,18.210706299635575,0.0,1.1365517076167983e-15,0.41480534199670055,0.07312935361045932
6.73,4.783427315866409,0.02432289019836731,196.6636068680481,10.0,18.20865830835551,0.0,1.8480576845038597e-15,0.39348830201116825,0.0731978970310173
6.74,4.800986271730306,0.024072713982331143,199.43685100292916,10.0,18.206343194595924,0.0,2.3750560293342723e-15,0.37299538943314964,0.07326753806288373
6.75,4.821164761412236,0.023821578507170538,202.3864522647404,10.0,18.20376620741178,0.0,1.1363457843249877e-15,0.3532487140087222,0.07333825992204789
6.76,4.843817943214916,0.023571045975337424,205.4986422020916,10.0,18.200932694965335,0.0,4.524391176712396e-15,0.3341738711233741,0.07341004541123289
6.7700000000000005,4.868796941306976,0.02332236598403565,208.76084976282885,10.0,18.19784810069591,0.0,2.361345474183289e-15,0.31710164760692944,0.0734828769272772
6.78,4.895951511761672,0.023076517905171564,212.1616238585313,10.0,18.194517959461844,0.0,2.611597084989373e-15,0.3165505101802194,0.07355673646866591
6.79,4.9251316204234845,0.022834251004567825,215.69052645686727,10.0,18.190947893657786,0.0,2.3227578708253996e-15,0.3156815344084053,0.0736316056432153
6.8,4.956187813827354,0.022596120589328635,219.3379962827774,10.0,18.1871436093107,0.0,5.236151268085053e-15,0.31446647894527885,0.07370746567591087
6.8100000000000005,4.988970431844017,0.02236251960285943,223.09518428353178,10.0,18.18311089215749,0.0,3.0270462781503307e-15,0.31287424536275726,0.07378429741690219
6.82,5.023327907300072,0.022133705761504294,226.9537673188381,10.0,18.178855603707465,0.0,2.7523156140374044e-15,0.31087069945968315,0.07386208134965556
6.83,5.059104589548016,0.02190982469728706,230.9057539001875,10.0,18.17438367729241,0.0,1.1738868872910944e-15,0.3084185508849696,0.0739407975992674
6.84,5.096138662379286,0.021690929751714078,234.94330214114382,10.0,18.169701114107294,0.0,3.0998685752190914e-15,0.3054773305165304,0.07402042594093997
6.8500000000000005,5.134260744479682,0.02147699913183852,239.05857205480865,10.0,18.16481397924429,0.0,2.5925956539914377e-15,0.30200351962705685,0.07410094580862181
6.86,5.173293630703384,0.021267951136417267,243.24362969995337,10.0,18.159728397725928,0.0,4.625683971350102e-15,0.2979509009759118,0.07418233630380341
6.87,5.213053374824175,0.02106365810742988,247.4904097016914,10.0,18.154450550710113,0.0,2.7574573496343706e-15,0.29327122696864216,0.07426457620382033
6.88,5.253351604386136,0.02086395966528475,251.79072854167345,10.0,18.148986671541138,0.0,5.616279574988413e-15,0.2879153159824423,0.0743476439709096
6.890000000000001,5.293998696103182,0.020668675640749104,256.13632862213274,10.0,18.143343041782902,0.0,4.419410398445952e-15,0.28183469904499714,0.07443151776152103
6.9,5.3348073035036645,0.02047761891521276,260.51892681431104,10.0,18.13752598737906,0.0,4.204684395340123e-15,0.2749839508132224,0.07451617543534118
6.91,5.375595738321639,0.02029060812504788,264.93024285879824,10.0,18.131541874798494,0.0,3.3750097378505694e-15,0.26732381698661356,0.07460159456457643
6.92,5.416190828591926,0.020107479896290588,269.3619914841293,10.0,18.125397107210528,0.0,1.6917913675827032e-15,0.25882519216637895,0.074687752443336
6.93,5.456430046408833,0.019928099996896712,273.80583433736945,10.0,18.119098120692872,0.0,3.1365186503800868e-15,0.249473895589145,0.07477462609711184
6.94,5.496162858501181,0.019752372592898342,278.2533000859472,10.0,18.11265138047528,0.0,4.451357158999813e-15,0.23927602031866205,0.07486219229235229
6.95,5.535251368852279,0.01958024674625745,282.69569023231446,10.0,18.10606337722161,0.0,8.274275016399545e-16,0.22826340101257375,0.07495042754612716
6.96,5.573570386021279,0.019411719447791704,287.123992339346,10.0,18.099340623352983,0.0,4.0283217848289225e-15,0.21649848597121782,0.07503930813588061
6.97,5.611007067136219,0.019246834836592577,291.52882096065105,10.0,18.092489649414674,0.0,4.264794138195483e-15,0.20407767645090014,0.07512881010926914
6.98,5.64746028083652,0.0190856797480739,295.90040047729786,10.0,18.085517000488927,0.0,4.796185240536545e-15,0.1911321077383859,0.07521890929408154
6.99,5.682839807121921,0.018928376233671076,300.2285952565176,10.0,18.07842923265608,0.0,3.748116801910095e-15,0.177824995684286,0.07530958130823805
7.0,5.717065463540838,0.018775072074521025,304.5029835757202,10.0,18.071232909506136,0.0,1.869851771759722e-15,0.16434511895839346,0.07540080156986519
7.01,5.75006622052909,0.018625930478744293,308.7129648148855,10.0,18.06393459870271,0.0,4.37615160531683e-15,0.1508967115117699,0.0754925453074433
7.0200000000000005,5.781779346739837,0.018481120088897005,312.84788578444363,10.0,18.056540868601207,0.0,2.7090121007342286e-15,0.1376868370618665,0.0755847875700241
7.03,5.812149608516926,0.01834080618342322,316.89717182498015,10.0,18.049058284923095,0.0,4.899842837568262e-15,0.14327002162962074,0.0756775032375141
7.04,5.841128535782425,0.018205143622704943,320.85045066590595,10.0,18.041493407495075,0.0,7.158753670396892e-16,0.16002822060432798,0.07577066703099251
7.05,5.868673758623115,0.01807427175627363,324.69766072793954,10.0,18.033852787077198,0.0,3.2868318558280257e-15,0.17572997309096283,0.07586425352297083
7.0600000000000005,5.894748413809165,0.017948311236417495,328.429139441743,10.0,18.026142962200357,0.0,1.3939148555874205e-15,0.1902816421396309,0.07595823714790707
7.07,5.919320617523655,0.017827362502909117,332.035690448193,10.0,18.018370456101046,0.0,3.231023369116848e-15,0.2036287723661639,0.076052592212633
7.08,5.942362999045923,0.01771150561241157,335.5086308914209,10.0,18.01054177371535,0.0,3.8790682922609665e-15,0.21575393677531632,0.07614729290684494
7.09,5.9638522895185035,0.017600801065879832,338.8398213919806,10.0,18.002663398738655,0.0,1.8095789333480664e-15,0.2266719941025542,0.07624231331363186
7.1000000000000005,5.983768959888726,0.01749529131368983,342.021681868567,10.0,17.99474179075386,0.0,6.14732608986728e-16,0.2364239094139653,0.07633762742002916
7.11,6.002096902409779,0.017395002669117123,345.0471964034722,10.0,17.9867833824288,0.0,3.4991879365797397e-15,0.24507017718685045,0.07643320912759477
7.12,6.018823150553621,0.017299947419676432,347.90991004446613,10.0,17.978794576783663,0.0,3.896391006352349e-15,0.252684622154613,0.07652903226300319
7.13,6.03393763272958,0.017210125982260075,350.6039199799738,10.0,17.970781744528935,0.0,5.4511877584737574e-15,0.25934905009862347,0.07662507058865312
7.140000000000001,6.047432955756951,0.017125528996635227,353.12386303191755,10.0,17.962751221474395,0.0,5.182069574014209e-15,0.2651489547062533,0.07672129781328503
7.15,6.059304214572658,0.017046139290718156,355.464900951034,10.0,17.954709306009565,0.0,4.2107899777437726e-15,0.2701702926716185,0.07681768760260363
7.16,6.069548825147843,0.016971933680381954,357.622704604585,10.0,17.94666225665579,0.0,1.4478576505421412e-15,0.27449722103680846,0.076914213589902
7.17,6.0781663780323445,0.016902884587578063,359.59343782653474,10.0,17.93861628969029,0.0,2.722786580173986e-15,0.2782106347803537,0.07701084938668186
7.18,6.085158510342537,0.01683896147486324,361.3737414523041,10.0,17.930577576842165,0.0,1.891083352914304e-15,0.28138732976292524,0.07710756859326644
7.19,6.090528794357994,0.016780132103624907,362.9607178743423,10.0,17.922552243060416,0.0,2.1934314712921963e-15,0.284099628676178,0.0772043448094009
7.2,6.094282641199879,0.016726363628726666,364.3519163204884,10.0,17.91454636435391,0.0,2.9346294723169592e-15,0.28641533226615556,0.07730115164483597
7.21,6.0964272183347195,0.016677623545118918,365.5453189623636,10.0,17.906565965703123,0.0,2.4157023214658153e-15,0.2883978861161972,0.0773979627298904
7.22,6.096971379885685,0.016633880502974912,366.53932789737564,10.0,17.89861701904342,0.0,2.8229327478795176e-15,0.2901066797576244,0.07749475172598674
7.23,6.095925608943541,0.016595105007811473,367.33275300602986,10.0,17.890705441319646,0.0,4.613066650097967e-15,0.291597417346566,0.07759149233615682
7.24,6.09330197125618,0.016561270021230458,367.92480066111887,10.0,17.882837092609506,0.0,2.7505852009032166e-15,0.2929225174095682,0.07768815831551874
7.25,6.089114079858674,0.0165323514767348,368.3150632520484,10.0,17.87501777431549,0.0,3.895569527052433e-15,0.2941315148524339,0.07778472348171948
7.26,6.083377070364301,0.016508328723711285,368.5035094816478,10.0,17.867253227436752,0.0,4.438587053445607e-15,0.29527144539035965,0.07788116172529466
7.2700000000000005,6.076107586767112,0.01648918491125224,368.4904753915864,10.0,17.859549130898976,0.0,1.88095664957781e-15,0.29638720127113016,0.07797744702002272
7.28,6.067323777757954,0.01647490732213094,368.2766560760949,10.0,17.851911099955178,0.0,2.8630960028279408e-15,0.29752185453338176,0.07807355343321457
7.29,6.057045303699621,0.01646548766597898,367.86309804930335,10.0,17.844344684653752,0.0,2.0928568204880154e-15,0.2987169447163653,0.07816945513594686
7.3,6.0452933545346905,0.016460922339556767,367.25119223771685,10.0,17.836855368372717,0.0,1.3246461881193257e-15,0.30001273143164475,0.07826512641323437
7.3100000000000005,6.032090679036634,0.016461212660972453,366.4426675768543,10.0,17.82944856641909,0.0,2.3790373439199825e-15,0.30144841352309537,0.07836054167413832
7.32,6.017461625952718,0.016466365083797587,365.4395851986618,10.0,17.82212962469226,0.0,1.5287144574467875e-15,0.3030623174215612,0.07845567546180628
7.33,6.001432197728719,0.01647639139623552,364.24433320392654,10.0,17.814903818410325,0.0,1.3761920575584323e-15,0.30489205780705886,0.07855050246344032
7.34,5.984030117651161,0.016491308909806074,362.8596220214475,10.0,17.807776350898205,0.0,2.7643487503316772e-15,0.30697467396920936,0.07864499752018855
7.3500000000000005,5.965284911393373,0.01651114064141301,361.2884803628484,10.0,17.800752352436437,0.0,3.4379300204563574e-15,0.30934674539014356,0.07873913563695631
7.36,5.945228004105937,0.016535915492157872,359.5342517882031,10.0,17.793836879169493,0.0,5.295659182308454e-15,0.3120444901172916,0.07883289199213253
7.37,5.9238928343486235,0.01656566842580681,357.60059190368037,10.0,17.787034912072368,0.0,1.5734149095040792e-15,0.3151038495034776,0.07892624194722778
7.38,5.901314986315866,0.01660044064943927,355.4914662169043,10.0,17.78035135597439,0.0,2.7514627522918652e-15,0.3185605628947613,0.07901916105641825
7.390000000000001,5.877532341955568,0.016640279798469982,353.21114867888144,10.0,17.773791038638905,0.0,9.379299766879876e-16,0.322450235833671,0.07911162507599274
7.4,5.852585254711666,0.016685240127925896,350.76422094257197,10.0,17.767358709897824,0.0,4.7695511371009395e-15,0.3268084053434006,0.0792036099736971
7.41,5.826516746720924,0.016735382711586737,348.1555723662619,10.0,17.761059040837313,0.0,4.6528976740956585e-15,0.3316706058343469,0.0792950919379831
7.42,5.79937273135266,0.01679077565032547,345.3904007847455,10.0,17.754896623029975,0.0,3.4355753863894903e-15,0.3370724394219491,0.07938604738717278
7.43,5.771202262960076,0.01685149429071741,342.4742140605966,10.0,17.748875967828887,0.0,3.731407019963996e-15,0.3430496541925451,0.07947645297845798
7.44,5.742057815573003,0.01691762145469858,339.4128324096201,10.0,17.74300150570089,0.0,2.5037824404679217e-15,0.3496382339467438,0.07956628561682966
7.45,5.71199559197406,0.01698924768073496,336.21239146752833,10.0,17.737277585610258,0.0,2.456199160113378e-15,0.35687450330753306,0.07965552246387364
7.46,5.68107586408634,0.017066471476575272,332.87934602556527,10.0,17.73170847444825,0.0,4.201609785984686e-15,0.3647952518699839,0.07974414094644527
7.47,5.649363344772115,0.01714939958320192,329.42047430661927,10.0,17.726298356506554,0.0,3.427087955847762e-15,0.3734378810962467,0.07983211876522131
7.48,5.616927589900131,0.017238147248982816,325.84288257727775,10.0,17.72105133299332,0.0,1.5893619144122035e-15,0.3828405777070458,0.0799194339031256
7.49,5.583843427744946,0.017332838512243123,322.1540097890357,10.0,17.715971421590247,0.0,4.270875020540339e-15,0.3930425173355121,0.08000606463362553
7.5,5.55019141027421,0.01743360648942066,318.3616318082128,10.0,17.711062556049352,0.0,2.943486672033208e-15,0.4040841022464017,0.08009198952889565
7.51,5.516058277472881,0.017540593664535472,314.47386462326807,10.0,17.706328585827983,0.0,8.060330764790452e-15,0.41600723698999204,0.08017718746784488
7.5200000000000005,5.481537421346591,0.017653952173729268,310.49916570543513,10.0,17.701773275760754,0.0,8.968345818466669e-15,0.4288556459697311,0.08026163764400458
7.53,5.446729330447064,0.017773844075869412,306.4463324420514,10.0,17.697400305767108,0.0,2.1220141469993376e-15,0.44267523709621404,0.08034531957327286
7.54,5.4117419885247715,0.017900441596313377,302.32449626490376,10.0,17.693213270593137,0.0,1.2168735559261237e-14,0.4575145159771274,0.0804282131015127
7.55,5.376691192204087,0.018033927325322472,298.14311077179326,10.0,17.68921567958651,0.0,6.968377933670001e-15,0.47342505551399056,0.08051029841199919
7.5600000000000005,5.341700742566976,0.018174494344456563,293.91193181648316,10.0,17.68541095650317,0.0,1.820138161789188e-15,0.49046202635944586,0.0805915560327136
7.57,5.306902454733203,0.01832234624221227,289.6409872719684,10.0,17.681802439344796,0.0,7.465187097378895e-15,0.5086847945011863,0.0806719668434788
7.58,5.272435918945045,0.01847769696197291,285.3405340392645,10.0,17.678393380222154,0.0,4.095905976249483e-15,0.5281575932673528,0.08075151208295316
7.59,5.238447937993675,0.018640770397332918,281.0210000088398,10.0,17.67518694523618,0.0,4.785785653760499e-15,0.5489502781415688,0.08083017335551432
7.6000000000000005,5.205091561484742,0.018811799605885925,276.69290926616867,10.0,17.672186214404643,0.0,2.2163690269412296e-15,0.5711391749975466,0.08090793263787704
7.61,5.17252464062836,0.018991025441797062,272.36679011783264,10.0,17.66939418159842,0.0,5.113279011871527e-15,0.5948080342095141,0.08098477228562648
7.62,5.140907841686962,0.019178694290306834,268.0530678402463,10.0,17.666813754506776,0.0,2.9926897844005164e-15,0.620049105543649,0.08106067503955634
7.63,5.110402085388347,0.019375054387447695,263.76194787350727,10.0,17.66444775462423,0.0,2.34893780094138e-15,0.646964352442873,0.08113562403184106
7.640000000000001,5.081165425687242,0.019580349855597583,259.50330117490984,10.0,17.66229891725731,0.0,4.0982461353878835e-15,0.6756668280073193,0.08120960279204235
7.65,5.0533494436432145,0.019794810938647423,255.28657279454214,10.0,17.66036989155006,0.0,1.5564749382904464e-15,0.7062822399789878,0.08128259525294805
7.66,5.027095305952764,0.020018637681356213,251.12074987173605,10.0,17.65866324052751,0.0,1.2596367377101548e-15,0.7389507380722703,0.081354585756239
7.67,5.002529712801005,0.020251971801953796,247.01445181344707,10.0,17.657181441155913,0.0,3.928905168522933e-15,0.773828964402342,0.08142555905798267
7.68,4.979761021677624,0.020494846184662262,242.97625738730014,10.0,17.65592688441919,0.0,3.590343347062863e-15,0.811092416891999,0.08149550033394848
7.69,4.958875866338088,0.02074708928836639,239.0154974229904,10.0,17.65490187541055,0.0,2.847456474867259e-15,0.8509381868513822,0.08156439518474333
7.7,4.939936579632917,0.021008131917886787,235.14401941787818,10.0,17.65410863343856,0.0,3.1435610693554773e-15,0.893588146002377,0.0816322296407635
7.71,4.922979669758613,0.02127658367821248,231.38017569990868,10.0,17.653549292147066,0.0,1.5355758591874032e-15,0.9392926758589726,0.08169899016695983
7.72,4.908015497254208,0.021549210772814006,227.7584802987796,10.0,17.65322589964811,0.0,4.322199996271702e-15,0.9883350546196824,0.0817646636674133
7.73,4.895029171784009,0.02181820777503674,224.35523679376854,10.0,17.65314041866692,0.0,2.787858172113912e-15,1.0410366452349618,0.0818292374897204
7.74,4.883982557642918,0.0220636291330293,221.3589853326344,10.0,17.653294726678695,0.0,3.984703029256835e-15,1.097763063297336,0.0818926994292893
7.75,4.874817169401733,0.022239154979622575,219.1997480960252,10.0,17.65369061607573,0.0,9.921836026941334e-16,1.1589315507084499,0.08195503773333646
7.76,4.867457671802723,0.02229341516225933,218.33611568149834,10.0,17.654329794334718,0.0,3.5405726778929913e-15,1.225019841638915,0.0820162411047337
7.7700000000000005,4.8618156776743335,0.02224852528282928,218.52305336509346,10.0,17.65521388419101,0.0,4.777712061344164e-15,1.2965768845986596,0.08207629870567293
7.78,4.857793559850018,0.022157841618515077,219.23586437186412,10.0,17.65634442382369,0.0,5.279765692939567e-15,1.3742358888335808,0.0821352001611181
7.79,4.855288045620836,0.0220496802439626,220.1976623652063,10.0,17.657722867044065,0.0,1.3580514135020312e-15,1.4587303005196979,0.08219293556207914
7.8,4.854193429953466,0.021935500792408347,221.29394153761254,10.0,17.659350583487814,0.0,2.7322760229525287e-15,1.550913498272229,0.08224949546870176
7.8100000000000005,4.854404312684819,0.021820183230832735,222.47312322406918,10.0,17.661228858810397,0.0,1.7674516249164133e-15,1.6517832469116875,0.08230487091317126
7.82,4.855817825225091,0.021706017816708265,223.7083681690942,10.0,17.663358894886095,0.0,4.165441503686453e-15,1.7625122891260587,0.08235905340242436
7.83,4.858335358703337,0.02159416632177521,224.98369635155908,10.0,17.665741810010452,0.0,4.908087953035992e-15,1.884486925316526,0.08241203492066701
7.84,4.861863836729998,0.02148524641400103,226.28848387616006,10.0,17.668378639106496,0.0,2.176013190694e-15,2.0193560895833427,0.08246380793169235
7.8500000000000005,4.866316593505083,0.021379589979806605,227.61505707552874,10.0,17.671270333934736,0.0,1.1924619039150795e-14,2.1690943602179793,0.08251436538099638
7.86,4.8716139247263275,0.021277367806606377,228.95754630014656,10.0,17.674417763307314,0.0,2.2398137853810937e-15,2.336083676909596,0.08256370069768608
7.87,4.877683377845511,0.021178654322591653,230.3112985154301,10.0,17.67782171330652,0.0,1.2474710643929677e-15,2.523220476942779,0.08261180779617666
7.88,4.88445984257078,0.021083463274739384,231.67255677690162,10.0,17.68148288750181,0.0,3.824813664365081e-15,2.7340578293093025,0.08265868107770609
7.890000000000001,4.891885494447775,0.02099176835001269,233.0382754268922,10.0,17.685401907124817,0.0,2.562870071084104e-15,2.9729964451023227,0.08270431543187533
7.9,4.899909635465226,0.020903515537349607,234.406008248242,10.0,17.689579311309345,0.0,5.5477819973685115e-15,3.2455450357811126,0.08274870623765446
7.91,4.908488466942871,0.02081863072697194,235.77383792986893,10.0,17.69401555729915,0.0,3.5398742503006476e-15,3.5586807807398513,0.0827918493643609
7.92,4.917584822135641,0.020737024437313848,237.14033018580153,10.0,17.69871102066053,0.0,2.8056938158593694e-15,3.921357089018725,0.08283374117241672
7.930000000000001,4.927167879257586,0.020658594736106265,238.5045034377909,10.0,17.703665995494664,0.0,4.578331045538378e-15,4.345232741184934,0.0828743785139086
7.94,4.937212870027375,0.02058322897977931,239.86580894949125,10.0,17.708880694646314,0.0,4.708834152855012e-15,4.845741756130921,0.08291375873296751
7.95,4.947700794324623,0.02051080474800992,241.22411846393686,10.0,17.714355249909953,0.0,1.6926039310135622e-15,5.443701883720485,0.08295187966596207
7.96,4.958618147983486,0.02044119020692807,242.5797176087563,10.0,17.720089712234532,0.0,2.8649830528085883e-15,6.167800823122095,0.08298873964149935
7.97,4.969956667985594,0.02037424404882006,243.9333040321278,10.0,17.726084051928044,0.0,6.069013124911853e-15,7.05856338312817,0.08302433748022739
7.98,4.981713097199176,0.02030981510357759,245.28598964555042,10.0,17.732338158863172,0.0,6.1616995918962204e-15,8.174920052148488,0.08305867249443342
7.99,4.99388896920844,0.020247741684199246,246.6393066000801,10.0,17.738851842685374,0.0,6.115526778281558e-15,9.605566136860572,0.08309174448743117
8.0,5.0064895471421815,0.020187858871382146,247.9950736251316,10.0,17.74562483302472,0.0,2.4285787549218495e-15,11.05184040720013,0.08312355375273199
0.0,1.0,1.0,1.0,100.0,100.0,0.0,1.672667009428926e-14,0.009888801230248415,0.0003226631343333783
0.01,108.67661430617036,0.009120791406090326,11915.261457860173,100.0,100.35207944008819,0.0,2.100687781833077e-14,0.0099337257252846,0.00032352054044519293
0.02,138.84866099444733,0.007075515434215837,19623.82278512203,100.0,100.68506807394293,0.0,1.8439465633848033e-14,0.009901554595454776,0.0003244266986991118
0.03,97.50023279986713,0.009985881677025845,9763.80813966406,100.0,100.99935868545225,0.0,1.1657500968807299e-14,0.009871448782439545,0.00032538078895815516
0.04,63.10932223898623,0.015285833037153522,4128.615174952758,100.0,101.29535004783439,0.0,1.6359428671951215e-14,0.009843329678746305,0.0003263820058040953
0.05,129.49278062222632,0.007383018111069293,17539.274409753776,100.0,101.57344644965603,0.0,2.7941181087905643e-14,0.009817122022914071,0.0003274295568291357
0.06,124.50189086233416,0.007608733029324724,16363.025274049302,100.0,101.83405719813278,0.0,4.53881939279225e-14,0.009792753675091219,0.00032852266107925875
0.07,110.69688503038202,0.008478040516465767,13056.895023725145,100.0,102.07759610376074,0.0,3.6610807386831174e-14,0.009770155410314254,0.00032966054763647573
0.08,97.09951491943515,0.009571209231878177,10144.957921934501,100.0,102.30448095013146,0.0,1.574139122746471e-14,0.009749260728294355,0.00033084245432871606
0.09,135.7858461764448,0.006781904377052595,20021.787189435003,100.0,102.51513295262463,0.0,1.4737068822229116e-14,0.009730005678267354,0.0003320676265569676
0.1,107.4676999414405,0.00848910400917966,12659.486775663336,100.0,102.70997620943085,0.0,3.001709672824734e-14,0.009712328697890706,0.00033333531623052216
0.11,104.78957461350144,0.008622624944397748,12152.862415938065,100.0,102.88943714821828,0.0,2.674502117113685e-14,0.009696170464636994,0.00033464478080184114
0.12,103.53199186150232,0.00863877938358752,11984.562548060749,100.0,103.05394397158675,0.0,1.1355935576740848e-14,0.009681473759107145,0.00033599528239311287
0.13,134.90727321526714,0.006566769805866852,20543.932131554076,100.0,103.20392610417542,0.0,6.785276508564143e-14,0.00966818333905748,0.00033738608700781595
0.14,95.73234744713116,0.00916165081118977,10449.246475341157,100.0,103.33981364423667,0.0,1.9683673987358756e-14,0.00965624582354545,0.0003388164638203194
0.15,73.88746922084077,0.011761810422832204,6281.980967607614,100.0,103.46203682205893,0.0,1.617617915677492e-14,0.0096456095861891,0.0003402856845383858
0.16,108.61644314558886,0.007917296489107982,13718.880339395544,100.0,103.57102546763625,0.0,5.519237885828736e-14,0.009636224656423371,0.00034179302283258436
0.17,132.12873091836272,0.006445609093552624,20499.029494439506,100.0,103.66720848971433,0.0,4.920939213988069e-14,0.009628042629082513,0.00034333775382780387
0.18,87.52063572672184,0.009602683251241783,9114.185424725323,100.0,103.75101336804708,0.0,1.978579356462558e-14,0.009621016580593686,0.0003449191536526124
0.19,92.33352598446366,0.009041703868648639,10211.960856694559,100.0,103.8228656607221,0.0,3.240124571678431e-14,0.009615100991859677,0.00034653649904159076
0.2,102.99724123606349,0.008021007477794682,12840.935695571978,100.0,103.8831885279162,0.0,3.962922251346766e-14,0.009610251677679846,0.0003481890669876167
0.21,129.38832429080088,0.0063215445948978715,20467.833825807447,100.0,103.93240227354029,0.0,8.677990846683942e-15,0.009606425720639336,0.0003498761344400173
0.22,96.35294698067808,0.008403326734584342,11466.047914587489,100.0,103.970923905866,0.0,2.1448796811147868e-14,0.009603581410656125,0.0003515969780452195
0.23,63.60992626502067,0.012601588959376025,5047.770282785858,100.0,103.99916671816645,0.0,4.523850716356992e-15,0.009601678189581303,0.0003533508739271736
0.24,95.79581457130026,0.008266904010575912,11587.870676706534,100.0,104.0175398901528,0.0,1.1670692164404053e-14,0.009600676599044,0.00035513709750442993
0.25,127.55116627680583,0.00615459860681171,20724.530456890614,100.0,104.02644811089543,0.0,5.645270515953475e-15,0.009600538233136958,0.0003569549233410929
0.26,101.25951368819247,0.007672065777154678,13198.467874156622,100.0,104.0262912236553,0.0,1.0488990033113205e-14,0.009601225695003655,0.00035880362502978405
0.27,93.5109907786557,0.008226889136182053,11366.50673550372,100.0,104.0174638930814,0.0,4.311285493954327e-14,0.009602702555289824,0.00036068247510372684
0.28,82.8497619760024,0.009187067064974913,9018.086119329819,100.0,104.00035529482848,0.0,6.966530985229591e-15,0.009604933314613652,0.0003625907449760643
0.29,124.26223599162925,0.006062267875820152,20497.64849343911,100.0,103.97534882792661,0.0,6.05215272257243e-15,0.009607883369478607,0.00036452770490426285
0.3,100.27753304823018,0.007427175135586865,13501.436443548555,100.0,103.94282184964017,0.0,1.667679813571575e-14,0.00961151897939502,0.0003664926239780824
0.31,95.49453434917655,0.007726990470310923,12358.567635885021,100.0,103.90314543285281,0.0,1.7666363165030336e-14,0.009615807236746734,0.00036848477012870433
0.32,95.35234247006802,0.007656552319617256,12453.691751803324,100.0,103.8566841455972,0.0,8.98455087724453e-15,0.00962071604012636,0.0003705034101580813
0.33,116.21121655123264,0.006216607496556927,18693.671205009534,100.0,103.8037958525833,0.0,1.426161448064629e-14,0.009626214068454451,0.0003725478097866131
0.34,111.39462704390453,0.006418403309989873,17355.504424367544,100.0,103.74483153808218,0.0,1.4630028921521726e-14,0.009632270756060149,0.0003746172337177754
0.35000000000000003,63.360355822804834,0.011160804541694512,5677.041971849192,100.0,103.68013514982252,0.0,8.086122400629195e-15,0.009638856271240405,0.0003767109457182838
0.36,85.80112469505357,0.00816072629845204,10513.907899512411,100.0,103.6100434634229,0.0,2.8763191136078546e-14,0.009645941496092282,0.0003788282087124985
0.37,99.47391512660717,0.006937557541143521,14338.463434237812,100.0,103.53488596657888,0.0,1.3372342596643132e-14,0.00965349800664574,0.0003809682848901415
0.38,117.51724296614005,0.005830976150964216,20153.957060295517,100.0,103.45498476248281,0.0,1.2126775615085077e-14,0.009661498054552837,0.00038313043582566166
0.39,80.12529322499825,0.008465317275749838,9465.125832262553,100.0,103.37065449167315,0.0,2.182882667237184e-14,0.009669914551020172,0.000385313922608728
0.4,23.680435997998607,0.02834629740616542,835.397853154819,100.0,103.28220227169876,0.0,1.07850200881181e-14,0.009678721052211743,0.0003875180059846707
0.41000000000000003,73.07766409882228,0.009070437050579316,8056.686099172577,100.0,103.18992765393664,0.0,6.337002872257379e-15,0.009687891742789148,0.0003897419465034504
0.42,112.63018513157736,0.0058290613554380305,19322.182125686966,100.0,103.09412259613944,0.0,9.172621614245793e-15,0.00969740142205563,0.00039198500467767233
0.43,102.63805468427087,0.006326958688322657,16222.336787768925,100.0,102.99507145093554,0.0,1.2803172102564957e-14,0.009707225492622882,0.0003942464411466822
0.44,67.73457601229792,0.00949664068810026,7132.477497771665,100.0,102.89305096867999,0.0,2.8684770876863145e-14,0.009717339947687411,0.00039652551684786166
0.45,37.677980438877675,0.01690312976123449,2229.0534931162906,100.0,102.78833031416927,0.0,9.750883815394139e-15,0.009727721359216282,0.0003988214931934061
0.46,91.07867985299373,0.0069169833115669075,13167.399103115898,100.0,102.6811710963363,0.0,2.944594304034579e-14,0.009738346866750413,0.00040113363225199725
0.47000000000000003,111.94780620801285,0.005567354474923638,20107.89984942504,100.0,102.57182741008259,0.0,1.508058422764401e-14,0.009749194167687353,0.0004034611969350021
0.48,90.86721444806865,0.006780739223405775,13400.782931514745,100.0,102.46054588953409,0.0,2.6510106425324134e-14,0.009760241508900216,0.00040580345118641537
0.49,78.71756128113408,0.007756541729458811,10148.53835984279,100.0,102.34756577210271,0.0,1.761001861755381e-14,0.009771467676366772,0.0004081596601754073
0.5,73.34723113535844,0.008234417074128631,8907.398116353012,100.0,102.23311897195993,0.0,2.286539064673405e-14,0.009782851985056597,0.00041052909049225727
0.51,98.25742537144673,0.00608401564212911,16150.094140300633,100.0,102.11743016267307,0.0,2.8045295819058632e-14,0.009794374272043459,0.00041291101034621555
0.52,106.47188343299332,0.005556914230649295,19160.25315736296,100.0,102.00071686839841,0.0,3.190037335876558e-14,0.009806014888989342,0.0004153046897642755
0.53,81.6407235791119,0.0071697190599953105,11386.879024959355,100.0,101.88318956245239,0.0,1.8051812421962018e-14,0.009817754693948468,0.00041770940079179347
0.54,86.90948902747111,0.006668710241739782,13032.428442234659,100.0,101.76505177284271,0.0,4.565616268091155e-14,0.009829575043592857,0.00042012441769348545
0.55,70.03000100343282,0.008185924325300926,8554.928951271293,100.0,101.64650019398452,0.0,8.816947818800857e-15,0.009841457785898075,0.0004225490171547696
0.56,98.60371786860826,0.005753746750393878,17137.305854112932,100.0,101.52772480395905,0.0,2.0330261430644773e-14,0.00985338525369564,0.000424982478483176
0.5700000000000001,101.55401367684952,0.0055314466932580245,18359.394803646595,100.0,101.40890898675715,0.0,2.526050781447361e-14,0.00986534025909465,0.0004274240838093315
0.58,65.74427937086854,0.008458004166722575,7773.0251812283095,100.0,101.29022965903246,0.0,1.9402805581217302e-14,0.009877306087493326,0.0004298731182868005
0.59,80.28987905992956,0.006857161927816897,11708.908132127386,100.0,101.17185740064839,0.0,2.559367156206224e-14,0.009889266488438507,0.00043232887029070777
0.6,83.6469111022937,0.006513230957298349,12842.614003816925,100.0,101.0539565877692,0.0,3.103633960578437e-14,0.009901205670617065,0.00043479063161695595
0.61,95.03649076906565,0.005673422543334231,16751.17445301604,100.0,100.93668552963976,0.0,3.956724023502511e-15,0.009913108298033713,0.0004372576976772652
0.62,99.05801267475677,0.00538889581873996,18381.875621028183,100.0,100.82019660711178,0.0,2.67109104068973e-14,0.009924959483004711,0.00043972936769377867
0.63,72.62070030360138,0.007265476050547606,9995.312048152426,100.0,100.70463641305973,0.0,3.0681048198572606e-14,0.009936744780801381,0.00044220494489136244
0.64,61.73526546196687,0.008479151292541568,7280.830749684871,100.0,100.59014589414198,0.0,3.996339165482162e-15,0.00994845018377075,0.00044468373668755473
0.65,76.80491062270609,0.006746184177541505,11384.94126478117,100.0,100.47686049348073,0.0,9.63336103942962e-15,0.009960062115924222,0.0004471650548801294
0.66,88.1023820546281,0.005813554764061554,15154.64902803748,100.0,100.36491029389788,0.0,3.1324997648367973e-14,0.00998789427701847,0.00044964821583211073
0.67,97.87709853176808,0.005188428539999896,18864.497752487125,100.0,100.25442016139483,0.0,6.512900887301292e-15,0.010060014780119203,0.00045213254065397775
0.68,75.02006400867602,0.006704759482483886,11189.076089107319,100.0,100.14550988861602,0.0,1.0532127098912543e-14,0.010132191310961684,0.00045461735538267374
0.6900000000000001,65.8566292371911,0.007562834756929635,8707.929150091284,100.0,100.03829433805758,0.0,2.999618287133405e-14,0.010204397955071488,0.0004571019911570125
0.7000000000000001,70.1937265053414,0.0070251627172868356,9991.758102999596,100.0,99.93288358397498,0.0,2.4875791530989212e-14,0.01027660898123307,0.0004595857843915475
0.71,77.64708315298952,0.00628088167613792,12362.44959811666,100.0,99.82938305367136,0.0,1.9294764644293375e-14,0.010348798830444182,0.0004620680769463378
0.72,94.80163100650098,0.005097776163611694,18596.664106831933,100.0,99.72789366782284,0.0,3.043972739512925e-14,0.01042094209976233,0.0004645482162924995
0.73,84.55888369968233,0.005662878710378827,14932.13752657359,100.0,99.62851197912397,0.0,7.672678483294559e-15,0.010493013525274278,0.0004670255556751992
0.74,52.54386602697246,0.009037111115762712,5814.232596446046,100.0,99.53133030940393,0.0,1.1360242967881139e-14,0.010564987966907838,0.00046949945427280455
0.75,41.96655248186289,0.011206128271884556,3744.9644929689257,100.0,99.43643688492766,0.0,3.286674888762896e-14,0.010636840392787675,0.00047196927735244964
0.76,61.870091934997305,0.007515923880759771,8231.867820452562,100.0,99.34391596972526,0.0,6.793356418721294e-15,0.010708545864375993,0.0004744343964219948
0.77,86.32639434628788,0.005336676964515587,16176.057670397853,100.0,99.25384799682122,0.0,7.400019110589271e-15,0.010780079522354014,0.0004768941893783148
0.78,90.15269525407327,0.005061760225358476,17810.542427992747,100.0,99.16630969726211,0.0,1.710283577504029e-14,0.0108514165732651,0.00047934804065179757
0.79,75.6327294301623,0.005980800148652025,12645.921540650155,100.0,99.08137422686605,0.0,1.463766303023784e-14,0.010922532276861206,0.0004817953413468967
0.8,58.60399707273665,0.00765518529093921,7655.464217450255,100.0,98.99911129064134,0.0,1.0582801274055611e-14,0.010993401931659808,0.00048423548937852573
0.81,30.042915361684788,0.014894547203919459,2017.0411997337574,100.0,98.91958726457071,0.0,1.3151358084620094e-14,0.011064000854535957,0.00048666788960489743
0.8200000000000001,66.46711395478854,0.006626169745079761,10031.000791089522,100.0,98.84286531425128,0.0,1.0610146897937448e-14,0.011134304370366497,0.0004890919539583162
0.8300000000000001,87.52648950940923,0.004983408074960186,17563.58062451237,100.0,98.76900551184427,0.0,8.983077993582245e-15,0.011204287801729667,0.0004915071015691401
0.84,83.80826040065666,0.005153870770769682,16261.226586428493,100.0,98.69806494975825,0.0,9.556990342677313e-15,0.011273926450452526,0.0004939127588876263
0.85,74.14217536640793,0.005782643423525205,12821.502198247164,100.0,98.63009785172268,0.0,1.5025302110085492e-14,0.011343195583953863,0.0004963083598015639
0.86,68.4076966671051,0.006212597673944726,11011.126143578074,100.0,98.56515568106799,0.0,1.7565881162933444e-14,0.011412070419455168,0.0004986933457501032
0.87,49.13657229825242,0.008579536083978108,5727.182893957719,100.0,98.5032872461867,0.0,8.636297721335716e-15,0.01148052610790677,0.000501067165833838
0.88,67.58121950574147,0.006177120549339815,10940.569957464124,100.0,98.44453880317215,0.0,6.4999976799065156e-15,0.011548537717648369,0.0005034292769211437
0.89,85.36925115764404,0.004845542920975515,17618.098229631887,100.0,98.38895415564383,0.0,2.4725556911568308e-14,0.011616080217635426,0.0005057791437507557
0.9,80.46388000211847,0.005094908447238269,15792.99821289909,100.0,98.33657475177817,0.0,9.052072033794674e-15,0.011683128460119875,0.0005081162390305542
0.91,65.84138339237458,0.0061759784037757545,10660.883035491463,100.0,98.28743977857408,0.0,8.538952983751903e-15,0.011749657162633684,0.0005104400435324977
0.92,71.8163877101892,0.00561709581172903,12785.323611576958,100.0,98.2415862533913,0.0,1.2103292664199874e-14,0.011815640887530105,0.0005127500461836323
0.93,64.40031014279467,0.006221792995257315,10350.763870139215,100.0,98.1990491126425,0.0,7.719668181861536e-15,0.011881054014541464,0.0005150457441536344
0.9400000000000001,62.625237524081136,0.0063324650557426716,9889.551221019166,100.0,98.15986129723115,0.0,2.903645982946701e-14,0.011945870720100994,0.0005173266429404304
0.9500000000000001,81.5056042512128,0.004822531495862841,16900.999883802713,100.0,98.12405383608214,0.0,1.1108460107329038e-14,0.012010064955220506,0.0005195922564495653
0.96,80.24031280343264,0.004857459102217787,16518.988861233447,100.0,98.09165592651814,0.0,1.2606680396683593e-14,0.012073610413692787,0.0005218421070715052
0.97,59.55673823673226,0.006488725312529745,9178.495832105582,100.0,98.06269501207082,0.0,1.225688081484773e-14,0.012136480501807259,0.0005240757257551511
0.98,63.99479697431029,0.005992084848906381,10679.888317334162,100.0,98.03719685765245,0.0,1.415770879185734e-14,0.012198648303449057,0.0005262926520779332
0.99,69.71215773482466,0.005457603302928511,12773.401411828083,100.0,98.01518562211795,0.0,1.7802204612460965e-14,0.012260086541325778,0.0005284924343125762
1.0,62.32695578482302,0.006069810257468325,10268.353233634549,100.0,97.99668392826929,0.0,3.328432297840197e-14,0.012320767533861857,0.000530674629490556
1.01,74.4101825119148,0.005030088002848529,14793.01802866599,100.0,97.98171293035762,0.0,1.1074668638924253e-14,0.012380663147034034,0.000532838803462257
1.02,80.50862083882097,0.004612301687857282,17455.19401967449,100.0,97.97029237914238,0.0,1.3477185832084442e-14,0.012439744740233143,0.0005349845309538321
1.03,68.33212717413201,0.00539153111179627,12673.974378934101,100.0,97.96244068456906,0.0,2.2207584345006396e-14,0.012497983105064218,0.00053711139562075
1.04,41.09477534649706,0.008849214601007883,4643.889565274703,100.0,97.95817497613064,0.0,1.755681187682411e-14,0.012555348395679148,0.0005392189900980113
1.05,59.790170566860446,0.006067267341903192,9854.54689855571,100.0,97.95751116095538,0.0,1.5592200756842377e-14,0.01261181004440979,0.0005413069160470829
1.06,67.66994460891543,0.0053203492218774255,12719.079478966289,100.0,97.96046397919932,0.0,7.258547809622683e-15,0.012667336669156289,0.00054337478420131
1.07,63.32377867826239,0.005645379066595417,11216.922359201528,100.0,97.9670470576537,0.0,1.8863392070635905e-14,0.012721895970662733,0.0005454222144068372
1.08,76.34938954587288,0.004644745419058404,16437.79855675075,100.0,97.97727296114898,0.0,2.136583033573125e-14,0.012775454607899032,0.00054744883566066
1.09,75.86678568505714,0.00463972218976678,16351.579379555622,100.0,97.99115324175071,0.0,1.2992421561754357e-14,0.012827978054384556,0.000549454286146112
1.1,59.60720458839995,0.005863247135074608,10166.244610741871,100.0,98.00869848593184,0.0,9.409278317779364e-15,0.012879430431559034,0.0005514382132653383
1.11,42.39473275561981,0.008185868190270486,5179.0148302179,100.0,98.02991835971287,0.0,1.653148185269865e-14,0.012929774313301348,0.0005534002736690205
1.12,52.37651164123734,0.006574765382727441,7966.293638224053,100.0,98.05482165182819,0.0,1.3364814060454477e-14,0.012978970496603693,0.0005553401332833757
1.1300000000000001,64.20139178508968,0.005324908503771816,12056.806561016707,100.0,98.08341631497802,0.0,4.3813896131202125e-14,0.013026977731355664,0.0005572574673344445
1.1400000000000001,64.9356081236358,0.0052277547981362735,12421.31864080269,100.0,98.11570950522545,0.0,3.5856544108881274e-15,0.0130737524005681,0.0005591519603696748
1.1500000000000001,74.66100252353709,0.0045150434466318294,16536.05406150263,100.0,98.15170761960033,0.0,3.600295129739392e-15,0.013119248140322094,0.0005610233062767918
1.16,73.00250897636433,0.004586436461347141,15917.043567833887,100.0,98.191416331971,0.0,1.204554985101554e-14,0.013163415386024798,0.0005628712082999432
1.17,57.82033234331863,0.0057773084572758995,10008.17816305102,100.0,98.23484062724648,0.0,1.5371969220847098e-14,0.013206200826213595,0.0005646953790530919
1.18,56.26844852208481,0.005869450595350042,9586.663625154693,100.0,98.28198483375151,0.0,2.2740018146573076e-14,0.0132475467427089,0.0005664955405315142
1.19,49.224952603539634,0.006666631399739188,7383.7819510263325,100.0,98.3328526538309,0.0,2.8189058391494726e-14,0.013287390217461762,0.0005682714241214572
1.2,56.937640650283896,0.0057220581560813106,9950.552597891983,100.0,98.38744719332571,0.0,3.676931174583026e-14,0.0133256621649492,0.0005700227706055685
1.21,64.20811889469672,0.005039460832400534,12741.069140150725,100.0,98.44577098919959,0.0,4.5744257955972536e-14,0.013362286144373892,0.0005717493301671857
1.22,71.12235022480898,0.004519761800949225,15735.862498300708,100.0,98.50782603576995,0.0,4.285175925208586e-14,0.01339717690126231,0.0005734508623918947
1.23,72.42882005213978,0.004410484321311693,16421.965202814554,100.0,98.57361380946932,0.0,1.2049108212276556e-14,0.013430238561386231,0.0005751271362668712
1.24,60.92887379962821,0.005212703959037998,11688.535216734732,100.0,98.64313529218327,0.0,2.969733440794385e-14,0.013461362382415777,0.0005767779301780205
1.25,49.55946783622209,0.006376578974050442,7772.109157262051,100.0,98.71639099321224,0.0,3.651228596568203e-14,0.013490423937596393,0.0005784030319049324
1.26,55.27291157762569,0.005671639750195993,9745.490548075739,100.0,98.79338096990546,0.0,7.356153121731549e-14,0.01351727956526685,0.0005800022386136403
1.27,54.449382282348544,0.0057225609339625295,9514.862822901498,100.0,98.87410484701482,0.0,2.1948754041960235e-14,0.013541761863101808,0.0005815753568471783
1.28,57.66718839655348,0.005370399539819597,10737.969860337551,100.0,98.95856183481746,0.0,1.9847653093584032e-14,0.013563673931046336,0.0005831222025139152
1.29,63.96788272382163,0.004807563491366852,13305.676116122337,100.0,99.04675074605632,0.0,1.351114986949721e-14,0.013582781964010467,0.0005846426008736247
1.3,71.2781635827207,0.0042894874844199935,16616.94173059433,100.0,99.13867001171927,0.0,2.6942320804705112e-14,0.013598805651585071,0.0005861363865213943
1.31,66.88119527416237,0.004545981223171505,14712.158275810625,100.0,99.23431769532675,0.0,2.3127080338704583e-14,0.013611405655743153,0.0005876034033710973
1.32,51.77247689275881,0.005843887604457218,8859.252675097856,100.0,99.33369150653438,0.0,7.699997534806208e-14,0.013620167161889017,0.0005890435046348588
1.33,36.26373524717369,0.008340170125832023,4348.080998354454,100.0,99.43678881342379,0.0,5.359598041790723e-14,0.013624578127624923,0.0005904565528017204
1.34,47.69269308074465,0.006269757089621851,7606.784824198213,100.0,99.54360665380555,0.0,5.0468683926290455e-14,0.013624000363007384,0.0005918424196139464
1.35,53.98703323368681,0.00550599026643795,9805.145054971777,100.0,99.65414174553239,0.0,1.8313056353404247e-14,0.013617630905697627,0.0005932009860412697
1.36,56.33412802802559,0.005263583237870488,10702.619391047561,100.0,99.7683904957867,0.0,3.3907838074416754e-14,0.013604450310568558,0.0005945321422534275
1.37,64.31172804779187,0.004564111854607316,14090.743193086157,100.0,99.88634900937771,0.0,3.127044948082883e-14,0.013583153484865064,0.0005958357875909754
1.3800000000000001,69.35449862837461,0.004210901142941551,16470.227220752706,100.0,100.00801309608191,0.0,2.8022950565589217e-14,0.013552057761001263,0.0005971118305343699
1.3900000000000001,64.0671472234498,0.004536011364546135,14124.115235734254,100.0,100.1333782770631,0.0,1.3300265109236683e-14,0.013508982583569756,0.0005983601886712914
1.4000000000000001,49.45241331677619,0.0058513287294340004,8451.484372774203,100.0,100.2624397904067,0.0,2.57235783898467e-14,0.013451096919250357,0.0005995807886621736
1.41,28.091999835419685,0.010319443393258104,2722.23983066497,100.0,100.39519259580618,0.0,4.574839388884889e-14,0.01337473747358122,0.0006007735662038916
1.42,31.472000131695236,0.009127419590443595,3448.0720229676317,100.0,100.53163137843788,0.0,6.327396826308224e-14,0.013275219511688346,0.0006019384659915552
1.43,44.655342185592296,0.006385378415431042,6993.374437711826,100.0,100.67175055206371,0.0,2.747472883444592e-14,0.013146704019002298,0.0006030754416783344
1.44,54.05262675788074,0.005247010166462844,10301.605112825448,100.0,100.81554426140022,0.0,9.423846814612334e-14,0.012982265418526361,0.0006041844558332411
1.45,61.480962930321084,0.004574979967750716,13438.520685052996,100.0,100.96300638376155,0.0,6.944029397619353e-14,0.012774428190539595,0.0006052654798969707
1.46,67.27047374983775,0.004163938319327435,16155.4923706707,100.0,101.11413052901767,0.0,3.2852315832161385e-14,0.012516556644774112,0.0006063184941413687
1.47,64.56739954172474,0.004319760998170298,14946.98423571889,100.0,101.26891004004699,0.0,5.853691547426559e-14,0.012205396748875422,0.0006073434876201221
1.48,53.52005500394657,0.005192383715066444,10307.415233710573,100.0,101.42733799196314,0.0,8.583767156907145e-14,0.011844443738797507,0.000608340458121238
1.49,35.90411326522766,0.007727952718958264,4646.005814340382,100.0,101.58940719055057,0.0,9.25130922037316e-14,0.011446562101771713,0.0006093094121180365
1.5,15.178120075047318,0.018935943769538645,801.5507576371049,100.0,101.75511017026054,0.0,1.2921417747875497e-13,0.011441926562712774,0.0006102503647171762
1.51,30.174093536683372,0.009091283232506409,3319.013693115858,100.0,101.92443919148367,0.0,4.319852102041632e-14,0.011819813192527355,0.000611163339605547
1.52,46.40624981257624,0.0058717773722136,7903.271338620517,100.0,102.09738623712597,0.0,2.7868170877269207e-14,0.012162845427810254,0.0006120483689959662
1.53,57.04412552585223,0.004747874841606451,12014.664966726725,100.0,102.27394300851662,0.0,4.341491334686098e-14,0.01245738729667415,0.0006129054935716105
1.54,63.96783113127054,0.004216771056321518,15169.861080167962,100.0,102.45410092067675,0.0,1.6018156255072953e-14,0.012699182794436745,0.000613734762429102
1.55,65.46965047767694,0.004104627625235412,15950.204611781823,100.0,102.6378510969799,0.0,2.850269837821362e-14,0.012890893833324512,0.0006145362330201526
1.56,60.03442513767896,0.004462614954996915,13452.745922086944,100.0,102.82518436323501,0.0,6.587766243411357e-14,0.013038753777618163,0.0006153099710916758
1.57,49.15851093730521,0.005440349479934097,9035.910490423255,100.0,103.01609124122538,0.0,5.3459730133889075e-14,0.013149977734173616,0.0006160560506242495
1.58,34.88156419386816,0.00766604331188639,4550.139201507436,100.0,103.21056194173792,0.0,2.8388858937958273e-14,0.013231315784697073,0.0006167745537688079
1.59,18.970397921901426,0.014359172579596798,1321.134474618461,100.0,103.40858635711841,0.0,2.4167773762682628e-14,0.013288474516613349,0.0006174655707814384
1.6,34.32996688311565,0.007668854338447163,4476.5443921662745,100.0,103.61015405339087,0.0,4.0057605098763755e-14,0.013326024472030993,0.0006181291999561335
1.61,49.126172760004785,0.0053322472970969165,9213.033459035365,100.0,103.81525426198039,0.0,5.2983934143544876e-14,0.013347520044061143,0.0006187655475553518
1.62,57.93291560066291,0.004496237710220136,12884.753728429208,100.0,104.02387587094474,0.0,3.4740046267115014e-14,0.013355682569159892,0.0006193747277391368
1.6300000000000001,63.41005197923788,0.004097159502844897,15476.588581725602,100.0,104.23600741326705,0.0,3.9190353775745885e-14,0.013352579570365843,0.0006199568625092307
1.6400000000000001,64.08652033405005,0.004042476492434512,15853.282128909806,100.0,104.45163705833947,0.0,3.058000682259483e-14,0.013339776515195152,0.0006205120816271361
1.6500000000000001,58.644895677041546,0.004411096503840447,13294.856647544062,100.0,104.67075260139703,0.0,3.256193027098904e-14,0.013318457070725497,0.0006210405225416408
1.6600000000000001,52.06219511439253,0.0049600340109784745,10496.338331382154,100.0,104.89334145226438,0.0,4.124418251216642e-14,0.01328951530708034,0.000621542330316276
1.67,44.12425505976009,0.005834906342234515,7562.11881935065,100.0,105.1193906241288,0.0,7.936188082634002e-14,0.013253625284942071,0.0006220176575523385
1.68,32.84059836492216,0.007847441656007023,4184.879582989125,100.0,105.34888672177479,0.0,6.243550916002815e-15,0.013211293261468384,0.0006224666643113822
1.69,35.02677180491376,0.0072672452995640536,4819.814160809315,100.0,105.58181592931443,0.0,2.0850418880601252e-14,0.013162896865721457,0.000622889518037013
1.7,49.12507127856223,0.005155807183408167,9528.10482064786,100.0,105.8181639974489,0.0,3.443605280895e-14,0.013108714629406534,0.0006232863934758216
1.71,57.45135736727681,0.0043881800792825955,13092.297109344994,100.0,106.05791623029903,0.0,1.4495138895105695e-14,0.013048948421771542,0.0006236574725972717
1.72,61.00742336308397,0.004112383599259168,14835.051714065354,100.0,106.3010574718437,0.0,2.5305106087444034e-14,0.012983740675722341,0.0006240029445123564
1.73,63.78762369663564,0.003932688976202319,16219.849594674395,100.0,106.5475720920086,0.0,1.5380615993042568e-14,0.01291318779154336,0.0006243230053908258
1.74,60.22413712160429,0.00415771331074784,14484.918179885732,100.0,106.79744397244876,0.0,9.513028135859595e-15,0.012837350733748617,0.0006246178583767737
1.75,53.68860300285995,0.0046761579958597916,11481.34922951601,100.0,107.05065649207135,0.0,2.1439159242292582e-14,0.01275626356472911,0.000624887713502376
1.76,51.752303819528066,0.004820099789792131,10736.770207357036,100.0,107.30719251234827,0.0,1.3585921286608794e-14,0.012669940459968557,0.0006251327875995416
1.77,46.43650962478439,0.005360513638939628,8662.697784679096,100.0,107.56703436246964,0.0,1.474764964290932e-14,0.012578381603306989,0.0006253533042092514
1.78,37.4288490381122,0.006681367913560979,5601.973955384787,100.0,107.83016382439388,0.0,1.3727813108150176e-14,0.012481578253109877,0.0006255494934883322
1.79,46.558338951922366,0.0052875574881097774,8805.263877814834,100.0,108.09656211753794,0.0,3.517815986577411e-14,0.012379517198389391,0.000625721592115569
1.8,55.911567607168365,0.0043849061387274575,12750.91549015333,100.0,108.36620987879523,0.0,7.798239839833019e-15,0.012272184725425319,0.0006258698432267346
1.81,59.07192776518033,0.00412835511255546,14308.829098913124,100.0,108.6390871487823,0.0,9.468477504290876e-15,0.012159570203793997,0.0006259944963036261
1.82,61.597700188361024,0.003958067476141588,15562.569501318312,100.0,108.91517335594772,0.0,2.905354086138306e-14,0.012041669376505476,0.000626095807075244
1.83,62.8896614322027,0.003872147568158634,16241.54563461261,100.0,109.19444729911098,0.0,2.113715713025595e-14,0.011918487360609001,0.0006261740374267431
1.84,58.243016959951916,0.004176468223986092,13945.518997475765,100.0,109.47688713039076,0.0,2.674695273861101e-14,0.01179004137005132,0.0006262294553030574
1.85,51.243205742542116,0.004783961092130452,10711.459553221797,100.0,109.76247033795285,0.0,1.0669591055444031e-14,0.01165636315349158,0.0006262623346112642
1.86,52.40764271219083,0.0046270518085435265,11326.357447613575,100.0,110.05117372858773,0.0,1.3894636487222375e-14,0.011517501120916825,0.00062627295512173
1.87,50.276781232945,0.004813914569393352,10444.053484580401,100.0,110.34297341012795,0.0,1.798303532620209e-14,0.0113735221254675,0.0006262616023680889
1.8800000000000001,44.36729646904171,0.005488712562940564,8083.370364228374,100.0,110.63784477371688,0.0,1.3208303905089706e-14,0.011224512862705817,0.0006262285675460904
1.8900000000000001,52.39117873833565,0.004571888910050291,11459.416396396942,100.0,110.93576247594012,0.0,2.411517907288403e-14,0.01116892447016176,0.0006261741474113639
1.9000000000000001,58.32295054608068,0.004091264848698443,14255.481544939581,100.0,111.23670042083256,0.0,1.0517879315522134e-14,0.01125603654237153,0.0006260986441761428
1.9100000000000001,58.12667681329035,0.004081511610492166,14241.458155813305,100.0,111.54063174177398,0.0,1.3099810788951315e-14,0.01134671440512925,0.0006260023654049844
1.92,60.390019031741474,0.003938835375652754,15331.947967420063,100.0,111.84752878328699,0.0,1.2662862874825982e-14,0.011440848803484631,0.0006258856239095363
1.93,62.66844796037087,0.0037916927767173716,16527.828505827834,100.0,112.1573630826701,0.0,5.249556260760218e-15,0.01153831067954729,0.000625748737643037
1.94,59.40257372083288,0.0039950394566329985,14869.083113110755,100.0,112.47010535181116,0.0,1.449638066786472e-14,0.01163895262754112,0.000625592029592482
1.95,51.338555998043745,0.004649938675420619,11040.695282588822,100.0,112.78572545908385,0.0,9.597533631903175e-15,0.011742610710191045,0.0006254158276691113
1.96,50.67633916529682,0.004688434616102594,10808.79724572614,100.0,113.1041924108541,0.0,2.4219381808163544e-14,0.01184910656918739,0.0006252204646003984
1.97,52.5596553131785,0.004501161167494966,11676.910325437106,100.0,113.42547433323516,0.0,1.1159014210724055e-14,0.011958249743627148,0.0006250062778196874
1.98,50.672189118980725,0.0046794326096343064,10828.703679726828,100.0,113.74953845404163,0.0,1.1188608747328088e-14,0.012069840100250018,0.0006247736093540066
1.99,54.973919781342914,0.004262596679288994,12896.814762806183,100.0,114.07635108480476,0.0,1.4419844554614992e-14,0.012183670266325091,0.0006245228057111005
2.0,59.04189996860812,0.003953515627454544,14934.024683904441,100.0,114.40587760270526,0.0,1.535487320698592e-14,0.012299527951438863,0.0006242542177667302
2.0100000000000002,57.21683124361001,0.00406111195379002,14088.956890295176,100.0,114.73808243228852,0.0,1.3583129773882264e-14,0.01241719804504908,0.0006239682006532087
2.02,56.574442988835735,0.004118915577588165,13735.276172366455,100.0,115.07292902804983,0.0,2.4414868373545762e-14,0.01253646438589683,0.0006236651136425658
2.0300000000000002,61.77303837172425,0.0037732765858229803,16371.192772832761,100.0,115.41037985728056,0.0,8.02967108247106e-15,0.012657111110221416,0.0006233453200284948
2.04,61.89409857509783,0.003759437303466745,16463.660271185403,100.0,115.75039638243437,0.0,2.0985656304719237e-14,0.012778923497753758,0.0006230091870118352
2.05,56.99981065489092,0.004081937056421028,13963.912198309928,100.0,116.0929390440248,0.0,6.131825376224131e-15,0.0129016882553959,0.0006226570855833271
2.06,48.360326226608876,0.004897220612764126,9875.055679656829,100.0,116.43796724403931,0.0,9.46648916368396e-15,0.013025193199920347,0.0006222893904041417
2.07,50.1885675517421,0.004647715755365358,10798.544961318696,100.0,116.78543932972097,0.0,9.149721404780935e-15,0.013149226319792434,0.0006219064796853234
2.08,53.213018383304785,0.004369451234985485,12178.421390136318,100.0,117.13531257727784,0.0,7.61976409422332e-15,0.013273574213774918,0.0006215087350689761
2.09,55.92631490045586,0.004125275081969253,13556.990452563643,100.0,117.48754317562683,0.0,1.8158388024220682e-14,0.013398019922172178,0.0006210965415106694
2.1,59.411420131184954,0.0038612459085176523,15386.593223738302,100.0,117.84208621204948,0.0,5.8054547783427354e-15,0.013522340186906734,0.0006206702871521041
2.11,57.479915986944775,0.003977271345933422,14452.098181763577,100.0,118.19889565687342,0.0,1.147186478904555e-14,0.01364630218457971,0.0006202303632016674
2.12,50.11256850846122,0.004497491393161088,11142.337834078502,100.0,118.5579243490663,0.0,2.674448604747982e-14,0.013769659786181178,0.0006197771638116313
2.13,56.82077601008921,0.004051052795906251,14026.175138351407,100.0,118.91912398259845,0.0,1.1626135766464436e-14,0.01389214941135019,0.0006193110859532149
2.14,61.766404918950556,0.0037151126887594904,16625.715043807977,100.0,119.28244509324959,0.0,2.1427700951338787e-14,0.014013485548550192,0.0006188325292916938
2.15,62.03879277362045,0.003691951659036969,16803.79336001464,100.0,119.64783704546474,0.0,1.4486576593824773e-14,0.01413335601519479,0.0006183418960640404
2.16,57.67240294402567,0.003972735130235761,14517.05211985857,100.0,120.01524802081472,0.0,2.095233197638e-14,0.014251417042408995,0.0006178395909502641
2.17,49.53804872945707,0.00468489190858051,10574.000360334194,100.0,120.38462500649675,0.0,1.4670252721895807e-14,0.014367288272348318,0.000617326020947914
2.18,49.52750283368085,0.0046589089639499995,10630.708437730356,100.0,120.75591378451567,0.0,6.012137948576588e-15,0.014480547756455138,0.0006168015952461643
2.19,55.92056472576035,0.00406930625784455,13742.038859316679,100.0,121.12905892209581,0.0,1.5134340497538581e-15,0.014590727057003879,0.0006162667250966137
2.2,59.73968196271434,0.0037888490068739397,15767.237452411353,100.0,121.50400376273817,0.0,1.6126143886567857e-14,0.014697306561170246,0.0006157218236844847
2.21,58.84530306370425,0.00383460902666982,15345.841689317846,100.0,121.88069041722066,0.0,1.1523027597515964e-14,0.014799711115636053,0.0006151673060043945
2.22,52.92297412571926,0.00424944280310378,12454.097296488962,100.0,122.25905975705426,0.0,2.938235037529278e-14,0.01489730611342199,0.0006146035887267016
2.23,45.62033733973867,0.00504691608259381,9039.250225910746,100.0,122.63905140779319,0.0,1.3542892403926875e-14,0.014989394174084725,0.0006140310900695054
2.24,54.239543831198716,0.004220801908458003,12850.530540774465,100.0,123.02060374345103,0.0,1.3463921621434884e-14,0.015075212557761442,0.0006134502296694424
2.25,60.562929163441815,0.003752351537623224,16139.993429774164,100.0,123.40365388236256,0.0,1.2949672760455086e-14,0.015153931482565445,0.0006128614284496067
2.2600000000000002,62.758947445524186,0.003609898192355995,17385.240275866243,100.0,123.78813768376699,0.0,3.5662492360578616e-14,0.015224653523314882,0.0006122651084890149
2.27,60.6025340831557,0.003736242015894981,16220.184298912165,100.0,124.17398974503499,0.0,2.1791530858895368e-14,0.015286414260124559,0.000611661692894276
2.2800000000000002,54.47413805184541,0.004177633129865234,13039.473873954721,100.0,124.56114340131262,0.0,4.609441939901803e-14,0.015338184378377868,0.0006110516056638343
2.29,53.275209202084945,0.004217902552356255,12630.73495434922,100.0,124.94953072511015,0.0,8.464651749834684e-15,0.015378873421671662,0.0006104352715587849
2.3000000000000003,59.41783806585237,0.003763606145161174,15787.475037005457,100.0,125.33908252779473,0.0,2.870516985965369e-14,0.015407335358782684,0.0006098131159699695
2.31,60.65879826621956,0.0036791724674062384,16487.076592248774,100.0,125.72972836215493,0.0,3.243147388653268e-14,0.015422376153681335,0.0006091855647854976
2.32,56.805470156622405,0.003920529002322079,14489.23605028231,100.0,126.12139652621038,0.0,1.849280842355344e-14,0.01542276353685846,0.000608553044258505
2.33,52.32676488575153,0.0043355283623570905,12069.293639057896,100.0,126.51401406852793,0.0,2.349405014662953e-14,0.01540723904155491,0.0006079159808747386
2.34,47.41894635380592,0.004931549358802719,9615.42568141674,100.0,126.90750679504565,0.0,1.3553998433334144e-14,0.015374532377685685,0.0006072748012186658
2.35,48.677881216408736,0.004823765636174653,10091.261659016112,100.0,127.30179927699659,0.0,3.267352493386002e-14,0.015323378248735283,0.0006066299318411598
2.36,56.50234041910008,0.004022017381028131,14048.258638966057,100.0,127.69681486085275,0.0,5.331309572936807e-14,0.0152525355042957,0.0006059817991250375
2.37,61.76181022089791,0.003648478411115478,16928.100775581945,100.0,128.09247567898868,0.0,1.8152745669446813e-14,0.015160808487490619,0.0006053308291541122
2.38,63.15995547870767,0.00355678484448981,17757.598010617767,100.0,128.4887026623459,0.0,7.272289829361927e-14,0.015047070400295825,0.000604677447580145
2.39,60.57714957994836,0.0037097678912413833,16329.094260309019,100.0,128.8854155558192,0.0,5.3731923827749165e-15,0.014910288307794155,0.0006040220794844792
2.4,57.106412413262476,0.0038932724892139434,14667.972142066103,100.0,129.28253293281625,0.0,3.6561614930167966e-14,0.01474954936161894,0.0006033651492515437
2.41,61.30862202612797,0.0036054819697206196,17004.27918958048,100.0,129.67997221387927,0.0,6.793693605503249e-15,0.014564087697319783,0.00060270708043096
2.42,60.943109324232836,0.003621418974872279,16828.516597249614,100.0,130.07764968529833,0.0,3.9302444958642827e-14,0.014353311316233535,0.0006020482956080172
2.43,55.57752314599408,0.003968784244996491,14003.664526753133,100.0,130.47548052052423,0.0,2.0439934392655082e-14,0.014116828213070233,0.0006013892162691769
2.44,55.84861695920166,0.004027924610845172,13865.358057802141,100.0,130.87337880348545,0.0,9.338424171884448e-15,0.013854470903184622,0.0006007302626671476
2.45,53.78838443165552,0.0042106002158131825,12774.517093703114,100.0,131.2712575523414,0.0,1.2606466768691918e-14,0.013566318460531218,0.0006000718536926534
2.46,49.34694288760363,0.0047182619686435,10458.711961216277,100.0,131.66902874680937,0.0,3.836231674005445e-14,0.01325271517266945,0.0005994144067381107
2.47,48.97620782530194,0.00486331444422989,10070.541065550484,100.0,132.06660335519553,0.0,4.2288127289332665e-14,0.012914284906324087,0.0005987583375717424
2.48,56.071515245656705,0.004045476545534998,13860.299179720363,100.0,132.46389136630327,0.0,1.048998861136662e-14,0.01255194038578017,0.0005981040601978139
2.49,61.62424825566459,0.0036365556341365598,16945.77354384302,100.0,132.86080182026086,0.0,3.10882458799245e-14,0.012166886679095271,0.0005974519867311816
2.5,63.73165617099102,0.0035013897717595306,18201.817085609517,100.0,133.25724284285974,0.0,2.5217609814144005e-14,0.011760618328306495,0.0005968025272646768
2.5100000000000002,62.37221213427953,0.003570962236386566,17466.5000650899,100.0,133.65312168129913,0.0,2.747442990459167e-14,0.011334909790181008,0.0005961560897392936
2.52,62.762565367757254,0.003494279676418512,17961.51744558873,100.0,134.04834474198813,0.0,4.34402048742026e-14,0.010891799047658024,0.0005955130798142276
2.5300000000000002,61.92689470371851,0.0035341125311971187,17522.615411100636,100.0,134.44281763062665,0.0,3.7387952470257014e-14,0.010433564556740622,0.0005948739007357889
2.54,56.42857037762645,0.003879949535826566,14543.635131482497,100.0,134.83644519331625,0.0,3.0113205540699787e-14,0.009962695905384192,0.0005942389532110542
2.5500000000000003,54.835392314138794,0.004091907447807084,13400.936608066717,100.0,135.22913156042134,0.0,2.7141196536534803e-14,0.009481858840346491,0.0005936086352783113
2.56,56.96409788089645,0.003921114367143265,14527.527775834233,100.0,135.6207801919499,0.0,4.928165095049574e-14,0.00899385555491011,0.0005929833421800404
2.57,55.98180990657495,0.004003203251510577,13984.253706191577,100.0,136.01129392511854,0.0,9.732814071654855e-15,0.008501581352136727,0.0005923634662352761
2.58,52.16541929361762,0.004361772083992615,11959.684799914443,100.0,136.40057502347366,0.0,1.079166206132916e-14,0.008007978924627882,0.0005917493967143735
2.59,48.359463094228886,0.004999273694499366,9673.297772722097,100.0,136.7885252281486,0.0,4.48846250520942e-14,0.0075159915946363875,0.0005911415197133277
2.6,53.095053935522,0.004289479834660584,12377.970285929385,100.0,137.17504581111245,0.0,1.3262286388788155e-14,0.007241275266063879,0.0005905402180284761
2.61,59.62337134348685,0.0037384222108767075,15948.806202257292,100.0,137.56003762968945,0.0,4.0935270902048055e-15,0.007504823339454724,0.0005899458710343879
2.62,63.42691895612251,0.003492023509352242,18163.371118852512,100.0,137.94340118361993,0.0,2.1816910146469413e-14,0.0077640269852235514,0.0005893588545596654
2.63,64.78003829526268,0.003392784942788575,19093.47022803606,100.0,138.3250366734147,0.0,1.4713383643606525e-14,0.008017512353009862,0.0005887795407656875
2.64,64.59695345502593,0.0033792834064682482,19115.57738287994,100.0,138.70484406066055,0.0,1.771630190042065e-14,0.008263944825035738,0.0005882082980254867
2.65,60.55464756676684,0.0036057449000337803,16793.935579358244,100.0,139.08272312984462,0.0,3.098699521597416e-14,0.008502040188971103,0.0005876454908044104
2.66,53.21770939738835,0.004182255468010245,12724.643390258336,100.0,139.45857355203086,0.0,1.6610720083605556e-14,0.008730578837923067,0.0005870914795410355
2.67,53.37897422113938,0.004209365658680445,12681.001972604266,100.0,139.83229495017272,0.0,9.623699844269396e-15,0.00894842204772376,0.000586546620529069
2.68,56.948041261152156,0.003888129821548786,14646.640898031445,100.0,140.20378696559243,0.0,9.128193006097458e-14,0.009154529054356049,0.0005860112658019897
2.69,57.763590464392905,0.0038260498330786,15097.448539480705,100.0,140.57294932644638,0.0,3.161739233540119e-14,0.009347973541278967,0.0005854857630168324
2.7,55.48488516076387,0.004002320143752274,13863.180147489504,100.0,140.93968191724235,0.0,1.6144855244440354e-14,0.009527958221744378,0.0005849704553407559
2.71,50.731788228019724,0.004469080844197249,11351.727569191542,100.0,141.30388485007035,0.0,5.3978527235319847e-14,0.009693826429398606,0.0005844656813374284
2.72,49.761828191221504,0.004460922403267157,11155.053527668671,100.0,141.6654585365088,0.0,2.0514159455461505e-14,0.009845069964740119,0.0005839717748572231
2.73,57.31094766017924,0.0037762994833329742,15176.48372782034,100.0,142.02430376144648,0.0,3.77577919987259e-14,0.009981332809715266,0.000583489064925873
2.74,61.97846077462605,0.003476028628723291,17830.250378976336,100.0,142.3803217575222,0.0,2.609992486099304e-14,0.010102410676501404,0.0005830178756366005
2.75,65.00635715146777,0.003345096304124925,19433.329040872977,100.0,142.73341428099556,0.0,4.17144409328432e-14,0.01020824665328537,0.0005825585260420928
2.7600000000000002,66.05398519140834,0.0032915558491606136,20067.709076925705,100.0,143.08348368784718,0.0,3.8911286851753936e-14,0.010298923440623872,0.0005821113300508601
2.77,63.42953135053481,0.0034314335415123118,18484.849140508184,100.0,143.4304330116789,0.0,2.241444931912351e-14,0.01037465280577268,0.0005816765963212952
2.7800000000000002,57.55205282873648,0.0038156469875683563,15083.170171728432,100.0,143.77416604151665,0.0,2.7598815920144657e-14,0.010435762950945858,0.0005812546281607295
2.79,51.62382071713605,0.004580388503906731,11270.620532102193,100.0,144.11458740103322,0.0,2.1679487288207757e-14,0.010482684488260745,0.0005808457234229991
2.8000000000000003,54.667292267623495,0.004029100110660762,13568.114657408749,100.0,144.45160262732853,0.0,3.337488373589323e-14,0.010515935673168532,0.0005804501744116245
2.81,57.79721606138092,0.0037705134725910384,15328.738772988278,100.0,144.7851182510591,0.0,6.268491026777448e-14,0.010536107469671397,0.0005800682677810008
2.82,58.0441958845211,0.0037480698750027514,15486.423097829384,100.0,145.11504187639702,0.0,6.130569422433727e-14,0.010543848911058935,0.0005797002844412928
2.83,55.2290432708133,0.003953995587621461,13967.907157943115,100.0,145.4412822612393,0.0,4.107929163348126e-14,0.010539853145319416,0.0005793464994649414
2.84,52.75561925487751,0.004056694542550717,13004.582598350258,100.0,145.7637493975348,0.0,1.3134176890965973e-14,0.010524844432652879,0.0005790071819947398
2.85,60.19279454553501,0.0035389288303513946,17008.760964418212,100.0,146.0823545915607,0.0,3.7871444347919793e-14,0.010499566280232945,0.0005786825951539374
2.86,63.54224646085051,0.0033486337332354205,18975.573778102196,100.0,146.3970105439777,0.0,4.7927665845625715e-14,0.010464770848062776,0.0005783729959585054
2.87,62.79161891076562,0.0033933455150905643,18504.339929878843,100.0,146.7076314295717,0.0,1.0412396039238517e-14,0.010421209655245718,0.0005780786352312053
2.88,64.91354173901722,0.0033113869868489996,19603.127631055493,100.0,147.01413297671436,0.0,4.55941196706613e-14,0.010369625585540772,0.0005777997575173531
2.89,66.17765118031244,0.003239760855322691,20426.70867869379,100.0,147.3164325459944,0.0,1.832866872363023e-14,0.010310746165520907,0.0005775366010035412
2.9,64.04455091083848,0.0033471736719429585,19133.919296653068,100.0,147.61444920810993,0.0,3.8786462503151475e-14,0.010245278035020473,0.0005772893974386509
2.91,58.734688061411966,0.0036698929445949198,16004.469053495799,100.0,147.90810382172498,0.0,2.029092892336059e-14,0.010173902525460505,0.0005770583720541272
2.92,52.401677231345886,0.00430189638492081,12181.064475431456,100.0,148.19731910907697,0.0,4.394650549671324e-14,0.010097272246176651,0.0005768437434911667
2.93,54.588777241171556,0.003960000306402455,13785.04369126271,100.0,148.4820197315314,0.0,3.560708732928071e-15,0.01001600857299573,0.0005766457237263375
2.94,57.81497488668441,0.00369821754899819,15633.20008103523,100.0,148.7621323634777,0.0,1.623051250117404e-14,0.009930699930604078,0.000576464518001052
2.95,58.26175317486501,0.003660530630148001,15916.20425055954,100.0,149.03758576459694,0.0,4.5089336259767945e-14,0.009841900767165901,0.0005763003247543378
2.96,55.95073533825095,0.0038000763758332806,14723.581792742803,100.0,149.30831085154966,0.0,2.5841661249637597e-14,0.009750131117641912,0.0005761533355546434
2.97,61.75055318753149,0.0034005024972421334,18159.243593443105,100.0,149.5742407669944,0.0,2.2482670421475364e-14,0.009655876662983247,0.0005760237350378473
2.98,64.06565757385805,0.0032727212183963194,19575.653805688693,100.0,149.8353109474329,0.0,4.384010219111259e-14,0.009559589202007003,0.0005759117008456031
2.99,62.02281864463549,0.0033769394094064474,18366.57728352225,100.0,150.0914591890902,0.0,1.2426338733663066e-14,0.009461687454347742,0.000575817403566466
3.0,58.1014998161254,0.003645330856786062,15938.608071189208,100.0,150.34262571161167,0.0,4.100043794938549e-14,0.00936255812774462,0.0005757410066801794
3.0100000000000002,63.31017237772801,0.003331686254135844,19002.441271034113,100.0,150.5887532200142,0.0,1.0327350181796054e-14,0.009262557186403616,0.00057568266650314
3.02,66.07529383241598,0.003181082387782955,20771.32427823315,100.0,150.82978696393732,0.0,5.259377426626407e-14,0.009162011267418455,0.0005756425321380754
3.0300000000000002,65.48297031659712,0.00320475302080659,20433.078584045146,100.0,151.06567479486978,0.0,2.2815028169236293e-14,0.00906121920037087,0.000575620745425144
3.04,61.59495168624042,0.003410403490591717,18060.89861688286,100.0,151.2963672208242,0.0,1.8667205758340356e-14,0.008960453588169784,0.0005756174408959629
3.0500000000000003,55.123445517036856,0.00385602014784141,14295.424661589183,100.0,151.52181745820067,0.0,2.7836197757665648e-14,0.00885996241901207,0.0005756327457311489
3.06,53.264179534951374,0.003990334217325861,13348.300326243496,100.0,151.74198148139277,0.0,2.812875217044035e-14,0.008759970680882169,0.000575666779719068
3.0700000000000003,56.94072086450963,0.0036716444307840178,15508.233963807574,100.0,151.9568180694502,0.0,2.1574028117216508e-14,0.008660681953982539,0.0005757196552178991
3.08,58.41900195351933,0.003561045371025188,16405.014782695987,100.0,152.16628884959522,0.0,1.589073784076071e-14,0.008562279966791883,0.0005757914771214484
3.09,61.95055263874975,0.0033295982309430225,18606.014402285364,100.0,152.3703583382177,0.0,4.639990996796478e-14,0.00846493010013503,0.0005758823428262152
3.1,64.12061295895185,0.0032109035812951767,19969.647588448493,100.0,152.56899397862938,0.0,3.5732286309055856e-14,0.008368780826626726,0.00057599234220198
3.11,62.089164080289926,0.00331046532553022,18755.418944116394,100.0,152.76216617555696,0.0,4.0256342606687167e-14,0.008273965080457739,0.0005761215575657557
3.12,56.05430655511989,0.0036639069015258377,15299.053186033743,100.0,152.9498483266848,0.0,3.310153098777925e-14,0.008180601551972517,0.0005762700636577948
3.13,52.19655644950877,0.003990486820267346,13080.247799443132,100.0,153.1320168511837,0.0,1.7349986200130265e-14,0.008088795899794126,0.0005764379276196654
3.14,59.62392983189569,0.003457837835889254,17243.12494156111,100.0,153.3086512142454,0.0,3.5332138937522645e-14,0.007998641882730535,0.0005766252089776433
3.15,64.5090095766777,0.003181937430297524,20273.500340528648,100.0,153.47973394886813,0.0,2.4422312704629123e-14,0.007910222411718798,0.0005768319596269529
3.16,66.18132750746847,0.003093215288672785,21395.64218171994,100.0,153.64525067408627,0.0,4.705414666757555e-14,0.00782361051914266,0.0005770582238195104
3.17,64.53554434690733,0.003167492300395031,20374.33345579367,100.0,153.80519010974828,0.0,9.731515254279888e-15,0.007738870249872866,0.000577304038154703
3.18,59.75058375196984,0.0034244072176814024,17448.445805001476,100.0,153.95954408778596,0.0,2.96846051649572e-14,0.007656057476496711,0.000577569431573327
3.19,53.12447678722137,0.003908086262151836,13593.475994045853,100.0,154.10830756007203,0.0,2.363938541140108e-14,0.007575220642460432,0.0005778544253543017
3.2,56.04469611640727,0.0036101740146688268,15524.098253626269,100.0,154.2514786029576,0.0,2.0517724716492964e-14,0.007496401434983517,0.0005781590331138133
3.21,61.15206878432859,0.003297470250947561,18545.14647001165,100.0,154.38905841809043,0.0,1.4652029616071798e-14,0.00741963539243889,0.0005784832608081958
3.22,63.69931650477517,0.003160042964308514,20157.73748149464,100.0,154.52105132975794,0.0,1.9633518302314696e-14,0.007344952452203495,0.0005788271067397986
3.23,62.59176218962862,0.0032103941597973053,19496.59732547622,100.0,154.64746477890506,0.0,8.889039879889712e-15,0.007272377441334884,0.0005791905615653371
3.24,57.78310510161294,0.0034735589072085403,16635.130321727935,100.0,154.76830931354593,0.0,1.1545014429738493e-14,0.007201930514809167,0.0005795736083077553
3.25,49.75767959353992,0.004041724008089713,12311.00379292288,100.0,154.88359857581142,0.0,6.436324978673463e-14,0.007133627546291148,0.0005799762223708361
3.2600000000000002,44.0051113815171,0.004700203446553233,9362.384390783565,100.0,154.99334928561757,0.0,4.8214282172139415e-15,0.007067480475311942,0.0005803983715567261
3.27,52.81249823743143,0.003803736964564533,13884.371797900492,100.0,155.09758122094837,0.0,2.1852154732005854e-14,0.007003497615196542,0.0005808400160865426
3.2800000000000002,60.125057527208945,0.003320492579775871,18107.27055781203,100.0,155.19631719475467,0.0,2.4558149986682624e-14,0.0069416839258037814,0.0005813011086242238
3.29,64.54893312784924,0.0030818603534678627,20944.79493699822,100.0,155.2895830284774,0.0,2.7851947396163156e-14,0.006882041255141172,0.0005817815943037823
3.3000000000000003,65.79155910146802,0.003015782563380658,21815.7502136747,100.0,155.37740752263917,0.0,6.757483403172883e-14,0.006824568553086788,0.0005822814107585174
3.31,63.80321293977853,0.0031043372980706346,20552.92541162735,100.0,155.45982242408985,0.0,6.245061201359539e-14,0.006769262061388335,0.0005828004881539446
3.3200000000000003,58.79573885373913,0.0033701653759568313,17445.950656663637,100.0,155.53686239040013,0.0,4.8474915147006596e-14,0.006716115482378078,0.0005833387492229578
3.33,58.92192461912953,0.0033338539938899147,17673.81676795626,100.0,155.6085649509612,0.0,1.0374658112106123e-14,0.006665120129235393,0.0005838961093049804
3.34,62.701890279545054,0.0031238993486537316,20071.6743023641,100.0,155.67497046509928,0.0,3.090232903415219e-14,0.006616265061926342,0.0005844724763883561
3.35,62.81768697757035,0.0031109084227944023,20192.714937312034,100.0,155.73612207755323,0.0,6.917546783195421e-14,0.006569537210341657,0.0005850677511550166
3.36,59.752332150032174,0.0032676502590832405,18286.02433321492,100.0,155.7920656713279,0.0,5.408075972609386e-14,0.006524921486589931,0.000585681827027696
3.37,55.36318460024766,0.0035302117560725346,15682.680934086757,100.0,155.84284981793868,0.0,3.4939942258750137e-14,0.006482400888460669,0.0005863145902199676
3.38,49.743927414828015,0.003931552617150257,12652.489298460505,100.0,155.88852572506613,0.0,8.687133795839127e-15,0.0064419565957984865,0.0005869659197893821
3.39,42.43622026573737,0.004653633994464222,9118.942382709472,100.0,155.9291471816396,0.0,1.9813272454537764e-14,0.006403568061373678,0.0005876356876940011
3.4,42.48007613831662,0.004630805873283935,9173.365781405966,100.0,155.96477050037277,0.0,1.72950624544967e-14,0.00636721309753576,0.000588323758852625
3.41,51.83947119104319,0.0037316709121711857,13891.758520818119,100.0,155.9954544577745,0.0,4.8192407297054324e-14,0.006332867960381259,0.0005890299912090206
3.42,59.150964898805256,0.0032542710682000086,18176.409911520564,100.0,156.0212602326423,0.0,1.3789369389467368e-14,0.006300507432819292,0.0005897542357969438
3.43,63.63244915191989,0.0030150478155081743,21104.95522645464,100.0,156.0422513444304,0.0,2.375877526672526e-14,0.00627010490274304,0.000590496336801363
3.44,65.036305628717,0.002942120599085529,22105.24804759248,100.0,156.05849358616015,0.0,4.6778842735959695e-14,0.006241632440470805,0.0005912561316353684
3.45,63.34902355764764,0.0030149204279878465,21011.83930745618,100.0,156.07005495814357,0.0,2.5757273796446078e-14,0.006215060877311327,0.000592033451010716
3.46,60.688560441016136,0.0031406322388458597,19323.67619817797,100.0,156.07700559901292,0.0,1.8197388793307213e-14,0.006190359881926355,0.0005928281190150323
3.47,62.592521237727624,0.0030260278459082204,20684.71422771767,100.0,156.07941771540158,0.0,9.528960003180436e-15,0.006167498036877213,0.0005936399531912751
3.48,61.238140632989015,0.0030828796979451706,19863.941065817788,100.0,156.07736551043078,0.0,3.33553064318004e-14,0.006146442914476593,0.0005944687646193142
3.49,56.86244768082657,0.0033167933011397826,17143.802015424466,100.0,156.07092511108266,0.0,2.1835522695182395e-14,0.006127161151876796,0.0005953143579997645
3.5,55.455709669245316,0.0033975750662886377,16322.144054884035,100.0,156.06017449453893,0.0,2.2294577409983522e-14,0.0061096185253274185,0.0005961765317402014
3.5100000000000002,53.383446797030636,0.0035194730497554293,15168.022610867922,100.0,156.0451934135637,0.0,5.182051950992414e-14,0.006093780023494656,0.0005970550780439024
3.52,48.94286818289104,0.0038321307185181304,12771.711556284554,100.0,156.0260633210065,0.0,3.529068450102455e-14,0.006079609919740493,0.0005979497830012595
3.5300000000000002,42.41167893429989,0.004430908129704685,9571.7802519924,100.0,156.00286729350125,0.0,2.4640810856000566e-14,0.006067071843162835,0.0005988604266840056
3.54,39.74634543965063,0.00474807509853837,8371.043973564361,100.0,155.97568995443433,0.0,1.4177356671262952e-14,0.0060561288481987075,0.0005997867832424161
3.5500000000000003,49.134500861794756,0.0037759679152070086,13012.4254138693,100.0,155.94461739625277,0.0,2.2422860386223434e-14,0.006046743482677144,0.000600728621005635
3.56,56.75253104887773,0.0032551560394262842,17434.65762055458,100.0,155.90973710218148,0.0,1.271799619360817e-14,0.0060388778539632385,0.0006016857025852955
3.5700000000000003,61.694936735994595,0.0029851595360848872,20667.215936106742,100.0,155.87113786780077,0.0,3.6132771305780725e-14,0.0060324936914760196,0.0006026577849812147
3.58,63.73983303628478,0.0028819849240124345,22116.64346513763,100.0,155.82890972637725,0.0,1.5835330540867226e-14,0.0060275524077886035,0.0006036446196754773
3.59,63.13756241562095,0.002904483647469644,21737.964498655634,100.0,155.78314386869306,0.0,1.9952483159993396e-14,0.006024015157845948,0.0006046459527484948
3.6,62.460597726260445,0.002922439549148962,21372.759530457857,100.0,155.73393256509442,0.0,1.2751782756472733e-14,0.006021842894338182,0.0006056615249897883
3.61,60.56252964237315,0.00300060119780625,20183.46512913833,100.0,155.68136908818303,0.0,8.548052994208978e-15,0.00602099642073072,0.0006066910720094686
3.62,55.57204066239759,0.003258800142984818,17052.914638544768,100.0,155.62554763550042,0.0,4.0752227843453626e-14,0.00602143644123594,0.0006077343243530616
3.63,51.9854718484803,0.0034850880591413475,14916.544708855487,100.0,155.5665632527217,0.0,3.6714307949640057e-14,0.006023123607634688,0.0006087910076181442
3.64,53.56629125262987,0.0033670097735317844,15909.158231056203,100.0,155.5045117574467,0.0,2.3575568149481012e-14,0.006026018562923124,0.0006098608425727807
3.65,52.92029400036976,0.003396757531416244,15579.650154865534,100.0,155.43948966366884,0.0,5.201900947715526e-15,0.006030081981838037,0.0006109435452757624
3.66,49.919222981122985,0.0035903042273875653,13903.89778123232,100.0,155.37159410700056,0.0,1.1896127217799402e-14,0.006035274608338731,0.0006120388271986454
3.67,44.732259992953004,0.003997324880640867,11190.549011813458,100.0,155.30092277072794,0.0,2.6162783131959295e-14,0.006041557289967277,0.0006131463953495925
3.68,38.248036450480605,0.004696302413459429,8144.2873740121895,100.0,155.22757381276605,0.0,2.130722463973854e-14,0.006048891009244816,0.0006142659523990095
3.69,45.34686625774244,0.0039051578475011797,11612.04438554484,100.0,155.15164579357852,0.0,3.3710841206612184e-14,0.006057236912173734,0.0006153971968069881
3.7,53.2598546555693,0.0033144161734656136,16069.1512073693,100.0,155.07323760512423,0.0,2.6511263912210748e-14,0.0060665563338746726,0.0006165398229525473
3.71,58.65723170828105,0.0030018881685911227,19540.112227368772,100.0,154.99244840088744,0.0,2.1255934596804712e-14,0.006076810821407532,0.0006176935212646784
3.72,61.49809636458609,0.0028571610343157416,21524.196790438942,100.0,154.90937752707845,0.0,3.36909361377639e-14,0.00608796215121681,0.0006188579783550695
3.73,62.663951154748,0.002795563018281314,22415.50297559495,100.0,154.824124456043,0.0,2.597754880445782e-14,0.006099972346394607,0.0006200328771487981
3.74,62.02669880342807,0.0028124915250216397,22054.0038082251,100.0,154.73678872008665,0.0,3.640819615373804e-14,0.006112803693581084,0.0006212178970198005
3.75,58.61539353419022,0.0029644951856737595,19772.470475734077,100.0,154.6474698466769,0.0,3.927820019444078e-14,0.006126418753907402,0.0006224127139277124
3.7600000000000002,52.418144617599104,0.0033035177017020955,15867.372101742129,100.0,154.55626729546012,0.0,4.264148075294636e-14,0.006140780372388979,0.0006236170005546002
3.77,47.27153287464826,0.003665168849945638,12897.50481082185,100.0,154.46328039663047,0.0,2.7420778397169936e-14,0.00615585168590225,0.0006248304264433886
3.7800000000000002,50.55858808884263,0.0034066932719517573,14840.95692004484,100.0,154.36860829085825,0.0,3.272672017348738e-14,0.0061715961286202626,0.0006260526581372999
3.79,51.849286680623294,0.0033095226655477238,15666.69635484798,100.0,154.27234987081042,0.0,4.555615243821208e-14,0.00618797743557148,0.000627283359320258
3.8000000000000003,50.900339792486605,0.0033592498907294593,15152.293353631285,100.0,154.1746037242934,0.0,1.597685355683836e-14,0.006204959644410516,0.0006285221909582046
3.81,47.76517846081008,0.0035668887486107097,13391.272290007486,100.0,154.07546807904342,0.0,1.0582659823601076e-14,0.006222507095596671,0.0006297688114412783
3.8200000000000003,42.63335421748612,0.003979851042081128,10712.298969660045,100.0,153.97504074918606,0.0,2.3561586950920385e-14,0.006240584431027358,0.0006310228767268023
3.83,44.69709840253277,0.003777129531260933,11833.61545655316,100.0,153.87341908338394,0.0,2.145889105383951e-14,0.00625915659140144,0.0006322840404830304
3.84,51.956777958316806,0.0032421449857822538,16025.433219724087,100.0,153.7706999146863,0.0,1.1549142351889237e-14,0.0062781888122577486,0.0006335519542335914
3.85,56.45035922099224,0.002975968772910632,18968.733722894962,100.0,153.66697951209275,0.0,6.9280530582747664e-15,0.006299558634764655,0.0006348262675025817
3.86,58.03922042188086,0.002887671516341235,20098.96904597316,100.0,153.5623535338378,0.0,1.0234445130883727e-14,0.006322919349678062,0.0006361066279602449
3.87,60.66992783505847,0.002752555147460458,22041.312375170142,100.0,153.4569169824027,0.0,2.1333023681804946e-14,0.0063460646848671805,0.0006373926815691795
3.88,61.321979245987414,0.0027135945669032424,22598.062361234803,100.0,153.3507641613028,0.0,1.1499950243838748e-14,0.0063690107376819455,0.0006386840727308084
3.89,59.19329526958487,0.002801391987532871,21129.958082629917,100.0,153.2439886337806,0.0,2.1005701842537826e-14,0.006391773385401742,0.000639980444431497
3.9,54.40191462345018,0.00303767703179986,17909.051572614484,100.0,153.1366831829668,0.0,1.43395518097864e-14,0.0064143683032502185,0.0006412814383900921
3.91,47.20865656212972,0.003489799412294648,13527.613190549713,100.0,153.02893977393438,0.0,1.5829208933645067e-14,0.006436810979283155,0.0006425866952049561
3.92,44.888316714463095,0.0036611281007745237,12260.788335968584,100.0,152.92084951743394,0.0,4.9747407833863676e-15,0.006459116732903389,0.000643895854501335
3.93,48.490411202024966,0.0033749954947305885,14367.548424207822,100.0,152.8125026353445,0.0,1.525658116234726e-14,0.006481300732840474,0.0006452085550787747
3.94,50.077871547121,0.003255811397082081,15381.072623556058,100.0,152.70398842783027,0.0,1.2840150407560025e-14,0.006503378015369081,0.0006465244350584915
3.95,49.5792994182409,0.003276050194050213,15133.864404240256,100.0,152.59539524218434,0.0,2.4743544365138536e-14,0.006525363502725964,0.0006478431320306366
3.96,47.03471214832604,0.003438832857038758,13677.522026711264,100.0,152.48681044333702,0.0,1.855895087127753e-14,0.006547272021770247,0.000649164283201404
3.97,46.55964525993047,0.003463059629387211,13444.655952450119,100.0,152.37832038600655,0.0,1.7771926110679842e-14,0.006569118322872896,0.0006504875255399105
3.98,52.55663270576237,0.003060058980941343,17175.039119538396,100.0,152.27001038846694,0.0,4.1761804450621754e-14,0.006590917098791665,0.0006518124959247956
3.99,55.77605366399936,0.0028744115343264133,19404.338243817223,100.0,152.16196470790723,0.0,1.805835953596927e-14,0.0066126830036997335,0.0006531388312904706
4.0,56.06929493074002,0.0028498890398424605,19674.202801186773,100.0,152.05426651735488,0.0,9.866608050150044e-15,0.006634430672224834,0.0006544661687729525
4.01,56.30872006498996,0.00282480680075626,19933.6535333726,100.0,151.9469978841343,0.0,1.701833479420742e-14,0.0066561747384645455,0.0006557941458552189
4.0200000000000005,59.1353071012064,0.002682417134117874,22045.529887600176,100.0,151.84023974983225,0.0,4.185989309260374e-14,0.006677929854870963,0.0006571224005120072
4.03,59.40168112025701,0.002662190549855851,22313.08390884094,100.0,151.7340719117384,0.0,2.979126515119023e-14,0.006699710711117727,0.0006584505713539937
4.04,57.1028611439866,0.002760641504260292,20684.63473285612,100.0,151.62857300573165,0.0,3.258987520710725e-14,0.006721532052841028,0.0006597782977712728
4.05,52.35856532479922,0.0030011713508853793,17446.043295512885,100.0,151.52382049057934,0.0,7.192213582984287e-15,0.006743408698446486,0.000661105220076066
4.0600000000000005,45.39453941004923,0.0034502961957462875,13156.707956265922,100.0,151.4198906335384,0.0,2.879022773021046e-14,0.006765355555459336,0.0006624309796448331
4.07,41.104383735980335,0.003797918702914225,10822.870880421968,100.0,151.31685849728902,0.0,3.1195692078068277e-14,0.006787387641505952,0.0006637552190595093
4.08,45.43630826387787,0.00342377332734582,13270.82838719964,100.0,151.2147979283365,0.0,3.0952931794266766e-14,0.0068095201018200675,0.0006650775822472716
4.09,47.93474716002594,0.0032334853739072167,14824.482444497182,100.0,151.11378154649572,0.0,1.602499958712078e-14,0.006831768223823023,0.0006663977146198865
4.1,48.513371992989285,0.0031827094556372134,15242.790040750475,100.0,151.01388073563902,0.0,8.130504016504504e-15,0.006854147454364739,0.0006677152632118658
4.11,47.20691445071041,0.0032530967846261727,14511.3771818305,100.0,150.91516563562774,0.0,2.7159025618799133e-14,0.006876673415552872,0.0006690298768175025
4.12,52.10804951295378,0.0029472752967451073,17680.07541423108,100.0,150.81770513538456,0.0,7.525114275177458e-15,0.00689936192009869,0.0006703412061267351
4.13,54.612354529816045,0.0028031602767053707,19482.42310068813,100.0,150.72156686706577,0.0,4.24883011328865e-14,0.006922228985941916,0.0006716489038597952
4.14,54.344881324607684,0.002807706928017606,19355.61036741756,100.0,150.62681720129066,0.0,6.939503786090551e-15,0.006945290850328319,0.0006729526249005918
4.15,51.38591205676499,0.0029576319798191703,17374.004746833554,100.0,150.53352124338912,0.0,1.0048605733061762e-14,0.006968563983181315,0.0006742520264287709
4.16,53.782345062676065,0.002811726687489141,19127.87089228201,100.0,150.44174283062492,0.0,3.0259050325595355e-14,0.006992065099667444,0.0006755467680504123
4.17,56.92257329262481,0.002650707222367574,21474.48530425868,100.0,150.35154453035682,0.0,1.3921156467643244e-14,0.00701581117206042,0.0006768365119272957
4.18,57.696259224760766,0.002608244292955552,22120.726720495113,100.0,150.2629876390971,0.0,2.972550030960752e-14,0.00703981944074656,0.0006781209229046915
4.19,56.08088645042771,0.0026758587333890545,20958.089360494603,100.0,150.17613218242994,0.0,2.0958036143555866e-14,0.007064107424319342,0.0006793996686376122
4.2,52.16192460014258,0.0028686008758727418,18183.75119343602,100.0,150.09103691575203,0.0,2.086560899119369e-14,0.00708869292875048,0.0006806724197154683
4.21,46.12142945922184,0.003234567226848292,14258.918187383535,100.0,150.00775932579822,0.0,2.091133628263749e-14,0.007113594055636372,0.0006819388497850732
4.22,38.240584534302144,0.0038827593183761826,9848.81662721624,100.0,149.92635563291728,0.0,1.5870559879937588e-14,0.007138829209296448,0.0006831986356719287
4.23,40.682212030690835,0.0036414700550417957,11171.919970717401,100.0,149.84688079405333,0.0,1.257366010155559e-14,0.0071644171020887396,0.0006844514574997745
4.24,44.541314781542845,0.0033155452904331797,13434.084254576257,100.0,149.76938850626323,0.0,2.303307166052307e-14,0.00719037675957318,0.000685696998808952
4.25,46.702855284406205,0.0031522617160224314,14815.66554167226,100.0,149.69393121103718,0.0,3.238283248502537e-14,0.0072167275250632915,0.0006869349466721437
4.26,50.7394848043827,0.002896291047917978,17518.77969614179,100.0,149.62056009914667,0.0,2.768493756506731e-14,0.0072434890617175274,0.0006881649918086003
4.2700000000000005,53.209462932551034,0.002753049913236846,19327.460311095856,100.0,149.5493251160185,0.0,1.8655085370282124e-14,0.007270681353670945,0.0006893868286965567
4.28,53.07313875358605,0.0027514586502400628,19289.091896385744,100.0,149.48027496764794,0.0,4.779574279601778e-15,0.00729832470628009,0.0006906001556836262
4.29,50.35819892604641,0.002890552707528679,17421.65046666833,100.0,149.41345712699479,0.0,1.4347229413148806e-14,0.007326439745117856,0.0006918046750952308
4.3,45.34379260233103,0.0031921163148150434,14204.931189970852,100.0,149.34891784082785,0.0,1.1325629895037892e-14,0.007355047413720683,0.0006930000933410378
4.3100000000000005,49.735753800170826,0.002895541581577926,17176.6670928163,100.0,149.28670213698317,0.0,2.4306436819856087e-14,0.0073841689701360375,0.000694186121019366
4.32,53.853432174118865,0.002671296553094839,20160.035063020914,100.0,149.22685383200317,0.0,1.3416197671735774e-14,0.007413825982286885,0.00069536247301953
4.33,55.8191097916012,0.0025721234969063957,21701.56676331337,100.0,149.16941553912474,0.0,1.3276987867353805e-14,0.007444040322260551,0.0006965288686220875
4.34,55.5652182005989,0.0025779274383882942,21554.221182942976,100.0,149.1144286765854,0.0,1.3211753258096901e-14,0.0074748341595363655,0.0006976850315969553
4.3500000000000005,53.119367318204034,0.002690048070000205,19746.623828250024,100.0,149.0619334762186,0.0,1.9921529036316803e-14,0.007506229953187895,0.0006988306902993558
4.36,48.59834132297874,0.002932962827601618,16569.709259738294,100.0,149.0119689923095,0.0,1.468291541940491e-14,0.007538250443366641,0.0006999655777635626
4.37,42.21252451378395,0.0033683625948697257,12532.06070453248,100.0,148.96457311068363,0.0,2.6336159365334888e-14,0.00757091864203747,0.000701089431794405
4.38,36.12719225879935,0.003964185479904649,9113.396041112666,100.0,148.9197825580037,0.0,1.8132063051891707e-14,0.007604257823078703,0.000702201995056498
4.39,43.168565631987576,0.0032788180330238534,13165.892464052313,100.0,148.8776329112484,0.0,3.5794493565959033e-14,0.00763829151212627,0.0007033030151611572
4.4,48.51829160689076,0.002907385343888339,16687.946683394355,100.0,148.8381586073507,0.0,9.121004186683259e-15,0.00767304347655844,0.0007043922447509663
4.41,51.57362601806553,0.0027268751584365197,18913.086599694492,100.0,148.801392952942,0.0,8.227682875550988e-15,0.007708537715867121,0.000705469441582199
4.42,52.193256900200716,0.0026866676444786716,19426.763488019165,100.0,148.76736813414868,0.0,1.2068893037145317e-14,0.007744798450761138,0.0007065343686052369
4.43,50.36348715617041,0.0027763777045988866,18139.998413309044,100.0,148.73611522656356,0.0,9.383206707778773e-15,0.007781850113598137,0.0007075867940417699
4.44,46.19414512520442,0.0030187024435013496,15302.649396481918,100.0,148.70766420520752,0.0,3.8001848157479735e-15,0.007819717340831499,0.0007086264914602323
4.45,39.99064528597535,0.0034693115335384253,11526.968650517249,100.0,148.68204395455473,0.0,8.073798383746299e-15,0.00785842496568097,0.0007096532398486061
4.46,43.41084961236939,0.0031534459937207744,13766.162381981561,100.0,148.65928227856728,0.0,2.7481649266221143e-14,0.007897998012782412,0.0007106668236848244
4.47,48.98103201984393,0.002806950188365919,17449.91137457929,100.0,148.63940591071915,0.0,2.762438029135008e-14,0.007938461694897127,0.0007116670330047685
4.48,52.67419194650651,0.002609178559625359,20188.036480749626,100.0,148.62244052399103,0.0,8.589308932954597e-15,0.007979841412084025,0.0007126536634678353
4.49,54.3564416826675,0.002524799082159867,21529.016731172007,100.0,148.60841074082055,0.0,3.7175457132959284e-14,0.008022162753645276,0.0007136265164200466
4.5,53.97932403131354,0.0025378398259929017,21269.791528389593,100.0,148.59734014299028,0.0,3.5261043437849004e-14,0.008065451503456918,0.0007145853989546881
4.51,51.57538405058351,0.0026510186934902216,19454.930354595686,100.0,148.58925128143983,0.0,3.1022117047403757e-14,0.008109733649028866,0.0007155301239704494
4.5200000000000005,47.26283852201678,0.002887901878266968,16365.80483488561,100.0,148.5841656859877,0.0,2.1606721984115442e-14,0.008155035394792821,0.000716460510227044
4.53,41.47057099269074,0.0033054371239824667,12546.168460383855,100.0,148.58210387494964,0.0,1.2181595334359815e-14,0.00820138318004235,0.0007173763823982917
4.54,45.11415699727399,0.003016338783216014,14956.59481232853,100.0,148.5830853646413,0.0,2.097611668912644e-14,0.008248803702092225,0.0007182775711226424
4.55,49.24855542956222,0.002753184238504878,17887.8531777106,100.0,148.58712867875084,0.0,2.995567111931984e-14,0.008297323945667722,0.0007191639130511436
4.5600000000000005,51.16093753917436,0.002642786615426939,19358.70918996212,100.0,148.59425135749134,0.0,2.0251990862043147e-14,0.008346971217620167,0.0007200352508934248
4.57,50.75486067941832,0.0026569365175304932,19102.775073674984,100.0,148.6044699666926,0.0,9.057959569050418e-15,0.008397773187302792,0.000720891433460447
4.58,48.06402601768123,0.0027988374280005068,17172.853820244298,100.0,148.6178001066356,0.0,3.387590628014044e-14,0.008449757934608232,0.000721732315705188
4.59,44.83091200221547,0.002980783970695955,15039.973524732934,100.0,148.63425642075407,0.0,2.3915892740279334e-14,0.008502954004954617,0.0007225577587605904
4.6000000000000005,43.431420573381196,0.0030589054986131852,14198.353166866933,100.0,148.65385260416022,0.0,2.2327363675630085e-14,0.008557390471344198,0.0007233676299748655
4.61,40.55743591757921,0.003230693006615702,12553.788253643132,100.0,148.67660141195225,0.0,1.4637365218592514e-14,0.008613097004082724,0.0007241618029443682
4.62,40.88778161706295,0.0031741243137386036,12881.594284158258,100.0,148.70251466730213,0.0,8.60744550702809e-15,0.00867010394810098,0.0007249401575440067
4.63,46.62121681016915,0.0028259805383809107,16497.359474697532,100.0,148.7316032693199,0.0,1.412797372561421e-14,0.008728442407817085,0.0007257025799551603
4.64,50.64811753156278,0.0026053893336485984,19439.750089340752,100.0,148.7638772006932,0.0,3.12927761866903e-14,0.00878814433967654,0.0007264489626910816
4.65,52.8327785162113,0.002496419969025471,21163.41768281707,100.0,148.79934553510105,0.0,2.1171077126506532e-14,0.00884924265220573,0.0007271792046197507
4.66,53.111200137896304,0.0024805739361280854,21410.851482539274,100.0,148.83801644440075,0.0,1.1557274401603526e-14,0.008911771313441742,0.0007278932109841614
4.67,51.49358341854025,0.0025553730185593412,20151.102420096424,100.0,148.87989720558872,0.0,3.763139395995935e-15,0.008975765465508054,0.000728590893420009
4.68,48.09216185899806,0.00273513506154673,17583.103129028572,100.0,148.92499420753546,0.0,1.8517864723639393e-14,0.009041261545936935,0.00072927216997076
4.69,45.671492673378374,0.0028953052515701353,15774.327300587924,100.0,148.97331295749584,0.0,1.4283809986768495e-14,0.009108297415665994,0.0007299369651000777
4.7,49.0486708895218,0.0026729991598045534,18349.676882467924,100.0,149.02485808729622,0.0,1.4226092024093393e-14,0.009176912493730923,0.0007305852097022013
4.71,50.523357188143585,0.002587332013752268,19527.20289456485,100.0,149.0796333590932,0.0,1.803813736144282e-14,0.009247147895089777,0.0007312168411109868
4.72,49.811173090581065,0.0026178915627192664,19027.210217538963,100.0,149.13764167128136,0.0,2.8072545060472988e-14,0.00931904657306155,0.0007318318031038654
4.73,46.94081660277829,0.0027715345984980952,16936.760099699168,100.0,149.19888506378766,0.0,1.2039918353675685e-14,0.009392653467039859,0.000732430045905522
4.74,42.3995270141637,0.003051243147822028,13895.820477115503,100.0,149.2633647233249,0.0,6.4971566330028786e-15,0.009468015651928632,0.0007330115261878999
4.75,43.92537263474325,0.002936403022310376,14958.904585305376,100.0,149.3310809883509,0.0,2.2704775546931764e-14,0.009545182489840329,0.0007335762070679625
4.76,44.11138990825535,0.0029134490233721547,15140.608108941227,100.0,149.40203335372988,0.0,7.613968702395651e-15,0.009624205782437405,0.0007341240581032539
4.7700000000000005,42.83460187733255,0.002982191781249876,14363.463190613451,100.0,149.4762204751107,0.0,7.965189943534294e-15,0.009705139922905733,0.0007346550552851939
4.78,40.14681130360941,0.003117431293339874,12878.170367180071,100.0,149.5536401730363,0.0,3.5532187531093327e-14,0.009788042046291056,0.0007351691810300427
4.79,42.29428550037506,0.0029737478299919047,14222.552791401346,100.0,149.63428943679997,0.0,1.0056428722639863e-14,0.009872972176862949,0.000735666424167481
4.8,47.26862556140607,0.0026909244017336033,17565.943335663273,100.0,149.71816442806414,0.0,1.6293572078232904e-14,0.009959993371182157,0.0007361467799267318
4.8100000000000005,50.60683914901191,0.00251803948665427,20097.7146773236,100.0,149.8052604842583,0.0,1.17640787816883e-14,0.010049171855644062,0.0007366102499201766
4.82,52.206405504253475,0.0024410073481793406,21387.238159357592,100.0,149.8955721217724,0.0,1.8866068435192082e-14,0.010140577156647092,0.0007370568421243936
4.83,52.03470796643497,0.0024482035749417382,21254.240659979954,100.0,149.98909303896394,0.0,1.5705471491515938e-14,0.010234282221948405,0.0007374865708585652
4.84,50.17577768966961,0.0025407415691005917,19748.47749172363,100.0,150.08581611899533,0.0,2.611616891192419e-14,0.010330363532582893,0.0007378994567601969
4.8500000000000005,48.685890570498216,0.002633360750973549,18488.120380961525,100.0,150.1857334318333,0.0,1.82454875339302e-14,0.010428901201537501,0.0007382955267620232
4.86,50.058148144081514,0.0025414342426873546,19696.810290534686,100.0,150.28883623630776,0.0,1.9838040160070985e-14,0.010529979056235325,0.0007386748140650295
4.87,49.63476848822956,0.0025560931358341536,19418.21594541851,100.0,150.39511498245577,0.0,2.3097120373957008e-14,0.010633684705805594,0.0007390373581062257
4.88,47.165396698382445,0.002684079253204748,17572.2816835858,100.0,150.50455931307178,0.0,3.940636873826638e-14,0.010740109589804805,0.000739383204527567
4.89,42.740787206630664,0.0029557228527038646,14460.350085777438,100.0,150.6171580653546,0.0,1.9511610877566292e-14,0.010849349004726408,0.0007397124051409336
4.9,37.63533568934389,0.00332800815831395,11308.666895940203,100.0,150.7328992722689,0.0,9.05872226913735e-15,0.010961502106705686,0.0007400250178913848
4.91,40.99353732229835,0.0030564803035302503,13412.007685752336,100.0,150.8517701636506,0.0,1.4142260964328149e-14,0.011076671887039433,0.0007403211068185909
4.92,43.085695740305354,0.0029021985458078793,14845.881513703149,100.0,150.97375716708595,0.0,1.4068601099252343e-14,0.011194965116925215,0.0007406007420163362
4.93,43.799158236701246,0.0028462772164510675,15388.226411520456,100.0,151.09884590859394,0.0,2.7361275718918895e-14,0.011316492257964808,0.0007408639995899988
4.94,43.117110100247004,0.0028762658636134145,14990.655295710234,100.0,151.22702121314353,0.0,2.649557028317241e-14,0.011441367334439118,0.0007411109616118982
4.95,41.07579448471421,0.00297437815802005,13809.876317830774,100.0,151.3582671050362,0.0,1.8228257678536615e-14,0.011569707762636189,0.0007413417160744204
4.96,41.348865551295276,0.002923233539316884,14144.906657357895,100.0,151.49256680818738,0.0,3.5081329206720774e-14,0.01170163413260068,0.0007415563568408048
4.97,46.27786345000986,0.0026654450024523493,17362.152814044857,100.0,151.62990274633762,0.0,1.2706649117089237e-14,0.011837269936625153,0.0007417549835935045
4.98,49.714084715047825,0.0024907905873858887,19959.158737316124,100.0,151.7702565432287,0.0,8.331234481498094e-15,0.011976741238437706,0.0007419377017800099
4.99,51.548104300564525,0.002405067147021564,21433.12479420864,100.0,151.91360902277242,0.0,1.769376593274804e-14,0.012120176280609029,0.0007421046225560672
5.0,51.7811548024079,0.0023966501961647795,21605.637270416133,100.0,152.05994020779153,0.0,1.2153735574744909e-14,0.012267705017998847,0.0007422558627342097
5.01,50.82797683022897,0.0024519669513188747,20729.47060028252,100.0,152.20922931931327,0.0,1.6480457852086948e-14,0.012419458563366192,0.0007423915447267403
5.0200000000000005,50.21156945374472,0.0024766688186850087,20273.83276880945,100.0,152.36145477720143,0.0,3.946914933538408e-15,0.012575568547880013,0.0007425117964790023
5.03,48.538441924264944,0.00255410563211499,19004.085545229187,100.0,152.51659419911914,0.0,1.800056047681058e-14,0.012736166384110272,0.000742616751409499
5.04,45.040940163223866,0.0027466333170388497,16398.599654278783,100.0,152.67462439984607,0.0,3.572469763155342e-14,0.01290138241549471,0.0007427065483458632
5.05,39.77493066022188,0.0031041026039469602,12813.66492513709,100.0,152.8355213905772,0.0,2.6922815354783286e-14,0.013071344945099496,0.0007427813314588507
5.0600000000000005,32.96161933056822,0.0037289288349829247,8839.433732641657,100.0,152.99926037819054,0.0,3.5748079480229935e-14,0.013246179129347101,0.0007428412501945144
5.07,34.55629151523176,0.0035307667933547485,9787.191717184525,100.0,153.1658157644692,0.0,2.0170430056436415e-14,0.013426005722430296,0.0007428864592047179
5.08,38.69121115758824,0.003157290233254463,12254.562710158647,100.0,153.33516114526395,0.0,1.9831166719991752e-14,0.013610939655906725,0.0007429171182761595
5.09,41.638547000879214,0.0029312714289911166,14204.944171686737,100.0,153.50726930958027,0.0,2.083848702870897e-14,0.013801088439399721,0.0007429333922580757
5.1000000000000005,43.30600818697489,0.00281289978502602,15395.50339386666,100.0,153.68211223873422,0.0,1.673811738628375e-14,0.013996550369100524,0.0007429354509880069
5.11,43.648319349343915,0.0027812854425280547,15693.577754345735,100.0,153.85966110569709,0.0,5.073875033735083e-14,0.014197412515953413,0.0007429234692151557
5.12,42.670323941523435,0.0028240512347913163,15109.613953118158,100.0,154.03988627427975,0.0,2.1324151428617407e-14,0.014403748478249418,0.0007428976265231413
5.13,40.55094063302379,0.00289010522568029,14030.95647615345,100.0,154.22275729833183,0.0,1.5539370695421917e-14,0.014615615883823629,0.0007428581072514184
5.14,43.62361296196889,0.002736822922933161,15939.50876266987,100.0,154.4082429210506,0.0,2.486484619887479e-14,0.01483305361527461,0.0007428051004149586
5.15,47.77048276545628,0.002529398891764855,18886.100931326433,100.0,154.59631107452356,0.0,2.3483256145940614e-14,0.015056078739781277,0.0007427387996217022
5.16,50.54949904091998,0.002398824381438572,21072.61349853611,100.0,154.78692887934895,0.0,1.9165661495199757e-14,0.015284683119206052,0.000742659402988675
5.17,51.90343655599584,0.00233904562792507,22190.00601627363,100.0,154.98006264417282,0.0,1.892700527623753e-14,0.015518829677443157,0.0007425671130576998
5.18,51.746489338896,0.0023455465314084992,22061.591465346995,100.0,155.17567786505637,0.0,1.989030365728278e-14,0.01575844831265924,0.0007424621367112253
5.19,49.973183980754854,0.002425866763759148,20600.135476243508,100.0,155.37373922581708,0.0,8.023020748726157e-15,0.01600343143121567,0.000742344685082625
5.2,46.58513254131407,0.0025974252871116496,17935.119355489518,100.0,155.57421059811037,0.0,1.5902617892724124e-14,0.016253629078436867,0.000742214973467351
5.21,41.70377780533442,0.0028931401689193145,14414.710442775466,100.0,155.77705504144646,0.0,2.5270600716037294e-14,0.016508843660665896,0.0007420732212340329
5.22,35.53986021848243,0.0033751319885814606,10529.917152490245,100.0,155.98223480363686,0.0,3.457056524642069e-14,0.01676882424848459,0.0007419196517331418
5.23,28.568490160005776,0.004092232541338875,6981.150233133841,100.0,156.18971132161113,0.0,1.1937295404702561e-14,0.017033260453594663,0.0007417544922036759
5.24,29.70515306374596,0.003975233472810918,7472.555578664219,100.0,156.399445222296,0.0,9.323906081093526e-14,0.01730177587963475,0.0007415779736795235
5.25,34.69851653080531,0.0034421562201957,10080.45954661307,100.0,156.61139632332032,0.0,9.450556718502266e-15,0.017573921164263897,0.0007413903308967867
5.26,38.76801364218181,0.003087347685523581,12557.06113825893,100.0,156.82552363480755,0.0,1.7531896947942366e-14,0.01784916663348449,0.0007411918021958851
5.2700000000000005,41.71150562486147,0.0028689695899171224,14538.845504481775,100.0,157.04178536095682,0.0,1.77206863497101e-14,0.01812689459882957,0.0007409826294250819
5.28,43.43622265211955,0.0027509275994328174,15789.664061342497,100.0,157.2601389018688,0.0,2.7040224519797476e-14,0.018406391354060216,0.0007407630578432413
5.29,43.90414207992433,0.0027130804626791403,16182.395872096406,100.0,157.48054085595768,0.0,6.62661897489826e-15,0.018686838941226414,0.0007405333360202571
5.3,43.17371241185421,0.0027407439659821783,15752.552207620165,100.0,157.70294702257834,0.0,2.9765267439829936e-14,0.018967306775322795,0.000740293715737128
5.3100000000000005,44.30301588252587,0.002716685429365201,16307.745977375824,100.0,157.9273124047243,0.0,3.688544533529303e-14,0.01924674324677318,0.0007400444518864968
5.32,47.83623485492498,0.002509608563761533,19061.23351094464,100.0,158.15359121268244,0.0,1.794767339196392e-14,0.019523967447066793,0.0007397858023694089
5.33,49.725615046281284,0.0024010378723071557,20710.05027442569,100.0,158.3817368675677,0.0,1.9050699682392248e-14,0.019797661191754346,0.0007395180279937411
5.34,50.94127032362894,0.0023270743028673793,21890.693503366016,100.0,158.61170200543228,0.0,3.2017090526926355e-14,0.020066361552585184,0.000739241392370973
5.3500000000000005,51.99732575214153,0.002284814092085305,22757.792825360502,100.0,158.84343848203582,0.0,7.995838340831625e-14,0.020328454148276765,0.0007389561618110244
5.36,51.67041680965548,0.0023010932366565795,22454.725426393878,100.0,159.07689737759372,0.0,2.37513630988022e-14,0.02058216747776143,0.0007386626052186256
5.37,49.866420929254325,0.002383724031398621,20919.544491060828,100.0,159.31202900217795,0.0,9.466457946645793e-14,0.02082556861953107,0.0007383609939880248
5.38,46.63461753209723,0.0025458753054176772,18317.71471008724,100.0,159.54878290192028,0.0,4.067415689378147e-14,0.021056560667784167,0.0007380516018954355
5.39,42.087195496692274,0.002813631583881928,14958.317833006822,100.0,159.7871078651656,0.0,4.0255446699064146e-14,0.02127288229943858,0.00073773470499351
5.4,36.41742877305339,0.0032322786920736765,11266.797279070543,100.0,160.02695192953703,0.0,5.792561217049407e-14,0.021472109903777455,0.0007374105815032473
5.41,30.18082000383571,0.00382593411461412,7888.483988407552,100.0,160.2682623894915,0.0,5.537289404319481e-14,0.021651662748487167,0.000737079511705523
5.42,29.087283784633055,0.00395409537659718,7356.2423296084025,100.0,160.51098580391024,0.0,5.233898420229951e-14,0.021808811629486422,0.000736741777834571
5.43,33.77684617724916,0.003471328702626766,9730.235616030863,100.0,160.75506800509882,0.0,2.3900697273910475e-14,0.02194069148280432,0.0007363976639668502
5.44,38.06812444397827,0.003095792023500165,12296.731871845086,100.0,161.00045410768197,0.0,8.138813967885071e-14,0.02204431844588124,0.0007360474559127325
5.45,41.3944847684214,0.0028514634440463984,14516.926336492019,100.0,161.24708851840802,0.0,4.951250847653553e-14,0.02211661173032609,0.0007356914411063189
5.46,43.641500925292995,0.002705830988527142,16128.686939552075,100.0,161.49491494645397,0.0,4.2668627121601246e-14,0.02215442066258484,0.0007353299084952615
5.47,45.0406342158946,0.002630436727027332,17122.87307773231,100.0,161.7438764142802,0.0,5.072143014253652e-14,0.022154557261157573,0.0007349631484305641
5.48,47.539816227106044,0.002505182423493944,18976.58860339716,100.0,161.99391526930484,0.0,4.9278358274335775e-14,0.022113834366903264,0.0007345914525554253
5.49,49.645071751533195,0.002391315432835852,20760.570132171684,100.0,162.24497319618274,0.0,5.412204758749252e-14,0.022029109250712026,0.0007342151136938234
5.5,50.08110164403933,0.0023600529515802084,21220.329658496343,100.0,162.4969912295236,0.0,6.148599892883189e-14,0.021897332692952735,0.0007338344257398392
5.51,48.789574152388376,0.0023793936447430715,20505.04516567989,100.0,162.7499097677126,0.0,1.5279421096773792e-13,0.02171560298139675,0.0007334496835449856
5.5200000000000005,50.06296883040316,0.002318936056775088,21588.76640178903,100.0,163.00366858677867,0.0,3.821684082018626e-14,0.021481224113680128,0.0007330611828081854
5.53,51.878512332336975,0.002254646764576521,23009.596513040062,100.0,163.25820685539318,0.0,2.4144674532178838e-14,0.021191767393463946,0.0007326692199636513
5.54,52.31237965599595,0.002241801986316996,23334.968911299224,100.0,163.5134631510996,0.0,2.3782202805191117e-14,0.020845135100765865,0.0007322740920663169
5.55,51.32516343861407,0.0022866415573524015,22445.6532216799,100.0,163.76937547582023,0.0,4.013596387779894e-14,0.020439624831884176,0.0007318760966837273
5.5600000000000005,48.94776685697487,0.002396622743784873,20423.64280482208,100.0,164.0258812735736,0.0,6.757555923120602e-14,0.0199739928130368,0.0007314755317811808
5.57,45.267700042533825,0.002586973961574467,17498.320707868006,100.0,164.2829174476774,0.0,3.08740769398634e-14,0.019447514220716305,0.0007310726956125364
5.58,40.44637829646118,0.0028841184112150323,14023.82722539529,100.0,164.5404203798656,0.0,1.37731869836844e-13,0.018860038492737263,0.0007306678866057608
5.59,34.83963473867728,0.0033179653709984676,10500.300890178692,100.0,164.79832594935164,0.0,1.5584125466602466e-14,0.018212037468739516,0.0007302614032521854
5.6000000000000005,30.304315035022483,0.0037542887081652818,8071.919181152209,100.0,165.05656955277212,0.0,2.7594440541061997e-14,0.017504644252035517,0.0007298535439952991
5.61,33.0190256291581,0.003528178825188858,9358.659882380152,100.0,165.31508612514997,0.0,1.8251083370026092e-14,0.016739680793343214,0.0007294446071185144
5.62,38.11645493122478,0.0030924446495585152,12325.670869053833,100.0,165.57381016080754,0.0,1.1094604710167414e-14,0.015919672366186178,0.0007290348906367561
5.63,42.84410830933462,0.0027616508144651763,15513.948427122872,100.0,165.83267573691597,0.0,7.9400393631452e-14,0.015047847526530246,0.0007286246921798806
5.64,46.70883598452266,0.002533337011177913,18437.671647486288,100.0,166.09161653528778,0.0,2.2191374706371658e-14,0.01412812248387473,0.0007282143088876341
5.65,49.34365072311347,0.002393943988341679,20611.865174545943,100.0,166.35056586690217,0.0,1.7311589289534134e-14,0.013165069349918799,0.0007278040372960949
5.66,50.49550221040228,0.002332849170811256,21645.420905133917,100.0,166.60945669598036,0.0,9.601185465934809e-14,0.012163868291870201,0.0007273941732298552
5.67,50.05536710150023,0.0023420159876040027,21372.769172557753,100.0,166.8682216658319,0.0,5.950378082543695e-14,0.01113024424073654,0.0007269850116900635
5.68,48.045636886996476,0.0024092295981123298,19942.32385516142,100.0,167.1267931244799,0.0,6.902920062679072e-14,0.010070389400964583,0.0007265768467472064
5.69,45.1113955893836,0.002455334698676781,18372.809056824248,100.0,167.38510315165212,0.0,5.3964683686824815e-14,0.00899087334883269,0.0007261699714315843
5.7,48.07488484312831,0.002368844499883849,20294.656253496403,100.0,167.64308358619408,0.0,2.9232422159909204e-14,0.00789854305174646,0.0007257646776256982
5.71,50.876191468250546,0.0022672999925582747,22439.108911584804,100.0,167.90066605446637,0.0,3.442085981916399e-14,0.006800415564907027,0.0007253612559560208
5.72,52.49836196943469,0.0022088860140395943,23766.89500307265,100.0,168.1577819992143,0.0,5.867622740415145e-14,0.005703566461765906,0.0007249599956864482
5.73,52.79208028207194,0.002201767239421018,23977.139516325202,100.0,168.41436270924407,0.0,3.976682126153651e-14,0.0061724421458129244,0.0007245611846119058
5.74,51.72448556673014,0.0022490600425877603,22998.267981861496,100.0,168.6703393498841,0.0,3.523468532756962e-14,0.006735702929955629,0.0007241651089522416
5.75,49.3243441091092,0.0023578327116727032,20919.356943740644,100.0,168.92564299393499,0.0,6.530275369647305e-14,0.0072772541236717,0.0007237720532476017
5.76,45.675943530291576,0.002542459180729216,17965.261301536815,100.0,169.18020465343798,0.0,3.880727415087938e-14,0.007789523175922287,0.0007233823002538914
5.7700000000000005,40.94185657361835,0.0028273313256777315,14480.742388338338,100.0,169.43395531196867,0.0,3.45291378458446e-14,0.008264793448008166,0.0007229961308395143
5.78,35.6041399994781,0.003238807827615612,10992.9770133011,100.0,169.686825957769,0.0,1.2449147847026564e-13,0.008695172858683336,0.000722613823882028
5.79,38.25765550457755,0.003079738971850001,12422.369510619972,100.0,169.9387476173403,0.0,8.594246550199587e-14,0.009072603279875578,0.0007222356561662656
5.8,43.741613123528126,0.002686852362411541,16279.87221607835,100.0,170.189651389339,0.0,8.498113110059061e-14,0.009388948929333835,0.0007218619022845206
5.8100000000000005,47.8224417021082,0.0024545678054798217,19483.03957843194,100.0,170.43946847970525,0.0,1.7155303117578307e-14,0.009636220160717484,0.0007214928345348416
5.82,50.30795968324369,0.0023307279405929693,21584.65550914735,100.0,170.68813023681082,0.0,2.0991392547510072e-14,0.009807003593504615,0.0007211287228224613
5.83,51.11010302611067,0.0022910172682111115,22308.91217420584,100.0,170.9355681873354,0.0,6.063697096512411e-14,0.009895166160064984,0.0007207698345613124
5.84,50.22340105015843,0.0023255519200631354,21596.336171584997,100.0,171.18171407241036,0.0,3.1619513184073103e-13,0.009896856008095497,0.0007204164345774808
5.8500000000000005,47.84142233965104,0.0024184902542181276,19781.52372382318,100.0,171.42649988456003,0.0,1.1022086451761051e-13,0.00981171322079921,0.0007200687850122965
5.86,45.741116205151435,0.002482543320085061,18425.102931772475,100.0,171.66985790487897,0.0,1.8909594827368692e-13,0.009644030126347744,0.0007197271452273228
5.87,44.45567282661083,0.0025184285083098175,17652.148027996307,100.0,171.91172074067342,0.0,2.8945801384722905e-14,0.009743147559037803,0.0007193917717101928
5.88,44.26632982082921,0.0025004716605828855,17703.191969194435,100.0,172.15202136322853,0.0,3.33893890513379e-14,0.010330637181788697,0.0007190629179825911
5.89,47.47989734825168,0.002383735375149846,19918.27525958791,100.0,172.39069314636913,0.0,8.599816434046392e-14,0.010922763309546547,0.0007187408345075123
5.9,50.57657969490439,0.0022647250340430114,22332.32685409696,100.0,172.62766990489894,0.0,1.4714892908156263e-13,0.011500672815066282,0.0007184257685994726
5.91,52.5557951917474,0.0021907915473004295,23989.40933312825,100.0,172.86288593376676,0.0,5.969386769220396e-14,0.01204705617021338,0.0007181179643340508
5.92,53.24232021871134,0.002167802885929265,24560.498818548313,100.0,173.0962760466546,0.0,2.7838473153328065e-14,0.012548176706478752,0.0007178176624620131
5.93,52.589237799579514,0.0021970145240985716,23936.681902982284,100.0,173.3277756157685,0.0,2.842985762274058e-14,0.01299487067320999,0.0007175251003205627
5.94,50.60822224213171,0.0022833726365305705,22163.803416260373,100.0,173.55732061097586,0.0,7.324675094128939e-14,0.013382502794575746,0.000717240511749225
5.95,47.36109434206717,0.002438549782288226,19421.8279594135,100.0,173.78484763950186,0.0,3.076279639923887e-14,0.013710209090451243,0.0007169641270052331
5.96,43.01446524255294,0.0026839457569194022,16026.577709947602,100.0,174.01029398562088,0.0,4.332425020295919e-14,0.01397985008135125,0.0007166961726806057
5.97,43.86937191659,0.00265806101796594,16504.275718305624,100.0,174.2335976499362,0.0,4.1792814041891994e-14,0.014194998301044658,0.0007164368716224385
5.98,48.034159723993454,0.0024230078948276872,19824.1862218156,100.0,174.45469738937783,0.0,5.710934620857814e-14,0.014360126069729374,0.0007161864428515976
5.99,50.65330432277469,0.002295386469162793,22067.440495652,100.0,174.67353275659033,0.0,5.8204344332844e-14,0.0144800330269453,0.0007159451014851617
6.0,51.60256976008205,0.0022510252159692883,22924.030079273038,100.0,174.89004413953276,0.0,1.8854656498015798e-14,0.01455948380137292,0.0007157130586590761
6.01,50.85006485975208,0.002281853074008922,22284.54822045797,100.0,175.1041728004655,0.0,5.2811222141798996e-14,0.014603002597856705,0.0007154905214541099
6.0200000000000005,48.43346433925031,0.0023914797041864624,20252.509044698952,100.0,175.31586091496845,0.0,6.834163421182547e-14,0.014614773144509093,0.0007152776928224752
6.03,44.77361930067957,0.002555116986235268,17523.11911426389,100.0,175.5250516115209,0.0,3.9134508816155066e-14,0.014598603721870055,0.0007150747715129447
6.04,45.370321355057264,0.0025156390959723764,18035.306188275055,100.0,175.7316890093593,0.0,5.654420976653322e-14,0.01455792922106796,0.0007148819520030718
6.05,45.583775570290065,0.0024953040016253755,18267.82449777582,100.0,175.93571825673916,0.0,8.306731714714734e-14,0.01449583223069071,0.0007146994244301707
6.0600000000000005,44.721484484508665,0.0025206609725333213,17741.967274386196,100.0,176.1370855689876,0.0,2.9533298834258804e-14,0.014415072409290021,0.0007145273745232799
6.07,43.1574956581041,0.002551866004087144,16912.132372539065,100.0,176.33573826562446,0.0,2.5032581295922145e-14,0.0143181180555456,0.000714365983538726
6.08,45.10268168211583,0.0024658697253601434,18290.78041644253,100.0,176.53162480739738,0.0,6.91898717447824e-14,0.014207176702223129,0.000714215428195854
6.09,48.88924316397988,0.002315836998240047,21110.830857756373,100.0,176.72469483268608,0.0,3.161168654840276e-14,0.014084223276892354,0.0007140758806148788
6.1000000000000005,51.66127235698944,0.0022057219540339234,23421.479875334688,100.0,176.91489919306497,0.0,5.9541061410608e-14,0.01395102532351634,0.0007139475082575161
6.11,53.18144619628162,0.0021485605880176882,24752.127770037918,100.0,177.10218998862257,0.0,2.982870666508717e-14,0.013809165272189965,0.0007138304738679042
6.12,53.38783042962113,0.00214288190718605,24914.032943480295,100.0,177.2865206022613,0.0,2.642727770842589e-14,0.013660059980889153,0.0007137249354166703
6.13,52.27567833141263,0.0021895253856481453,23875.346992580282,100.0,177.46784573348293,0.0,1.1368854184566914e-13,0.013504977865127218,0.000713631046046025
6.140000000000001,49.90524030584655,0.0022943018566834767,21751.819692107543,100.0,177.6461214314805,0.0,1.8442004095309468e-14,0.013345053936782127,0.0007135489540164156
6.15,47.6353084019867,0.00242287157765134,19660.68232479864,100.0,177.8213051270624,0.0,2.795922063902393e-14,0.013181303060669064,0.0007134788026564281
6.16,50.307157260328474,0.00228603655179823,22006.278605106345,100.0,177.9933556640968,0.0,3.08757240119533e-14,0.013014631694296858,0.0007134207303131126
6.17,51.77917103793436,0.002217935704088313,23345.659183217078,100.0,178.16223332980576,0.0,1.6642351651879392e-14,0.012845848333227375,0.0007133748703051812
6.18,51.612058165688886,0.002222502675404577,23222.495404327732,100.0,178.3278998841362,0.0,2.8344966730394625e-14,0.012675672855716854,0.0007133413508780476
6.19,49.795453156527685,0.0023008324420028302,21642.36397552779,100.0,178.49031858841124,0.0,2.274919958296209e-14,0.01250474491432382,0.000713320295159787
6.2,46.38963835274367,0.0024662431028839743,18809.840075577533,100.0,178.64945423251146,0.0,4.793914947607846e-14,0.012333631504131764,0.0007133118211207569
6.21,41.55002815269044,0.002742004005771312,15153.160996569231,100.0,178.80527316130443,0.0,2.2808896477382502e-14,0.012162833814304237,0.0007133160415339932
6.22,42.34874794706693,0.002673939949897665,15837.583767985392,100.0,178.957743299921,0.0,2.9893477451281942e-15,0.011992793441734666,0.0007133330639377777
6.23,44.472449941408364,0.0025442145563025257,17479.834721973923,100.0,179.1068341777203,0.0,3.138384739535708e-14,0.011823898041672349,0.0007133629906008671
6.24,45.508177749285075,0.0024804390600237586,18346.823545364256,100.0,179.25251695114827,0.0,1.7755774241509926e-14,0.011656486477651188,0.0007134059184894753
6.25,45.42628256571453,0.002473902498433408,18362.196001855613,100.0,179.39476442568517,0.0,1.4160966335892995e-14,0.011490853512662222,0.0007134619392351493
6.26,44.24514270965973,0.002514872606213211,17593.393240018704,100.0,179.53355107602692,0.0,4.4531992746083605e-14,0.011327254088850259,0.0007135311391066803
6.2700000000000005,42.24538318978225,0.0025525232382919436,16550.440190331563,100.0,179.66885306528886,0.0,1.8423928416273893e-14,0.011165907237357357,0.000713613598982962
6.28,45.28489106845382,0.002435810926826676,18591.299747328925,100.0,179.80064826291678,0.0,1.6017716735781925e-14,0.011006999644140337,0.0007137093943278803
6.29,49.10241482737985,0.002277707786001134,21557.820159883937,100.0,179.92891626119487,0.0,1.523931087518046e-14,0.010850688902785198,0.0007138185951675683
6.3,51.764993936902826,0.002170131623036854,23853.389069766916,100.0,180.0536383903193,0.0,1.752265847946945e-14,0.01069710648200189,0.0007139412660700632
6.3100000000000005,53.17936004401111,0.0021161609944925688,25130.11069687678,100.0,180.17479773215751,0.0,2.2026910971401015e-14,0.01054636043295057,0.0007140774661268319
6.32,53.32602603438676,0.002112094136794,25247.939997282345,100.0,180.29237913279664,0.0,2.7537566471438115e-14,0.010398537852217305,0.000714227248935708
6.33,52.31020504630631,0.002155598872753427,24267.13323499215,100.0,180.40636921338097,0.0,2.860813720813418e-14,0.010253707121950433,0.0007143906625870494
6.34,51.63923927691518,0.0021916323027866683,23561.999524854466,100.0,180.51675637957226,0.0,8.027816591272963e-15,0.010111919949904439,0.0007145677496518257
6.3500000000000005,52.11456530211123,0.002166384292259799,24056.01143264821,100.0,180.62353082967593,0.0,1.8398805251864206e-14,0.009973213221288618,0.0007147585471714118
6.36,51.267983127993894,0.0021983496956769666,23321.12276259409,100.0,180.7266845612348,0.0,1.1121640969249055e-14,0.009837610677768418,0.0007149630866497951
6.37,48.874260048782794,0.002302384222746859,21227.673281427098,100.0,180.82621137615254,0.0,5.0473858279315784e-15,0.009705124439325292,0.0007151813940479284
6.38,44.982163879218824,0.0024974763989182927,18011.046630391185,100.0,180.92210688432473,0.0,3.3326592542544966e-14,0.009575756381504695,0.0007154134897802891
6.390000000000001,39.71088258110682,0.0028229429600073685,14067.192693473045,100.0,181.01436850578546,0.0,3.178426854169799e-14,0.009449499380801828,0.0007156593887136002
6.4,34.77456652842313,0.003181449912427575,10930.41458631317,100.0,181.10299547137896,0.0,4.113388467526121e-14,0.009326338439242845,0.0007159191001676702
6.41,38.833188214373,0.0028634616909674,13561.623100064415,100.0,181.18798882196978,0.0,1.0912558739850016e-14,0.009206251696106319,0.0007161926279182954
6.42,41.99463416993417,0.002646266892307931,15869.387283649505,100.0,181.2693514060854,0.0,5.945026017363371e-15,0.009089211339603333,0.000716479970202603
6.43,44.14595450251985,0.0025130352356263846,17566.786918336336,100.0,181.34708787615048,0.0,3.6400139391691504e-14,0.008975184427227294,0.0007167811197263136
6.44,45.23601933538031,0.002446025445350256,18493.68305688365,100.0,181.42120468324092,0.0,3.378651875315964e-14,0.008864133619688136,0.000717096063673153
6.45,45.24158460429604,0.0024355459083546666,18575.54170878224,100.0,181.49171007025748,0.0,3.024564047211767e-14,0.008756017839019291,0.0007174247837168597
6.46,44.16716065644445,0.0024743450389363743,17850.04110640536,100.0,181.5586140637223,0.0,2.5899908731993866e-14,0.008650792857645511,0.0007177672560350403
6.47,42.05878071696509,0.0025291458752202843,16629.638143470802,100.0,181.62192846418083,0.0,1.0905469709089237e-14,0.00854841182341225,0.0007181234513249865
6.48,44.124037542962796,0.0024383232154143934,18096.057677679088,100.0,181.68166683518453,0.0,1.5666755433728286e-14,0.008448825726590684,0.000718493334821599
6.49,48.06450168422992,0.002273854600733794,21137.89583059491,100.0,181.7378444908318,0.0,9.640095458872004e-15,0.008351983814160018,0.000718876866317565
6.5,50.88050930848261,0.002157170999104104,23586.683359647344,100.0,181.7904784818465,0.0,3.2360198976783283e-14,0.008257833956394532,0.0007192740001859337
6.51,52.55338260879248,0.00209180881344986,25123.415806877787,100.0,181.83958758017317,0.0,2.7190706479909102e-14,0.008166322971083242,0.000719684685405245
6.5200000000000005,53.20464749178374,0.0020679155140779387,25728.636943616682,100.0,181.88519226222448,0.0,3.662547690863853e-14,0.008077396912945027,0.0007201088655867753
6.53,53.06110817641712,0.0020737025022141736,25587.618339545665,100.0,181.9273146915433,0.0,3.642189522032743e-14,0.007991001320860603,0.0007205464790010788
6.54,51.94329082553224,0.002115888172511054,24549.16639752656,100.0,181.96597869890155,0.0,2.6834014724202354e-14,0.007907081438588686,0.000720997458611484
6.55,49.54569588981006,0.0022144637016586963,22373.677135777358,100.0,182.00120976252663,0.0,1.0758134208591932e-14,0.00782558240795779,0.000721461732104337
6.5600000000000005,45.815839096338856,0.002389856295403184,19170.95985414028,100.0,182.03303498614648,0.0,3.1701418251244944e-14,0.007746449427837367,0.0007219392219249129
6.57,40.836262797365414,0.0026743958010420933,15269.341501902349,100.0,182.06148307582657,0.0,2.591913369443612e-15,0.007669627897415005,0.0007224298453154175
6.58,34.753786352072794,0.0031285285863739127,11108.668306065822,100.0,182.08658431579144,0.0,3.135484643653295e-14,0.007595063539407178,0.0007229335143544629
6.59,27.7554593523021,0.0037393567110093097,7422.522507838114,100.0,182.1083705432295,0.0,2.0650547284240504e-14,0.007522702504138547,0.0007234501359981291
6.6000000000000005,32.64194963046426,0.0033107825793611493,9859.285183493648,100.0,182.1268751220788,0.0,3.54774564133967e-14,0.007452491456649956,0.0007239796121227516
6.61,36.94706798419273,0.0029293077715404664,12612.900680205064,100.0,182.142132915794,0.0,2.2344156351493586e-14,0.007384377648491603,0.0007245218395695512
6.62,40.38446721729574,0.0026771893300260845,15084.651191592142,100.0,182.15418025909372,0.0,2.6269952807915317e-14,0.007318308976000733,0.0007250767101912501
6.63,42.876320842139705,0.00251673431869669,17036.490710844493,100.0,182.16305492868955,0.0,1.496133763150682e-14,0.00725423402649844,0.0007256441109007918
6.640000000000001,44.36814891133827,0.002425713020095618,18290.76586709723,100.0,182.1687961129964,0.0,4.333651221848304e-14,0.0071921021138014385,0.0007262239237223185
6.65,44.829265935958794,0.0023920349396563223,18741.058164643564,100.0,182.17144438082727,0.0,2.926313175596552e-14,0.007131863304246584,0.0007268160258445262
6.66,44.25324686005911,0.002408987880351652,18370.057907306385,100.0,182.17104164907317,0.0,1.0927021436276078e-14,0.007073468434397775,0.0007274202896765497
6.67,42.658354533155695,0.00246453058799092,17308.916651722586,100.0,182.16763114937123,0.0,2.2693544707766302e-14,0.007016869121394519,0.0007280365829065129
6.68,44.502362739608145,0.0024103901972553775,18462.721425884218,100.0,182.16125739376292,0.0,1.3938570217097385e-14,0.0069620177824277025,0.0007286647685628927
6.69,47.842457146727625,0.0022442542280327717,21317.752930631443,100.0,182.15196614196205,0.0,2.8086427518885128e-14,0.006908867650453061,0.0007293047050689305
6.7,49.84855453559251,0.0021467152524112824,23220.850776366584,100.0,182.13980436834333,0.0,3.002103484250384e-14,0.00685737273942391,0.0007299562462973201
6.71,51.39772965524086,0.002067104903315229,24864.596650517844,100.0,182.1248202228764,0.0,3.27732772377464e-14,0.006807487835088639,0.0007306192416472169
6.72,52.52482950058387,0.002022449516581481,25970.897701004607,100.0,182.10706299635575,0.0,6.340214743841711e-15,0.006759168504395564,0.0007312935361045933
6.73,52.459296745997456,0.0020236821503881726,25922.695782998817,100.0,182.08658308355507,0.0,1.926627618196003e-14,0.00671237107238196,0.0007319789703101733
6.74,51.17860786639657,0.002072154377503339,24698.26014027958,100.0,182.06343194595922,0.0,1.2893072836115529e-14,0.006667052607004171,0.0007326753806288375
6.75,48.71651662534283,0.0021739455537850214,22409.262522938207,100.0,182.03766207411778,0.0,9.68969814494159e-15,0.006623170901785475,0.0007333825992204788
6.76,45.1364783483526,0.0023424906237320643,19268.58442508555,100.0,182.0093269496533,0.0,2.7338500854332207e-14,0.006580684456710093,0.000734100454112329
6.7700000000000005,40.52761071731188,0.0026033083385835635,15567.733609059382,100.0,181.9784810069591,0.0,4.792879041888078e-15,0.006539552457671223,0.000734828769272772
6.78,35.00209600477279,0.003003990984500737,11651.864531341174,100.0,181.94517959461848,0.0,2.3008140854262872e-14,0.006499734754800054,0.0007355673646866589
6.79,28.693314210886335,0.003620543294505671,7925.14047668748,100.0,181.90947893657784,0.0,1.3926216125766655e-14,0.006461191839875417,0.0007363160564321531
6.8,28.573243606684915,0.003636909403089826,7856.462847936165,100.0,181.87143609310698,0.0,9.633591957141325e-15,0.006423884823100071,0.0007370746567591089
6.8100000000000005,33.27491855388214,0.003141113664994075,10593.350671996424,100.0,181.8311089215749,0.0,3.047981478695656e-14,0.0063877754095526705,0.000737842974169022
6.82,37.21654643077963,0.0028066332926832806,13260.20984921716,100.0,181.78855603707464,0.0,1.4516241994550194e-14,0.006352825875249565,0.0007386208134965558
6.83,40.312137445473375,0.0025862893064813467,15586.863134162722,100.0,181.7438367729241,0.0,2.1177791310440824e-14,0.006318999043260599,0.0007394079759926739
6.84,42.49604566173855,0.0024472630830369314,17364.723047676212,100.0,181.69701114107292,0.0,8.541709021958291e-15,0.006286258259753141,0.0007402042594093997
6.8500000000000005,43.72372149428943,0.0023710756340715876,18440.45835822094,100.0,181.6481397924429,0.0,1.3462271135550397e-14,0.006254567370598536,0.0007410094580862182
6.86,43.97279450595567,0.0023476889235873153,18730.247463434964,100.0,181.59728397725928,0.0,1.06750038794178e-14,0.006223890710975176,0.0007418233630380341
6.87,45.89216338284073,0.002264316850043279,20267.553713590733,100.0,181.54450550710112,0.0,8.711787209392102e-15,0.006194193081544224,0.0007426457620382034
6.88,48.39926651131321,0.0021420729478933828,22594.593036110822,100.0,181.48986671541135,0.0,1.4441973404180938e-14,0.0061654397117133835,0.0007434764397090961
6.890000000000001,49.52368359350446,0.0020877462840074037,23721.121657773638,100.0,181.43343041782902,0.0,6.491119151201389e-15,0.006137596245711074,0.0007443151776152106
6.9,49.26912211065594,0.002088820358308873,23587.05568656208,100.0,181.37525987379058,0.0,3.548461392288725e-15,0.0061106287274498485,0.0007451617543534118
6.91,48.758419022910545,0.002083368947561895,23403.64104973873,100.0,181.31541874798492,0.0,2.1072170913110584e-14,0.006084503578125385,0.0007460159456457643
6.92,50.4781379129961,0.0020202533519372693,24986.043391335745,100.0,181.25397107210526,0.0,1.2071344746542983e-14,0.006059187577728917,0.00074687752443336
6.93,51.267718661150816,0.0019905451713119254,25755.61680288891,100.0,181.1909812069287,0.0,1.312016869783811e-14,0.006034647847310065,0.0007477462609711184
6.94,50.925312436771286,0.0020029777855302424,25424.801415503458,100.0,181.12651380475282,0.0,1.2325093459989725e-14,0.0060108518317794,0.0007486219229235229
6.95,49.45069948878204,0.00206057769280323,23998.463955760308,100.0,181.06063377221608,0.0,1.9811101745386806e-14,0.00598776728342136,0.0007495042754612716
6.96,46.87920031499891,0.0021705919774801024,21597.426324878532,100.0,180.99340623352984,0.0,1.3647976882139754e-14,0.0059653622460971905,0.0007503930813588061
6.97,43.27257581930812,0.002347488489007214,18433.56251668297,100.0,180.92489649414674,0.0,1.4579328830644306e-14,0.005943605039969385,0.0007512881010926914
6.98,38.71615886897787,0.002618067319861603,14788.068502006472,100.0,180.85517000488926,0.0,1.9001564440895288e-14,0.005922464246938754,0.0007521890929408153
6.99,33.31699707309148,0.0030320718642221074,10988.195057718103,100.0,180.7842923265608,0.0,4.01286659166275e-15,0.005901908696623107,0.0007530958130823805
7.0,27.209235881770454,0.0036679097628382258,7418.1857354952945,100.0,180.71232909506136,0.0,1.4312246941143577e-14,0.005881907452992869,0.0007540080156986518
7.01,27.51457471007439,0.003631311372685853,7577.035369931272,100.0,180.63934598702707,0.0,2.0544692187092794e-14,0.005862429801470625,0.0007549254530744333
7.0200000000000005,32.08791026894303,0.003127478024303536,10259.995440284107,100.0,180.5654086860121,0.0,2.0317220816052695e-14,0.005843445236594782,0.000755847875700241
7.03,35.961365171124974,0.002788021936641501,12898.523034737902,100.0,180.49058284923095,0.0,1.8915515056074274e-14,0.0058249234512189295,0.000756775032375141
7.04,39.08158085654268,0.0025616133161020706,15256.62777081903,100.0,180.41493407495074,0.0,2.2679024788808102e-14,0.0058068343295752025,0.0007577066703099253
7.05,42.71558843036431,0.0023480823749409247,18191.690754221938,100.0,180.338527870772,0.0,1.1317522831583732e-14,0.005789147932551706,0.0007586425352297081
7.0600000000000005,45.950077147944484,0.002177430400160752,21102.891345942517,100.0,180.26142962200356,0.0,4.950653156803965e-15,0.005771834485368602,0.0007595823714790707
7.07,47.91261452481491,0.0020831141889933913,23000.47437532332,100.0,180.18370456101047,0.0,2.112220233845313e-14,0.005754864372118982,0.00076052592212633
7.08,48.54443704192041,0.002050525520111932,23674.14429412735,100.0,180.10541773715352,0.0,1.4455006640546285e-14,0.005738208125373448,0.0007614729290684494
7.09,47.83662435087604,0.0020739782025059996,23065.15289942526,100.0,180.02663398738653,0.0,1.9037599685693888e-14,0.005721836417198934,0.0007624231331363187
7.1000000000000005,45.83538128974997,0.0021503128437128437,21315.68037821333,100.0,179.9474179075386,0.0,2.8073399600150092e-14,0.005705720050771279,0.0007633762742002915
7.11,44.16058631847699,0.0021792152455161183,20264.444464281514,100.0,179.86783382428803,0.0,3.5107354868752116e-14,0.005689829952294204,0.0007643320912759476
7.12,46.95462503861527,0.002074373440194156,22635.569916581866,100.0,179.78794576783665,0.0,7.825591605750316e-15,0.005674137163135954,0.0007652903226300318
7.13,48.89371986924497,0.0019981479859216313,24469.518881352073,100.0,179.70781744528932,0.0,1.035993872235174e-14,0.005658612832204524,0.0007662507058865315
7.140000000000001,49.78023110509104,0.001963596581488137,25351.557226364926,100.0,179.62751221474394,0.0,2.8948427141530764e-14,0.00564322820847016,0.0007672129781328503
7.15,49.58916523857593,0.0019701980282675466,25169.634994600594,100.0,179.54709306009568,0.0,1.911649434836227e-15,0.005627954633679751,0.0007681768760260363
7.16,48.327276439704875,0.0020195846231727964,23929.314912183294,100.0,179.4666225665579,0.0,8.10877110080645e-15,0.00561276353516716,0.00076914213589902
7.17,46.02634066559434,0.002117670496458379,21734.420318255092,100.0,179.38616289690293,0.0,1.0510163745677187e-14,0.005597626418762109,0.0007701084938668185
7.18,42.74118679158249,0.0022766991015904215,18773.31385676966,100.0,179.30577576842163,0.0,9.977989818005292e-15,0.0056195968857879,0.0007710756859326645
7.19,38.548365815515766,0.0025193048129595825,15301.191668915453,100.0,179.22552243060414,0.0,1.703713602345042e-14,0.0056628599509832775,0.0007720434480940089
7.2,33.5463829974808,0.002887110300481253,11619.363136866972,100.0,179.1454636435391,0.0,3.2914160737386946e-14,0.005706102479985692,0.0007730115164483601
7.21,27.943727170087996,0.00345500767071034,8087.891499338652,100.0,179.06565965703123,0.0,3.242840719763712e-14,0.005749346397250577,0.000773979627298904
7.22,32.664334397088034,0.002966832536320194,11009.83422461791,100.0,178.9861701904342,0.0,1.8274962746790546e-14,0.005792613646675701,0.0007749475172598673
7.23,37.87235425403614,0.0025526600883740745,14836.426685449947,100.0,178.90705441319648,0.0,1.7876104528024084e-14,0.0058359262067942935,0.0007759149233615681
7.24,42.04910611635982,0.0022939186127128633,18330.68788200431,100.0,178.82837092609503,0.0,6.506545285780174e-15,0.0058793061019457955,0.0007768815831551876
7.25,45.08195102188113,0.002134796576876777,21117.680021689168,100.0,178.75017774315492,0.0,1.9022715640476668e-14,0.005922775427518782,0.0007778472348171949
7.26,46.89410846417205,0.0020476108495955754,22901.86559298322,100.0,178.6725322743675,0.0,1.4281651746926902e-14,0.005966356370162812,0.0007788116172529468
7.2700000000000005,47.44435585551894,0.002019006081149145,23498.867238931412,100.0,178.59549130898978,0.0,1.9990488860752058e-14,0.0060100712185663,0.0007797744702002272
7.28,46.73031280631891,0.0020442719571635796,22859.146818780933,100.0,178.5191109995518,0.0,1.2614715730709628e-14,0.006053942383660419,0.0007807355343321458
7.29,44.804170052010576,0.0021234185983282088,21100.01772014496,100.0,178.4434468465375,0.0,1.2019711328096523e-14,0.006097992417032446,0.0007816945513594687
7.3,41.97548522053223,0.0022325799997598523,18801.335327310702,100.0,178.36855368372716,0.0,3.903296919694721e-14,0.006142244029741895,0.0007826512641323439
7.3100000000000005,39.81083642259569,0.0022806629711415974,17455.81742078628,100.0,178.29448566419086,0.0,2.782707803018477e-14,0.0061867201116145585,0.0007836054167413833
7.32,41.34571170839378,0.00221267628273038,18685.838516501986,100.0,178.22129624692258,0.0,1.2780308114772847e-14,0.006231443751068451,0.0007845567546180628
7.33,44.489855473093506,0.0020894728179689133,21292.382983158488,100.0,178.1490381841033,0.0,2.4054308974433557e-14,0.006276438255509106,0.0007855050246344031
7.34,46.770916199132955,0.0019968337594183875,23422.538795996617,100.0,178.07776350898206,0.0,4.168909558374022e-14,0.006321727172448535,0.0007864499752018854
7.3500000000000005,48.07711363886819,0.0019451200739530948,24716.78447138762,100.0,178.00752352436436,0.0,3.5312162236196326e-14,0.0063673343113988135,0.000787391356369563
7.36,48.37583731343422,0.0019330527247543483,25025.61709463036,100.0,177.93836879169493,0.0,7.837240839039195e-15,0.006413283766473618,0.0007883289199213253
7.37,47.66303781865642,0.0019606008635269425,24310.423761068305,100.0,177.8703491207237,0.0,1.2385614309757715e-14,0.006459599939960601,0.0007892624194722778
7.38,45.957877439452275,0.0020311356733441893,22626.69010376069,100.0,177.80351355974386,0.0,2.737614583926323e-14,0.006506307566727176,0.0007901916105641826
7.390000000000001,43.30134276859679,0.002152806506519239,20113.90370545121,100.0,177.73791038638907,0.0,1.8483548266722725e-14,0.006553431739721427,0.0007911162507599274
7.4,39.75670445965841,0.00234100858602449,16982.724752485166,100.0,177.67358709897823,0.0,2.0807381118732903e-14,0.00660099793611673,0.000792036099736971
7.41,35.433933642018616,0.0026228989152711954,13509.4545335747,100.0,177.6105904083731,0.0,3.237788878433484e-14,0.00664903204362402,0.0007929509193798312
7.42,36.12746475823604,0.0025779150653174343,14014.218406294718,100.0,177.54896623029975,0.0,2.0946802868478655e-14,0.006697560390350753,0.0007938604738717277
7.43,40.346486893065645,0.0023022495603077136,17524.810337100476,100.0,177.48875967828886,0.0,1.6533425561371417e-14,0.00674660977537721,0.0007947645297845799
7.44,43.522135383946825,0.002129601216668124,20436.75362471832,100.0,177.43001505700886,0.0,2.566521042405254e-14,0.006796207498805538,0.0007956628561682965
7.45,45.55614749624705,0.00203020949959825,22439.136209963537,100.0,177.37277585610258,0.0,2.9922706803014886e-14,0.0068463813946945265,0.0007965552246387365
7.46,46.39887879299593,0.001989120793540374,23326.325351218118,100.0,177.31708474448251,0.0,9.454395085993193e-15,0.006897159865234884,0.0007974414094644528
7.47,46.03524844317198,0.0020005141369059394,23011.708637246425,100.0,177.26298356506553,0.0,2.233274006482824e-14,0.006948571916384528,0.0007983211876522132
7.48,44.488075504712114,0.002065356985010693,21540.138497888674,100.0,177.21051332993318,0.0,9.606003417902464e-15,0.007000647195085039,0.000799194339031256
7.49,41.882681276688885,0.0021867287399053815,19153.12151542908,100.0,177.15971421590248,0.0,2.365081880824421e-14,0.007053416028151294,0.0008000606463362554
7.5,40.93182963474708,0.0022163352485042366,18468.24827713732,100.0,177.1106255604935,0.0,6.427282620518336e-15,0.007106909463048548,0.0008009198952889566
7.51,40.922750698651,0.0022034737578557604,18571.925602814375,100.0,177.06328585827978,0.0,2.951676216375707e-14,0.007161159310490233,0.000801771874678449
7.5200000000000005,40.175198384551926,0.0022192413258506245,18103.122863013992,100.0,177.01773275760752,0.0,7.326022589934703e-15,0.00721619818888885,0.000802616376440046
7.53,38.915568616765725,0.002228078260443442,17465.97922867421,100.0,176.97400305767107,0.0,2.714795044055364e-14,0.0072720595710002965,0.0008034531957327287
7.54,40.96913669970011,0.0021466338791755967,19085.293070765325,100.0,176.93213270593137,0.0,2.9042523435429354e-14,0.0073287778326223876,0.000804282131015127
7.55,43.80869054313292,0.002034702492121355,21530.759761078647,100.0,176.89215679586508,0.0,8.282802220959137e-15,0.007386388303458591,0.0008051029841199921
7.5600000000000005,45.8159137125812,0.001953996214811185,23447.288876661616,100.0,176.85410956503168,0.0,1.1760550236744103e-14,0.007444927320353921,0.0008059155603271362
7.57,46.902615770103765,0.0019113840341616812,24538.56207430073,100.0,176.81802439344796,0.0,1.963560689967249e-14,0.0075044322826941096,0.0008067196684347881
7.58,47.04262447323859,0.0019059960518086729,24681.386107068814,100.0,176.78393380222153,0.0,8.318022816192663e-15,0.00756494170962983,0.0008075151208295316
7.59,46.235640191334596,0.001938340198333005,23853.21226433718,100.0,176.75186945236183,0.0,2.3611105816674673e-14,0.007626495301058409,0.0008083017335551433
7.6000000000000005,44.5036691841359,0.002012073873423461,22118.30776790255,100.0,176.7218621440464,0.0,1.1657623732697413e-14,0.007689134000897996,0.0008090793263787705
7.61,41.896153646262725,0.0021351253426504604,19622.339171083273,100.0,176.6939418159842,0.0,2.7048294105103406e-14,0.00775290006207166,0.0008098477228562648
7.62,38.73306749603882,0.002313266500221206,16743.88467231725,100.0,176.66813754506774,0.0,2.1974662714871445e-14,0.007817837115168313,0.0008106067503955636
7.63,41.20339499456255,0.002174125380906709,18951.710585053228,100.0,176.6444775462423,0.0,2.4082554416648995e-14,0.007883990239569759,0.0008113562403184106
7.640000000000001,43.7593706440793,0.0020427434669091854,21421.86297640707,100.0,176.62298917257309,0.0,2.191548105255048e-14,0.00795140603748784,0.0008120960279204238
7.65,45.22583994900618,0.0019726819358018735,22926.06787146473,100.0,176.60369891550062,0.0,2.58815937315135e-14,0.00802013271090765,0.0008128259525294805
7.66,45.55398475593765,0.001954770287071518,23304.009201092893,100.0,176.5866324052751,0.0,2.3811624572085058e-14,0.008090220141487298,0.0008135458575623901
7.67,44.73805555406712,0.0019866616336591445,22519.2125302516,100.0,176.57181441155913,0.0,2.4031379259406736e-14,0.00816171997351387,0.0008142555905798266
7.68,42.80513729152533,0.0020723901673534374,20654.960617859895,100.0,176.55926884419188,0.0,1.2562452215214662e-14,0.008234685700032744,0.000814955003339485
7.69,39.82356080245295,0.002223166656436601,17912.989423062,100.0,176.54901875410548,0.0,1.4282412332510628e-14,0.00830917275205575,0.0008156439518474333
7.7,37.00046899855089,0.002378232977575913,15557.966501778457,100.0,176.54108633438562,0.0,2.208885060512282e-14,0.008385238590970056,0.0008163222964076351
7.71,38.671234217949696,0.0022658719824151293,17066.822185042914,100.0,176.53549292147062,0.0,2.208984474215824e-14,0.008462942804335462,0.0008169899016695985
7.72,39.78701167226554,0.002194123116713921,18133.445370127396,100.0,176.5322589964811,0.0,1.4636323360455798e-14,0.008542347204826042,0.0008176466366741331
7.73,40.15280074558325,0.0021625179037123112,18567.615406399404,100.0,176.53140418666916,0.0,2.538948455172834e-14,0.008623515931905287,0.0008182923748972041
7.74,39.76773432683249,0.0021628634955450986,18386.613121328755,100.0,176.53294726678695,0.0,1.8639940576439162e-14,0.008706515557163749,0.0008189269942928932
7.75,38.72835906230755,0.0021719150315748946,17831.433780457293,100.0,176.53690616075727,0.0,3.9413029163687183e-14,0.008791415193176366,0.0008195503773333646
7.76,39.511571470758355,0.0021211156493771864,18627.7308747215,100.0,176.54329794334714,0.0,3.351913450106256e-14,0.008878286604921438,0.000820162411047337
7.7700000000000005,42.330380574004344,0.0020195597384011876,20960.20225057357,100.0,176.55213884191014,0.0,4.765312786389927e-14,0.008967204324581762,0.0008207629870567293
7.78,44.435265456644856,0.0019370746049000294,22939.36709729263,100.0,176.56344423823688,0.0,1.1223176663766531e-14,0.009058245769577103,0.000821352001611181
7.79,45.6858397803319,0.0018889702469621018,24185.579340810276,100.0,176.57722867044066,0.0,2.9022363685836816e-14,0.00915149136328854,0.0008219293556207915
7.8,46.050226999766785,0.0018757578123350755,24550.198696728454,100.0,176.59350583487813,0.0,1.802646179584721e-14,0.009247024658659623,0.0008224949546870177
7.8100000000000005,45.52585232760215,0.0018975674694863178,23991.69097261467,100.0,176.61228858810395,0.0,4.521210705364205e-14,0.009344932464313848,0.0008230487091317127
7.82,44.14397945494396,0.001956425790320283,22563.584917635555,100.0,176.63358894886096,0.0,3.7395999583604944e-14,0.00944530497310327,0.0008235905340242438
7.83,42.233277827209626,0.0020478005134278218,20623.726554553483,100.0,176.65741810010454,0.0,3.84470332093841e-14,0.009548235893094486,0.0008241203492066701
7.84,43.47879996566877,0.001993373918297234,21811.66291310209,100.0,176.68378639106496,0.0,6.557745969198383e-14,0.009653822580275676,0.0008246380793169237
7.8500000000000005,44.750612881995295,0.0019334000733478617,23146.069713603276,100.0,176.71270333934734,0.0,1.8281212500245568e-14,0.009762166172983035,0.0008251436538099641
7.86,44.97471717223044,0.001920624345727496,23416.717210879087,100.0,176.7441776330731,0.0,4.2103018608093723e-14,0.009873371727728652,0.000825637006976861
7.87,44.116221770280426,0.0019548267315338532,22567.842488865837,100.0,176.7782171330652,0.0,3.429099230803433e-14,0.009987548355609098,0.0008261180779617666
7.88,42.19424142905088,0.002040502715378945,20678.355932113973,100.0,176.81482887501815,0.0,1.3645551898582625e-14,0.010104809357178534,0.0008265868107770609
7.890000000000001,39.25899364983747,0.002189276658165492,17932.404067530966,100.0,176.8540190712482,0.0,1.1770237841379244e-14,0.010225272358751593,0.000827043154318753
7.9,35.393852704684264,0.00242365418399302,14603.507768741234,100.0,176.89579311309345,0.0,4.4110164163368294e-14,0.010349059447899923,0.0008274870623765445
7.91,31.60214052976976,0.002692429714038156,11737.40594415454,100.0,176.9401555729915,0.0,2.6314717246927502e-14,0.01047629730508505,0.000827918493643609
7.92,34.35843082931189,0.0024721772741709055,13898.044929174703,100.0,176.98711020660528,0.0,2.0953868343689672e-14,0.010607117333116662,0.0008283374117241671
7.930000000000001,36.704298713125226,0.0023100055776280274,15889.268436665046,100.0,177.03665995494663,0.0,4.065512458959132e-14,0.010741655782201888,0.0008287437851390861
7.94,38.37333800697362,0.0022035644412575195,17414.211850811545,100.0,177.08880694646317,0.0,2.8118231334115278e-14,0.01088005386940693,0.0008291375873296751
7.95,39.331071205254744,0.0021413609796770974,18367.32413569318,100.0,177.14355249909954,0.0,2.2039373127139077e-14,0.011022457890989044,0.0008295187966596208
7.96,39.563531604683206,0.002115028099052945,18705.912995859835,100.0,177.20089712234534,0.0,1.1151183514620303e-14,0.011169019326121169,0.0008298873964149934
7.97,39.08025497244845,0.0021137684359887033,18488.42773270426,100.0,177.26084051928046,0.0,8.073244270431737e-15,0.01131989493002646,0.0008302433748022739
7.98,38.05845186452944,0.0021055118371397907,18075.62949455061,100.0,177.32338158863175,0.0,9.88817044824333e-15,0.011475246814377142,0.0008305867249443342
7.99,40.01042099867022,0.002038188532387009,19630.382745708182,100.0,177.38851842685375,0.0,3.425831595756532e-14,0.011635242512685618,0.0008309174448743119
8.0,42.50944237860012,0.0019501780110257523,21797.724176082294,100.0,177.45624833024718,0.0,8.227733801537071e-15,0.011734485998438226,0.00083123553752732
