mean_delta,median_delta,trimmed_mean_10,n_galaxies,n_worse_C23,n_better_C23
-36.809716256515024,-0.7569725361329656,-6.877420453852841,170,91,79
